ship,cruise_line,inspection_date,score,source_url,retrieved
AIDABella,Aida Cruises,10/28/2014,98,https://wwwn.cdc.gov/inspectionquerytool/InspectionSearch.aspx,2026-09-05
AIDAVITA,Aida Cruises,12/4/2014,96,https://wwwn.cdc.gov/inspectionquerytool/InspectionSearch.aspx,2026-09-05
AIDAVITA,Aida Cruises,12/18/2015,97,https://wwwn.cdc.gov/inspectionquerytool/InspectionSearch.aspx,2026-09-05
AIDAVITA,Aida Cruises,3/9/2015,98,https://wwwn.cdc.gov/inspectionquerytool/InspectionSearch.aspx,2026-09-05
AIDAVITA,Aida Cruises,12/22/2016,83,https://wwwn.cdc.gov/inspectionquerytool/InspectionSearch.aspx,2026-09-05
AIDAVITA,Aida Cruises,4/6/2016,93,https://wwwn.cdc.gov/inspectionquerytool/InspectionSearch.aspx,2026-09-05
AIDAVITA,Aida Cruises,3/7/2017,97,https://wwwn.cdc.gov/inspectionquerytool/InspectionSearch.aspx,2026-09-05
AIDAVITA,Aida Cruises,6/25/2018,100,https://wwwn.cdc.gov/inspectionquerytool/InspectionSearch.aspx,2026-09-05
AIDAVITA,Aida Cruises,8/16/2019,94,https://wwwn.cdc.gov/inspectionquerytool/InspectionSearch.aspx,2026-09-05
AIDAdiva,Aida Cruises,11/3/2015,100,https://wwwn.cdc.gov/inspectionquerytool/InspectionSearch.aspx,2026-09-05
AIDAdiva,Aida Cruises,11/6/2016,96,https://wwwn.cdc.gov/inspectionquerytool/InspectionSearch.aspx,2026-09-05
AIDAdiva,Aida Cruises,9/21/2017,100,https://wwwn.cdc.gov/inspectionquerytool/InspectionSearch.aspx,2026-09-05
AIDAdiva,Aida Cruises,9/24/2018,96,https://wwwn.cdc.gov/inspectionquerytool/InspectionSearch.aspx,2026-09-05
AIDAdiva,Aida Cruises,11/10/2019,99,https://wwwn.cdc.gov/inspectionquerytool/InspectionSearch.aspx,2026-09-05
AIDAluna,Aida Cruises,9/28/2014,99,https://wwwn.cdc.gov/inspectionquerytool/InspectionSearch.aspx,2026-09-05
AIDAluna,Aida Cruises,10/27/2015,98,https://wwwn.cdc.gov/inspectionquerytool/InspectionSearch.aspx,2026-09-05
AIDAluna,Aida Cruises,9/20/2015,87,https://wwwn.cdc.gov/inspectionquerytool/InspectionSearch.aspx,2026-09-05
AIDAluna,Aida Cruises,9/7/2016,93,https://wwwn.cdc.gov/inspectionquerytool/InspectionSearch.aspx,2026-09-05
AIDAluna,Aida Cruises,9/17/2017,99,https://wwwn.cdc.gov/inspectionquerytool/InspectionSearch.aspx,2026-09-05
AIDAluna,Aida Cruises,10/14/2018,93,https://wwwn.cdc.gov/inspectionquerytool/InspectionSearch.aspx,2026-09-05
AIDAluna,Aida Cruises,10/6/2019,91,https://wwwn.cdc.gov/inspectionquerytool/InspectionSearch.aspx,2026-09-05
AIDAmar,Aida Cruises,11/12/2016,96,https://wwwn.cdc.gov/inspectionquerytool/InspectionSearch.aspx,2026-09-05
AIDAmar,Aida Cruises,10/31/2017,94,https://wwwn.cdc.gov/inspectionquerytool/InspectionSearch.aspx,2026-09-05
Adventure of the Seas,Royal Caribbean International,11/16/2014,97,https://wwwn.cdc.gov/inspectionquerytool/InspectionSearch.aspx,2026-09-05
Adventure of the Seas,Royal Caribbean International,3/3/2014,93,https://wwwn.cdc.gov/inspectionquerytool/InspectionSearch.aspx,2026-09-05
Adventure of the Seas,Royal Caribbean International,10/17/2015,84,https://wwwn.cdc.gov/inspectionquerytool/InspectionSearch.aspx,2026-09-05
Adventure of the Seas,Royal Caribbean International,5/14/2015,98,https://wwwn.cdc.gov/inspectionquerytool/InspectionSearch.aspx,2026-09-05
Adventure of the Seas,Royal Caribbean International,1/9/2016,95,https://wwwn.cdc.gov/inspectionquerytool/InspectionSearch.aspx,2026-09-05
Adventure of the Seas,Royal Caribbean International,3/19/2016,97,https://wwwn.cdc.gov/inspectionquerytool/InspectionSearch.aspx,2026-09-05
Adventure of the Seas,Royal Caribbean International,3/26/2017,95,https://wwwn.cdc.gov/inspectionquerytool/InspectionSearch.aspx,2026-09-05
Adventure of the Seas,Royal Caribbean International,7/29/2017,90,https://wwwn.cdc.gov/inspectionquerytool/InspectionSearch.aspx,2026-09-05
Adventure of the Seas,Royal Caribbean International,7/22/2018,92,https://wwwn.cdc.gov/inspectionquerytool/InspectionSearch.aspx,2026-09-05
Adventure of the Seas,Royal Caribbean International,12/7/2019,95,https://wwwn.cdc.gov/inspectionquerytool/InspectionSearch.aspx,2026-09-05
Adventure of the Seas,Royal Caribbean International,12/8/2022,98,https://wwwn.cdc.gov/inspectionquerytool/InspectionSearch.aspx,2026-09-05
Adventure of the Seas,Royal Caribbean International,1/23/2024,89,https://wwwn.cdc.gov/inspectionquerytool/InspectionSearch.aspx,2026-09-05
Adventure of the Seas,Royal Caribbean International,6/3/2025,100,https://wwwn.cdc.gov/inspectionquerytool/InspectionSearch.aspx,2026-09-05
Adventure of the Seas,Royal Caribbean International,1/31/2026,98,https://wwwn.cdc.gov/inspectionquerytool/InspectionSearch.aspx,2026-09-05
Adventure of the Seas,Royal Caribbean International,6/2/2026,95,https://wwwn.cdc.gov/inspectionquerytool/InspectionSearch.aspx,2026-09-05
Allure of the Seas,Royal Caribbean International,11/9/2014,100,https://wwwn.cdc.gov/inspectionquerytool/InspectionSearch.aspx,2026-09-05
Allure of the Seas,Royal Caribbean International,5/18/2014,98,https://wwwn.cdc.gov/inspectionquerytool/InspectionSearch.aspx,2026-09-05
Allure of the Seas,Royal Caribbean International,8/31/2014,97,https://wwwn.cdc.gov/inspectionquerytool/InspectionSearch.aspx,2026-09-05
Allure of the Seas,Royal Caribbean International,3/18/2015,92,https://wwwn.cdc.gov/inspectionquerytool/InspectionSearch.aspx,2026-09-05
Allure of the Seas,Royal Caribbean International,2/14/2016,97,https://wwwn.cdc.gov/inspectionquerytool/InspectionSearch.aspx,2026-09-05
Allure of the Seas,Royal Caribbean International,6/5/2016,100,https://wwwn.cdc.gov/inspectionquerytool/InspectionSearch.aspx,2026-09-05
Allure of the Seas,Royal Caribbean International,1/15/2017,88,https://wwwn.cdc.gov/inspectionquerytool/InspectionSearch.aspx,2026-09-05
Allure of the Seas,Royal Caribbean International,12/31/2017,86,https://wwwn.cdc.gov/inspectionquerytool/InspectionSearch.aspx,2026-09-05
Allure of the Seas,Royal Caribbean International,3/19/2017,97,https://wwwn.cdc.gov/inspectionquerytool/InspectionSearch.aspx,2026-09-05
Allure of the Seas,Royal Caribbean International,7/8/2018,97,https://wwwn.cdc.gov/inspectionquerytool/InspectionSearch.aspx,2026-09-05
Allure of the Seas,Royal Caribbean International,12/1/2019,99,https://wwwn.cdc.gov/inspectionquerytool/InspectionSearch.aspx,2026-09-05
Allure of the Seas,Royal Caribbean International,5/12/2019,99,https://wwwn.cdc.gov/inspectionquerytool/InspectionSearch.aspx,2026-09-05
Allure of the Seas,Royal Caribbean International,1/26/2024,99,https://wwwn.cdc.gov/inspectionquerytool/InspectionSearch.aspx,2026-09-05
Allure of the Seas,Royal Caribbean International,12/16/2024,97,https://wwwn.cdc.gov/inspectionquerytool/InspectionSearch.aspx,2026-09-05
Allure of the Seas,Royal Caribbean International,11/8/2025,97,https://wwwn.cdc.gov/inspectionquerytool/InspectionSearch.aspx,2026-09-05
Allure of the Seas,Royal Caribbean International,4/29/2026,98,https://wwwn.cdc.gov/inspectionquerytool/InspectionSearch.aspx,2026-09-05
Amadea,Bernhard Schulte Cruise Services GmbH & Co. KG,9/7/2014,92,https://wwwn.cdc.gov/inspectionquerytool/InspectionSearch.aspx,2026-09-05
Amadea,Bernhard Schulte Cruise Services GmbH & Co. KG,4/16/2015,95,https://wwwn.cdc.gov/inspectionquerytool/InspectionSearch.aspx,2026-09-05
Amadea,Bernhard Schulte Cruise Services GmbH & Co. KG,10/26/2016,99,https://wwwn.cdc.gov/inspectionquerytool/InspectionSearch.aspx,2026-09-05
Amadea,Bernhard Schulte Cruise Services GmbH & Co. KG,4/10/2017,92,https://wwwn.cdc.gov/inspectionquerytool/InspectionSearch.aspx,2026-09-05
Amadea,Bernhard Schulte Cruise Services GmbH & Co. KG,4/26/2019,93,https://wwwn.cdc.gov/inspectionquerytool/InspectionSearch.aspx,2026-09-05
Amera,Bernhard Schulte Cruise Services GmbH & Co. KG,3/31/2023,97,https://wwwn.cdc.gov/inspectionquerytool/InspectionSearch.aspx,2026-09-05
Amera,Bernhard Schulte Cruise Services GmbH & Co. KG,9/12/2023,98,https://wwwn.cdc.gov/inspectionquerytool/InspectionSearch.aspx,2026-09-05
Anthem of the Seas,Royal Caribbean International,2/25/2016,98,https://wwwn.cdc.gov/inspectionquerytool/InspectionSearch.aspx,2026-09-05
Anthem of the Seas,Royal Caribbean International,6/25/2016,86,https://wwwn.cdc.gov/inspectionquerytool/InspectionSearch.aspx,2026-09-05
Anthem of the Seas,Royal Caribbean International,5/20/2017,97,https://wwwn.cdc.gov/inspectionquerytool/InspectionSearch.aspx,2026-09-05
Anthem of the Seas,Royal Caribbean International,8/12/2017,97,https://wwwn.cdc.gov/inspectionquerytool/InspectionSearch.aspx,2026-09-05
Anthem of the Seas,Royal Caribbean International,1/2/2018,86,https://wwwn.cdc.gov/inspectionquerytool/InspectionSearch.aspx,2026-09-05
Anthem of the Seas,Royal Caribbean International,6/14/2018,94,https://wwwn.cdc.gov/inspectionquerytool/InspectionSearch.aspx,2026-09-05
Anthem of the Seas,Royal Caribbean International,12/3/2019,95,https://wwwn.cdc.gov/inspectionquerytool/InspectionSearch.aspx,2026-09-05
Anthem of the Seas,Royal Caribbean International,6/11/2019,100,https://wwwn.cdc.gov/inspectionquerytool/InspectionSearch.aspx,2026-09-05
Anthem of the Seas,Royal Caribbean International,3/3/2024,98,https://wwwn.cdc.gov/inspectionquerytool/InspectionSearch.aspx,2026-09-05
Anthem of the Seas,Royal Caribbean International,5/16/2025,99,https://wwwn.cdc.gov/inspectionquerytool/InspectionSearch.aspx,2026-09-05
Anthem of the Seas,Royal Caribbean International,6/11/2026,100,https://wwwn.cdc.gov/inspectionquerytool/InspectionSearch.aspx,2026-09-05
Arcadia,P&O Cruises,9/30/2014,93,https://wwwn.cdc.gov/inspectionquerytool/InspectionSearch.aspx,2026-09-05
Arcadia,P&O Cruises,1/31/2015,91,https://wwwn.cdc.gov/inspectionquerytool/InspectionSearch.aspx,2026-09-05
Arcadia,P&O Cruises,9/22/2016,86,https://wwwn.cdc.gov/inspectionquerytool/InspectionSearch.aspx,2026-09-05
Arcadia,P&O Cruises,1/23/2017,97,https://wwwn.cdc.gov/inspectionquerytool/InspectionSearch.aspx,2026-09-05
Arcadia,P&O Cruises,9/20/2017,94,https://wwwn.cdc.gov/inspectionquerytool/InspectionSearch.aspx,2026-09-05
Arcadia,P&O Cruises,1/29/2019,96,https://wwwn.cdc.gov/inspectionquerytool/InspectionSearch.aspx,2026-09-05
Arcadia,P&O Cruises,9/15/2024,95,https://wwwn.cdc.gov/inspectionquerytool/InspectionSearch.aspx,2026-09-05
Arcadia,P&O Cruises,3/20/2026,96,https://wwwn.cdc.gov/inspectionquerytool/InspectionSearch.aspx,2026-09-05
Artania,Bernhard Schulte Cruise Services GmbH & Co. KG,1/5/2016,92,https://wwwn.cdc.gov/inspectionquerytool/InspectionSearch.aspx,2026-09-05
Artania,Bernhard Schulte Cruise Services GmbH & Co. KG,10/22/2017,89,https://wwwn.cdc.gov/inspectionquerytool/InspectionSearch.aspx,2026-09-05
Artania,Bernhard Schulte Cruise Services GmbH & Co. KG,1/9/2019,95,https://wwwn.cdc.gov/inspectionquerytool/InspectionSearch.aspx,2026-09-05
Artania,Bernhard Schulte Cruise Services GmbH & Co. KG,11/15/2023,94,https://wwwn.cdc.gov/inspectionquerytool/InspectionSearch.aspx,2026-09-05
Asuka II,"NYK Cruises Co., LTD",5/30/2014,90,https://wwwn.cdc.gov/inspectionquerytool/InspectionSearch.aspx,2026-09-05
Asuka II,"NYK Cruises Co., LTD",3/8/2015,93,https://wwwn.cdc.gov/inspectionquerytool/InspectionSearch.aspx,2026-09-05
Asuka II,"NYK Cruises Co., LTD",6/8/2015,91,https://wwwn.cdc.gov/inspectionquerytool/InspectionSearch.aspx,2026-09-05
Asuka II,"NYK Cruises Co., LTD",3/7/2016,97,https://wwwn.cdc.gov/inspectionquerytool/InspectionSearch.aspx,2026-09-05
Asuka II,"NYK Cruises Co., LTD",5/26/2018,91,https://wwwn.cdc.gov/inspectionquerytool/InspectionSearch.aspx,2026-09-05
Aurora,P&O Cruises,1/25/2014,97,https://wwwn.cdc.gov/inspectionquerytool/InspectionSearch.aspx,2026-09-05
Aurora,P&O Cruises,3/25/2015,89,https://wwwn.cdc.gov/inspectionquerytool/InspectionSearch.aspx,2026-09-05
Aurora,P&O Cruises,9/26/2015,99,https://wwwn.cdc.gov/inspectionquerytool/InspectionSearch.aspx,2026-09-05
Aurora,P&O Cruises,1/31/2016,98,https://wwwn.cdc.gov/inspectionquerytool/InspectionSearch.aspx,2026-09-05
Aurora,P&O Cruises,3/27/2017,93,https://wwwn.cdc.gov/inspectionquerytool/InspectionSearch.aspx,2026-09-05
Aurora,P&O Cruises,9/9/2017,95,https://wwwn.cdc.gov/inspectionquerytool/InspectionSearch.aspx,2026-09-05
Aurora,P&O Cruises,9/24/2018,100,https://wwwn.cdc.gov/inspectionquerytool/InspectionSearch.aspx,2026-09-05
Aurora,P&O Cruises,9/18/2023,89,https://wwwn.cdc.gov/inspectionquerytool/InspectionSearch.aspx,2026-09-05
Aurora,P&O Cruises,9/18/2025,98,https://wwwn.cdc.gov/inspectionquerytool/InspectionSearch.aspx,2026-09-05
Azamara Journey,Azamara Cruises,12/11/2015,91,https://wwwn.cdc.gov/inspectionquerytool/InspectionSearch.aspx,2026-09-05
Azamara Journey,Azamara Cruises,3/30/2015,96,https://wwwn.cdc.gov/inspectionquerytool/InspectionSearch.aspx,2026-09-05
Azamara Journey,Azamara Cruises,4/5/2016,94,https://wwwn.cdc.gov/inspectionquerytool/InspectionSearch.aspx,2026-09-05
Azamara Journey,Azamara Cruises,12/14/2019,97,https://wwwn.cdc.gov/inspectionquerytool/InspectionSearch.aspx,2026-09-05
Azamara Journey,Azamara Cruises,11/6/2024,99,https://wwwn.cdc.gov/inspectionquerytool/InspectionSearch.aspx,2026-09-05
Azamara Onward,Azamara Cruises,4/25/2014,89,https://wwwn.cdc.gov/inspectionquerytool/InspectionSearch.aspx,2026-09-05
Azamara Onward,Azamara Cruises,8/8/2014,93,https://wwwn.cdc.gov/inspectionquerytool/InspectionSearch.aspx,2026-09-05
Azamara Onward,Azamara Cruises,1/15/2015,97,https://wwwn.cdc.gov/inspectionquerytool/InspectionSearch.aspx,2026-09-05
Azamara Onward,Azamara Cruises,7/23/2015,99,https://wwwn.cdc.gov/inspectionquerytool/InspectionSearch.aspx,2026-09-05
Azamara Onward,Azamara Cruises,1/3/2016,97,https://wwwn.cdc.gov/inspectionquerytool/InspectionSearch.aspx,2026-09-05
Azamara Onward,Azamara Cruises,12/20/2016,97,https://wwwn.cdc.gov/inspectionquerytool/InspectionSearch.aspx,2026-09-05
Azamara Onward,Azamara Cruises,4/24/2016,95,https://wwwn.cdc.gov/inspectionquerytool/InspectionSearch.aspx,2026-09-05
Azamara Onward,Azamara Cruises,5/12/2017,95,https://wwwn.cdc.gov/inspectionquerytool/InspectionSearch.aspx,2026-09-05
Azamara Onward,Azamara Cruises,1/5/2018,99,https://wwwn.cdc.gov/inspectionquerytool/InspectionSearch.aspx,2026-09-05
Azamara Onward,Azamara Cruises,6/3/2018,97,https://wwwn.cdc.gov/inspectionquerytool/InspectionSearch.aspx,2026-09-05
Azamara Onward,Azamara Cruises,1/5/2020,97,https://wwwn.cdc.gov/inspectionquerytool/InspectionSearch.aspx,2026-09-05
Azamara Onward,Azamara Cruises,1/8/2023,91,https://wwwn.cdc.gov/inspectionquerytool/InspectionSearch.aspx,2026-09-05
Azamara Onward,Azamara Cruises,1/5/2025,91,https://wwwn.cdc.gov/inspectionquerytool/InspectionSearch.aspx,2026-09-05
Azamara Onward,Azamara Cruises,12/3/2025,96,https://wwwn.cdc.gov/inspectionquerytool/InspectionSearch.aspx,2026-09-05
Azamara Pursuit,Azamara Cruises,11/20/2018,96,https://wwwn.cdc.gov/inspectionquerytool/InspectionSearch.aspx,2026-09-05
Azamara Pursuit,Azamara Cruises,5/26/2026,99,https://wwwn.cdc.gov/inspectionquerytool/InspectionSearch.aspx,2026-09-05
Azamara Quest,Azamara Cruises,3/13/2014,94,https://wwwn.cdc.gov/inspectionquerytool/InspectionSearch.aspx,2026-09-05
Azamara Quest,Azamara Cruises,12/1/2016,97,https://wwwn.cdc.gov/inspectionquerytool/InspectionSearch.aspx,2026-09-05
Azamara Quest,Azamara Cruises,12/22/2017,97,https://wwwn.cdc.gov/inspectionquerytool/InspectionSearch.aspx,2026-09-05
Azamara Quest,Azamara Cruises,4/2/2017,99,https://wwwn.cdc.gov/inspectionquerytool/InspectionSearch.aspx,2026-09-05
Azamara Quest,Azamara Cruises,10/8/2025,97,https://wwwn.cdc.gov/inspectionquerytool/InspectionSearch.aspx,2026-09-05
Azamara Quest,Azamara Cruises,3/26/2026,96,https://wwwn.cdc.gov/inspectionquerytool/InspectionSearch.aspx,2026-09-05
Azura,P&O Cruises,12/27/2016,95,https://wwwn.cdc.gov/inspectionquerytool/InspectionSearch.aspx,2026-09-05
Bahama Mama,Balearia Caribbean Ltda,6/11/2015,69,https://wwwn.cdc.gov/inspectionquerytool/InspectionSearch.aspx,2026-09-05
Balmoral,Fred Olsen Cruise Line,9/20/2014,85,https://wwwn.cdc.gov/inspectionquerytool/InspectionSearch.aspx,2026-09-05
Balmoral,Fred Olsen Cruise Line,9/30/2015,96,https://wwwn.cdc.gov/inspectionquerytool/InspectionSearch.aspx,2026-09-05
Balmoral,Fred Olsen Cruise Line,11/30/2016,93,https://wwwn.cdc.gov/inspectionquerytool/InspectionSearch.aspx,2026-09-05
Balmoral,Fred Olsen Cruise Line,5/3/2016,91,https://wwwn.cdc.gov/inspectionquerytool/InspectionSearch.aspx,2026-09-05
Balmoral,Fred Olsen Cruise Line,10/12/2023,95,https://wwwn.cdc.gov/inspectionquerytool/InspectionSearch.aspx,2026-09-05
Borealis,Fred Olsen Cruise Line,9/10/2016,92,https://wwwn.cdc.gov/inspectionquerytool/InspectionSearch.aspx,2026-09-05
Borealis,Fred Olsen Cruise Line,3/27/2017,97,https://wwwn.cdc.gov/inspectionquerytool/InspectionSearch.aspx,2026-09-05
Borealis,Fred Olsen Cruise Line,8/2/2017,99,https://wwwn.cdc.gov/inspectionquerytool/InspectionSearch.aspx,2026-09-05
Borealis,Fred Olsen Cruise Line,4/9/2018,91,https://wwwn.cdc.gov/inspectionquerytool/InspectionSearch.aspx,2026-09-05
Brilliance of the Seas,Royal Caribbean International,1/13/2014,97,https://wwwn.cdc.gov/inspectionquerytool/InspectionSearch.aspx,2026-09-05
Brilliance of the Seas,Royal Caribbean International,9/28/2014,100,https://wwwn.cdc.gov/inspectionquerytool/InspectionSearch.aspx,2026-09-05
Brilliance of the Seas,Royal Caribbean International,11/12/2015,92,https://wwwn.cdc.gov/inspectionquerytool/InspectionSearch.aspx,2026-09-05
Brilliance of the Seas,Royal Caribbean International,9/18/2015,100,https://wwwn.cdc.gov/inspectionquerytool/InspectionSearch.aspx,2026-09-05
Brilliance of the Seas,Royal Caribbean International,4/9/2016,96,https://wwwn.cdc.gov/inspectionquerytool/InspectionSearch.aspx,2026-09-05
Brilliance of the Seas,Royal Caribbean International,1/23/2017,95,https://wwwn.cdc.gov/inspectionquerytool/InspectionSearch.aspx,2026-09-05
Brilliance of the Seas,Royal Caribbean International,11/30/2017,97,https://wwwn.cdc.gov/inspectionquerytool/InspectionSearch.aspx,2026-09-05
Brilliance of the Seas,Royal Caribbean International,4/13/2017,96,https://wwwn.cdc.gov/inspectionquerytool/InspectionSearch.aspx,2026-09-05
Brilliance of the Seas,Royal Caribbean International,12/19/2019,92,https://wwwn.cdc.gov/inspectionquerytool/InspectionSearch.aspx,2026-09-05
Brilliance of the Seas,Royal Caribbean International,4/6/2019,100,https://wwwn.cdc.gov/inspectionquerytool/InspectionSearch.aspx,2026-09-05
Brilliance of the Seas,Royal Caribbean International,6/14/2023,98,https://wwwn.cdc.gov/inspectionquerytool/InspectionSearch.aspx,2026-09-05
Brilliance of the Seas,Royal Caribbean International,5/16/2024,100,https://wwwn.cdc.gov/inspectionquerytool/InspectionSearch.aspx,2026-09-05
Brilliance of the Seas,Royal Caribbean International,11/23/2025,96,https://wwwn.cdc.gov/inspectionquerytool/InspectionSearch.aspx,2026-09-05
Brilliance of the Seas,Royal Caribbean International,4/12/2026,92,https://wwwn.cdc.gov/inspectionquerytool/InspectionSearch.aspx,2026-09-05
Brilliant Lady,Virgin Voyages,12/22/2025,100,https://wwwn.cdc.gov/inspectionquerytool/InspectionSearch.aspx,2026-09-05
Brilliant Lady,Virgin Voyages,4/6/2026,97,https://wwwn.cdc.gov/inspectionquerytool/InspectionSearch.aspx,2026-09-05
Britannia,P&O Cruises,12/13/2016,95,https://wwwn.cdc.gov/inspectionquerytool/InspectionSearch.aspx,2026-09-05
Caribbean Princess,Princess Cruises,7/15/2014,92,https://wwwn.cdc.gov/inspectionquerytool/InspectionSearch.aspx,2026-09-05
Caribbean Princess,Princess Cruises,1/12/2015,91,https://wwwn.cdc.gov/inspectionquerytool/InspectionSearch.aspx,2026-09-05
Caribbean Princess,Princess Cruises,9/24/2015,99,https://wwwn.cdc.gov/inspectionquerytool/InspectionSearch.aspx,2026-09-05
Caribbean Princess,Princess Cruises,4/10/2016,99,https://wwwn.cdc.gov/inspectionquerytool/InspectionSearch.aspx,2026-09-05
Caribbean Princess,Princess Cruises,9/24/2016,98,https://wwwn.cdc.gov/inspectionquerytool/InspectionSearch.aspx,2026-09-05
Caribbean Princess,Princess Cruises,1/28/2017,100,https://wwwn.cdc.gov/inspectionquerytool/InspectionSearch.aspx,2026-09-05
Caribbean Princess,Princess Cruises,11/30/2017,97,https://wwwn.cdc.gov/inspectionquerytool/InspectionSearch.aspx,2026-09-05
Caribbean Princess,Princess Cruises,3/5/2017,92,https://wwwn.cdc.gov/inspectionquerytool/InspectionSearch.aspx,2026-09-05
Caribbean Princess,Princess Cruises,7/7/2018,90,https://wwwn.cdc.gov/inspectionquerytool/InspectionSearch.aspx,2026-09-05
Caribbean Princess,Princess Cruises,1/3/2020,95,https://wwwn.cdc.gov/inspectionquerytool/InspectionSearch.aspx,2026-09-05
Caribbean Princess,Princess Cruises,7/22/2023,96,https://wwwn.cdc.gov/inspectionquerytool/InspectionSearch.aspx,2026-09-05
Caribbean Princess,Princess Cruises,3/20/2024,86,https://wwwn.cdc.gov/inspectionquerytool/InspectionSearch.aspx,2026-09-05
Caribbean Princess,Princess Cruises,1/23/2025,95,https://wwwn.cdc.gov/inspectionquerytool/InspectionSearch.aspx,2026-09-05
Caribbean Princess,Princess Cruises,6/24/2025,90,https://wwwn.cdc.gov/inspectionquerytool/InspectionSearch.aspx,2026-09-05
Carnival Breeze,"Carnival Cruise Lines, Inc.",3/15/2014,97,https://wwwn.cdc.gov/inspectionquerytool/InspectionSearch.aspx,2026-09-05
Carnival Breeze,"Carnival Cruise Lines, Inc.",6/7/2014,95,https://wwwn.cdc.gov/inspectionquerytool/InspectionSearch.aspx,2026-09-05
Carnival Breeze,"Carnival Cruise Lines, Inc.",1/22/2015,92,https://wwwn.cdc.gov/inspectionquerytool/InspectionSearch.aspx,2026-09-05
Carnival Breeze,"Carnival Cruise Lines, Inc.",5/9/2015,97,https://wwwn.cdc.gov/inspectionquerytool/InspectionSearch.aspx,2026-09-05
Carnival Breeze,"Carnival Cruise Lines, Inc.",1/24/2016,100,https://wwwn.cdc.gov/inspectionquerytool/InspectionSearch.aspx,2026-09-05
Carnival Breeze,"Carnival Cruise Lines, Inc.",7/24/2016,98,https://wwwn.cdc.gov/inspectionquerytool/InspectionSearch.aspx,2026-09-05
Carnival Breeze,"Carnival Cruise Lines, Inc.",12/10/2017,77,https://wwwn.cdc.gov/inspectionquerytool/InspectionSearch.aspx,2026-09-05
Carnival Breeze,"Carnival Cruise Lines, Inc.",7/9/2017,97,https://wwwn.cdc.gov/inspectionquerytool/InspectionSearch.aspx,2026-09-05
Carnival Breeze,"Carnival Cruise Lines, Inc.",11/3/2018,97,https://wwwn.cdc.gov/inspectionquerytool/InspectionSearch.aspx,2026-09-05
Carnival Breeze,"Carnival Cruise Lines, Inc.",4/8/2018,100,https://wwwn.cdc.gov/inspectionquerytool/InspectionSearch.aspx,2026-09-05
Carnival Breeze,"Carnival Cruise Lines, Inc.",6/17/2018,97,https://wwwn.cdc.gov/inspectionquerytool/InspectionSearch.aspx,2026-09-05
Carnival Breeze,"Carnival Cruise Lines, Inc.",5/4/2019,90,https://wwwn.cdc.gov/inspectionquerytool/InspectionSearch.aspx,2026-09-05
Carnival Breeze,"Carnival Cruise Lines, Inc.",5/13/2023,97,https://wwwn.cdc.gov/inspectionquerytool/InspectionSearch.aspx,2026-09-05
Carnival Breeze,"Carnival Cruise Lines, Inc.",10/26/2024,95,https://wwwn.cdc.gov/inspectionquerytool/InspectionSearch.aspx,2026-09-05
Carnival Breeze,"Carnival Cruise Lines, Inc.",3/21/2024,86,https://wwwn.cdc.gov/inspectionquerytool/InspectionSearch.aspx,2026-09-05
Carnival Breeze,"Carnival Cruise Lines, Inc.",5/19/2025,91,https://wwwn.cdc.gov/inspectionquerytool/InspectionSearch.aspx,2026-09-05
Carnival Breeze,"Carnival Cruise Lines, Inc.",1/17/2026,100,https://wwwn.cdc.gov/inspectionquerytool/InspectionSearch.aspx,2026-09-05
Carnival Breeze,"Carnival Cruise Lines, Inc.",5/14/2026,86,https://wwwn.cdc.gov/inspectionquerytool/InspectionSearch.aspx,2026-09-05
Carnival Celebration,"Carnival Cruise Lines, Inc.",1/18/2023,100,https://wwwn.cdc.gov/inspectionquerytool/InspectionSearch.aspx,2026-09-05
Carnival Celebration,"Carnival Cruise Lines, Inc.",12/6/2023,98,https://wwwn.cdc.gov/inspectionquerytool/InspectionSearch.aspx,2026-09-05
Carnival Celebration,"Carnival Cruise Lines, Inc.",11/20/2024,96,https://wwwn.cdc.gov/inspectionquerytool/InspectionSearch.aspx,2026-09-05
Carnival Celebration,"Carnival Cruise Lines, Inc.",8/4/2024,97,https://wwwn.cdc.gov/inspectionquerytool/InspectionSearch.aspx,2026-09-05
Carnival Celebration,"Carnival Cruise Lines, Inc.",5/4/2025,99,https://wwwn.cdc.gov/inspectionquerytool/InspectionSearch.aspx,2026-09-05
Carnival Celebration,"Carnival Cruise Lines, Inc.",3/15/2026,100,https://wwwn.cdc.gov/inspectionquerytool/InspectionSearch.aspx,2026-09-05
Carnival Conquest,"Carnival Cruise Lines, Inc.",5/11/2014,97,https://wwwn.cdc.gov/inspectionquerytool/InspectionSearch.aspx,2026-09-05
Carnival Conquest,"Carnival Cruise Lines, Inc.",9/14/2014,91,https://wwwn.cdc.gov/inspectionquerytool/InspectionSearch.aspx,2026-09-05
Carnival Conquest,"Carnival Cruise Lines, Inc.",1/4/2015,98,https://wwwn.cdc.gov/inspectionquerytool/InspectionSearch.aspx,2026-09-05
Carnival Conquest,"Carnival Cruise Lines, Inc.",10/25/2015,92,https://wwwn.cdc.gov/inspectionquerytool/InspectionSearch.aspx,2026-09-05
Carnival Conquest,"Carnival Cruise Lines, Inc.",5/10/2015,95,https://wwwn.cdc.gov/inspectionquerytool/InspectionSearch.aspx,2026-09-05
Carnival Conquest,"Carnival Cruise Lines, Inc.",10/29/2016,96,https://wwwn.cdc.gov/inspectionquerytool/InspectionSearch.aspx,2026-09-05
Carnival Conquest,"Carnival Cruise Lines, Inc.",6/25/2016,97,https://wwwn.cdc.gov/inspectionquerytool/InspectionSearch.aspx,2026-09-05
Carnival Conquest,"Carnival Cruise Lines, Inc.",12/30/2018,94,https://wwwn.cdc.gov/inspectionquerytool/InspectionSearch.aspx,2026-09-05
Carnival Conquest,"Carnival Cruise Lines, Inc.",4/14/2018,94,https://wwwn.cdc.gov/inspectionquerytool/InspectionSearch.aspx,2026-09-05
Carnival Conquest,"Carnival Cruise Lines, Inc.",10/5/2019,97,https://wwwn.cdc.gov/inspectionquerytool/InspectionSearch.aspx,2026-09-05
Carnival Conquest,"Carnival Cruise Lines, Inc.",10/27/2022,95,https://wwwn.cdc.gov/inspectionquerytool/InspectionSearch.aspx,2026-09-05
Carnival Conquest,"Carnival Cruise Lines, Inc.",6/26/2023,100,https://wwwn.cdc.gov/inspectionquerytool/InspectionSearch.aspx,2026-09-05
Carnival Conquest,"Carnival Cruise Lines, Inc.",3/15/2024,95,https://wwwn.cdc.gov/inspectionquerytool/InspectionSearch.aspx,2026-09-05
Carnival Conquest,"Carnival Cruise Lines, Inc.",6/9/2025,99,https://wwwn.cdc.gov/inspectionquerytool/InspectionSearch.aspx,2026-09-05
Carnival Conquest,"Carnival Cruise Lines, Inc.",1/2/2026,96,https://wwwn.cdc.gov/inspectionquerytool/InspectionSearch.aspx,2026-09-05
Carnival Conquest,"Carnival Cruise Lines, Inc.",6/12/2026,99,https://wwwn.cdc.gov/inspectionquerytool/InspectionSearch.aspx,2026-09-05
Carnival Dream,"Carnival Cruise Lines, Inc.",10/26/2014,93,https://wwwn.cdc.gov/inspectionquerytool/InspectionSearch.aspx,2026-09-05
Carnival Dream,"Carnival Cruise Lines, Inc.",4/5/2014,96,https://wwwn.cdc.gov/inspectionquerytool/InspectionSearch.aspx,2026-09-05
Carnival Dream,"Carnival Cruise Lines, Inc.",4/5/2016,90,https://wwwn.cdc.gov/inspectionquerytool/InspectionSearch.aspx,2026-09-05
Carnival Dream,"Carnival Cruise Lines, Inc.",9/25/2016,99,https://wwwn.cdc.gov/inspectionquerytool/InspectionSearch.aspx,2026-09-05
Carnival Dream,"Carnival Cruise Lines, Inc.",4/10/2018,98,https://wwwn.cdc.gov/inspectionquerytool/InspectionSearch.aspx,2026-09-05
Carnival Dream,"Carnival Cruise Lines, Inc.",8/28/2018,98,https://wwwn.cdc.gov/inspectionquerytool/InspectionSearch.aspx,2026-09-05
Carnival Dream,"Carnival Cruise Lines, Inc.",7/13/2019,91,https://wwwn.cdc.gov/inspectionquerytool/InspectionSearch.aspx,2026-09-05
Carnival Dream,"Carnival Cruise Lines, Inc.",2/22/2020,90,https://wwwn.cdc.gov/inspectionquerytool/InspectionSearch.aspx,2026-09-05
Carnival Dream,"Carnival Cruise Lines, Inc.",11/12/2023,97,https://wwwn.cdc.gov/inspectionquerytool/InspectionSearch.aspx,2026-09-05
Carnival Dream,"Carnival Cruise Lines, Inc.",5/14/2023,94,https://wwwn.cdc.gov/inspectionquerytool/InspectionSearch.aspx,2026-09-05
Carnival Dream,"Carnival Cruise Lines, Inc.",11/4/2024,97,https://wwwn.cdc.gov/inspectionquerytool/InspectionSearch.aspx,2026-09-05
Carnival Dream,"Carnival Cruise Lines, Inc.",4/13/2025,89,https://wwwn.cdc.gov/inspectionquerytool/InspectionSearch.aspx,2026-09-05
Carnival Dream,"Carnival Cruise Lines, Inc.",1/18/2026,98,https://wwwn.cdc.gov/inspectionquerytool/InspectionSearch.aspx,2026-09-05
Carnival Dream,"Carnival Cruise Lines, Inc.",7/5/2026,98,https://wwwn.cdc.gov/inspectionquerytool/InspectionSearch.aspx,2026-09-05
Carnival Elation,"Carnival Cruise Lines, Inc.",1/23/2014,98,https://wwwn.cdc.gov/inspectionquerytool/InspectionSearch.aspx,2026-09-05
Carnival Elation,"Carnival Cruise Lines, Inc.",10/27/2014,95,https://wwwn.cdc.gov/inspectionquerytool/InspectionSearch.aspx,2026-09-05
Carnival Elation,"Carnival Cruise Lines, Inc.",6/14/2014,97,https://wwwn.cdc.gov/inspectionquerytool/InspectionSearch.aspx,2026-09-05
Carnival Elation,"Carnival Cruise Lines, Inc.",10/31/2015,95,https://wwwn.cdc.gov/inspectionquerytool/InspectionSearch.aspx,2026-09-05
Carnival Elation,"Carnival Cruise Lines, Inc.",3/11/2015,97,https://wwwn.cdc.gov/inspectionquerytool/InspectionSearch.aspx,2026-09-05
Carnival Elation,"Carnival Cruise Lines, Inc.",10/27/2016,100,https://wwwn.cdc.gov/inspectionquerytool/InspectionSearch.aspx,2026-09-05
Carnival Elation,"Carnival Cruise Lines, Inc.",6/18/2016,92,https://wwwn.cdc.gov/inspectionquerytool/InspectionSearch.aspx,2026-09-05
Carnival Elation,"Carnival Cruise Lines, Inc.",3/18/2017,100,https://wwwn.cdc.gov/inspectionquerytool/InspectionSearch.aspx,2026-09-05
Carnival Elation,"Carnival Cruise Lines, Inc.",6/14/2018,93,https://wwwn.cdc.gov/inspectionquerytool/InspectionSearch.aspx,2026-09-05
Carnival Elation,"Carnival Cruise Lines, Inc.",10/19/2019,96,https://wwwn.cdc.gov/inspectionquerytool/InspectionSearch.aspx,2026-09-05
Carnival Elation,"Carnival Cruise Lines, Inc.",6/8/2023,93,https://wwwn.cdc.gov/inspectionquerytool/InspectionSearch.aspx,2026-09-05
Carnival Elation,"Carnival Cruise Lines, Inc.",3/14/2024,89,https://wwwn.cdc.gov/inspectionquerytool/InspectionSearch.aspx,2026-09-05
Carnival Elation,"Carnival Cruise Lines, Inc.",1/30/2025,96,https://wwwn.cdc.gov/inspectionquerytool/InspectionSearch.aspx,2026-09-05
Carnival Elation,"Carnival Cruise Lines, Inc.",12/13/2025,97,https://wwwn.cdc.gov/inspectionquerytool/InspectionSearch.aspx,2026-09-05
Carnival Elation,"Carnival Cruise Lines, Inc.",6/19/2025,96,https://wwwn.cdc.gov/inspectionquerytool/InspectionSearch.aspx,2026-09-05
Carnival Elation,"Carnival Cruise Lines, Inc.",5/7/2026,98,https://wwwn.cdc.gov/inspectionquerytool/InspectionSearch.aspx,2026-09-05
Carnival Firenze,"Carnival Cruise Lines, Inc.",7/30/2024,97,https://wwwn.cdc.gov/inspectionquerytool/InspectionSearch.aspx,2026-09-05
Carnival Firenze,"Carnival Cruise Lines, Inc.",7/29/2025,99,https://wwwn.cdc.gov/inspectionquerytool/InspectionSearch.aspx,2026-09-05
Carnival Firenze,"Carnival Cruise Lines, Inc.",1/12/2026,98,https://wwwn.cdc.gov/inspectionquerytool/InspectionSearch.aspx,2026-09-05
Carnival Freedom,"Carnival Cruise Lines, Inc.",11/24/2014,98,https://wwwn.cdc.gov/inspectionquerytool/InspectionSearch.aspx,2026-09-05
Carnival Freedom,"Carnival Cruise Lines, Inc.",5/19/2014,94,https://wwwn.cdc.gov/inspectionquerytool/InspectionSearch.aspx,2026-09-05
Carnival Freedom,"Carnival Cruise Lines, Inc.",10/29/2015,100,https://wwwn.cdc.gov/inspectionquerytool/InspectionSearch.aspx,2026-09-05
Carnival Freedom,"Carnival Cruise Lines, Inc.",4/25/2015,94,https://wwwn.cdc.gov/inspectionquerytool/InspectionSearch.aspx,2026-09-05
Carnival Freedom,"Carnival Cruise Lines, Inc.",5/14/2016,99,https://wwwn.cdc.gov/inspectionquerytool/InspectionSearch.aspx,2026-09-05
Carnival Freedom,"Carnival Cruise Lines, Inc.",6/12/2017,90,https://wwwn.cdc.gov/inspectionquerytool/InspectionSearch.aspx,2026-09-05
Carnival Freedom,"Carnival Cruise Lines, Inc.",4/23/2018,96,https://wwwn.cdc.gov/inspectionquerytool/InspectionSearch.aspx,2026-09-05
Carnival Freedom,"Carnival Cruise Lines, Inc.",9/15/2018,95,https://wwwn.cdc.gov/inspectionquerytool/InspectionSearch.aspx,2026-09-05
Carnival Freedom,"Carnival Cruise Lines, Inc.",11/24/2019,95,https://wwwn.cdc.gov/inspectionquerytool/InspectionSearch.aspx,2026-09-05
Carnival Freedom,"Carnival Cruise Lines, Inc.",1/21/2023,95,https://wwwn.cdc.gov/inspectionquerytool/InspectionSearch.aspx,2026-09-05
Carnival Freedom,"Carnival Cruise Lines, Inc.",8/28/2023,96,https://wwwn.cdc.gov/inspectionquerytool/InspectionSearch.aspx,2026-09-05
Carnival Freedom,"Carnival Cruise Lines, Inc.",6/3/2024,97,https://wwwn.cdc.gov/inspectionquerytool/InspectionSearch.aspx,2026-09-05
Carnival Freedom,"Carnival Cruise Lines, Inc.",1/13/2025,99,https://wwwn.cdc.gov/inspectionquerytool/InspectionSearch.aspx,2026-09-05
Carnival Freedom,"Carnival Cruise Lines, Inc.",11/17/2025,97,https://wwwn.cdc.gov/inspectionquerytool/InspectionSearch.aspx,2026-09-05
Carnival Freedom,"Carnival Cruise Lines, Inc.",4/17/2025,98,https://wwwn.cdc.gov/inspectionquerytool/InspectionSearch.aspx,2026-09-05
Carnival Glory,"Carnival Cruise Lines, Inc.",11/1/2014,99,https://wwwn.cdc.gov/inspectionquerytool/InspectionSearch.aspx,2026-09-05
Carnival Glory,"Carnival Cruise Lines, Inc.",6/21/2014,97,https://wwwn.cdc.gov/inspectionquerytool/InspectionSearch.aspx,2026-09-05
Carnival Glory,"Carnival Cruise Lines, Inc.",2/23/2016,99,https://wwwn.cdc.gov/inspectionquerytool/InspectionSearch.aspx,2026-09-05
Carnival Glory,"Carnival Cruise Lines, Inc.",6/28/2016,95,https://wwwn.cdc.gov/inspectionquerytool/InspectionSearch.aspx,2026-09-05
Carnival Glory,"Carnival Cruise Lines, Inc.",4/22/2017,97,https://wwwn.cdc.gov/inspectionquerytool/InspectionSearch.aspx,2026-09-05
Carnival Glory,"Carnival Cruise Lines, Inc.",1/20/2018,99,https://wwwn.cdc.gov/inspectionquerytool/InspectionSearch.aspx,2026-09-05
Carnival Glory,"Carnival Cruise Lines, Inc.",7/21/2018,93,https://wwwn.cdc.gov/inspectionquerytool/InspectionSearch.aspx,2026-09-05
Carnival Glory,"Carnival Cruise Lines, Inc.",3/11/2019,97,https://wwwn.cdc.gov/inspectionquerytool/InspectionSearch.aspx,2026-09-05
Carnival Glory,"Carnival Cruise Lines, Inc.",6/4/2023,96,https://wwwn.cdc.gov/inspectionquerytool/InspectionSearch.aspx,2026-09-05
Carnival Glory,"Carnival Cruise Lines, Inc.",7/8/2024,91,https://wwwn.cdc.gov/inspectionquerytool/InspectionSearch.aspx,2026-09-05
Carnival Glory,"Carnival Cruise Lines, Inc.",11/17/2025,96,https://wwwn.cdc.gov/inspectionquerytool/InspectionSearch.aspx,2026-09-05
Carnival Glory,"Carnival Cruise Lines, Inc.",8/11/2025,97,https://wwwn.cdc.gov/inspectionquerytool/InspectionSearch.aspx,2026-09-05
Carnival Horizon,"Carnival Cruise Lines, Inc.",7/27/2018,96,https://wwwn.cdc.gov/inspectionquerytool/InspectionSearch.aspx,2026-09-05
Carnival Horizon,"Carnival Cruise Lines, Inc.",1/6/2019,91,https://wwwn.cdc.gov/inspectionquerytool/InspectionSearch.aspx,2026-09-05
Carnival Horizon,"Carnival Cruise Lines, Inc.",6/29/2019,95,https://wwwn.cdc.gov/inspectionquerytool/InspectionSearch.aspx,2026-09-05
Carnival Horizon,"Carnival Cruise Lines, Inc.",2/16/2020,99,https://wwwn.cdc.gov/inspectionquerytool/InspectionSearch.aspx,2026-09-05
Carnival Horizon,"Carnival Cruise Lines, Inc.",10/28/2023,92,https://wwwn.cdc.gov/inspectionquerytool/InspectionSearch.aspx,2026-09-05
Carnival Horizon,"Carnival Cruise Lines, Inc.",3/4/2023,95,https://wwwn.cdc.gov/inspectionquerytool/InspectionSearch.aspx,2026-09-05
Carnival Horizon,"Carnival Cruise Lines, Inc.",6/16/2024,97,https://wwwn.cdc.gov/inspectionquerytool/InspectionSearch.aspx,2026-09-05
Carnival Horizon,"Carnival Cruise Lines, Inc.",9/13/2025,98,https://wwwn.cdc.gov/inspectionquerytool/InspectionSearch.aspx,2026-09-05
Carnival Jubilee,"Carnival Cruise Lines, Inc.",6/29/2024,91,https://wwwn.cdc.gov/inspectionquerytool/InspectionSearch.aspx,2026-09-05
Carnival Jubilee,"Carnival Cruise Lines, Inc.",10/25/2025,97,https://wwwn.cdc.gov/inspectionquerytool/InspectionSearch.aspx,2026-09-05
Carnival Jubilee,"Carnival Cruise Lines, Inc.",4/12/2025,97,https://wwwn.cdc.gov/inspectionquerytool/InspectionSearch.aspx,2026-09-05
Carnival Jubilee,"Carnival Cruise Lines, Inc.",3/7/2026,100,https://wwwn.cdc.gov/inspectionquerytool/InspectionSearch.aspx,2026-09-05
Carnival Legend,"Carnival Cruise Lines, Inc.",7/8/2014,99,https://wwwn.cdc.gov/inspectionquerytool/InspectionSearch.aspx,2026-09-05
Carnival Legend,"Carnival Cruise Lines, Inc.",5/28/2015,94,https://wwwn.cdc.gov/inspectionquerytool/InspectionSearch.aspx,2026-09-05
Carnival Legend,"Carnival Cruise Lines, Inc.",8/8/2015,93,https://wwwn.cdc.gov/inspectionquerytool/InspectionSearch.aspx,2026-09-05
Carnival Legend,"Carnival Cruise Lines, Inc.",6/10/2016,98,https://wwwn.cdc.gov/inspectionquerytool/InspectionSearch.aspx,2026-09-05
Carnival Legend,"Carnival Cruise Lines, Inc.",9/20/2016,96,https://wwwn.cdc.gov/inspectionquerytool/InspectionSearch.aspx,2026-09-05
Carnival Legend,"Carnival Cruise Lines, Inc.",4/23/2017,83,https://wwwn.cdc.gov/inspectionquerytool/InspectionSearch.aspx,2026-09-05
Carnival Legend,"Carnival Cruise Lines, Inc.",7/18/2017,98,https://wwwn.cdc.gov/inspectionquerytool/InspectionSearch.aspx,2026-09-05
Carnival Legend,"Carnival Cruise Lines, Inc.",8/25/2017,96,https://wwwn.cdc.gov/inspectionquerytool/InspectionSearch.aspx,2026-09-05
Carnival Legend,"Carnival Cruise Lines, Inc.",5/24/2018,98,https://wwwn.cdc.gov/inspectionquerytool/InspectionSearch.aspx,2026-09-05
Carnival Legend,"Carnival Cruise Lines, Inc.",9/10/2019,99,https://wwwn.cdc.gov/inspectionquerytool/InspectionSearch.aspx,2026-09-05
Carnival Legend,"Carnival Cruise Lines, Inc.",7/9/2023,90,https://wwwn.cdc.gov/inspectionquerytool/InspectionSearch.aspx,2026-09-05
Carnival Legend,"Carnival Cruise Lines, Inc.",11/17/2024,100,https://wwwn.cdc.gov/inspectionquerytool/InspectionSearch.aspx,2026-09-05
Carnival Legend,"Carnival Cruise Lines, Inc.",10/27/2025,99,https://wwwn.cdc.gov/inspectionquerytool/InspectionSearch.aspx,2026-09-05
Carnival Legend,"Carnival Cruise Lines, Inc.",5/12/2025,92,https://wwwn.cdc.gov/inspectionquerytool/InspectionSearch.aspx,2026-09-05
Carnival Legend,"Carnival Cruise Lines, Inc.",3/6/2026,100,https://wwwn.cdc.gov/inspectionquerytool/InspectionSearch.aspx,2026-09-05
Carnival Liberty,"Carnival Cruise Lines, Inc.",9/24/2014,100,https://wwwn.cdc.gov/inspectionquerytool/InspectionSearch.aspx,2026-09-05
Carnival Liberty,"Carnival Cruise Lines, Inc.",1/24/2015,92,https://wwwn.cdc.gov/inspectionquerytool/InspectionSearch.aspx,2026-09-05
Carnival Liberty,"Carnival Cruise Lines, Inc.",8/30/2015,97,https://wwwn.cdc.gov/inspectionquerytool/InspectionSearch.aspx,2026-09-05
Carnival Liberty,"Carnival Cruise Lines, Inc.",2/21/2016,94,https://wwwn.cdc.gov/inspectionquerytool/InspectionSearch.aspx,2026-09-05
Carnival Liberty,"Carnival Cruise Lines, Inc.",7/25/2016,96,https://wwwn.cdc.gov/inspectionquerytool/InspectionSearch.aspx,2026-09-05
Carnival Liberty,"Carnival Cruise Lines, Inc.",3/5/2017,96,https://wwwn.cdc.gov/inspectionquerytool/InspectionSearch.aspx,2026-09-05
Carnival Liberty,"Carnival Cruise Lines, Inc.",8/27/2017,86,https://wwwn.cdc.gov/inspectionquerytool/InspectionSearch.aspx,2026-09-05
Carnival Liberty,"Carnival Cruise Lines, Inc.",1/4/2018,80,https://wwwn.cdc.gov/inspectionquerytool/InspectionSearch.aspx,2026-09-05
Carnival Liberty,"Carnival Cruise Lines, Inc.",11/8/2018,95,https://wwwn.cdc.gov/inspectionquerytool/InspectionSearch.aspx,2026-09-05
Carnival Liberty,"Carnival Cruise Lines, Inc.",3/18/2018,95,https://wwwn.cdc.gov/inspectionquerytool/InspectionSearch.aspx,2026-09-05
Carnival Liberty,"Carnival Cruise Lines, Inc.",4/19/2018,92,https://wwwn.cdc.gov/inspectionquerytool/InspectionSearch.aspx,2026-09-05
Carnival Liberty,"Carnival Cruise Lines, Inc.",10/18/2019,95,https://wwwn.cdc.gov/inspectionquerytool/InspectionSearch.aspx,2026-09-05
Carnival Liberty,"Carnival Cruise Lines, Inc.",4/28/2023,86,https://wwwn.cdc.gov/inspectionquerytool/InspectionSearch.aspx,2026-09-05
Carnival Liberty,"Carnival Cruise Lines, Inc.",9/5/2023,93,https://wwwn.cdc.gov/inspectionquerytool/InspectionSearch.aspx,2026-09-05
Carnival Liberty,"Carnival Cruise Lines, Inc.",11/3/2024,94,https://wwwn.cdc.gov/inspectionquerytool/InspectionSearch.aspx,2026-09-05
Carnival Liberty,"Carnival Cruise Lines, Inc.",6/2/2024,98,https://wwwn.cdc.gov/inspectionquerytool/InspectionSearch.aspx,2026-09-05
Carnival Liberty,"Carnival Cruise Lines, Inc.",7/22/2025,94,https://wwwn.cdc.gov/inspectionquerytool/InspectionSearch.aspx,2026-09-05
Carnival Liberty,"Carnival Cruise Lines, Inc.",6/21/2026,97,https://wwwn.cdc.gov/inspectionquerytool/InspectionSearch.aspx,2026-09-05
Carnival Luminosa,"Carnival Cruise Lines, Inc.",5/27/2023,97,https://wwwn.cdc.gov/inspectionquerytool/InspectionSearch.aspx,2026-09-05
Carnival Luminosa,"Carnival Cruise Lines, Inc.",5/9/2024,91,https://wwwn.cdc.gov/inspectionquerytool/InspectionSearch.aspx,2026-09-05
Carnival Luminosa,"Carnival Cruise Lines, Inc.",5/1/2025,100,https://wwwn.cdc.gov/inspectionquerytool/InspectionSearch.aspx,2026-09-05
Carnival Luminosa,"Carnival Cruise Lines, Inc.",5/14/2026,98,https://wwwn.cdc.gov/inspectionquerytool/InspectionSearch.aspx,2026-09-05
Carnival Magic,"Carnival Cruise Lines, Inc.",3/11/2014,93,https://wwwn.cdc.gov/inspectionquerytool/InspectionSearch.aspx,2026-09-05
Carnival Magic,"Carnival Cruise Lines, Inc.",9/28/2014,100,https://wwwn.cdc.gov/inspectionquerytool/InspectionSearch.aspx,2026-09-05
Carnival Magic,"Carnival Cruise Lines, Inc.",3/29/2015,97,https://wwwn.cdc.gov/inspectionquerytool/InspectionSearch.aspx,2026-09-05
Carnival Magic,"Carnival Cruise Lines, Inc.",6/7/2015,96,https://wwwn.cdc.gov/inspectionquerytool/InspectionSearch.aspx,2026-09-05
Carnival Magic,"Carnival Cruise Lines, Inc.",2/2/2016,96,https://wwwn.cdc.gov/inspectionquerytool/InspectionSearch.aspx,2026-09-05
Carnival Magic,"Carnival Cruise Lines, Inc.",8/13/2016,99,https://wwwn.cdc.gov/inspectionquerytool/InspectionSearch.aspx,2026-09-05
Carnival Magic,"Carnival Cruise Lines, Inc.",1/21/2017,97,https://wwwn.cdc.gov/inspectionquerytool/InspectionSearch.aspx,2026-09-05
Carnival Magic,"Carnival Cruise Lines, Inc.",7/23/2017,92,https://wwwn.cdc.gov/inspectionquerytool/InspectionSearch.aspx,2026-09-05
Carnival Magic,"Carnival Cruise Lines, Inc.",3/28/2018,96,https://wwwn.cdc.gov/inspectionquerytool/InspectionSearch.aspx,2026-09-05
Carnival Magic,"Carnival Cruise Lines, Inc.",7/21/2018,96,https://wwwn.cdc.gov/inspectionquerytool/InspectionSearch.aspx,2026-09-05
Carnival Magic,"Carnival Cruise Lines, Inc.",11/3/2019,92,https://wwwn.cdc.gov/inspectionquerytool/InspectionSearch.aspx,2026-09-05
Carnival Magic,"Carnival Cruise Lines, Inc.",11/19/2022,100,https://wwwn.cdc.gov/inspectionquerytool/InspectionSearch.aspx,2026-09-05
Carnival Magic,"Carnival Cruise Lines, Inc.",12/7/2023,97,https://wwwn.cdc.gov/inspectionquerytool/InspectionSearch.aspx,2026-09-05
Carnival Magic,"Carnival Cruise Lines, Inc.",4/13/2023,97,https://wwwn.cdc.gov/inspectionquerytool/InspectionSearch.aspx,2026-09-05
Carnival Magic,"Carnival Cruise Lines, Inc.",10/13/2024,100,https://wwwn.cdc.gov/inspectionquerytool/InspectionSearch.aspx,2026-09-05
Carnival Magic,"Carnival Cruise Lines, Inc.",11/24/2025,86,https://wwwn.cdc.gov/inspectionquerytool/InspectionSearch.aspx,2026-09-05
Carnival Magic,"Carnival Cruise Lines, Inc.",6/3/2025,97,https://wwwn.cdc.gov/inspectionquerytool/InspectionSearch.aspx,2026-09-05
Carnival Magic,"Carnival Cruise Lines, Inc.",6/7/2026,96,https://wwwn.cdc.gov/inspectionquerytool/InspectionSearch.aspx,2026-09-05
Carnival Miracle,"Carnival Cruise Lines, Inc.",1/26/2014,97,https://wwwn.cdc.gov/inspectionquerytool/InspectionSearch.aspx,2026-09-05
Carnival Miracle,"Carnival Cruise Lines, Inc.",8/16/2014,100,https://wwwn.cdc.gov/inspectionquerytool/InspectionSearch.aspx,2026-09-05
Carnival Miracle,"Carnival Cruise Lines, Inc.",8/22/2015,99,https://wwwn.cdc.gov/inspectionquerytool/InspectionSearch.aspx,2026-09-05
Carnival Miracle,"Carnival Cruise Lines, Inc.",3/5/2016,97,https://wwwn.cdc.gov/inspectionquerytool/InspectionSearch.aspx,2026-09-05
Carnival Miracle,"Carnival Cruise Lines, Inc.",11/18/2017,93,https://wwwn.cdc.gov/inspectionquerytool/InspectionSearch.aspx,2026-09-05
Carnival Miracle,"Carnival Cruise Lines, Inc.",4/29/2017,93,https://wwwn.cdc.gov/inspectionquerytool/InspectionSearch.aspx,2026-09-05
Carnival Miracle,"Carnival Cruise Lines, Inc.",7/8/2017,93,https://wwwn.cdc.gov/inspectionquerytool/InspectionSearch.aspx,2026-09-05
Carnival Miracle,"Carnival Cruise Lines, Inc.",11/4/2018,92,https://wwwn.cdc.gov/inspectionquerytool/InspectionSearch.aspx,2026-09-05
Carnival Miracle,"Carnival Cruise Lines, Inc.",3/31/2018,91,https://wwwn.cdc.gov/inspectionquerytool/InspectionSearch.aspx,2026-09-05
Carnival Miracle,"Carnival Cruise Lines, Inc.",5/5/2019,98,https://wwwn.cdc.gov/inspectionquerytool/InspectionSearch.aspx,2026-09-05
Carnival Miracle,"Carnival Cruise Lines, Inc.",1/8/2023,99,https://wwwn.cdc.gov/inspectionquerytool/InspectionSearch.aspx,2026-09-05
Carnival Miracle,"Carnival Cruise Lines, Inc.",4/21/2024,88,https://wwwn.cdc.gov/inspectionquerytool/InspectionSearch.aspx,2026-09-05
Carnival Miracle,"Carnival Cruise Lines, Inc.",3/3/2025,96,https://wwwn.cdc.gov/inspectionquerytool/InspectionSearch.aspx,2026-09-05
Carnival Miracle,"Carnival Cruise Lines, Inc.",1/25/2026,98,https://wwwn.cdc.gov/inspectionquerytool/InspectionSearch.aspx,2026-09-05
Carnival Panorama,"Carnival Cruise Lines, Inc.",1/7/2023,100,https://wwwn.cdc.gov/inspectionquerytool/InspectionSearch.aspx,2026-09-05
Carnival Panorama,"Carnival Cruise Lines, Inc.",11/4/2023,100,https://wwwn.cdc.gov/inspectionquerytool/InspectionSearch.aspx,2026-09-05
Carnival Panorama,"Carnival Cruise Lines, Inc.",11/16/2024,95,https://wwwn.cdc.gov/inspectionquerytool/InspectionSearch.aspx,2026-09-05
Carnival Panorama,"Carnival Cruise Lines, Inc.",7/27/2025,92,https://wwwn.cdc.gov/inspectionquerytool/InspectionSearch.aspx,2026-09-05
Carnival Panorama,"Carnival Cruise Lines, Inc.",1/11/2026,99,https://wwwn.cdc.gov/inspectionquerytool/InspectionSearch.aspx,2026-09-05
Carnival Paradise,"Carnival Cruise Lines, Inc.",12/18/2014,97,https://wwwn.cdc.gov/inspectionquerytool/InspectionSearch.aspx,2026-09-05
Carnival Paradise,"Carnival Cruise Lines, Inc.",7/12/2014,94,https://wwwn.cdc.gov/inspectionquerytool/InspectionSearch.aspx,2026-09-05
Carnival Paradise,"Carnival Cruise Lines, Inc.",7/11/2015,96,https://wwwn.cdc.gov/inspectionquerytool/InspectionSearch.aspx,2026-09-05
Carnival Paradise,"Carnival Cruise Lines, Inc.",12/5/2016,96,https://wwwn.cdc.gov/inspectionquerytool/InspectionSearch.aspx,2026-09-05
Carnival Paradise,"Carnival Cruise Lines, Inc.",2/12/2016,99,https://wwwn.cdc.gov/inspectionquerytool/InspectionSearch.aspx,2026-09-05
Carnival Paradise,"Carnival Cruise Lines, Inc.",8/29/2016,93,https://wwwn.cdc.gov/inspectionquerytool/InspectionSearch.aspx,2026-09-05
Carnival Paradise,"Carnival Cruise Lines, Inc.",6/15/2017,83,https://wwwn.cdc.gov/inspectionquerytool/InspectionSearch.aspx,2026-09-05
Carnival Paradise,"Carnival Cruise Lines, Inc.",8/5/2017,96,https://wwwn.cdc.gov/inspectionquerytool/InspectionSearch.aspx,2026-09-05
Carnival Paradise,"Carnival Cruise Lines, Inc.",7/30/2018,97,https://wwwn.cdc.gov/inspectionquerytool/InspectionSearch.aspx,2026-09-05
Carnival Paradise,"Carnival Cruise Lines, Inc.",3/5/2020,99,https://wwwn.cdc.gov/inspectionquerytool/InspectionSearch.aspx,2026-09-05
Carnival Paradise,"Carnival Cruise Lines, Inc.",3/11/2023,97,https://wwwn.cdc.gov/inspectionquerytool/InspectionSearch.aspx,2026-09-05
Carnival Paradise,"Carnival Cruise Lines, Inc.",8/13/2023,97,https://wwwn.cdc.gov/inspectionquerytool/InspectionSearch.aspx,2026-09-05
Carnival Paradise,"Carnival Cruise Lines, Inc.",11/16/2024,96,https://wwwn.cdc.gov/inspectionquerytool/InspectionSearch.aspx,2026-09-05
Carnival Paradise,"Carnival Cruise Lines, Inc.",2/19/2024,94,https://wwwn.cdc.gov/inspectionquerytool/InspectionSearch.aspx,2026-09-05
Carnival Paradise,"Carnival Cruise Lines, Inc.",6/15/2025,94,https://wwwn.cdc.gov/inspectionquerytool/InspectionSearch.aspx,2026-09-05
Carnival Paradise,"Carnival Cruise Lines, Inc.",1/29/2026,95,https://wwwn.cdc.gov/inspectionquerytool/InspectionSearch.aspx,2026-09-05
Carnival Pride,"Carnival Cruise Lines, Inc.",3/19/2014,96,https://wwwn.cdc.gov/inspectionquerytool/InspectionSearch.aspx,2026-09-05
Carnival Pride,"Carnival Cruise Lines, Inc.",8/20/2014,100,https://wwwn.cdc.gov/inspectionquerytool/InspectionSearch.aspx,2026-09-05
Carnival Pride,"Carnival Cruise Lines, Inc.",7/26/2015,95,https://wwwn.cdc.gov/inspectionquerytool/InspectionSearch.aspx,2026-09-05
Carnival Pride,"Carnival Cruise Lines, Inc.",1/13/2016,91,https://wwwn.cdc.gov/inspectionquerytool/InspectionSearch.aspx,2026-09-05
Carnival Pride,"Carnival Cruise Lines, Inc.",7/17/2016,96,https://wwwn.cdc.gov/inspectionquerytool/InspectionSearch.aspx,2026-09-05
Carnival Pride,"Carnival Cruise Lines, Inc.",5/14/2017,96,https://wwwn.cdc.gov/inspectionquerytool/InspectionSearch.aspx,2026-09-05
Carnival Pride,"Carnival Cruise Lines, Inc.",8/13/2017,92,https://wwwn.cdc.gov/inspectionquerytool/InspectionSearch.aspx,2026-09-05
Carnival Pride,"Carnival Cruise Lines, Inc.",1/3/2018,95,https://wwwn.cdc.gov/inspectionquerytool/InspectionSearch.aspx,2026-09-05
Carnival Pride,"Carnival Cruise Lines, Inc.",8/12/2018,97,https://wwwn.cdc.gov/inspectionquerytool/InspectionSearch.aspx,2026-09-05
Carnival Pride,"Carnival Cruise Lines, Inc.",8/18/2019,93,https://wwwn.cdc.gov/inspectionquerytool/InspectionSearch.aspx,2026-09-05
Carnival Pride,"Carnival Cruise Lines, Inc.",11/26/2023,99,https://wwwn.cdc.gov/inspectionquerytool/InspectionSearch.aspx,2026-09-05
Carnival Pride,"Carnival Cruise Lines, Inc.",4/1/2023,86,https://wwwn.cdc.gov/inspectionquerytool/InspectionSearch.aspx,2026-09-05
Carnival Pride,"Carnival Cruise Lines, Inc.",11/24/2024,99,https://wwwn.cdc.gov/inspectionquerytool/InspectionSearch.aspx,2026-09-05
Carnival Pride,"Carnival Cruise Lines, Inc.",7/13/2025,86,https://wwwn.cdc.gov/inspectionquerytool/InspectionSearch.aspx,2026-09-05
Carnival Pride,"Carnival Cruise Lines, Inc.",4/14/2026,93,https://wwwn.cdc.gov/inspectionquerytool/InspectionSearch.aspx,2026-09-05
Carnival Radiance,"Carnival Cruise Lines, Inc.",12/8/2014,100,https://wwwn.cdc.gov/inspectionquerytool/InspectionSearch.aspx,2026-09-05
Carnival Radiance,"Carnival Cruise Lines, Inc.",5/17/2014,99,https://wwwn.cdc.gov/inspectionquerytool/InspectionSearch.aspx,2026-09-05
Carnival Radiance,"Carnival Cruise Lines, Inc.",7/30/2015,92,https://wwwn.cdc.gov/inspectionquerytool/InspectionSearch.aspx,2026-09-05
Carnival Radiance,"Carnival Cruise Lines, Inc.",3/27/2016,100,https://wwwn.cdc.gov/inspectionquerytool/InspectionSearch.aspx,2026-09-05
Carnival Radiance,"Carnival Cruise Lines, Inc.",8/28/2016,100,https://wwwn.cdc.gov/inspectionquerytool/InspectionSearch.aspx,2026-09-05
Carnival Radiance,"Carnival Cruise Lines, Inc.",12/4/2017,94,https://wwwn.cdc.gov/inspectionquerytool/InspectionSearch.aspx,2026-09-05
Carnival Radiance,"Carnival Cruise Lines, Inc.",3/17/2017,100,https://wwwn.cdc.gov/inspectionquerytool/InspectionSearch.aspx,2026-09-05
Carnival Radiance,"Carnival Cruise Lines, Inc.",5/1/2017,87,https://wwwn.cdc.gov/inspectionquerytool/InspectionSearch.aspx,2026-09-05
Carnival Radiance,"Carnival Cruise Lines, Inc.",3/26/2018,98,https://wwwn.cdc.gov/inspectionquerytool/InspectionSearch.aspx,2026-09-05
Carnival Radiance,"Carnival Cruise Lines, Inc.",6/28/2019,97,https://wwwn.cdc.gov/inspectionquerytool/InspectionSearch.aspx,2026-09-05
Carnival Radiance,"Carnival Cruise Lines, Inc.",9/6/2019,97,https://wwwn.cdc.gov/inspectionquerytool/InspectionSearch.aspx,2026-09-05
Carnival Radiance,"Carnival Cruise Lines, Inc.",5/12/2023,98,https://wwwn.cdc.gov/inspectionquerytool/InspectionSearch.aspx,2026-09-05
Carnival Radiance,"Carnival Cruise Lines, Inc.",12/7/2024,91,https://wwwn.cdc.gov/inspectionquerytool/InspectionSearch.aspx,2026-09-05
Carnival Radiance,"Carnival Cruise Lines, Inc.",4/22/2024,93,https://wwwn.cdc.gov/inspectionquerytool/InspectionSearch.aspx,2026-09-05
Carnival Radiance,"Carnival Cruise Lines, Inc.",11/17/2025,96,https://wwwn.cdc.gov/inspectionquerytool/InspectionSearch.aspx,2026-09-05
Carnival Radiance,"Carnival Cruise Lines, Inc.",7/28/2025,97,https://wwwn.cdc.gov/inspectionquerytool/InspectionSearch.aspx,2026-09-05
Carnival Radiance,"Carnival Cruise Lines, Inc.",7/9/2026,96,https://wwwn.cdc.gov/inspectionquerytool/InspectionSearch.aspx,2026-09-05
Carnival Spirit,"Carnival Cruise Lines, Inc.",10/30/2022,96,https://wwwn.cdc.gov/inspectionquerytool/InspectionSearch.aspx,2026-09-05
Carnival Spirit,"Carnival Cruise Lines, Inc.",8/5/2023,99,https://wwwn.cdc.gov/inspectionquerytool/InspectionSearch.aspx,2026-09-05
Carnival Spirit,"Carnival Cruise Lines, Inc.",9/3/2024,100,https://wwwn.cdc.gov/inspectionquerytool/InspectionSearch.aspx,2026-09-05
Carnival Spirit,"Carnival Cruise Lines, Inc.",3/30/2025,97,https://wwwn.cdc.gov/inspectionquerytool/InspectionSearch.aspx,2026-09-05
Carnival Spirit,"Carnival Cruise Lines, Inc.",8/17/2025,99,https://wwwn.cdc.gov/inspectionquerytool/InspectionSearch.aspx,2026-09-05
Carnival Splendor,"Carnival Cruise Lines, Inc.",1/15/2014,94,https://wwwn.cdc.gov/inspectionquerytool/InspectionSearch.aspx,2026-09-05
Carnival Splendor,"Carnival Cruise Lines, Inc.",11/30/2014,94,https://wwwn.cdc.gov/inspectionquerytool/InspectionSearch.aspx,2026-09-05
Carnival Splendor,"Carnival Cruise Lines, Inc.",7/31/2014,100,https://wwwn.cdc.gov/inspectionquerytool/InspectionSearch.aspx,2026-09-05
Carnival Splendor,"Carnival Cruise Lines, Inc.",7/16/2015,97,https://wwwn.cdc.gov/inspectionquerytool/InspectionSearch.aspx,2026-09-05
Carnival Splendor,"Carnival Cruise Lines, Inc.",11/19/2016,93,https://wwwn.cdc.gov/inspectionquerytool/InspectionSearch.aspx,2026-09-05
Carnival Splendor,"Carnival Cruise Lines, Inc.",5/26/2016,97,https://wwwn.cdc.gov/inspectionquerytool/InspectionSearch.aspx,2026-09-05
Carnival Splendor,"Carnival Cruise Lines, Inc.",6/4/2017,91,https://wwwn.cdc.gov/inspectionquerytool/InspectionSearch.aspx,2026-09-05
Carnival Splendor,"Carnival Cruise Lines, Inc.",10/6/2018,93,https://wwwn.cdc.gov/inspectionquerytool/InspectionSearch.aspx,2026-09-05
Carnival Sunrise,"Carnival Cruise Lines, Inc.",4/26/2014,94,https://wwwn.cdc.gov/inspectionquerytool/InspectionSearch.aspx,2026-09-05
Carnival Sunrise,"Carnival Cruise Lines, Inc.",9/27/2014,100,https://wwwn.cdc.gov/inspectionquerytool/InspectionSearch.aspx,2026-09-05
Carnival Sunrise,"Carnival Cruise Lines, Inc.",3/28/2015,100,https://wwwn.cdc.gov/inspectionquerytool/InspectionSearch.aspx,2026-09-05
Carnival Sunrise,"Carnival Cruise Lines, Inc.",6/6/2015,92,https://wwwn.cdc.gov/inspectionquerytool/InspectionSearch.aspx,2026-09-05
Carnival Sunrise,"Carnival Cruise Lines, Inc.",12/15/2016,94,https://wwwn.cdc.gov/inspectionquerytool/InspectionSearch.aspx,2026-09-05
Carnival Sunrise,"Carnival Cruise Lines, Inc.",2/27/2016,99,https://wwwn.cdc.gov/inspectionquerytool/InspectionSearch.aspx,2026-09-05
Carnival Sunrise,"Carnival Cruise Lines, Inc.",7/23/2016,97,https://wwwn.cdc.gov/inspectionquerytool/InspectionSearch.aspx,2026-09-05
Carnival Sunrise,"Carnival Cruise Lines, Inc.",11/11/2017,78,https://wwwn.cdc.gov/inspectionquerytool/InspectionSearch.aspx,2026-09-05
Carnival Sunrise,"Carnival Cruise Lines, Inc.",6/29/2017,93,https://wwwn.cdc.gov/inspectionquerytool/InspectionSearch.aspx,2026-09-05
Carnival Sunrise,"Carnival Cruise Lines, Inc.",1/6/2018,98,https://wwwn.cdc.gov/inspectionquerytool/InspectionSearch.aspx,2026-09-05
Carnival Sunrise,"Carnival Cruise Lines, Inc.",7/12/2018,94,https://wwwn.cdc.gov/inspectionquerytool/InspectionSearch.aspx,2026-09-05
Carnival Sunrise,"Carnival Cruise Lines, Inc.",12/5/2019,98,https://wwwn.cdc.gov/inspectionquerytool/InspectionSearch.aspx,2026-09-05
Carnival Sunrise,"Carnival Cruise Lines, Inc.",12/8/2022,98,https://wwwn.cdc.gov/inspectionquerytool/InspectionSearch.aspx,2026-09-05
Carnival Sunrise,"Carnival Cruise Lines, Inc.",7/10/2023,97,https://wwwn.cdc.gov/inspectionquerytool/InspectionSearch.aspx,2026-09-05
Carnival Sunrise,"Carnival Cruise Lines, Inc.",1/4/2024,98,https://wwwn.cdc.gov/inspectionquerytool/InspectionSearch.aspx,2026-09-05
Carnival Sunrise,"Carnival Cruise Lines, Inc.",9/12/2024,95,https://wwwn.cdc.gov/inspectionquerytool/InspectionSearch.aspx,2026-09-05
Carnival Sunrise,"Carnival Cruise Lines, Inc.",8/18/2025,96,https://wwwn.cdc.gov/inspectionquerytool/InspectionSearch.aspx,2026-09-05
Carnival Sunshine,"Carnival Cruise Lines, Inc.",10/17/2014,94,https://wwwn.cdc.gov/inspectionquerytool/InspectionSearch.aspx,2026-09-05
Carnival Sunshine,"Carnival Cruise Lines, Inc.",4/27/2014,91,https://wwwn.cdc.gov/inspectionquerytool/InspectionSearch.aspx,2026-09-05
Carnival Sunshine,"Carnival Cruise Lines, Inc.",4/18/2015,100,https://wwwn.cdc.gov/inspectionquerytool/InspectionSearch.aspx,2026-09-05
Carnival Sunshine,"Carnival Cruise Lines, Inc.",12/21/2016,100,https://wwwn.cdc.gov/inspectionquerytool/InspectionSearch.aspx,2026-09-05
Carnival Sunshine,"Carnival Cruise Lines, Inc.",3/26/2016,93,https://wwwn.cdc.gov/inspectionquerytool/InspectionSearch.aspx,2026-09-05
Carnival Sunshine,"Carnival Cruise Lines, Inc.",8/21/2016,95,https://wwwn.cdc.gov/inspectionquerytool/InspectionSearch.aspx,2026-09-05
Carnival Sunshine,"Carnival Cruise Lines, Inc.",12/17/2017,94,https://wwwn.cdc.gov/inspectionquerytool/InspectionSearch.aspx,2026-09-05
Carnival Sunshine,"Carnival Cruise Lines, Inc.",5/15/2017,92,https://wwwn.cdc.gov/inspectionquerytool/InspectionSearch.aspx,2026-09-05
Carnival Sunshine,"Carnival Cruise Lines, Inc.",11/2/2018,91,https://wwwn.cdc.gov/inspectionquerytool/InspectionSearch.aspx,2026-09-05
Carnival Sunshine,"Carnival Cruise Lines, Inc.",8/21/2018,92,https://wwwn.cdc.gov/inspectionquerytool/InspectionSearch.aspx,2026-09-05
Carnival Sunshine,"Carnival Cruise Lines, Inc.",8/10/2019,97,https://wwwn.cdc.gov/inspectionquerytool/InspectionSearch.aspx,2026-09-05
Carnival Sunshine,"Carnival Cruise Lines, Inc.",7/8/2023,89,https://wwwn.cdc.gov/inspectionquerytool/InspectionSearch.aspx,2026-09-05
Carnival Sunshine,"Carnival Cruise Lines, Inc.",4/18/2024,94,https://wwwn.cdc.gov/inspectionquerytool/InspectionSearch.aspx,2026-09-05
Carnival Sunshine,"Carnival Cruise Lines, Inc.",3/8/2025,91,https://wwwn.cdc.gov/inspectionquerytool/InspectionSearch.aspx,2026-09-05
Carnival Sunshine,"Carnival Cruise Lines, Inc.",8/26/2025,94,https://wwwn.cdc.gov/inspectionquerytool/InspectionSearch.aspx,2026-09-05
Carnival Sunshine,"Carnival Cruise Lines, Inc.",3/21/2026,95,https://wwwn.cdc.gov/inspectionquerytool/InspectionSearch.aspx,2026-09-05
Carnival Valor,"Carnival Cruise Lines, Inc.",12/14/2014,97,https://wwwn.cdc.gov/inspectionquerytool/InspectionSearch.aspx,2026-09-05
Carnival Valor,"Carnival Cruise Lines, Inc.",3/2/2014,91,https://wwwn.cdc.gov/inspectionquerytool/InspectionSearch.aspx,2026-09-05
Carnival Valor,"Carnival Cruise Lines, Inc.",7/13/2014,98,https://wwwn.cdc.gov/inspectionquerytool/InspectionSearch.aspx,2026-09-05
Carnival Valor,"Carnival Cruise Lines, Inc.",11/14/2015,98,https://wwwn.cdc.gov/inspectionquerytool/InspectionSearch.aspx,2026-09-05
Carnival Valor,"Carnival Cruise Lines, Inc.",3/16/2015,87,https://wwwn.cdc.gov/inspectionquerytool/InspectionSearch.aspx,2026-09-05
Carnival Valor,"Carnival Cruise Lines, Inc.",8/14/2016,98,https://wwwn.cdc.gov/inspectionquerytool/InspectionSearch.aspx,2026-09-05
Carnival Valor,"Carnival Cruise Lines, Inc.",11/9/2017,100,https://wwwn.cdc.gov/inspectionquerytool/InspectionSearch.aspx,2026-09-05
Carnival Valor,"Carnival Cruise Lines, Inc.",4/3/2017,95,https://wwwn.cdc.gov/inspectionquerytool/InspectionSearch.aspx,2026-09-05
Carnival Valor,"Carnival Cruise Lines, Inc.",6/16/2018,93,https://wwwn.cdc.gov/inspectionquerytool/InspectionSearch.aspx,2026-09-05
Carnival Valor,"Carnival Cruise Lines, Inc.",9/9/2019,97,https://wwwn.cdc.gov/inspectionquerytool/InspectionSearch.aspx,2026-09-05
Carnival Valor,"Carnival Cruise Lines, Inc.",2/24/2020,100,https://wwwn.cdc.gov/inspectionquerytool/InspectionSearch.aspx,2026-09-05
Carnival Valor,"Carnival Cruise Lines, Inc.",8/17/2023,96,https://wwwn.cdc.gov/inspectionquerytool/InspectionSearch.aspx,2026-09-05
Carnival Valor,"Carnival Cruise Lines, Inc.",11/2/2024,97,https://wwwn.cdc.gov/inspectionquerytool/InspectionSearch.aspx,2026-09-05
Carnival Valor,"Carnival Cruise Lines, Inc.",2/24/2024,90,https://wwwn.cdc.gov/inspectionquerytool/InspectionSearch.aspx,2026-09-05
Carnival Valor,"Carnival Cruise Lines, Inc.",7/31/2025,92,https://wwwn.cdc.gov/inspectionquerytool/InspectionSearch.aspx,2026-09-05
Carnival Venezia,"Carnival Cruise Lines, Inc.",10/17/2023,99,https://wwwn.cdc.gov/inspectionquerytool/InspectionSearch.aspx,2026-09-05
Carnival Venezia,"Carnival Cruise Lines, Inc.",6/19/2023,100,https://wwwn.cdc.gov/inspectionquerytool/InspectionSearch.aspx,2026-09-05
Carnival Venezia,"Carnival Cruise Lines, Inc.",10/25/2024,92,https://wwwn.cdc.gov/inspectionquerytool/InspectionSearch.aspx,2026-09-05
Carnival Venezia,"Carnival Cruise Lines, Inc.",8/16/2024,99,https://wwwn.cdc.gov/inspectionquerytool/InspectionSearch.aspx,2026-09-05
Carnival Venezia,"Carnival Cruise Lines, Inc.",5/11/2025,95,https://wwwn.cdc.gov/inspectionquerytool/InspectionSearch.aspx,2026-09-05
Carnival Venezia,"Carnival Cruise Lines, Inc.",1/8/2026,98,https://wwwn.cdc.gov/inspectionquerytool/InspectionSearch.aspx,2026-09-05
Carnival Venezia,"Carnival Cruise Lines, Inc.",6/18/2026,95,https://wwwn.cdc.gov/inspectionquerytool/InspectionSearch.aspx,2026-09-05
Carnival Vista,"Carnival Cruise Lines, Inc.",12/11/2016,93,https://wwwn.cdc.gov/inspectionquerytool/InspectionSearch.aspx,2026-09-05
Carnival Vista,"Carnival Cruise Lines, Inc.",12/2/2017,79,https://wwwn.cdc.gov/inspectionquerytool/InspectionSearch.aspx,2026-09-05
Carnival Vista,"Carnival Cruise Lines, Inc.",8/26/2017,92,https://wwwn.cdc.gov/inspectionquerytool/InspectionSearch.aspx,2026-09-05
Carnival Vista,"Carnival Cruise Lines, Inc.",1/27/2018,88,https://wwwn.cdc.gov/inspectionquerytool/InspectionSearch.aspx,2026-09-05
Carnival Vista,"Carnival Cruise Lines, Inc.",12/16/2018,88,https://wwwn.cdc.gov/inspectionquerytool/InspectionSearch.aspx,2026-09-05
Carnival Vista,"Carnival Cruise Lines, Inc.",6/30/2018,92,https://wwwn.cdc.gov/inspectionquerytool/InspectionSearch.aspx,2026-09-05
Carnival Vista,"Carnival Cruise Lines, Inc.",11/23/2019,95,https://wwwn.cdc.gov/inspectionquerytool/InspectionSearch.aspx,2026-09-05
Carnival Vista,"Carnival Cruise Lines, Inc.",12/10/2022,93,https://wwwn.cdc.gov/inspectionquerytool/InspectionSearch.aspx,2026-09-05
Carnival Vista,"Carnival Cruise Lines, Inc.",12/16/2023,90,https://wwwn.cdc.gov/inspectionquerytool/InspectionSearch.aspx,2026-09-05
Carnival Vista,"Carnival Cruise Lines, Inc.",8/18/2024,94,https://wwwn.cdc.gov/inspectionquerytool/InspectionSearch.aspx,2026-09-05
Carnival Vista,"Carnival Cruise Lines, Inc.",3/13/2025,94,https://wwwn.cdc.gov/inspectionquerytool/InspectionSearch.aspx,2026-09-05
Carnival Vista,"Carnival Cruise Lines, Inc.",8/27/2025,96,https://wwwn.cdc.gov/inspectionquerytool/InspectionSearch.aspx,2026-09-05
Carnival Vista,"Carnival Cruise Lines, Inc.",4/12/2026,98,https://wwwn.cdc.gov/inspectionquerytool/InspectionSearch.aspx,2026-09-05
Celebrity Apex,Celebrity Cruises,12/30/2022,97,https://wwwn.cdc.gov/inspectionquerytool/InspectionSearch.aspx,2026-09-05
Celebrity Apex,Celebrity Cruises,11/10/2024,100,https://wwwn.cdc.gov/inspectionquerytool/InspectionSearch.aspx,2026-09-05
Celebrity Apex,Celebrity Cruises,3/9/2024,98,https://wwwn.cdc.gov/inspectionquerytool/InspectionSearch.aspx,2026-09-05
Celebrity Apex,Celebrity Cruises,11/15/2025,100,https://wwwn.cdc.gov/inspectionquerytool/InspectionSearch.aspx,2026-09-05
Celebrity Apex,Celebrity Cruises,4/19/2026,100,https://wwwn.cdc.gov/inspectionquerytool/InspectionSearch.aspx,2026-09-05
Celebrity Ascent,Celebrity Cruises,1/7/2024,100,https://wwwn.cdc.gov/inspectionquerytool/InspectionSearch.aspx,2026-09-05
Celebrity Ascent,Celebrity Cruises,12/1/2024,98,https://wwwn.cdc.gov/inspectionquerytool/InspectionSearch.aspx,2026-09-05
Celebrity Beyond,Celebrity Cruises,11/8/2022,98,https://wwwn.cdc.gov/inspectionquerytool/InspectionSearch.aspx,2026-09-05
Celebrity Beyond,Celebrity Cruises,12/11/2023,100,https://wwwn.cdc.gov/inspectionquerytool/InspectionSearch.aspx,2026-09-05
Celebrity Beyond,Celebrity Cruises,12/13/2024,99,https://wwwn.cdc.gov/inspectionquerytool/InspectionSearch.aspx,2026-09-05
Celebrity Beyond,Celebrity Cruises,8/3/2025,98,https://wwwn.cdc.gov/inspectionquerytool/InspectionSearch.aspx,2026-09-05
Celebrity Constellation,Celebrity Cruises,12/8/2014,88,https://wwwn.cdc.gov/inspectionquerytool/InspectionSearch.aspx,2026-09-05
Celebrity Constellation,Celebrity Cruises,3/27/2014,99,https://wwwn.cdc.gov/inspectionquerytool/InspectionSearch.aspx,2026-09-05
Celebrity Constellation,Celebrity Cruises,11/23/2015,98,https://wwwn.cdc.gov/inspectionquerytool/InspectionSearch.aspx,2026-09-05
Celebrity Constellation,Celebrity Cruises,3/16/2015,97,https://wwwn.cdc.gov/inspectionquerytool/InspectionSearch.aspx,2026-09-05
Celebrity Constellation,Celebrity Cruises,4/2/2016,99,https://wwwn.cdc.gov/inspectionquerytool/InspectionSearch.aspx,2026-09-05
Celebrity Constellation,Celebrity Cruises,12/14/2024,96,https://wwwn.cdc.gov/inspectionquerytool/InspectionSearch.aspx,2026-09-05
Celebrity Constellation,Celebrity Cruises,2/24/2024,91,https://wwwn.cdc.gov/inspectionquerytool/InspectionSearch.aspx,2026-09-05
Celebrity Eclipse,Celebrity Cruises,12/7/2014,100,https://wwwn.cdc.gov/inspectionquerytool/InspectionSearch.aspx,2026-09-05
Celebrity Eclipse,Celebrity Cruises,3/10/2014,97,https://wwwn.cdc.gov/inspectionquerytool/InspectionSearch.aspx,2026-09-05
Celebrity Eclipse,Celebrity Cruises,11/15/2015,99,https://wwwn.cdc.gov/inspectionquerytool/InspectionSearch.aspx,2026-09-05
Celebrity Eclipse,Celebrity Cruises,3/15/2015,98,https://wwwn.cdc.gov/inspectionquerytool/InspectionSearch.aspx,2026-09-05
Celebrity Eclipse,Celebrity Cruises,11/13/2016,94,https://wwwn.cdc.gov/inspectionquerytool/InspectionSearch.aspx,2026-09-05
Celebrity Eclipse,Celebrity Cruises,4/17/2016,100,https://wwwn.cdc.gov/inspectionquerytool/InspectionSearch.aspx,2026-09-05
Celebrity Eclipse,Celebrity Cruises,11/26/2017,100,https://wwwn.cdc.gov/inspectionquerytool/InspectionSearch.aspx,2026-09-05
Celebrity Eclipse,Celebrity Cruises,4/29/2019,95,https://wwwn.cdc.gov/inspectionquerytool/InspectionSearch.aspx,2026-09-05
Celebrity Eclipse,Celebrity Cruises,8/6/2019,99,https://wwwn.cdc.gov/inspectionquerytool/InspectionSearch.aspx,2026-09-05
Celebrity Eclipse,Celebrity Cruises,11/5/2023,98,https://wwwn.cdc.gov/inspectionquerytool/InspectionSearch.aspx,2026-09-05
Celebrity Eclipse,Celebrity Cruises,6/15/2023,100,https://wwwn.cdc.gov/inspectionquerytool/InspectionSearch.aspx,2026-09-05
Celebrity Eclipse,Celebrity Cruises,11/7/2024,96,https://wwwn.cdc.gov/inspectionquerytool/InspectionSearch.aspx,2026-09-05
Celebrity Eclipse,Celebrity Cruises,11/22/2025,100,https://wwwn.cdc.gov/inspectionquerytool/InspectionSearch.aspx,2026-09-05
Celebrity Eclipse,Celebrity Cruises,3/22/2026,94,https://wwwn.cdc.gov/inspectionquerytool/InspectionSearch.aspx,2026-09-05
Celebrity Edge,Celebrity Cruises,12/9/2018,90,https://wwwn.cdc.gov/inspectionquerytool/InspectionSearch.aspx,2026-09-05
Celebrity Edge,Celebrity Cruises,11/15/2019,96,https://wwwn.cdc.gov/inspectionquerytool/InspectionSearch.aspx,2026-09-05
Celebrity Edge,Celebrity Cruises,3/17/2019,98,https://wwwn.cdc.gov/inspectionquerytool/InspectionSearch.aspx,2026-09-05
Celebrity Edge,Celebrity Cruises,4/17/2023,100,https://wwwn.cdc.gov/inspectionquerytool/InspectionSearch.aspx,2026-09-05
Celebrity Edge,Celebrity Cruises,6/21/2024,99,https://wwwn.cdc.gov/inspectionquerytool/InspectionSearch.aspx,2026-09-05
Celebrity Edge,Celebrity Cruises,5/30/2025,96,https://wwwn.cdc.gov/inspectionquerytool/InspectionSearch.aspx,2026-09-05
Celebrity Edge,Celebrity Cruises,9/5/2025,95,https://wwwn.cdc.gov/inspectionquerytool/InspectionSearch.aspx,2026-09-05
Celebrity Edge,Celebrity Cruises,5/25/2026,98,https://wwwn.cdc.gov/inspectionquerytool/InspectionSearch.aspx,2026-09-05
Celebrity Equinox,Celebrity Cruises,11/10/2014,97,https://wwwn.cdc.gov/inspectionquerytool/InspectionSearch.aspx,2026-09-05
Celebrity Equinox,Celebrity Cruises,3/14/2014,92,https://wwwn.cdc.gov/inspectionquerytool/InspectionSearch.aspx,2026-09-05
Celebrity Equinox,Celebrity Cruises,4/27/2015,100,https://wwwn.cdc.gov/inspectionquerytool/InspectionSearch.aspx,2026-09-05
Celebrity Equinox,Celebrity Cruises,3/14/2016,100,https://wwwn.cdc.gov/inspectionquerytool/InspectionSearch.aspx,2026-09-05
Celebrity Equinox,Celebrity Cruises,1/30/2017,100,https://wwwn.cdc.gov/inspectionquerytool/InspectionSearch.aspx,2026-09-05
Celebrity Equinox,Celebrity Cruises,6/25/2017,92,https://wwwn.cdc.gov/inspectionquerytool/InspectionSearch.aspx,2026-09-05
Celebrity Equinox,Celebrity Cruises,12/11/2018,99,https://wwwn.cdc.gov/inspectionquerytool/InspectionSearch.aspx,2026-09-05
Celebrity Equinox,Celebrity Cruises,6/30/2018,99,https://wwwn.cdc.gov/inspectionquerytool/InspectionSearch.aspx,2026-09-05
Celebrity Equinox,Celebrity Cruises,6/10/2019,100,https://wwwn.cdc.gov/inspectionquerytool/InspectionSearch.aspx,2026-09-05
Celebrity Equinox,Celebrity Cruises,2/4/2020,98,https://wwwn.cdc.gov/inspectionquerytool/InspectionSearch.aspx,2026-09-05
Celebrity Equinox,Celebrity Cruises,12/1/2022,98,https://wwwn.cdc.gov/inspectionquerytool/InspectionSearch.aspx,2026-09-05
Celebrity Equinox,Celebrity Cruises,5/4/2023,98,https://wwwn.cdc.gov/inspectionquerytool/InspectionSearch.aspx,2026-09-05
Celebrity Equinox,Celebrity Cruises,2/15/2024,100,https://wwwn.cdc.gov/inspectionquerytool/InspectionSearch.aspx,2026-09-05
Celebrity Equinox,Celebrity Cruises,1/7/2025,92,https://wwwn.cdc.gov/inspectionquerytool/InspectionSearch.aspx,2026-09-05
Celebrity Infinity,Celebrity Cruises,5/2/2014,100,https://wwwn.cdc.gov/inspectionquerytool/InspectionSearch.aspx,2026-09-05
Celebrity Infinity,Celebrity Cruises,12/5/2015,99,https://wwwn.cdc.gov/inspectionquerytool/InspectionSearch.aspx,2026-09-05
Celebrity Infinity,Celebrity Cruises,3/29/2015,100,https://wwwn.cdc.gov/inspectionquerytool/InspectionSearch.aspx,2026-09-05
Celebrity Infinity,Celebrity Cruises,7/23/2015,100,https://wwwn.cdc.gov/inspectionquerytool/InspectionSearch.aspx,2026-09-05
Celebrity Infinity,Celebrity Cruises,11/9/2016,95,https://wwwn.cdc.gov/inspectionquerytool/InspectionSearch.aspx,2026-09-05
Celebrity Infinity,Celebrity Cruises,7/21/2016,97,https://wwwn.cdc.gov/inspectionquerytool/InspectionSearch.aspx,2026-09-05
Celebrity Infinity,Celebrity Cruises,10/9/2017,100,https://wwwn.cdc.gov/inspectionquerytool/InspectionSearch.aspx,2026-09-05
Celebrity Infinity,Celebrity Cruises,6/15/2017,97,https://wwwn.cdc.gov/inspectionquerytool/InspectionSearch.aspx,2026-09-05
Celebrity Infinity,Celebrity Cruises,11/10/2018,99,https://wwwn.cdc.gov/inspectionquerytool/InspectionSearch.aspx,2026-09-05
Celebrity Infinity,Celebrity Cruises,12/12/2019,97,https://wwwn.cdc.gov/inspectionquerytool/InspectionSearch.aspx,2026-09-05
Celebrity Infinity,Celebrity Cruises,3/16/2019,92,https://wwwn.cdc.gov/inspectionquerytool/InspectionSearch.aspx,2026-09-05
Celebrity Millennium,Celebrity Cruises,6/18/2014,100,https://wwwn.cdc.gov/inspectionquerytool/InspectionSearch.aspx,2026-09-05
Celebrity Millennium,Celebrity Cruises,5/26/2015,100,https://wwwn.cdc.gov/inspectionquerytool/InspectionSearch.aspx,2026-09-05
Celebrity Millennium,Celebrity Cruises,9/4/2015,100,https://wwwn.cdc.gov/inspectionquerytool/InspectionSearch.aspx,2026-09-05
Celebrity Millennium,Celebrity Cruises,4/15/2016,100,https://wwwn.cdc.gov/inspectionquerytool/InspectionSearch.aspx,2026-09-05
Celebrity Millennium,Celebrity Cruises,8/28/2016,95,https://wwwn.cdc.gov/inspectionquerytool/InspectionSearch.aspx,2026-09-05
Celebrity Millennium,Celebrity Cruises,5/30/2017,89,https://wwwn.cdc.gov/inspectionquerytool/InspectionSearch.aspx,2026-09-05
Celebrity Millennium,Celebrity Cruises,8/23/2017,98,https://wwwn.cdc.gov/inspectionquerytool/InspectionSearch.aspx,2026-09-05
Celebrity Reflection,Celebrity Cruises,11/17/2014,100,https://wwwn.cdc.gov/inspectionquerytool/InspectionSearch.aspx,2026-09-05
Celebrity Reflection,Celebrity Cruises,3/4/2014,95,https://wwwn.cdc.gov/inspectionquerytool/InspectionSearch.aspx,2026-09-05
Celebrity Reflection,Celebrity Cruises,3/14/2015,97,https://wwwn.cdc.gov/inspectionquerytool/InspectionSearch.aspx,2026-09-05
Celebrity Reflection,Celebrity Cruises,1/16/2016,93,https://wwwn.cdc.gov/inspectionquerytool/InspectionSearch.aspx,2026-09-05
Celebrity Reflection,Celebrity Cruises,11/5/2016,100,https://wwwn.cdc.gov/inspectionquerytool/InspectionSearch.aspx,2026-09-05
Celebrity Reflection,Celebrity Cruises,4/9/2016,94,https://wwwn.cdc.gov/inspectionquerytool/InspectionSearch.aspx,2026-09-05
Celebrity Reflection,Celebrity Cruises,12/22/2017,94,https://wwwn.cdc.gov/inspectionquerytool/InspectionSearch.aspx,2026-09-05
Celebrity Reflection,Celebrity Cruises,3/25/2017,100,https://wwwn.cdc.gov/inspectionquerytool/InspectionSearch.aspx,2026-09-05
Celebrity Reflection,Celebrity Cruises,12/21/2018,97,https://wwwn.cdc.gov/inspectionquerytool/InspectionSearch.aspx,2026-09-05
Celebrity Reflection,Celebrity Cruises,3/23/2018,100,https://wwwn.cdc.gov/inspectionquerytool/InspectionSearch.aspx,2026-09-05
Celebrity Reflection,Celebrity Cruises,12/9/2019,100,https://wwwn.cdc.gov/inspectionquerytool/InspectionSearch.aspx,2026-09-05
Celebrity Reflection,Celebrity Cruises,4/22/2019,97,https://wwwn.cdc.gov/inspectionquerytool/InspectionSearch.aspx,2026-09-05
Celebrity Reflection,Celebrity Cruises,4/16/2023,95,https://wwwn.cdc.gov/inspectionquerytool/InspectionSearch.aspx,2026-09-05
Celebrity Reflection,Celebrity Cruises,4/16/2024,98,https://wwwn.cdc.gov/inspectionquerytool/InspectionSearch.aspx,2026-09-05
Celebrity Reflection,Celebrity Cruises,1/18/2025,98,https://wwwn.cdc.gov/inspectionquerytool/InspectionSearch.aspx,2026-09-05
Celebrity Reflection,Celebrity Cruises,12/29/2025,98,https://wwwn.cdc.gov/inspectionquerytool/InspectionSearch.aspx,2026-09-05
Celebrity Reflection,Celebrity Cruises,6/13/2025,95,https://wwwn.cdc.gov/inspectionquerytool/InspectionSearch.aspx,2026-09-05
Celebrity Silhouette,Celebrity Cruises,1/26/2014,92,https://wwwn.cdc.gov/inspectionquerytool/InspectionSearch.aspx,2026-09-05
Celebrity Silhouette,Celebrity Cruises,4/13/2014,97,https://wwwn.cdc.gov/inspectionquerytool/InspectionSearch.aspx,2026-09-05
Celebrity Silhouette,Celebrity Cruises,1/20/2015,95,https://wwwn.cdc.gov/inspectionquerytool/InspectionSearch.aspx,2026-09-05
Celebrity Silhouette,Celebrity Cruises,12/6/2015,97,https://wwwn.cdc.gov/inspectionquerytool/InspectionSearch.aspx,2026-09-05
Celebrity Silhouette,Celebrity Cruises,3/15/2015,98,https://wwwn.cdc.gov/inspectionquerytool/InspectionSearch.aspx,2026-09-05
Celebrity Silhouette,Celebrity Cruises,11/20/2016,98,https://wwwn.cdc.gov/inspectionquerytool/InspectionSearch.aspx,2026-09-05
Celebrity Silhouette,Celebrity Cruises,4/10/2016,100,https://wwwn.cdc.gov/inspectionquerytool/InspectionSearch.aspx,2026-09-05
Celebrity Silhouette,Celebrity Cruises,11/19/2017,96,https://wwwn.cdc.gov/inspectionquerytool/InspectionSearch.aspx,2026-09-05
Celebrity Silhouette,Celebrity Cruises,3/5/2017,100,https://wwwn.cdc.gov/inspectionquerytool/InspectionSearch.aspx,2026-09-05
Celebrity Silhouette,Celebrity Cruises,4/2/2018,97,https://wwwn.cdc.gov/inspectionquerytool/InspectionSearch.aspx,2026-09-05
Celebrity Silhouette,Celebrity Cruises,11/22/2019,98,https://wwwn.cdc.gov/inspectionquerytool/InspectionSearch.aspx,2026-09-05
Celebrity Silhouette,Celebrity Cruises,3/6/2019,96,https://wwwn.cdc.gov/inspectionquerytool/InspectionSearch.aspx,2026-09-05
Celebrity Silhouette,Celebrity Cruises,1/12/2023,97,https://wwwn.cdc.gov/inspectionquerytool/InspectionSearch.aspx,2026-09-05
Celebrity Silhouette,Celebrity Cruises,11/30/2023,95,https://wwwn.cdc.gov/inspectionquerytool/InspectionSearch.aspx,2026-09-05
Celebrity Silhouette,Celebrity Cruises,12/13/2024,95,https://wwwn.cdc.gov/inspectionquerytool/InspectionSearch.aspx,2026-09-05
Celebrity Silhouette,Celebrity Cruises,4/4/2024,98,https://wwwn.cdc.gov/inspectionquerytool/InspectionSearch.aspx,2026-09-05
Celebrity Silhouette,Celebrity Cruises,8/28/2025,100,https://wwwn.cdc.gov/inspectionquerytool/InspectionSearch.aspx,2026-09-05
Celebrity Solstice,Celebrity Cruises,10/4/2014,98,https://wwwn.cdc.gov/inspectionquerytool/InspectionSearch.aspx,2026-09-05
Celebrity Solstice,Celebrity Cruises,6/30/2014,100,https://wwwn.cdc.gov/inspectionquerytool/InspectionSearch.aspx,2026-09-05
Celebrity Solstice,Celebrity Cruises,5/8/2015,99,https://wwwn.cdc.gov/inspectionquerytool/InspectionSearch.aspx,2026-09-05
Celebrity Solstice,Celebrity Cruises,6/6/2016,100,https://wwwn.cdc.gov/inspectionquerytool/InspectionSearch.aspx,2026-09-05
Celebrity Solstice,Celebrity Cruises,5/6/2017,95,https://wwwn.cdc.gov/inspectionquerytool/InspectionSearch.aspx,2026-09-05
Celebrity Solstice,Celebrity Cruises,9/15/2017,100,https://wwwn.cdc.gov/inspectionquerytool/InspectionSearch.aspx,2026-09-05
Celebrity Solstice,Celebrity Cruises,10/2/2018,98,https://wwwn.cdc.gov/inspectionquerytool/InspectionSearch.aspx,2026-09-05
Celebrity Solstice,Celebrity Cruises,8/27/2018,98,https://wwwn.cdc.gov/inspectionquerytool/InspectionSearch.aspx,2026-09-05
Celebrity Solstice,Celebrity Cruises,5/29/2023,100,https://wwwn.cdc.gov/inspectionquerytool/InspectionSearch.aspx,2026-09-05
Celebrity Solstice,Celebrity Cruises,9/5/2024,99,https://wwwn.cdc.gov/inspectionquerytool/InspectionSearch.aspx,2026-09-05
Celebrity Solstice,Celebrity Cruises,5/22/2025,100,https://wwwn.cdc.gov/inspectionquerytool/InspectionSearch.aspx,2026-09-05
Celebrity Solstice,Celebrity Cruises,6/10/2026,95,https://wwwn.cdc.gov/inspectionquerytool/InspectionSearch.aspx,2026-09-05
Celebrity Summit,Celebrity Cruises,7/20/2014,95,https://wwwn.cdc.gov/inspectionquerytool/InspectionSearch.aspx,2026-09-05
Celebrity Summit,Celebrity Cruises,12/12/2015,95,https://wwwn.cdc.gov/inspectionquerytool/InspectionSearch.aspx,2026-09-05
Celebrity Summit,Celebrity Cruises,3/14/2015,99,https://wwwn.cdc.gov/inspectionquerytool/InspectionSearch.aspx,2026-09-05
Celebrity Summit,Celebrity Cruises,7/12/2015,100,https://wwwn.cdc.gov/inspectionquerytool/InspectionSearch.aspx,2026-09-05
Celebrity Summit,Celebrity Cruises,8/21/2016,99,https://wwwn.cdc.gov/inspectionquerytool/InspectionSearch.aspx,2026-09-05
Celebrity Summit,Celebrity Cruises,1/6/2017,93,https://wwwn.cdc.gov/inspectionquerytool/InspectionSearch.aspx,2026-09-05
Celebrity Summit,Celebrity Cruises,10/10/2017,95,https://wwwn.cdc.gov/inspectionquerytool/InspectionSearch.aspx,2026-09-05
Celebrity Summit,Celebrity Cruises,6/27/2017,96,https://wwwn.cdc.gov/inspectionquerytool/InspectionSearch.aspx,2026-09-05
Celebrity Summit,Celebrity Cruises,8/19/2018,96,https://wwwn.cdc.gov/inspectionquerytool/InspectionSearch.aspx,2026-09-05
Celebrity Summit,Celebrity Cruises,11/23/2019,97,https://wwwn.cdc.gov/inspectionquerytool/InspectionSearch.aspx,2026-09-05
Celebrity Summit,Celebrity Cruises,8/30/2023,100,https://wwwn.cdc.gov/inspectionquerytool/InspectionSearch.aspx,2026-09-05
Celebrity Summit,Celebrity Cruises,4/6/2024,98,https://wwwn.cdc.gov/inspectionquerytool/InspectionSearch.aspx,2026-09-05
Celebrity Summit,Celebrity Cruises,3/10/2025,92,https://wwwn.cdc.gov/inspectionquerytool/InspectionSearch.aspx,2026-09-05
Celebrity Summit,Celebrity Cruises,8/24/2025,97,https://wwwn.cdc.gov/inspectionquerytool/InspectionSearch.aspx,2026-09-05
Celebrity Xcel,Celebrity Cruises,1/4/2026,99,https://wwwn.cdc.gov/inspectionquerytool/InspectionSearch.aspx,2026-09-05
Celebrity Xcel,Celebrity Cruises,4/22/2026,100,https://wwwn.cdc.gov/inspectionquerytool/InspectionSearch.aspx,2026-09-05
Club Med 2,Club Med Marine,12/15/2014,80,https://wwwn.cdc.gov/inspectionquerytool/InspectionSearch.aspx,2026-09-05
Club Med 2,Club Med Marine,12/14/2015,88,https://wwwn.cdc.gov/inspectionquerytool/InspectionSearch.aspx,2026-09-05
Club Med 2,Club Med Marine,11/29/2016,89,https://wwwn.cdc.gov/inspectionquerytool/InspectionSearch.aspx,2026-09-05
Coral Princess,Princess Cruises,10/29/2014,97,https://wwwn.cdc.gov/inspectionquerytool/InspectionSearch.aspx,2026-09-05
Coral Princess,Princess Cruises,6/16/2014,94,https://wwwn.cdc.gov/inspectionquerytool/InspectionSearch.aspx,2026-09-05
Coral Princess,Princess Cruises,5/11/2015,96,https://wwwn.cdc.gov/inspectionquerytool/InspectionSearch.aspx,2026-09-05
Coral Princess,Princess Cruises,2/5/2016,96,https://wwwn.cdc.gov/inspectionquerytool/InspectionSearch.aspx,2026-09-05
Coral Princess,Princess Cruises,8/4/2016,97,https://wwwn.cdc.gov/inspectionquerytool/InspectionSearch.aspx,2026-09-05
Coral Princess,Princess Cruises,10/12/2017,95,https://wwwn.cdc.gov/inspectionquerytool/InspectionSearch.aspx,2026-09-05
Coral Princess,Princess Cruises,7/26/2017,91,https://wwwn.cdc.gov/inspectionquerytool/InspectionSearch.aspx,2026-09-05
Coral Princess,Princess Cruises,12/22/2018,89,https://wwwn.cdc.gov/inspectionquerytool/InspectionSearch.aspx,2026-09-05
Coral Princess,Princess Cruises,6/23/2018,94,https://wwwn.cdc.gov/inspectionquerytool/InspectionSearch.aspx,2026-09-05
Coral Princess,Princess Cruises,10/18/2019,99,https://wwwn.cdc.gov/inspectionquerytool/InspectionSearch.aspx,2026-09-05
Coral Princess,Princess Cruises,8/16/2023,94,https://wwwn.cdc.gov/inspectionquerytool/InspectionSearch.aspx,2026-09-05
Coral Princess,Princess Cruises,7/14/2024,95,https://wwwn.cdc.gov/inspectionquerytool/InspectionSearch.aspx,2026-09-05
Coral Princess,Princess Cruises,7/11/2025,97,https://wwwn.cdc.gov/inspectionquerytool/InspectionSearch.aspx,2026-09-05
Coral Princess,Princess Cruises,6/19/2026,98,https://wwwn.cdc.gov/inspectionquerytool/InspectionSearch.aspx,2026-09-05
Costa Deliziosa,Costa Crociere S.P.A.,12/21/2015,97,https://wwwn.cdc.gov/inspectionquerytool/InspectionSearch.aspx,2026-09-05
Costa Deliziosa,Costa Crociere S.P.A.,12/21/2016,90,https://wwwn.cdc.gov/inspectionquerytool/InspectionSearch.aspx,2026-09-05
Costa Deliziosa,Costa Crociere S.P.A.,3/18/2017,97,https://wwwn.cdc.gov/inspectionquerytool/InspectionSearch.aspx,2026-09-05
Costa Deliziosa,Costa Crociere S.P.A.,1/13/2018,94,https://wwwn.cdc.gov/inspectionquerytool/InspectionSearch.aspx,2026-09-05
Costa Deliziosa,Costa Crociere S.P.A.,12/19/2018,94,https://wwwn.cdc.gov/inspectionquerytool/InspectionSearch.aspx,2026-09-05
Costa Deliziosa,Costa Crociere S.P.A.,4/15/2023,96,https://wwwn.cdc.gov/inspectionquerytool/InspectionSearch.aspx,2026-09-05
Costa Mediterranea,Costa Crociere S.P.A.,12/11/2014,91,https://wwwn.cdc.gov/inspectionquerytool/InspectionSearch.aspx,2026-09-05
Costa Mediterranea,Costa Crociere S.P.A.,3/20/2015,94,https://wwwn.cdc.gov/inspectionquerytool/InspectionSearch.aspx,2026-09-05
Crown Princess,Princess Cruises,12/6/2014,96,https://wwwn.cdc.gov/inspectionquerytool/InspectionSearch.aspx,2026-09-05
Crown Princess,Princess Cruises,4/30/2014,91,https://wwwn.cdc.gov/inspectionquerytool/InspectionSearch.aspx,2026-09-05
Crown Princess,Princess Cruises,5/25/2015,97,https://wwwn.cdc.gov/inspectionquerytool/InspectionSearch.aspx,2026-09-05
Crown Princess,Princess Cruises,10/20/2016,94,https://wwwn.cdc.gov/inspectionquerytool/InspectionSearch.aspx,2026-09-05
Crown Princess,Princess Cruises,5/24/2016,98,https://wwwn.cdc.gov/inspectionquerytool/InspectionSearch.aspx,2026-09-05
Crown Princess,Princess Cruises,8/1/2016,94,https://wwwn.cdc.gov/inspectionquerytool/InspectionSearch.aspx,2026-09-05
Crown Princess,Princess Cruises,12/1/2017,93,https://wwwn.cdc.gov/inspectionquerytool/InspectionSearch.aspx,2026-09-05
Crown Princess,Princess Cruises,4/8/2017,84,https://wwwn.cdc.gov/inspectionquerytool/InspectionSearch.aspx,2026-09-05
Crown Princess,Princess Cruises,9/18/2017,99,https://wwwn.cdc.gov/inspectionquerytool/InspectionSearch.aspx,2026-09-05
Crown Princess,Princess Cruises,11/17/2018,95,https://wwwn.cdc.gov/inspectionquerytool/InspectionSearch.aspx,2026-09-05
Crown Princess,Princess Cruises,11/7/2019,99,https://wwwn.cdc.gov/inspectionquerytool/InspectionSearch.aspx,2026-09-05
Crown Princess,Princess Cruises,4/3/2019,99,https://wwwn.cdc.gov/inspectionquerytool/InspectionSearch.aspx,2026-09-05
Crown Princess,Princess Cruises,5/10/2023,97,https://wwwn.cdc.gov/inspectionquerytool/InspectionSearch.aspx,2026-09-05
Crown Princess,Princess Cruises,2/4/2024,96,https://wwwn.cdc.gov/inspectionquerytool/InspectionSearch.aspx,2026-09-05
Crown Princess,Princess Cruises,8/24/2025,94,https://wwwn.cdc.gov/inspectionquerytool/InspectionSearch.aspx,2026-09-05
Crystal Serenity,Crystal Cruises LTD,9/19/2014,93,https://wwwn.cdc.gov/inspectionquerytool/InspectionSearch.aspx,2026-09-05
Crystal Serenity,Crystal Cruises LTD,1/15/2015,95,https://wwwn.cdc.gov/inspectionquerytool/InspectionSearch.aspx,2026-09-05
Crystal Serenity,Crystal Cruises LTD,5/4/2015,88,https://wwwn.cdc.gov/inspectionquerytool/InspectionSearch.aspx,2026-09-05
Crystal Serenity,Crystal Cruises LTD,10/25/2016,100,https://wwwn.cdc.gov/inspectionquerytool/InspectionSearch.aspx,2026-09-05
Crystal Serenity,Crystal Cruises LTD,5/9/2016,100,https://wwwn.cdc.gov/inspectionquerytool/InspectionSearch.aspx,2026-09-05
Crystal Serenity,Crystal Cruises LTD,8/3/2016,87,https://wwwn.cdc.gov/inspectionquerytool/InspectionSearch.aspx,2026-09-05
Crystal Serenity,Crystal Cruises LTD,5/2/2017,99,https://wwwn.cdc.gov/inspectionquerytool/InspectionSearch.aspx,2026-09-05
Crystal Serenity,Crystal Cruises LTD,1/5/2018,100,https://wwwn.cdc.gov/inspectionquerytool/InspectionSearch.aspx,2026-09-05
Crystal Serenity,Crystal Cruises LTD,12/7/2018,95,https://wwwn.cdc.gov/inspectionquerytool/InspectionSearch.aspx,2026-09-05
Crystal Serenity,Crystal Cruises LTD,12/14/2019,93,https://wwwn.cdc.gov/inspectionquerytool/InspectionSearch.aspx,2026-09-05
Crystal Serenity,Crystal Cruises LTD,9/27/2023,97,https://wwwn.cdc.gov/inspectionquerytool/InspectionSearch.aspx,2026-09-05
Crystal Serenity,Crystal Cruises LTD,2/3/2024,89,https://wwwn.cdc.gov/inspectionquerytool/InspectionSearch.aspx,2026-09-05
Crystal Serenity,Crystal Cruises LTD,9/11/2024,90,https://wwwn.cdc.gov/inspectionquerytool/InspectionSearch.aspx,2026-09-05
Crystal Serenity,Crystal Cruises LTD,11/11/2025,99,https://wwwn.cdc.gov/inspectionquerytool/InspectionSearch.aspx,2026-09-05
Crystal Serenity,Crystal Cruises LTD,9/27/2025,100,https://wwwn.cdc.gov/inspectionquerytool/InspectionSearch.aspx,2026-09-05
Crystal Symphony,Crystal Cruises LTD,5/30/2014,96,https://wwwn.cdc.gov/inspectionquerytool/InspectionSearch.aspx,2026-09-05
Crystal Symphony,Crystal Cruises LTD,11/4/2015,94,https://wwwn.cdc.gov/inspectionquerytool/InspectionSearch.aspx,2026-09-05
Crystal Symphony,Crystal Cruises LTD,5/9/2015,96,https://wwwn.cdc.gov/inspectionquerytool/InspectionSearch.aspx,2026-09-05
Crystal Symphony,Crystal Cruises LTD,9/13/2015,96,https://wwwn.cdc.gov/inspectionquerytool/InspectionSearch.aspx,2026-09-05
Crystal Symphony,Crystal Cruises LTD,10/31/2016,93,https://wwwn.cdc.gov/inspectionquerytool/InspectionSearch.aspx,2026-09-05
Crystal Symphony,Crystal Cruises LTD,3/25/2016,96,https://wwwn.cdc.gov/inspectionquerytool/InspectionSearch.aspx,2026-09-05
Crystal Symphony,Crystal Cruises LTD,5/16/2017,90,https://wwwn.cdc.gov/inspectionquerytool/InspectionSearch.aspx,2026-09-05
Crystal Symphony,Crystal Cruises LTD,9/5/2018,95,https://wwwn.cdc.gov/inspectionquerytool/InspectionSearch.aspx,2026-09-05
Crystal Symphony,Crystal Cruises LTD,9/12/2019,91,https://wwwn.cdc.gov/inspectionquerytool/InspectionSearch.aspx,2026-09-05
Crystal Symphony,Crystal Cruises LTD,1/8/2020,93,https://wwwn.cdc.gov/inspectionquerytool/InspectionSearch.aspx,2026-09-05
Discovery Princess,Princess Cruises,8/9/2023,99,https://wwwn.cdc.gov/inspectionquerytool/InspectionSearch.aspx,2026-09-05
Discovery Princess,Princess Cruises,8/17/2024,90,https://wwwn.cdc.gov/inspectionquerytool/InspectionSearch.aspx,2026-09-05
Discovery Princess,Princess Cruises,7/8/2025,95,https://wwwn.cdc.gov/inspectionquerytool/InspectionSearch.aspx,2026-09-05
Discovery Princess,Princess Cruises,5/26/2026,96,https://wwwn.cdc.gov/inspectionquerytool/InspectionSearch.aspx,2026-09-05
Disney Destiny,Disney Cruise Lines,12/11/2025,96,https://wwwn.cdc.gov/inspectionquerytool/InspectionSearch.aspx,2026-09-05
Disney Destiny,Disney Cruise Lines,6/6/2026,100,https://wwwn.cdc.gov/inspectionquerytool/InspectionSearch.aspx,2026-09-05
Disney Dream,Disney Cruise Lines,1/16/2014,100,https://wwwn.cdc.gov/inspectionquerytool/InspectionSearch.aspx,2026-09-05
Disney Dream,Disney Cruise Lines,10/19/2014,100,https://wwwn.cdc.gov/inspectionquerytool/InspectionSearch.aspx,2026-09-05
Disney Dream,Disney Cruise Lines,7/13/2014,100,https://wwwn.cdc.gov/inspectionquerytool/InspectionSearch.aspx,2026-09-05
Disney Dream,Disney Cruise Lines,11/13/2015,94,https://wwwn.cdc.gov/inspectionquerytool/InspectionSearch.aspx,2026-09-05
Disney Dream,Disney Cruise Lines,7/10/2015,100,https://wwwn.cdc.gov/inspectionquerytool/InspectionSearch.aspx,2026-09-05
Disney Dream,Disney Cruise Lines,6/27/2016,97,https://wwwn.cdc.gov/inspectionquerytool/InspectionSearch.aspx,2026-09-05
Disney Dream,Disney Cruise Lines,3/3/2017,100,https://wwwn.cdc.gov/inspectionquerytool/InspectionSearch.aspx,2026-09-05
Disney Dream,Disney Cruise Lines,8/28/2017,95,https://wwwn.cdc.gov/inspectionquerytool/InspectionSearch.aspx,2026-09-05
Disney Dream,Disney Cruise Lines,4/9/2018,100,https://wwwn.cdc.gov/inspectionquerytool/InspectionSearch.aspx,2026-09-05
Disney Dream,Disney Cruise Lines,8/17/2018,100,https://wwwn.cdc.gov/inspectionquerytool/InspectionSearch.aspx,2026-09-05
Disney Dream,Disney Cruise Lines,11/29/2019,100,https://wwwn.cdc.gov/inspectionquerytool/InspectionSearch.aspx,2026-09-05
Disney Dream,Disney Cruise Lines,4/6/2023,99,https://wwwn.cdc.gov/inspectionquerytool/InspectionSearch.aspx,2026-09-05
Disney Dream,Disney Cruise Lines,2/9/2024,99,https://wwwn.cdc.gov/inspectionquerytool/InspectionSearch.aspx,2026-09-05
Disney Dream,Disney Cruise Lines,1/27/2025,96,https://wwwn.cdc.gov/inspectionquerytool/InspectionSearch.aspx,2026-09-05
Disney Dream,Disney Cruise Lines,7/24/2025,95,https://wwwn.cdc.gov/inspectionquerytool/InspectionSearch.aspx,2026-09-05
Disney Dream,Disney Cruise Lines,1/23/2026,99,https://wwwn.cdc.gov/inspectionquerytool/InspectionSearch.aspx,2026-09-05
Disney Dream,Disney Cruise Lines,5/2/2026,100,https://wwwn.cdc.gov/inspectionquerytool/InspectionSearch.aspx,2026-09-05
Disney Fantasy,Disney Cruise Lines,10/18/2014,100,https://wwwn.cdc.gov/inspectionquerytool/InspectionSearch.aspx,2026-09-05
Disney Fantasy,Disney Cruise Lines,5/10/2014,97,https://wwwn.cdc.gov/inspectionquerytool/InspectionSearch.aspx,2026-09-05
Disney Fantasy,Disney Cruise Lines,10/3/2015,100,https://wwwn.cdc.gov/inspectionquerytool/InspectionSearch.aspx,2026-09-05
Disney Fantasy,Disney Cruise Lines,5/30/2015,98,https://wwwn.cdc.gov/inspectionquerytool/InspectionSearch.aspx,2026-09-05
Disney Fantasy,Disney Cruise Lines,3/30/2016,100,https://wwwn.cdc.gov/inspectionquerytool/InspectionSearch.aspx,2026-09-05
Disney Fantasy,Disney Cruise Lines,3/4/2017,100,https://wwwn.cdc.gov/inspectionquerytool/InspectionSearch.aspx,2026-09-05
Disney Fantasy,Disney Cruise Lines,7/22/2017,99,https://wwwn.cdc.gov/inspectionquerytool/InspectionSearch.aspx,2026-09-05
Disney Fantasy,Disney Cruise Lines,9/22/2018,100,https://wwwn.cdc.gov/inspectionquerytool/InspectionSearch.aspx,2026-09-05
Disney Fantasy,Disney Cruise Lines,3/30/2019,94,https://wwwn.cdc.gov/inspectionquerytool/InspectionSearch.aspx,2026-09-05
Disney Fantasy,Disney Cruise Lines,3/22/2023,100,https://wwwn.cdc.gov/inspectionquerytool/InspectionSearch.aspx,2026-09-05
Disney Fantasy,Disney Cruise Lines,1/24/2024,100,https://wwwn.cdc.gov/inspectionquerytool/InspectionSearch.aspx,2026-09-05
Disney Fantasy,Disney Cruise Lines,11/10/2024,98,https://wwwn.cdc.gov/inspectionquerytool/InspectionSearch.aspx,2026-09-05
Disney Fantasy,Disney Cruise Lines,1/28/2026,100,https://wwwn.cdc.gov/inspectionquerytool/InspectionSearch.aspx,2026-09-05
Disney Fantasy,Disney Cruise Lines,6/24/2026,100,https://wwwn.cdc.gov/inspectionquerytool/InspectionSearch.aspx,2026-09-05
Disney Magic,Disney Cruise Lines,11/9/2014,99,https://wwwn.cdc.gov/inspectionquerytool/InspectionSearch.aspx,2026-09-05
Disney Magic,Disney Cruise Lines,4/4/2014,92,https://wwwn.cdc.gov/inspectionquerytool/InspectionSearch.aspx,2026-09-05
Disney Magic,Disney Cruise Lines,10/4/2015,96,https://wwwn.cdc.gov/inspectionquerytool/InspectionSearch.aspx,2026-09-05
Disney Magic,Disney Cruise Lines,4/19/2015,99,https://wwwn.cdc.gov/inspectionquerytool/InspectionSearch.aspx,2026-09-05
Disney Magic,Disney Cruise Lines,3/24/2016,100,https://wwwn.cdc.gov/inspectionquerytool/InspectionSearch.aspx,2026-09-05
Disney Magic,Disney Cruise Lines,10/21/2017,100,https://wwwn.cdc.gov/inspectionquerytool/InspectionSearch.aspx,2026-09-05
Disney Magic,Disney Cruise Lines,12/9/2022,100,https://wwwn.cdc.gov/inspectionquerytool/InspectionSearch.aspx,2026-09-05
Disney Magic,Disney Cruise Lines,8/28/2023,99,https://wwwn.cdc.gov/inspectionquerytool/InspectionSearch.aspx,2026-09-05
Disney Magic,Disney Cruise Lines,2/26/2024,99,https://wwwn.cdc.gov/inspectionquerytool/InspectionSearch.aspx,2026-09-05
Disney Magic,Disney Cruise Lines,7/26/2024,96,https://wwwn.cdc.gov/inspectionquerytool/InspectionSearch.aspx,2026-09-05
Disney Magic,Disney Cruise Lines,10/16/2025,98,https://wwwn.cdc.gov/inspectionquerytool/InspectionSearch.aspx,2026-09-05
Disney Magic,Disney Cruise Lines,3/2/2025,100,https://wwwn.cdc.gov/inspectionquerytool/InspectionSearch.aspx,2026-09-05
Disney Magic,Disney Cruise Lines,4/19/2026,100,https://wwwn.cdc.gov/inspectionquerytool/InspectionSearch.aspx,2026-09-05
Disney Treasure,Disney Cruise Lines,1/11/2025,100,https://wwwn.cdc.gov/inspectionquerytool/InspectionSearch.aspx,2026-09-05
Disney Treasure,Disney Cruise Lines,8/9/2025,96,https://wwwn.cdc.gov/inspectionquerytool/InspectionSearch.aspx,2026-09-05
Disney Wish,Disney Cruise Lines,11/18/2022,100,https://wwwn.cdc.gov/inspectionquerytool/InspectionSearch.aspx,2026-09-05
Disney Wish,Disney Cruise Lines,9/4/2023,96,https://wwwn.cdc.gov/inspectionquerytool/InspectionSearch.aspx,2026-09-05
Disney Wish,Disney Cruise Lines,11/8/2024,100,https://wwwn.cdc.gov/inspectionquerytool/InspectionSearch.aspx,2026-09-05
Disney Wish,Disney Cruise Lines,5/27/2024,95,https://wwwn.cdc.gov/inspectionquerytool/InspectionSearch.aspx,2026-09-05
Disney Wish,Disney Cruise Lines,10/17/2025,99,https://wwwn.cdc.gov/inspectionquerytool/InspectionSearch.aspx,2026-09-05
Disney Wish,Disney Cruise Lines,4/18/2025,100,https://wwwn.cdc.gov/inspectionquerytool/InspectionSearch.aspx,2026-09-05
Disney Wish,Disney Cruise Lines,3/9/2026,99,https://wwwn.cdc.gov/inspectionquerytool/InspectionSearch.aspx,2026-09-05
Disney Wonder,Disney Cruise Lines,11/5/2014,99,https://wwwn.cdc.gov/inspectionquerytool/InspectionSearch.aspx,2026-09-05
Disney Wonder,Disney Cruise Lines,6/20/2014,97,https://wwwn.cdc.gov/inspectionquerytool/InspectionSearch.aspx,2026-09-05
Disney Wonder,Disney Cruise Lines,12/18/2015,99,https://wwwn.cdc.gov/inspectionquerytool/InspectionSearch.aspx,2026-09-05
Disney Wonder,Disney Cruise Lines,6/4/2015,99,https://wwwn.cdc.gov/inspectionquerytool/InspectionSearch.aspx,2026-09-05
Disney Wonder,Disney Cruise Lines,6/16/2016,96,https://wwwn.cdc.gov/inspectionquerytool/InspectionSearch.aspx,2026-09-05
Disney Wonder,Disney Cruise Lines,11/10/2017,96,https://wwwn.cdc.gov/inspectionquerytool/InspectionSearch.aspx,2026-09-05
Disney Wonder,Disney Cruise Lines,12/7/2018,100,https://wwwn.cdc.gov/inspectionquerytool/InspectionSearch.aspx,2026-09-05
Disney Wonder,Disney Cruise Lines,10/20/2019,100,https://wwwn.cdc.gov/inspectionquerytool/InspectionSearch.aspx,2026-09-05
Disney Wonder,Disney Cruise Lines,1/13/2023,100,https://wwwn.cdc.gov/inspectionquerytool/InspectionSearch.aspx,2026-09-05
Disney Wonder,Disney Cruise Lines,6/16/2023,96,https://wwwn.cdc.gov/inspectionquerytool/InspectionSearch.aspx,2026-09-05
Disney Wonder,Disney Cruise Lines,3/21/2025,99,https://wwwn.cdc.gov/inspectionquerytool/InspectionSearch.aspx,2026-09-05
Disney Wonder,Disney Cruise Lines,7/11/2025,97,https://wwwn.cdc.gov/inspectionquerytool/InspectionSearch.aspx,2026-09-05
Disney Wonder,Disney Cruise Lines,3/6/2026,98,https://wwwn.cdc.gov/inspectionquerytool/InspectionSearch.aspx,2026-09-05
Emerald Azzurra,Emerald Cruises,12/20/2025,89,https://wwwn.cdc.gov/inspectionquerytool/InspectionSearch.aspx,2026-09-05
Emerald Princess,Princess Cruises,3/7/2014,94,https://wwwn.cdc.gov/inspectionquerytool/InspectionSearch.aspx,2026-09-05
Emerald Princess,Princess Cruises,1/11/2015,99,https://wwwn.cdc.gov/inspectionquerytool/InspectionSearch.aspx,2026-09-05
Emerald Princess,Princess Cruises,10/24/2015,93,https://wwwn.cdc.gov/inspectionquerytool/InspectionSearch.aspx,2026-09-05
Emerald Princess,Princess Cruises,3/22/2015,96,https://wwwn.cdc.gov/inspectionquerytool/InspectionSearch.aspx,2026-09-05
Emerald Princess,Princess Cruises,3/14/2016,100,https://wwwn.cdc.gov/inspectionquerytool/InspectionSearch.aspx,2026-09-05
Emerald Princess,Princess Cruises,5/4/2017,95,https://wwwn.cdc.gov/inspectionquerytool/InspectionSearch.aspx,2026-09-05
Emerald Princess,Princess Cruises,7/16/2017,87,https://wwwn.cdc.gov/inspectionquerytool/InspectionSearch.aspx,2026-09-05
Emerald Princess,Princess Cruises,5/23/2018,100,https://wwwn.cdc.gov/inspectionquerytool/InspectionSearch.aspx,2026-09-05
Emerald Princess,Princess Cruises,8/29/2018,99,https://wwwn.cdc.gov/inspectionquerytool/InspectionSearch.aspx,2026-09-05
Emerald Princess,Princess Cruises,12/18/2019,96,https://wwwn.cdc.gov/inspectionquerytool/InspectionSearch.aspx,2026-09-05
Emerald Princess,Princess Cruises,3/3/2023,95,https://wwwn.cdc.gov/inspectionquerytool/InspectionSearch.aspx,2026-09-05
Emerald Princess,Princess Cruises,7/27/2023,94,https://wwwn.cdc.gov/inspectionquerytool/InspectionSearch.aspx,2026-09-05
Emerald Princess,Princess Cruises,2/21/2024,94,https://wwwn.cdc.gov/inspectionquerytool/InspectionSearch.aspx,2026-09-05
Emerald Princess,Princess Cruises,9/17/2024,93,https://wwwn.cdc.gov/inspectionquerytool/InspectionSearch.aspx,2026-09-05
Emerald Princess,Princess Cruises,12/30/2025,92,https://wwwn.cdc.gov/inspectionquerytool/InspectionSearch.aspx,2026-09-05
Emerald Princess,Princess Cruises,5/12/2026,99,https://wwwn.cdc.gov/inspectionquerytool/InspectionSearch.aspx,2026-09-05
Enchanted Princess,Princess Cruises,10/4/2022,95,https://wwwn.cdc.gov/inspectionquerytool/InspectionSearch.aspx,2026-09-05
Enchanted Princess,Princess Cruises,3/7/2024,96,https://wwwn.cdc.gov/inspectionquerytool/InspectionSearch.aspx,2026-09-05
Enchanted Princess,Princess Cruises,9/21/2024,98,https://wwwn.cdc.gov/inspectionquerytool/InspectionSearch.aspx,2026-09-05
Enchanted Princess,Princess Cruises,3/20/2025,91,https://wwwn.cdc.gov/inspectionquerytool/InspectionSearch.aspx,2026-09-05
Enchanted Princess,Princess Cruises,9/27/2025,96,https://wwwn.cdc.gov/inspectionquerytool/InspectionSearch.aspx,2026-09-05
Enchanted Princess,Princess Cruises,1/6/2026,93,https://wwwn.cdc.gov/inspectionquerytool/InspectionSearch.aspx,2026-09-05
Enchantment of the Seas,Royal Caribbean International,5/29/2015,95,https://wwwn.cdc.gov/inspectionquerytool/InspectionSearch.aspx,2026-09-05
Enchantment of the Seas,Royal Caribbean International,8/21/2015,100,https://wwwn.cdc.gov/inspectionquerytool/InspectionSearch.aspx,2026-09-05
Enchantment of the Seas,Royal Caribbean International,1/15/2016,96,https://wwwn.cdc.gov/inspectionquerytool/InspectionSearch.aspx,2026-09-05
Enchantment of the Seas,Royal Caribbean International,10/24/2016,97,https://wwwn.cdc.gov/inspectionquerytool/InspectionSearch.aspx,2026-09-05
Enchantment of the Seas,Royal Caribbean International,8/1/2016,92,https://wwwn.cdc.gov/inspectionquerytool/InspectionSearch.aspx,2026-09-05
Enchantment of the Seas,Royal Caribbean International,6/2/2017,99,https://wwwn.cdc.gov/inspectionquerytool/InspectionSearch.aspx,2026-09-05
Enchantment of the Seas,Royal Caribbean International,3/16/2018,93,https://wwwn.cdc.gov/inspectionquerytool/InspectionSearch.aspx,2026-09-05
Enchantment of the Seas,Royal Caribbean International,7/20/2018,94,https://wwwn.cdc.gov/inspectionquerytool/InspectionSearch.aspx,2026-09-05
Enchantment of the Seas,Royal Caribbean International,7/12/2019,100,https://wwwn.cdc.gov/inspectionquerytool/InspectionSearch.aspx,2026-09-05
Enchantment of the Seas,Royal Caribbean International,2/21/2020,92,https://wwwn.cdc.gov/inspectionquerytool/InspectionSearch.aspx,2026-09-05
Enchantment of the Seas,Royal Caribbean International,4/28/2023,97,https://wwwn.cdc.gov/inspectionquerytool/InspectionSearch.aspx,2026-09-05
Enchantment of the Seas,Royal Caribbean International,11/18/2024,94,https://wwwn.cdc.gov/inspectionquerytool/InspectionSearch.aspx,2026-09-05
Enchantment of the Seas,Royal Caribbean International,2/17/2024,98,https://wwwn.cdc.gov/inspectionquerytool/InspectionSearch.aspx,2026-09-05
Enchantment of the Seas,Royal Caribbean International,6/18/2025,95,https://wwwn.cdc.gov/inspectionquerytool/InspectionSearch.aspx,2026-09-05
Enchantment of the Seas,Royal Caribbean International,1/26/2026,100,https://wwwn.cdc.gov/inspectionquerytool/InspectionSearch.aspx,2026-09-05
Eurodam,Holland America Line,10/22/2014,100,https://wwwn.cdc.gov/inspectionquerytool/InspectionSearch.aspx,2026-09-05
Eurodam,Holland America Line,10/25/2015,100,https://wwwn.cdc.gov/inspectionquerytool/InspectionSearch.aspx,2026-09-05
Eurodam,Holland America Line,3/20/2016,100,https://wwwn.cdc.gov/inspectionquerytool/InspectionSearch.aspx,2026-09-05
Eurodam,Holland America Line,1/14/2017,100,https://wwwn.cdc.gov/inspectionquerytool/InspectionSearch.aspx,2026-09-05
Eurodam,Holland America Line,12/3/2017,100,https://wwwn.cdc.gov/inspectionquerytool/InspectionSearch.aspx,2026-09-05
Eurodam,Holland America Line,9/16/2017,100,https://wwwn.cdc.gov/inspectionquerytool/InspectionSearch.aspx,2026-09-05
Eurodam,Holland America Line,10/21/2018,96,https://wwwn.cdc.gov/inspectionquerytool/InspectionSearch.aspx,2026-09-05
Eurodam,Holland America Line,10/19/2019,98,https://wwwn.cdc.gov/inspectionquerytool/InspectionSearch.aspx,2026-09-05
Eurodam,Holland America Line,11/29/2022,94,https://wwwn.cdc.gov/inspectionquerytool/InspectionSearch.aspx,2026-09-05
Eurodam,Holland America Line,5/11/2023,100,https://wwwn.cdc.gov/inspectionquerytool/InspectionSearch.aspx,2026-09-05
Eurodam,Holland America Line,6/12/2024,99,https://wwwn.cdc.gov/inspectionquerytool/InspectionSearch.aspx,2026-09-05
Eurodam,Holland America Line,4/12/2025,94,https://wwwn.cdc.gov/inspectionquerytool/InspectionSearch.aspx,2026-09-05
Eurodam,Holland America Line,8/25/2025,95,https://wwwn.cdc.gov/inspectionquerytool/InspectionSearch.aspx,2026-09-05
Eurodam,Holland America Line,3/1/2026,97,https://wwwn.cdc.gov/inspectionquerytool/InspectionSearch.aspx,2026-09-05
Eurodam,Holland America Line,7/13/2026,99,https://wwwn.cdc.gov/inspectionquerytool/InspectionSearch.aspx,2026-09-05
Europa,Hapag-Lloyd Cruises,3/8/2016,94,https://wwwn.cdc.gov/inspectionquerytool/InspectionSearch.aspx,2026-09-05
Europa,Hapag-Lloyd Cruises,4/24/2017,90,https://wwwn.cdc.gov/inspectionquerytool/InspectionSearch.aspx,2026-09-05
Europa,Hapag-Lloyd Cruises,10/9/2025,92,https://wwwn.cdc.gov/inspectionquerytool/InspectionSearch.aspx,2026-09-05
Europa 2,Hapag-Lloyd Cruises,3/18/2015,86,https://wwwn.cdc.gov/inspectionquerytool/InspectionSearch.aspx,2026-09-05
Europa 2,Hapag-Lloyd Cruises,9/26/2016,90,https://wwwn.cdc.gov/inspectionquerytool/InspectionSearch.aspx,2026-09-05
Europa 2,Hapag-Lloyd Cruises,12/21/2019,94,https://wwwn.cdc.gov/inspectionquerytool/InspectionSearch.aspx,2026-09-05
Europa 2,Hapag-Lloyd Cruises,4/16/2025,98,https://wwwn.cdc.gov/inspectionquerytool/InspectionSearch.aspx,2026-09-05
Evrima,Ritz-Carlton Yacht Collection,2/9/2024,86,https://wwwn.cdc.gov/inspectionquerytool/InspectionSearch.aspx,2026-09-05
Evrima,Ritz-Carlton Yacht Collection,1/8/2025,94,https://wwwn.cdc.gov/inspectionquerytool/InspectionSearch.aspx,2026-09-05
Evrima,Ritz-Carlton Yacht Collection,12/6/2025,99,https://wwwn.cdc.gov/inspectionquerytool/InspectionSearch.aspx,2026-09-05
Explora I,MSC Cruise Management (UK) Ltd,1/25/2024,100,https://wwwn.cdc.gov/inspectionquerytool/InspectionSearch.aspx,2026-09-05
Explora I,MSC Cruise Management (UK) Ltd,11/12/2025,100,https://wwwn.cdc.gov/inspectionquerytool/InspectionSearch.aspx,2026-09-05
Explora II,MSC Cruise Management (UK) Ltd,12/20/2024,100,https://wwwn.cdc.gov/inspectionquerytool/InspectionSearch.aspx,2026-09-05
Explorer of the Seas,Royal Caribbean International,1/16/2014,95,https://wwwn.cdc.gov/inspectionquerytool/InspectionSearch.aspx,2026-09-05
Explorer of the Seas,Royal Caribbean International,10/23/2014,99,https://wwwn.cdc.gov/inspectionquerytool/InspectionSearch.aspx,2026-09-05
Explorer of the Seas,Royal Caribbean International,5/31/2014,96,https://wwwn.cdc.gov/inspectionquerytool/InspectionSearch.aspx,2026-09-05
Explorer of the Seas,Royal Caribbean International,5/16/2016,91,https://wwwn.cdc.gov/inspectionquerytool/InspectionSearch.aspx,2026-09-05
Explorer of the Seas,Royal Caribbean International,9/12/2016,95,https://wwwn.cdc.gov/inspectionquerytool/InspectionSearch.aspx,2026-09-05
Explorer of the Seas,Royal Caribbean International,5/7/2017,90,https://wwwn.cdc.gov/inspectionquerytool/InspectionSearch.aspx,2026-09-05
Explorer of the Seas,Royal Caribbean International,8/7/2017,97,https://wwwn.cdc.gov/inspectionquerytool/InspectionSearch.aspx,2026-09-05
Explorer of the Seas,Royal Caribbean International,10/2/2018,95,https://wwwn.cdc.gov/inspectionquerytool/InspectionSearch.aspx,2026-09-05
Explorer of the Seas,Royal Caribbean International,5/18/2018,96,https://wwwn.cdc.gov/inspectionquerytool/InspectionSearch.aspx,2026-09-05
Explorer of the Seas,Royal Caribbean International,3/8/2020,93,https://wwwn.cdc.gov/inspectionquerytool/InspectionSearch.aspx,2026-09-05
Explorer of the Seas,Royal Caribbean International,4/9/2023,93,https://wwwn.cdc.gov/inspectionquerytool/InspectionSearch.aspx,2026-09-05
Explorer of the Seas,Royal Caribbean International,12/15/2024,97,https://wwwn.cdc.gov/inspectionquerytool/InspectionSearch.aspx,2026-09-05
Explorer of the Seas,Royal Caribbean International,4/28/2024,96,https://wwwn.cdc.gov/inspectionquerytool/InspectionSearch.aspx,2026-09-05
Explorer of the Seas,Royal Caribbean International,11/15/2025,92,https://wwwn.cdc.gov/inspectionquerytool/InspectionSearch.aspx,2026-09-05
Explorer of the Seas,Royal Caribbean International,4/13/2026,100,https://wwwn.cdc.gov/inspectionquerytool/InspectionSearch.aspx,2026-09-05
Freedom of the Seas,Royal Caribbean International,11/23/2014,86,https://wwwn.cdc.gov/inspectionquerytool/InspectionSearch.aspx,2026-09-05
Freedom of the Seas,Royal Caribbean International,4/6/2014,100,https://wwwn.cdc.gov/inspectionquerytool/InspectionSearch.aspx,2026-09-05
Freedom of the Seas,Royal Caribbean International,8/23/2015,98,https://wwwn.cdc.gov/inspectionquerytool/InspectionSearch.aspx,2026-09-05
Freedom of the Seas,Royal Caribbean International,2/7/2016,100,https://wwwn.cdc.gov/inspectionquerytool/InspectionSearch.aspx,2026-09-05
Freedom of the Seas,Royal Caribbean International,1/29/2017,100,https://wwwn.cdc.gov/inspectionquerytool/InspectionSearch.aspx,2026-09-05
Freedom of the Seas,Royal Caribbean International,4/9/2017,86,https://wwwn.cdc.gov/inspectionquerytool/InspectionSearch.aspx,2026-09-05
Freedom of the Seas,Royal Caribbean International,1/14/2018,96,https://wwwn.cdc.gov/inspectionquerytool/InspectionSearch.aspx,2026-09-05
Freedom of the Seas,Royal Caribbean International,12/23/2018,91,https://wwwn.cdc.gov/inspectionquerytool/InspectionSearch.aspx,2026-09-05
Freedom of the Seas,Royal Caribbean International,7/28/2018,98,https://wwwn.cdc.gov/inspectionquerytool/InspectionSearch.aspx,2026-09-05
Freedom of the Seas,Royal Caribbean International,6/9/2019,97,https://wwwn.cdc.gov/inspectionquerytool/InspectionSearch.aspx,2026-09-05
Freedom of the Seas,Royal Caribbean International,10/27/2023,95,https://wwwn.cdc.gov/inspectionquerytool/InspectionSearch.aspx,2026-09-05
Freedom of the Seas,Royal Caribbean International,3/15/2025,94,https://wwwn.cdc.gov/inspectionquerytool/InspectionSearch.aspx,2026-09-05
Freedom of the Seas,Royal Caribbean International,9/6/2025,98,https://wwwn.cdc.gov/inspectionquerytool/InspectionSearch.aspx,2026-09-05
Grand Princess,Princess Cruises,12/10/2014,94,https://wwwn.cdc.gov/inspectionquerytool/InspectionSearch.aspx,2026-09-05
Grand Princess,Princess Cruises,3/22/2014,99,https://wwwn.cdc.gov/inspectionquerytool/InspectionSearch.aspx,2026-09-05
Grand Princess,Princess Cruises,11/16/2015,100,https://wwwn.cdc.gov/inspectionquerytool/InspectionSearch.aspx,2026-09-05
Grand Princess,Princess Cruises,5/12/2015,96,https://wwwn.cdc.gov/inspectionquerytool/InspectionSearch.aspx,2026-09-05
Grand Princess,Princess Cruises,10/22/2016,98,https://wwwn.cdc.gov/inspectionquerytool/InspectionSearch.aspx,2026-09-05
Grand Princess,Princess Cruises,3/9/2016,91,https://wwwn.cdc.gov/inspectionquerytool/InspectionSearch.aspx,2026-09-05
Grand Princess,Princess Cruises,10/22/2017,90,https://wwwn.cdc.gov/inspectionquerytool/InspectionSearch.aspx,2026-09-05
Grand Princess,Princess Cruises,12/13/2018,98,https://wwwn.cdc.gov/inspectionquerytool/InspectionSearch.aspx,2026-09-05
Grand Princess,Princess Cruises,3/23/2018,100,https://wwwn.cdc.gov/inspectionquerytool/InspectionSearch.aspx,2026-09-05
Grand Princess,Princess Cruises,6/19/2019,93,https://wwwn.cdc.gov/inspectionquerytool/InspectionSearch.aspx,2026-09-05
Grand Princess,Princess Cruises,4/22/2023,98,https://wwwn.cdc.gov/inspectionquerytool/InspectionSearch.aspx,2026-09-05
Grand Princess,Princess Cruises,8/17/2024,96,https://wwwn.cdc.gov/inspectionquerytool/InspectionSearch.aspx,2026-09-05
Grand Princess,Princess Cruises,10/1/2025,95,https://wwwn.cdc.gov/inspectionquerytool/InspectionSearch.aspx,2026-09-05
Grand Princess,Princess Cruises,6/26/2025,86,https://wwwn.cdc.gov/inspectionquerytool/InspectionSearch.aspx,2026-09-05
Grand Princess,Princess Cruises,4/16/2026,95,https://wwwn.cdc.gov/inspectionquerytool/InspectionSearch.aspx,2026-09-05
Grandeur of the Seas,Royal Caribbean International,12/19/2014,99,https://wwwn.cdc.gov/inspectionquerytool/InspectionSearch.aspx,2026-09-05
Grandeur of the Seas,Royal Caribbean International,7/27/2014,98,https://wwwn.cdc.gov/inspectionquerytool/InspectionSearch.aspx,2026-09-05
Grandeur of the Seas,Royal Caribbean International,12/13/2015,97,https://wwwn.cdc.gov/inspectionquerytool/InspectionSearch.aspx,2026-09-05
Grandeur of the Seas,Royal Caribbean International,5/31/2015,99,https://wwwn.cdc.gov/inspectionquerytool/InspectionSearch.aspx,2026-09-05
Grandeur of the Seas,Royal Caribbean International,7/7/2016,100,https://wwwn.cdc.gov/inspectionquerytool/InspectionSearch.aspx,2026-09-05
Grandeur of the Seas,Royal Caribbean International,4/12/2017,95,https://wwwn.cdc.gov/inspectionquerytool/InspectionSearch.aspx,2026-09-05
Grandeur of the Seas,Royal Caribbean International,7/3/2017,100,https://wwwn.cdc.gov/inspectionquerytool/InspectionSearch.aspx,2026-09-05
Grandeur of the Seas,Royal Caribbean International,1/5/2018,87,https://wwwn.cdc.gov/inspectionquerytool/InspectionSearch.aspx,2026-09-05
Grandeur of the Seas,Royal Caribbean International,5/24/2018,97,https://wwwn.cdc.gov/inspectionquerytool/InspectionSearch.aspx,2026-09-05
Grandeur of the Seas,Royal Caribbean International,4/1/2019,93,https://wwwn.cdc.gov/inspectionquerytool/InspectionSearch.aspx,2026-09-05
Grandeur of the Seas,Royal Caribbean International,2/26/2020,96,https://wwwn.cdc.gov/inspectionquerytool/InspectionSearch.aspx,2026-09-05
Grandeur of the Seas,Royal Caribbean International,4/13/2023,98,https://wwwn.cdc.gov/inspectionquerytool/InspectionSearch.aspx,2026-09-05
Grandeur of the Seas,Royal Caribbean International,11/29/2024,98,https://wwwn.cdc.gov/inspectionquerytool/InspectionSearch.aspx,2026-09-05
Grandeur of the Seas,Royal Caribbean International,3/18/2024,98,https://wwwn.cdc.gov/inspectionquerytool/InspectionSearch.aspx,2026-09-05
Grandeur of the Seas,Royal Caribbean International,6/14/2025,97,https://wwwn.cdc.gov/inspectionquerytool/InspectionSearch.aspx,2026-09-05
Grandeur of the Seas,Royal Caribbean International,1/24/2026,100,https://wwwn.cdc.gov/inspectionquerytool/InspectionSearch.aspx,2026-09-05
Hanseatic Inspiration,Hapag-Lloyd Cruises,10/28/2024,89,https://wwwn.cdc.gov/inspectionquerytool/InspectionSearch.aspx,2026-09-05
Hanseatic Inspiration,Hapag-Lloyd Cruises,9/29/2024,62,https://wwwn.cdc.gov/inspectionquerytool/InspectionSearch.aspx,2026-09-05
Harmony of the Seas,Royal Caribbean International,12/10/2016,89,https://wwwn.cdc.gov/inspectionquerytool/InspectionSearch.aspx,2026-09-05
Harmony of the Seas,Royal Caribbean International,11/18/2017,94,https://wwwn.cdc.gov/inspectionquerytool/InspectionSearch.aspx,2026-09-05
Harmony of the Seas,Royal Caribbean International,6/10/2017,95,https://wwwn.cdc.gov/inspectionquerytool/InspectionSearch.aspx,2026-09-05
Harmony of the Seas,Royal Caribbean International,5/5/2018,93,https://wwwn.cdc.gov/inspectionquerytool/InspectionSearch.aspx,2026-09-05
Harmony of the Seas,Royal Caribbean International,5/19/2019,96,https://wwwn.cdc.gov/inspectionquerytool/InspectionSearch.aspx,2026-09-05
Harmony of the Seas,Royal Caribbean International,2/9/2020,94,https://wwwn.cdc.gov/inspectionquerytool/InspectionSearch.aspx,2026-09-05
Harmony of the Seas,Royal Caribbean International,8/22/2023,96,https://wwwn.cdc.gov/inspectionquerytool/InspectionSearch.aspx,2026-09-05
Harmony of the Seas,Royal Caribbean International,10/27/2024,95,https://wwwn.cdc.gov/inspectionquerytool/InspectionSearch.aspx,2026-09-05
Harmony of the Seas,Royal Caribbean International,2/4/2024,92,https://wwwn.cdc.gov/inspectionquerytool/InspectionSearch.aspx,2026-09-05
Harmony of the Seas,Royal Caribbean International,10/26/2025,96,https://wwwn.cdc.gov/inspectionquerytool/InspectionSearch.aspx,2026-09-05
Harmony of the Seas,Royal Caribbean International,5/18/2025,99,https://wwwn.cdc.gov/inspectionquerytool/InspectionSearch.aspx,2026-09-05
Icon of the Seas,Royal Caribbean International,11/16/2024,96,https://wwwn.cdc.gov/inspectionquerytool/InspectionSearch.aspx,2026-09-05
Icon of the Seas,Royal Caribbean International,4/20/2024,97,https://wwwn.cdc.gov/inspectionquerytool/InspectionSearch.aspx,2026-09-05
Icon of the Seas,Royal Caribbean International,6/4/2025,100,https://wwwn.cdc.gov/inspectionquerytool/InspectionSearch.aspx,2026-09-05
Icon of the Seas,Royal Caribbean International,3/14/2026,100,https://wwwn.cdc.gov/inspectionquerytool/InspectionSearch.aspx,2026-09-05
Ilma,Ritz-Carlton Yacht Collection,11/7/2025,93,https://wwwn.cdc.gov/inspectionquerytool/InspectionSearch.aspx,2026-09-05
Ilma,Ritz-Carlton Yacht Collection,3/31/2026,94,https://wwwn.cdc.gov/inspectionquerytool/InspectionSearch.aspx,2026-09-05
Independence of the Seas,Royal Caribbean International,5/4/2014,95,https://wwwn.cdc.gov/inspectionquerytool/InspectionSearch.aspx,2026-09-05
Independence of the Seas,Royal Caribbean International,12/10/2015,98,https://wwwn.cdc.gov/inspectionquerytool/InspectionSearch.aspx,2026-09-05
Independence of the Seas,Royal Caribbean International,6/21/2015,97,https://wwwn.cdc.gov/inspectionquerytool/InspectionSearch.aspx,2026-09-05
Independence of the Seas,Royal Caribbean International,11/14/2016,100,https://wwwn.cdc.gov/inspectionquerytool/InspectionSearch.aspx,2026-09-05
Independence of the Seas,Royal Caribbean International,5/4/2016,99,https://wwwn.cdc.gov/inspectionquerytool/InspectionSearch.aspx,2026-09-05
Independence of the Seas,Royal Caribbean International,12/7/2017,90,https://wwwn.cdc.gov/inspectionquerytool/InspectionSearch.aspx,2026-09-05
Independence of the Seas,Royal Caribbean International,4/13/2017,98,https://wwwn.cdc.gov/inspectionquerytool/InspectionSearch.aspx,2026-09-05
Independence of the Seas,Royal Caribbean International,12/6/2018,92,https://wwwn.cdc.gov/inspectionquerytool/InspectionSearch.aspx,2026-09-05
Independence of the Seas,Royal Caribbean International,12/19/2019,90,https://wwwn.cdc.gov/inspectionquerytool/InspectionSearch.aspx,2026-09-05
Independence of the Seas,Royal Caribbean International,4/11/2019,92,https://wwwn.cdc.gov/inspectionquerytool/InspectionSearch.aspx,2026-09-05
Independence of the Seas,Royal Caribbean International,7/17/2023,93,https://wwwn.cdc.gov/inspectionquerytool/InspectionSearch.aspx,2026-09-05
Independence of the Seas,Royal Caribbean International,10/14/2024,97,https://wwwn.cdc.gov/inspectionquerytool/InspectionSearch.aspx,2026-09-05
Independence of the Seas,Royal Caribbean International,5/1/2024,91,https://wwwn.cdc.gov/inspectionquerytool/InspectionSearch.aspx,2026-09-05
Independence of the Seas,Royal Caribbean International,10/30/2025,99,https://wwwn.cdc.gov/inspectionquerytool/InspectionSearch.aspx,2026-09-05
Island Princess,Princess Cruises,11/26/2014,100,https://wwwn.cdc.gov/inspectionquerytool/InspectionSearch.aspx,2026-09-05
Island Princess,Princess Cruises,6/21/2014,100,https://wwwn.cdc.gov/inspectionquerytool/InspectionSearch.aspx,2026-09-05
Island Princess,Princess Cruises,3/6/2015,100,https://wwwn.cdc.gov/inspectionquerytool/InspectionSearch.aspx,2026-09-05
Island Princess,Princess Cruises,1/14/2016,98,https://wwwn.cdc.gov/inspectionquerytool/InspectionSearch.aspx,2026-09-05
Island Princess,Princess Cruises,12/5/2016,95,https://wwwn.cdc.gov/inspectionquerytool/InspectionSearch.aspx,2026-09-05
Island Princess,Princess Cruises,6/18/2016,97,https://wwwn.cdc.gov/inspectionquerytool/InspectionSearch.aspx,2026-09-05
Island Princess,Princess Cruises,5/13/2017,100,https://wwwn.cdc.gov/inspectionquerytool/InspectionSearch.aspx,2026-09-05
Island Princess,Princess Cruises,4/28/2018,97,https://wwwn.cdc.gov/inspectionquerytool/InspectionSearch.aspx,2026-09-05
Island Princess,Princess Cruises,9/8/2018,94,https://wwwn.cdc.gov/inspectionquerytool/InspectionSearch.aspx,2026-09-05
Island Princess,Princess Cruises,1/19/2019,96,https://wwwn.cdc.gov/inspectionquerytool/InspectionSearch.aspx,2026-09-05
Island Princess,Princess Cruises,11/16/2019,99,https://wwwn.cdc.gov/inspectionquerytool/InspectionSearch.aspx,2026-09-05
Island Princess,Princess Cruises,5/11/2023,91,https://wwwn.cdc.gov/inspectionquerytool/InspectionSearch.aspx,2026-09-05
Island Princess,Princess Cruises,12/22/2024,99,https://wwwn.cdc.gov/inspectionquerytool/InspectionSearch.aspx,2026-09-05
Island Princess,Princess Cruises,4/25/2024,94,https://wwwn.cdc.gov/inspectionquerytool/InspectionSearch.aspx,2026-09-05
Island Princess,Princess Cruises,6/4/2025,93,https://wwwn.cdc.gov/inspectionquerytool/InspectionSearch.aspx,2026-09-05
Island Princess,Princess Cruises,7/11/2026,93,https://wwwn.cdc.gov/inspectionquerytool/InspectionSearch.aspx,2026-09-05
Jewel of the Seas,Royal Caribbean International,6/29/2014,100,https://wwwn.cdc.gov/inspectionquerytool/InspectionSearch.aspx,2026-09-05
Jewel of the Seas,Royal Caribbean International,1/24/2015,99,https://wwwn.cdc.gov/inspectionquerytool/InspectionSearch.aspx,2026-09-05
Jewel of the Seas,Royal Caribbean International,11/23/2015,95,https://wwwn.cdc.gov/inspectionquerytool/InspectionSearch.aspx,2026-09-05
Jewel of the Seas,Royal Caribbean International,6/8/2015,96,https://wwwn.cdc.gov/inspectionquerytool/InspectionSearch.aspx,2026-09-05
Jewel of the Seas,Royal Caribbean International,11/18/2016,97,https://wwwn.cdc.gov/inspectionquerytool/InspectionSearch.aspx,2026-09-05
Jewel of the Seas,Royal Caribbean International,3/28/2016,97,https://wwwn.cdc.gov/inspectionquerytool/InspectionSearch.aspx,2026-09-05
Jewel of the Seas,Royal Caribbean International,4/16/2017,95,https://wwwn.cdc.gov/inspectionquerytool/InspectionSearch.aspx,2026-09-05
Jewel of the Seas,Royal Caribbean International,1/7/2018,95,https://wwwn.cdc.gov/inspectionquerytool/InspectionSearch.aspx,2026-09-05
Jewel of the Seas,Royal Caribbean International,12/29/2018,96,https://wwwn.cdc.gov/inspectionquerytool/InspectionSearch.aspx,2026-09-05
Jewel of the Seas,Royal Caribbean International,5/6/2018,96,https://wwwn.cdc.gov/inspectionquerytool/InspectionSearch.aspx,2026-09-05
Jewel of the Seas,Royal Caribbean International,3/29/2019,98,https://wwwn.cdc.gov/inspectionquerytool/InspectionSearch.aspx,2026-09-05
Jewel of the Seas,Royal Caribbean International,11/19/2022,97,https://wwwn.cdc.gov/inspectionquerytool/InspectionSearch.aspx,2026-09-05
Jewel of the Seas,Royal Caribbean International,9/14/2023,100,https://wwwn.cdc.gov/inspectionquerytool/InspectionSearch.aspx,2026-09-05
Jewel of the Seas,Royal Caribbean International,4/5/2024,97,https://wwwn.cdc.gov/inspectionquerytool/InspectionSearch.aspx,2026-09-05
Jewel of the Seas,Royal Caribbean International,9/28/2024,100,https://wwwn.cdc.gov/inspectionquerytool/InspectionSearch.aspx,2026-09-05
Jewel of the Seas,Royal Caribbean International,4/29/2025,97,https://wwwn.cdc.gov/inspectionquerytool/InspectionSearch.aspx,2026-09-05
Jewel of the Seas,Royal Caribbean International,9/12/2025,100,https://wwwn.cdc.gov/inspectionquerytool/InspectionSearch.aspx,2026-09-05
Jewel of the Seas,Royal Caribbean International,1/17/2026,99,https://wwwn.cdc.gov/inspectionquerytool/InspectionSearch.aspx,2026-09-05
Jewel of the Seas,Royal Caribbean International,6/5/2026,99,https://wwwn.cdc.gov/inspectionquerytool/InspectionSearch.aspx,2026-09-05
Koningsdam,Holland America Line,12/20/2016,100,https://wwwn.cdc.gov/inspectionquerytool/InspectionSearch.aspx,2026-09-05
Koningsdam,Holland America Line,10/29/2017,97,https://wwwn.cdc.gov/inspectionquerytool/InspectionSearch.aspx,2026-09-05
Koningsdam,Holland America Line,3/12/2017,100,https://wwwn.cdc.gov/inspectionquerytool/InspectionSearch.aspx,2026-09-05
Koningsdam,Holland America Line,1/23/2019,99,https://wwwn.cdc.gov/inspectionquerytool/InspectionSearch.aspx,2026-09-05
Koningsdam,Holland America Line,12/4/2019,100,https://wwwn.cdc.gov/inspectionquerytool/InspectionSearch.aspx,2026-09-05
Koningsdam,Holland America Line,3/4/2020,93,https://wwwn.cdc.gov/inspectionquerytool/InspectionSearch.aspx,2026-09-05
Koningsdam,Holland America Line,5/29/2023,98,https://wwwn.cdc.gov/inspectionquerytool/InspectionSearch.aspx,2026-09-05
Koningsdam,Holland America Line,11/17/2024,100,https://wwwn.cdc.gov/inspectionquerytool/InspectionSearch.aspx,2026-09-05
Koningsdam,Holland America Line,5/13/2024,98,https://wwwn.cdc.gov/inspectionquerytool/InspectionSearch.aspx,2026-09-05
Koningsdam,Holland America Line,7/10/2025,89,https://wwwn.cdc.gov/inspectionquerytool/InspectionSearch.aspx,2026-09-05
Koningsdam,Holland America Line,1/6/2026,100,https://wwwn.cdc.gov/inspectionquerytool/InspectionSearch.aspx,2026-09-05
Kydon,Ferries Del Caribe,12/27/2017,61,https://wwwn.cdc.gov/inspectionquerytool/InspectionSearch.aspx,2026-09-05
Kydon,Ferries Del Caribe,7/28/2017,58,https://wwwn.cdc.gov/inspectionquerytool/InspectionSearch.aspx,2026-09-05
Kydon,Ferries Del Caribe,3/19/2018,78,https://wwwn.cdc.gov/inspectionquerytool/InspectionSearch.aspx,2026-09-05
Kydon,Ferries Del Caribe,5/7/2018,91,https://wwwn.cdc.gov/inspectionquerytool/InspectionSearch.aspx,2026-09-05
Kydon,Ferries Del Caribe,1/21/2019,96,https://wwwn.cdc.gov/inspectionquerytool/InspectionSearch.aspx,2026-09-05
Kydon,Ferries Del Caribe,6/10/2019,87,https://wwwn.cdc.gov/inspectionquerytool/InspectionSearch.aspx,2026-09-05
Kydon,Ferries Del Caribe,9/4/2023,86,https://wwwn.cdc.gov/inspectionquerytool/InspectionSearch.aspx,2026-09-05
Kydon,Ferries Del Caribe,3/30/2026,86,https://wwwn.cdc.gov/inspectionquerytool/InspectionSearch.aspx,2026-09-05
L'Austral,Compagnie Du Ponant SA,8/6/2015,92,https://wwwn.cdc.gov/inspectionquerytool/InspectionSearch.aspx,2026-09-05
Le Boreal,Compagnie Du Ponant SA,9/27/2014,92,https://wwwn.cdc.gov/inspectionquerytool/InspectionSearch.aspx,2026-09-05
Le Boreal,Compagnie Du Ponant SA,9/28/2015,89,https://wwwn.cdc.gov/inspectionquerytool/InspectionSearch.aspx,2026-09-05
Le Boreal,Compagnie Du Ponant SA,10/6/2017,84,https://wwwn.cdc.gov/inspectionquerytool/InspectionSearch.aspx,2026-09-05
Le Boreal,Compagnie Du Ponant SA,4/19/2023,89,https://wwwn.cdc.gov/inspectionquerytool/InspectionSearch.aspx,2026-09-05
Le Soleal,Compagnie Du Ponant SA,7/28/2016,87,https://wwwn.cdc.gov/inspectionquerytool/InspectionSearch.aspx,2026-09-05
Le Soleal,Compagnie Du Ponant SA,9/28/2017,93,https://wwwn.cdc.gov/inspectionquerytool/InspectionSearch.aspx,2026-09-05
Le Soleal,Compagnie Du Ponant SA,10/9/2018,92,https://wwwn.cdc.gov/inspectionquerytool/InspectionSearch.aspx,2026-09-05
Le Soleal,Compagnie Du Ponant SA,7/6/2019,91,https://wwwn.cdc.gov/inspectionquerytool/InspectionSearch.aspx,2026-09-05
Liberty of the Seas,Royal Caribbean International,12/1/2014,95,https://wwwn.cdc.gov/inspectionquerytool/InspectionSearch.aspx,2026-09-05
Liberty of the Seas,Royal Caribbean International,3/24/2014,93,https://wwwn.cdc.gov/inspectionquerytool/InspectionSearch.aspx,2026-09-05
Liberty of the Seas,Royal Caribbean International,10/22/2015,99,https://wwwn.cdc.gov/inspectionquerytool/InspectionSearch.aspx,2026-09-05
Liberty of the Seas,Royal Caribbean International,5/6/2015,94,https://wwwn.cdc.gov/inspectionquerytool/InspectionSearch.aspx,2026-09-05
Liberty of the Seas,Royal Caribbean International,7/10/2016,92,https://wwwn.cdc.gov/inspectionquerytool/InspectionSearch.aspx,2026-09-05
Liberty of the Seas,Royal Caribbean International,1/8/2017,100,https://wwwn.cdc.gov/inspectionquerytool/InspectionSearch.aspx,2026-09-05
Liberty of the Seas,Royal Caribbean International,10/15/2017,96,https://wwwn.cdc.gov/inspectionquerytool/InspectionSearch.aspx,2026-09-05
Liberty of the Seas,Royal Caribbean International,5/21/2017,88,https://wwwn.cdc.gov/inspectionquerytool/InspectionSearch.aspx,2026-09-05
Liberty of the Seas,Royal Caribbean International,10/28/2018,98,https://wwwn.cdc.gov/inspectionquerytool/InspectionSearch.aspx,2026-09-05
Liberty of the Seas,Royal Caribbean International,3/6/2023,95,https://wwwn.cdc.gov/inspectionquerytool/InspectionSearch.aspx,2026-09-05
Liberty of the Seas,Royal Caribbean International,3/8/2024,97,https://wwwn.cdc.gov/inspectionquerytool/InspectionSearch.aspx,2026-09-05
Liberty of the Seas,Royal Caribbean International,1/17/2025,99,https://wwwn.cdc.gov/inspectionquerytool/InspectionSearch.aspx,2026-09-05
Liberty of the Seas,Royal Caribbean International,12/12/2025,97,https://wwwn.cdc.gov/inspectionquerytool/InspectionSearch.aspx,2026-09-05
Liberty of the Seas,Royal Caribbean International,8/30/2025,89,https://wwwn.cdc.gov/inspectionquerytool/InspectionSearch.aspx,2026-09-05
Luminara,Ritz-Carlton Yacht Collection,7/22/2026,99,https://wwwn.cdc.gov/inspectionquerytool/InspectionSearch.aspx,2026-09-05
MS Hamburg,Hamburg Cruise SA,11/22/2014,90,https://wwwn.cdc.gov/inspectionquerytool/InspectionSearch.aspx,2026-09-05
MS Hamburg,Hamburg Cruise SA,9/15/2015,87,https://wwwn.cdc.gov/inspectionquerytool/InspectionSearch.aspx,2026-09-05
MS Hamburg,Hamburg Cruise SA,9/25/2017,90,https://wwwn.cdc.gov/inspectionquerytool/InspectionSearch.aspx,2026-09-05
MS Hamburg,Hamburg Cruise SA,9/29/2018,91,https://wwwn.cdc.gov/inspectionquerytool/InspectionSearch.aspx,2026-09-05
MSC Armonia,MSC Cruise Management (UK) Ltd,3/18/2019,91,https://wwwn.cdc.gov/inspectionquerytool/InspectionSearch.aspx,2026-09-05
MSC Armonia,MSC Cruise Management (UK) Ltd,7/22/2019,98,https://wwwn.cdc.gov/inspectionquerytool/InspectionSearch.aspx,2026-09-05
MSC Armonia,MSC Cruise Management (UK) Ltd,1/6/2020,95,https://wwwn.cdc.gov/inspectionquerytool/InspectionSearch.aspx,2026-09-05
MSC Divina,MSC Cruise Management (UK) Ltd,1/4/2014,94,https://wwwn.cdc.gov/inspectionquerytool/InspectionSearch.aspx,2026-09-05
MSC Divina,MSC Cruise Management (UK) Ltd,11/8/2014,97,https://wwwn.cdc.gov/inspectionquerytool/InspectionSearch.aspx,2026-09-05
MSC Divina,MSC Cruise Management (UK) Ltd,8/27/2014,96,https://wwwn.cdc.gov/inspectionquerytool/InspectionSearch.aspx,2026-09-05
MSC Divina,MSC Cruise Management (UK) Ltd,3/16/2015,89,https://wwwn.cdc.gov/inspectionquerytool/InspectionSearch.aspx,2026-09-05
MSC Divina,MSC Cruise Management (UK) Ltd,1/30/2016,94,https://wwwn.cdc.gov/inspectionquerytool/InspectionSearch.aspx,2026-09-05
MSC Divina,MSC Cruise Management (UK) Ltd,6/4/2016,95,https://wwwn.cdc.gov/inspectionquerytool/InspectionSearch.aspx,2026-09-05
MSC Divina,MSC Cruise Management (UK) Ltd,11/4/2017,93,https://wwwn.cdc.gov/inspectionquerytool/InspectionSearch.aspx,2026-09-05
MSC Divina,MSC Cruise Management (UK) Ltd,7/8/2017,86,https://wwwn.cdc.gov/inspectionquerytool/InspectionSearch.aspx,2026-09-05
MSC Divina,MSC Cruise Management (UK) Ltd,3/8/2018,96,https://wwwn.cdc.gov/inspectionquerytool/InspectionSearch.aspx,2026-09-05
MSC Divina,MSC Cruise Management (UK) Ltd,3/14/2019,93,https://wwwn.cdc.gov/inspectionquerytool/InspectionSearch.aspx,2026-09-05
MSC Divina,MSC Cruise Management (UK) Ltd,2/28/2020,92,https://wwwn.cdc.gov/inspectionquerytool/InspectionSearch.aspx,2026-09-05
MSC Divina,MSC Cruise Management (UK) Ltd,5/5/2023,98,https://wwwn.cdc.gov/inspectionquerytool/InspectionSearch.aspx,2026-09-05
MSC Divina,MSC Cruise Management (UK) Ltd,11/18/2024,99,https://wwwn.cdc.gov/inspectionquerytool/InspectionSearch.aspx,2026-09-05
MSC Divina,MSC Cruise Management (UK) Ltd,11/6/2025,99,https://wwwn.cdc.gov/inspectionquerytool/InspectionSearch.aspx,2026-09-05
MSC Grandiosa,MSC Cruise Management (UK) Ltd,12/6/2025,99,https://wwwn.cdc.gov/inspectionquerytool/InspectionSearch.aspx,2026-09-05
MSC Magnifica,MSC Cruise Management (UK) Ltd,12/15/2023,97,https://wwwn.cdc.gov/inspectionquerytool/InspectionSearch.aspx,2026-09-05
MSC Magnifica,MSC Cruise Management (UK) Ltd,5/17/2024,86,https://wwwn.cdc.gov/inspectionquerytool/InspectionSearch.aspx,2026-09-05
MSC Meraviglia,MSC Cruise Management (UK) Ltd,11/21/2019,93,https://wwwn.cdc.gov/inspectionquerytool/InspectionSearch.aspx,2026-09-05
MSC Meraviglia,MSC Cruise Management (UK) Ltd,7/9/2024,100,https://wwwn.cdc.gov/inspectionquerytool/InspectionSearch.aspx,2026-09-05
MSC Meraviglia,MSC Cruise Management (UK) Ltd,12/9/2025,86,https://wwwn.cdc.gov/inspectionquerytool/InspectionSearch.aspx,2026-09-05
MSC Meraviglia,MSC Cruise Management (UK) Ltd,3/9/2025,92,https://wwwn.cdc.gov/inspectionquerytool/InspectionSearch.aspx,2026-09-05
MSC Meraviglia,MSC Cruise Management (UK) Ltd,8/31/2025,94,https://wwwn.cdc.gov/inspectionquerytool/InspectionSearch.aspx,2026-09-05
MSC Meraviglia,MSC Cruise Management (UK) Ltd,3/10/2026,89,https://wwwn.cdc.gov/inspectionquerytool/InspectionSearch.aspx,2026-09-05
MSC Poesia,MSC Cruise Management (UK) Ltd,4/23/2026,97,https://wwwn.cdc.gov/inspectionquerytool/InspectionSearch.aspx,2026-09-05
MSC Seascape,MSC Cruise Management (UK) Ltd,3/16/2024,98,https://wwwn.cdc.gov/inspectionquerytool/InspectionSearch.aspx,2026-09-05
MSC Seascape,MSC Cruise Management (UK) Ltd,3/29/2025,96,https://wwwn.cdc.gov/inspectionquerytool/InspectionSearch.aspx,2026-09-05
MSC Seascape,MSC Cruise Management (UK) Ltd,9/7/2025,96,https://wwwn.cdc.gov/inspectionquerytool/InspectionSearch.aspx,2026-09-05
MSC Seascape,MSC Cruise Management (UK) Ltd,3/8/2026,100,https://wwwn.cdc.gov/inspectionquerytool/InspectionSearch.aspx,2026-09-05
MSC Seashore,MSC Cruise Management (UK) Ltd,11/6/2022,95,https://wwwn.cdc.gov/inspectionquerytool/InspectionSearch.aspx,2026-09-05
MSC Seashore,MSC Cruise Management (UK) Ltd,5/26/2024,100,https://wwwn.cdc.gov/inspectionquerytool/InspectionSearch.aspx,2026-09-05
MSC Seashore,MSC Cruise Management (UK) Ltd,1/12/2025,97,https://wwwn.cdc.gov/inspectionquerytool/InspectionSearch.aspx,2026-09-05
MSC Seashore,MSC Cruise Management (UK) Ltd,1/29/2026,97,https://wwwn.cdc.gov/inspectionquerytool/InspectionSearch.aspx,2026-09-05
MSC Seashore,MSC Cruise Management (UK) Ltd,6/25/2026,94,https://wwwn.cdc.gov/inspectionquerytool/InspectionSearch.aspx,2026-09-05
MSC Seaside,MSC Cruise Management (UK) Ltd,4/28/2018,94,https://wwwn.cdc.gov/inspectionquerytool/InspectionSearch.aspx,2026-09-05
MSC Seaside,MSC Cruise Management (UK) Ltd,4/27/2023,67,https://wwwn.cdc.gov/inspectionquerytool/InspectionSearch.aspx,2026-09-05
MSC Seaside,MSC Cruise Management (UK) Ltd,7/17/2023,92,https://wwwn.cdc.gov/inspectionquerytool/InspectionSearch.aspx,2026-09-05
MSC Seaside,MSC Cruise Management (UK) Ltd,11/21/2024,89,https://wwwn.cdc.gov/inspectionquerytool/InspectionSearch.aspx,2026-09-05
MSC Seaside,MSC Cruise Management (UK) Ltd,11/24/2025,97,https://wwwn.cdc.gov/inspectionquerytool/InspectionSearch.aspx,2026-09-05
MSC World America,MSC Cruise Management (UK) Ltd,10/25/2025,95,https://wwwn.cdc.gov/inspectionquerytool/InspectionSearch.aspx,2026-09-05
MSC World America,MSC Cruise Management (UK) Ltd,5/3/2025,97,https://wwwn.cdc.gov/inspectionquerytool/InspectionSearch.aspx,2026-09-05
MSC World America,MSC Cruise Management (UK) Ltd,6/30/2026,95,https://wwwn.cdc.gov/inspectionquerytool/InspectionSearch.aspx,2026-09-05
Majestic Princess,Princess Cruises,10/7/2023,95,https://wwwn.cdc.gov/inspectionquerytool/InspectionSearch.aspx,2026-09-05
Majestic Princess,Princess Cruises,6/1/2023,93,https://wwwn.cdc.gov/inspectionquerytool/InspectionSearch.aspx,2026-09-05
Majestic Princess,Princess Cruises,10/16/2024,97,https://wwwn.cdc.gov/inspectionquerytool/InspectionSearch.aspx,2026-09-05
Majestic Princess,Princess Cruises,11/25/2025,93,https://wwwn.cdc.gov/inspectionquerytool/InspectionSearch.aspx,2026-09-05
Majestic Princess,Princess Cruises,3/26/2026,99,https://wwwn.cdc.gov/inspectionquerytool/InspectionSearch.aspx,2026-09-05
Mardi Gras,"Carnival Cruise Lines, Inc.",1/17/2023,97,https://wwwn.cdc.gov/inspectionquerytool/InspectionSearch.aspx,2026-09-05
Mardi Gras,"Carnival Cruise Lines, Inc.",6/10/2023,97,https://wwwn.cdc.gov/inspectionquerytool/InspectionSearch.aspx,2026-09-05
Mardi Gras,"Carnival Cruise Lines, Inc.",5/25/2024,98,https://wwwn.cdc.gov/inspectionquerytool/InspectionSearch.aspx,2026-09-05
Mardi Gras,"Carnival Cruise Lines, Inc.",8/10/2025,92,https://wwwn.cdc.gov/inspectionquerytool/InspectionSearch.aspx,2026-09-05
Mardi Gras,"Carnival Cruise Lines, Inc.",4/11/2026,98,https://wwwn.cdc.gov/inspectionquerytool/InspectionSearch.aspx,2026-09-05
Marella Discovery,Marella Cruises Limited,3/11/2023,96,https://wwwn.cdc.gov/inspectionquerytool/InspectionSearch.aspx,2026-09-05
Marella Discovery,Marella Cruises Limited,12/3/2024,94,https://wwwn.cdc.gov/inspectionquerytool/InspectionSearch.aspx,2026-09-05
Margaritaville at Sea Islander,Margaritaville at Sea,9/10/2024,98,https://wwwn.cdc.gov/inspectionquerytool/InspectionSearch.aspx,2026-09-05
Margaritaville at Sea Islander,Margaritaville at Sea,6/13/2025,96,https://wwwn.cdc.gov/inspectionquerytool/InspectionSearch.aspx,2026-09-05
Margaritaville at Sea Paradise,Margaritaville at Sea,10/18/2022,91,https://wwwn.cdc.gov/inspectionquerytool/InspectionSearch.aspx,2026-09-05
Margaritaville at Sea Paradise,Margaritaville at Sea,5/3/2023,87,https://wwwn.cdc.gov/inspectionquerytool/InspectionSearch.aspx,2026-09-05
Margaritaville at Sea Paradise,Margaritaville at Sea,5/1/2024,83,https://wwwn.cdc.gov/inspectionquerytool/InspectionSearch.aspx,2026-09-05
Margaritaville at Sea Paradise,Margaritaville at Sea,7/2/2024,92,https://wwwn.cdc.gov/inspectionquerytool/InspectionSearch.aspx,2026-09-05
Margaritaville at Sea Paradise,Margaritaville at Sea,1/24/2025,98,https://wwwn.cdc.gov/inspectionquerytool/InspectionSearch.aspx,2026-09-05
Margaritaville at Sea Paradise,Margaritaville at Sea,7/2/2025,96,https://wwwn.cdc.gov/inspectionquerytool/InspectionSearch.aspx,2026-09-05
Mariner of the Seas,Royal Caribbean International,11/1/2018,89,https://wwwn.cdc.gov/inspectionquerytool/InspectionSearch.aspx,2026-09-05
Mariner of the Seas,Royal Caribbean International,7/30/2018,98,https://wwwn.cdc.gov/inspectionquerytool/InspectionSearch.aspx,2026-09-05
Mariner of the Seas,Royal Caribbean International,5/24/2019,86,https://wwwn.cdc.gov/inspectionquerytool/InspectionSearch.aspx,2026-09-05
Mariner of the Seas,Royal Caribbean International,2/10/2020,95,https://wwwn.cdc.gov/inspectionquerytool/InspectionSearch.aspx,2026-09-05
Mariner of the Seas,Royal Caribbean International,6/9/2023,100,https://wwwn.cdc.gov/inspectionquerytool/InspectionSearch.aspx,2026-09-05
Mariner of the Seas,Royal Caribbean International,1/29/2024,97,https://wwwn.cdc.gov/inspectionquerytool/InspectionSearch.aspx,2026-09-05
Mariner of the Seas,Royal Caribbean International,10/28/2024,100,https://wwwn.cdc.gov/inspectionquerytool/InspectionSearch.aspx,2026-09-05
Mariner of the Seas,Royal Caribbean International,4/14/2025,93,https://wwwn.cdc.gov/inspectionquerytool/InspectionSearch.aspx,2026-09-05
Mariner of the Seas,Royal Caribbean International,1/19/2026,99,https://wwwn.cdc.gov/inspectionquerytool/InspectionSearch.aspx,2026-09-05
Mariner of the Seas,Royal Caribbean International,6/22/2026,100,https://wwwn.cdc.gov/inspectionquerytool/InspectionSearch.aspx,2026-09-05
Mein Schiff 1,TUI Cruises GmbH,9/20/2019,98,https://wwwn.cdc.gov/inspectionquerytool/InspectionSearch.aspx,2026-09-05
Mein Schiff 1,TUI Cruises GmbH,10/7/2022,100,https://wwwn.cdc.gov/inspectionquerytool/InspectionSearch.aspx,2026-09-05
Mein Schiff 1,TUI Cruises GmbH,9/20/2024,98,https://wwwn.cdc.gov/inspectionquerytool/InspectionSearch.aspx,2026-09-05
Mein Schiff 1,TUI Cruises GmbH,10/18/2025,95,https://wwwn.cdc.gov/inspectionquerytool/InspectionSearch.aspx,2026-09-05
Mein Schiff 6,TUI Cruises GmbH,9/8/2017,99,https://wwwn.cdc.gov/inspectionquerytool/InspectionSearch.aspx,2026-09-05
Mein Schiff 6,TUI Cruises GmbH,10/4/2018,96,https://wwwn.cdc.gov/inspectionquerytool/InspectionSearch.aspx,2026-09-05
Mein Schiff 6,TUI Cruises GmbH,9/25/2023,98,https://wwwn.cdc.gov/inspectionquerytool/InspectionSearch.aspx,2026-09-05
National Geographic Quest,Lindblad Expeditions,9/14/2017,94,https://wwwn.cdc.gov/inspectionquerytool/InspectionSearch.aspx,2026-09-05
National Geographic Quest,Lindblad Expeditions,8/26/2018,95,https://wwwn.cdc.gov/inspectionquerytool/InspectionSearch.aspx,2026-09-05
National Geographic Quest,Lindblad Expeditions,8/25/2019,91,https://wwwn.cdc.gov/inspectionquerytool/InspectionSearch.aspx,2026-09-05
National Geographic Quest,Lindblad Expeditions,8/6/2023,90,https://wwwn.cdc.gov/inspectionquerytool/InspectionSearch.aspx,2026-09-05
National Geographic Quest,Lindblad Expeditions,5/25/2025,95,https://wwwn.cdc.gov/inspectionquerytool/InspectionSearch.aspx,2026-09-05
National Geographic Sea Bird,Lindblad Expeditions,5/24/2014,89,https://wwwn.cdc.gov/inspectionquerytool/InspectionSearch.aspx,2026-09-05
National Geographic Sea Bird,Lindblad Expeditions,8/9/2014,95,https://wwwn.cdc.gov/inspectionquerytool/InspectionSearch.aspx,2026-09-05
National Geographic Sea Bird,Lindblad Expeditions,7/25/2015,99,https://wwwn.cdc.gov/inspectionquerytool/InspectionSearch.aspx,2026-09-05
National Geographic Sea Bird,Lindblad Expeditions,9/17/2016,94,https://wwwn.cdc.gov/inspectionquerytool/InspectionSearch.aspx,2026-09-05
National Geographic Sea Bird,Lindblad Expeditions,5/5/2018,92,https://wwwn.cdc.gov/inspectionquerytool/InspectionSearch.aspx,2026-09-05
National Geographic Sea Bird,Lindblad Expeditions,8/27/2018,86,https://wwwn.cdc.gov/inspectionquerytool/InspectionSearch.aspx,2026-09-05
National Geographic Sea Bird,Lindblad Expeditions,8/23/2019,91,https://wwwn.cdc.gov/inspectionquerytool/InspectionSearch.aspx,2026-09-05
National Geographic Sea Bird,Lindblad Expeditions,7/25/2024,88,https://wwwn.cdc.gov/inspectionquerytool/InspectionSearch.aspx,2026-09-05
National Geographic Sea Bird,Lindblad Expeditions,8/26/2025,93,https://wwwn.cdc.gov/inspectionquerytool/InspectionSearch.aspx,2026-09-05
National Geographic Sea Lion,Lindblad Expeditions,5/25/2014,87,https://wwwn.cdc.gov/inspectionquerytool/InspectionSearch.aspx,2026-09-05
National Geographic Sea Lion,Lindblad Expeditions,8/17/2014,96,https://wwwn.cdc.gov/inspectionquerytool/InspectionSearch.aspx,2026-09-05
National Geographic Sea Lion,Lindblad Expeditions,5/3/2015,99,https://wwwn.cdc.gov/inspectionquerytool/InspectionSearch.aspx,2026-09-05
National Geographic Sea Lion,Lindblad Expeditions,8/16/2015,97,https://wwwn.cdc.gov/inspectionquerytool/InspectionSearch.aspx,2026-09-05
National Geographic Sea Lion,Lindblad Expeditions,5/22/2016,98,https://wwwn.cdc.gov/inspectionquerytool/InspectionSearch.aspx,2026-09-05
National Geographic Sea Lion,Lindblad Expeditions,9/18/2016,97,https://wwwn.cdc.gov/inspectionquerytool/InspectionSearch.aspx,2026-09-05
National Geographic Sea Lion,Lindblad Expeditions,4/28/2017,94,https://wwwn.cdc.gov/inspectionquerytool/InspectionSearch.aspx,2026-09-05
National Geographic Sea Lion,Lindblad Expeditions,5/6/2018,86,https://wwwn.cdc.gov/inspectionquerytool/InspectionSearch.aspx,2026-09-05
National Geographic Sea Lion,Lindblad Expeditions,7/6/2019,86,https://wwwn.cdc.gov/inspectionquerytool/InspectionSearch.aspx,2026-09-05
National Geographic Sea Lion,Lindblad Expeditions,6/21/2026,86,https://wwwn.cdc.gov/inspectionquerytool/InspectionSearch.aspx,2026-09-05
National Geographic Venture,Lindblad Expeditions,5/24/2025,100,https://wwwn.cdc.gov/inspectionquerytool/InspectionSearch.aspx,2026-09-05
Navigator of the Seas,Royal Caribbean International,8/3/2014,90,https://wwwn.cdc.gov/inspectionquerytool/InspectionSearch.aspx,2026-09-05
Navigator of the Seas,Royal Caribbean International,12/15/2015,96,https://wwwn.cdc.gov/inspectionquerytool/InspectionSearch.aspx,2026-09-05
Navigator of the Seas,Royal Caribbean International,4/26/2015,98,https://wwwn.cdc.gov/inspectionquerytool/InspectionSearch.aspx,2026-09-05
Navigator of the Seas,Royal Caribbean International,9/6/2015,97,https://wwwn.cdc.gov/inspectionquerytool/InspectionSearch.aspx,2026-09-05
Navigator of the Seas,Royal Caribbean International,11/30/2016,88,https://wwwn.cdc.gov/inspectionquerytool/InspectionSearch.aspx,2026-09-05
Navigator of the Seas,Royal Caribbean International,4/24/2016,97,https://wwwn.cdc.gov/inspectionquerytool/InspectionSearch.aspx,2026-09-05
Navigator of the Seas,Royal Caribbean International,12/3/2017,100,https://wwwn.cdc.gov/inspectionquerytool/InspectionSearch.aspx,2026-09-05
Navigator of the Seas,Royal Caribbean International,4/14/2017,99,https://wwwn.cdc.gov/inspectionquerytool/InspectionSearch.aspx,2026-09-05
Navigator of the Seas,Royal Caribbean International,9/20/2019,97,https://wwwn.cdc.gov/inspectionquerytool/InspectionSearch.aspx,2026-09-05
Navigator of the Seas,Royal Caribbean International,1/24/2020,97,https://wwwn.cdc.gov/inspectionquerytool/InspectionSearch.aspx,2026-09-05
Navigator of the Seas,Royal Caribbean International,1/7/2023,96,https://wwwn.cdc.gov/inspectionquerytool/InspectionSearch.aspx,2026-09-05
Navigator of the Seas,Royal Caribbean International,11/6/2023,96,https://wwwn.cdc.gov/inspectionquerytool/InspectionSearch.aspx,2026-09-05
Navigator of the Seas,Royal Caribbean International,11/15/2024,92,https://wwwn.cdc.gov/inspectionquerytool/InspectionSearch.aspx,2026-09-05
Navigator of the Seas,Royal Caribbean International,7/29/2024,96,https://wwwn.cdc.gov/inspectionquerytool/InspectionSearch.aspx,2026-09-05
Navigator of the Seas,Royal Caribbean International,6/30/2025,95,https://wwwn.cdc.gov/inspectionquerytool/InspectionSearch.aspx,2026-09-05
Navigator of the Seas,Royal Caribbean International,3/9/2026,96,https://wwwn.cdc.gov/inspectionquerytool/InspectionSearch.aspx,2026-09-05
Navigator of the Seas,Royal Caribbean International,7/10/2026,96,https://wwwn.cdc.gov/inspectionquerytool/InspectionSearch.aspx,2026-09-05
Nieuw Amsterdam,Holland America Line,1/25/2015,96,https://wwwn.cdc.gov/inspectionquerytool/InspectionSearch.aspx,2026-09-05
Nieuw Amsterdam,Holland America Line,11/22/2015,98,https://wwwn.cdc.gov/inspectionquerytool/InspectionSearch.aspx,2026-09-05
Nieuw Amsterdam,Holland America Line,3/1/2015,100,https://wwwn.cdc.gov/inspectionquerytool/InspectionSearch.aspx,2026-09-05
Nieuw Amsterdam,Holland America Line,12/22/2016,99,https://wwwn.cdc.gov/inspectionquerytool/InspectionSearch.aspx,2026-09-05
Nieuw Amsterdam,Holland America Line,6/20/2016,98,https://wwwn.cdc.gov/inspectionquerytool/InspectionSearch.aspx,2026-09-05
Nieuw Amsterdam,Holland America Line,6/5/2017,96,https://wwwn.cdc.gov/inspectionquerytool/InspectionSearch.aspx,2026-09-05
Nieuw Amsterdam,Holland America Line,8/7/2018,96,https://wwwn.cdc.gov/inspectionquerytool/InspectionSearch.aspx,2026-09-05
Nieuw Amsterdam,Holland America Line,6/17/2019,100,https://wwwn.cdc.gov/inspectionquerytool/InspectionSearch.aspx,2026-09-05
Nieuw Amsterdam,Holland America Line,3/26/2023,97,https://wwwn.cdc.gov/inspectionquerytool/InspectionSearch.aspx,2026-09-05
Nieuw Amsterdam,Holland America Line,3/19/2024,99,https://wwwn.cdc.gov/inspectionquerytool/InspectionSearch.aspx,2026-09-05
Nieuw Amsterdam,Holland America Line,1/26/2025,99,https://wwwn.cdc.gov/inspectionquerytool/InspectionSearch.aspx,2026-09-05
Nieuw Amsterdam,Holland America Line,7/10/2025,97,https://wwwn.cdc.gov/inspectionquerytool/InspectionSearch.aspx,2026-09-05
Nieuw Amsterdam,Holland America Line,7/10/2026,99,https://wwwn.cdc.gov/inspectionquerytool/InspectionSearch.aspx,2026-09-05
Nieuw Statendam,Holland America Line,4/7/2019,96,https://wwwn.cdc.gov/inspectionquerytool/InspectionSearch.aspx,2026-09-05
Nieuw Statendam,Holland America Line,10/3/2022,95,https://wwwn.cdc.gov/inspectionquerytool/InspectionSearch.aspx,2026-09-05
Nieuw Statendam,Holland America Line,12/7/2024,100,https://wwwn.cdc.gov/inspectionquerytool/InspectionSearch.aspx,2026-09-05
Nieuw Statendam,Holland America Line,3/10/2024,99,https://wwwn.cdc.gov/inspectionquerytool/InspectionSearch.aspx,2026-09-05
Nieuw Statendam,Holland America Line,1/7/2026,97,https://wwwn.cdc.gov/inspectionquerytool/InspectionSearch.aspx,2026-09-05
Noordam,Holland America Line,3/21/2014,99,https://wwwn.cdc.gov/inspectionquerytool/InspectionSearch.aspx,2026-09-05
Noordam,Holland America Line,1/5/2015,100,https://wwwn.cdc.gov/inspectionquerytool/InspectionSearch.aspx,2026-09-05
Noordam,Holland America Line,10/10/2015,99,https://wwwn.cdc.gov/inspectionquerytool/InspectionSearch.aspx,2026-09-05
Noordam,Holland America Line,7/21/2015,100,https://wwwn.cdc.gov/inspectionquerytool/InspectionSearch.aspx,2026-09-05
Noordam,Holland America Line,5/26/2016,100,https://wwwn.cdc.gov/inspectionquerytool/InspectionSearch.aspx,2026-09-05
Noordam,Holland America Line,4/22/2017,91,https://wwwn.cdc.gov/inspectionquerytool/InspectionSearch.aspx,2026-09-05
Noordam,Holland America Line,8/29/2018,100,https://wwwn.cdc.gov/inspectionquerytool/InspectionSearch.aspx,2026-09-05
Noordam,Holland America Line,7/4/2019,96,https://wwwn.cdc.gov/inspectionquerytool/InspectionSearch.aspx,2026-09-05
Noordam,Holland America Line,10/6/2023,95,https://wwwn.cdc.gov/inspectionquerytool/InspectionSearch.aspx,2026-09-05
Noordam,Holland America Line,4/23/2023,90,https://wwwn.cdc.gov/inspectionquerytool/InspectionSearch.aspx,2026-09-05
Noordam,Holland America Line,8/20/2024,96,https://wwwn.cdc.gov/inspectionquerytool/InspectionSearch.aspx,2026-09-05
Noordam,Holland America Line,6/20/2025,89,https://wwwn.cdc.gov/inspectionquerytool/InspectionSearch.aspx,2026-09-05
Noordam,Holland America Line,5/7/2026,100,https://wwwn.cdc.gov/inspectionquerytool/InspectionSearch.aspx,2026-09-05
Norwegian Aqua,Norwegian Cruise Lines,10/12/2025,97,https://wwwn.cdc.gov/inspectionquerytool/InspectionSearch.aspx,2026-09-05
Norwegian Aqua,Norwegian Cruise Lines,5/10/2025,96,https://wwwn.cdc.gov/inspectionquerytool/InspectionSearch.aspx,2026-09-05
Norwegian Aqua,Norwegian Cruise Lines,3/25/2026,100,https://wwwn.cdc.gov/inspectionquerytool/InspectionSearch.aspx,2026-09-05
Norwegian Bliss,Norwegian Cruise Lines,10/20/2018,95,https://wwwn.cdc.gov/inspectionquerytool/InspectionSearch.aspx,2026-09-05
Norwegian Bliss,Norwegian Cruise Lines,7/29/2023,100,https://wwwn.cdc.gov/inspectionquerytool/InspectionSearch.aspx,2026-09-05
Norwegian Bliss,Norwegian Cruise Lines,6/22/2024,100,https://wwwn.cdc.gov/inspectionquerytool/InspectionSearch.aspx,2026-09-05
Norwegian Bliss,Norwegian Cruise Lines,5/3/2025,93,https://wwwn.cdc.gov/inspectionquerytool/InspectionSearch.aspx,2026-09-05
Norwegian Bliss,Norwegian Cruise Lines,9/6/2025,93,https://wwwn.cdc.gov/inspectionquerytool/InspectionSearch.aspx,2026-09-05
Norwegian Breakaway,Norwegian Cruise Lines,3/18/2014,89,https://wwwn.cdc.gov/inspectionquerytool/InspectionSearch.aspx,2026-09-05
Norwegian Breakaway,Norwegian Cruise Lines,1/21/2015,91,https://wwwn.cdc.gov/inspectionquerytool/InspectionSearch.aspx,2026-09-05
Norwegian Breakaway,Norwegian Cruise Lines,11/8/2015,95,https://wwwn.cdc.gov/inspectionquerytool/InspectionSearch.aspx,2026-09-05
Norwegian Breakaway,Norwegian Cruise Lines,6/7/2015,100,https://wwwn.cdc.gov/inspectionquerytool/InspectionSearch.aspx,2026-09-05
Norwegian Breakaway,Norwegian Cruise Lines,5/8/2016,88,https://wwwn.cdc.gov/inspectionquerytool/InspectionSearch.aspx,2026-09-05
Norwegian Breakaway,Norwegian Cruise Lines,11/28/2017,89,https://wwwn.cdc.gov/inspectionquerytool/InspectionSearch.aspx,2026-09-05
Norwegian Breakaway,Norwegian Cruise Lines,3/21/2017,92,https://wwwn.cdc.gov/inspectionquerytool/InspectionSearch.aspx,2026-09-05
Norwegian Breakaway,Norwegian Cruise Lines,7/2/2017,95,https://wwwn.cdc.gov/inspectionquerytool/InspectionSearch.aspx,2026-09-05
Norwegian Breakaway,Norwegian Cruise Lines,4/10/2018,98,https://wwwn.cdc.gov/inspectionquerytool/InspectionSearch.aspx,2026-09-05
Norwegian Breakaway,Norwegian Cruise Lines,3/10/2019,84,https://wwwn.cdc.gov/inspectionquerytool/InspectionSearch.aspx,2026-09-05
Norwegian Breakaway,Norwegian Cruise Lines,6/30/2019,98,https://wwwn.cdc.gov/inspectionquerytool/InspectionSearch.aspx,2026-09-05
Norwegian Breakaway,Norwegian Cruise Lines,2/8/2020,99,https://wwwn.cdc.gov/inspectionquerytool/InspectionSearch.aspx,2026-09-05
Norwegian Breakaway,Norwegian Cruise Lines,10/5/2022,98,https://wwwn.cdc.gov/inspectionquerytool/InspectionSearch.aspx,2026-09-05
Norwegian Breakaway,Norwegian Cruise Lines,2/25/2024,100,https://wwwn.cdc.gov/inspectionquerytool/InspectionSearch.aspx,2026-09-05
Norwegian Breakaway,Norwegian Cruise Lines,9/22/2024,100,https://wwwn.cdc.gov/inspectionquerytool/InspectionSearch.aspx,2026-09-05
Norwegian Breakaway,Norwegian Cruise Lines,11/30/2025,95,https://wwwn.cdc.gov/inspectionquerytool/InspectionSearch.aspx,2026-09-05
Norwegian Breakaway,Norwegian Cruise Lines,4/26/2026,99,https://wwwn.cdc.gov/inspectionquerytool/InspectionSearch.aspx,2026-09-05
Norwegian Dawn,Norwegian Cruise Lines,7/4/2014,95,https://wwwn.cdc.gov/inspectionquerytool/InspectionSearch.aspx,2026-09-05
Norwegian Dawn,Norwegian Cruise Lines,3/8/2015,97,https://wwwn.cdc.gov/inspectionquerytool/InspectionSearch.aspx,2026-09-05
Norwegian Dawn,Norwegian Cruise Lines,8/28/2015,95,https://wwwn.cdc.gov/inspectionquerytool/InspectionSearch.aspx,2026-09-05
Norwegian Dawn,Norwegian Cruise Lines,12/16/2016,94,https://wwwn.cdc.gov/inspectionquerytool/InspectionSearch.aspx,2026-09-05
Norwegian Dawn,Norwegian Cruise Lines,7/8/2016,91,https://wwwn.cdc.gov/inspectionquerytool/InspectionSearch.aspx,2026-09-05
Norwegian Dawn,Norwegian Cruise Lines,9/12/2016,97,https://wwwn.cdc.gov/inspectionquerytool/InspectionSearch.aspx,2026-09-05
Norwegian Dawn,Norwegian Cruise Lines,10/7/2017,93,https://wwwn.cdc.gov/inspectionquerytool/InspectionSearch.aspx,2026-09-05
Norwegian Dawn,Norwegian Cruise Lines,4/9/2017,95,https://wwwn.cdc.gov/inspectionquerytool/InspectionSearch.aspx,2026-09-05
Norwegian Dawn,Norwegian Cruise Lines,6/8/2018,88,https://wwwn.cdc.gov/inspectionquerytool/InspectionSearch.aspx,2026-09-05
Norwegian Dawn,Norwegian Cruise Lines,7/8/2019,98,https://wwwn.cdc.gov/inspectionquerytool/InspectionSearch.aspx,2026-09-05
Norwegian Dawn,Norwegian Cruise Lines,1/30/2020,99,https://wwwn.cdc.gov/inspectionquerytool/InspectionSearch.aspx,2026-09-05
Norwegian Dawn,Norwegian Cruise Lines,3/12/2023,98,https://wwwn.cdc.gov/inspectionquerytool/InspectionSearch.aspx,2026-09-05
Norwegian Dawn,Norwegian Cruise Lines,11/23/2025,96,https://wwwn.cdc.gov/inspectionquerytool/InspectionSearch.aspx,2026-09-05
Norwegian Dawn,Norwegian Cruise Lines,3/29/2026,84,https://wwwn.cdc.gov/inspectionquerytool/InspectionSearch.aspx,2026-09-05
Norwegian Encore,Norwegian Cruise Lines,1/3/2023,94,https://wwwn.cdc.gov/inspectionquerytool/InspectionSearch.aspx,2026-09-05
Norwegian Encore,Norwegian Cruise Lines,8/8/2023,98,https://wwwn.cdc.gov/inspectionquerytool/InspectionSearch.aspx,2026-09-05
Norwegian Encore,Norwegian Cruise Lines,6/23/2024,99,https://wwwn.cdc.gov/inspectionquerytool/InspectionSearch.aspx,2026-09-05
Norwegian Encore,Norwegian Cruise Lines,3/12/2025,95,https://wwwn.cdc.gov/inspectionquerytool/InspectionSearch.aspx,2026-09-05
Norwegian Encore,Norwegian Cruise Lines,9/28/2025,100,https://wwwn.cdc.gov/inspectionquerytool/InspectionSearch.aspx,2026-09-05
Norwegian Epic,Norwegian Cruise Lines,3/30/2014,96,https://wwwn.cdc.gov/inspectionquerytool/InspectionSearch.aspx,2026-09-05
Norwegian Epic,Norwegian Cruise Lines,1/11/2015,92,https://wwwn.cdc.gov/inspectionquerytool/InspectionSearch.aspx,2026-09-05
Norwegian Epic,Norwegian Cruise Lines,4/19/2015,91,https://wwwn.cdc.gov/inspectionquerytool/InspectionSearch.aspx,2026-09-05
Norwegian Epic,Norwegian Cruise Lines,1/21/2017,99,https://wwwn.cdc.gov/inspectionquerytool/InspectionSearch.aspx,2026-09-05
Norwegian Epic,Norwegian Cruise Lines,12/18/2017,99,https://wwwn.cdc.gov/inspectionquerytool/InspectionSearch.aspx,2026-09-05
Norwegian Epic,Norwegian Cruise Lines,3/4/2017,100,https://wwwn.cdc.gov/inspectionquerytool/InspectionSearch.aspx,2026-09-05
Norwegian Epic,Norwegian Cruise Lines,3/17/2018,92,https://wwwn.cdc.gov/inspectionquerytool/InspectionSearch.aspx,2026-09-05
Norwegian Epic,Norwegian Cruise Lines,1/12/2019,96,https://wwwn.cdc.gov/inspectionquerytool/InspectionSearch.aspx,2026-09-05
Norwegian Epic,Norwegian Cruise Lines,2/6/2020,86,https://wwwn.cdc.gov/inspectionquerytool/InspectionSearch.aspx,2026-09-05
Norwegian Epic,Norwegian Cruise Lines,4/14/2023,89,https://wwwn.cdc.gov/inspectionquerytool/InspectionSearch.aspx,2026-09-05
Norwegian Epic,Norwegian Cruise Lines,1/28/2024,97,https://wwwn.cdc.gov/inspectionquerytool/InspectionSearch.aspx,2026-09-05
Norwegian Epic,Norwegian Cruise Lines,11/9/2024,97,https://wwwn.cdc.gov/inspectionquerytool/InspectionSearch.aspx,2026-09-05
Norwegian Epic,Norwegian Cruise Lines,12/21/2025,98,https://wwwn.cdc.gov/inspectionquerytool/InspectionSearch.aspx,2026-09-05
Norwegian Epic,Norwegian Cruise Lines,3/11/2025,89,https://wwwn.cdc.gov/inspectionquerytool/InspectionSearch.aspx,2026-09-05
Norwegian Epic,Norwegian Cruise Lines,3/29/2026,93,https://wwwn.cdc.gov/inspectionquerytool/InspectionSearch.aspx,2026-09-05
Norwegian Escape,Norwegian Cruise Lines,12/12/2015,92,https://wwwn.cdc.gov/inspectionquerytool/InspectionSearch.aspx,2026-09-05
Norwegian Escape,Norwegian Cruise Lines,12/17/2016,100,https://wwwn.cdc.gov/inspectionquerytool/InspectionSearch.aspx,2026-09-05
Norwegian Escape,Norwegian Cruise Lines,4/23/2016,97,https://wwwn.cdc.gov/inspectionquerytool/InspectionSearch.aspx,2026-09-05
Norwegian Escape,Norwegian Cruise Lines,6/3/2017,91,https://wwwn.cdc.gov/inspectionquerytool/InspectionSearch.aspx,2026-09-05
Norwegian Escape,Norwegian Cruise Lines,1/20/2018,97,https://wwwn.cdc.gov/inspectionquerytool/InspectionSearch.aspx,2026-09-05
Norwegian Escape,Norwegian Cruise Lines,8/12/2018,97,https://wwwn.cdc.gov/inspectionquerytool/InspectionSearch.aspx,2026-09-05
Norwegian Escape,Norwegian Cruise Lines,7/28/2019,97,https://wwwn.cdc.gov/inspectionquerytool/InspectionSearch.aspx,2026-09-05
Norwegian Escape,Norwegian Cruise Lines,1/27/2024,100,https://wwwn.cdc.gov/inspectionquerytool/InspectionSearch.aspx,2026-09-05
Norwegian Escape,Norwegian Cruise Lines,1/6/2025,100,https://wwwn.cdc.gov/inspectionquerytool/InspectionSearch.aspx,2026-09-05
Norwegian Escape,Norwegian Cruise Lines,7/6/2025,98,https://wwwn.cdc.gov/inspectionquerytool/InspectionSearch.aspx,2026-09-05
Norwegian Escape,Norwegian Cruise Lines,4/3/2026,96,https://wwwn.cdc.gov/inspectionquerytool/InspectionSearch.aspx,2026-09-05
Norwegian Gem,Norwegian Cruise Lines,3/3/2014,97,https://wwwn.cdc.gov/inspectionquerytool/InspectionSearch.aspx,2026-09-05
Norwegian Gem,Norwegian Cruise Lines,7/5/2014,95,https://wwwn.cdc.gov/inspectionquerytool/InspectionSearch.aspx,2026-09-05
Norwegian Gem,Norwegian Cruise Lines,8/24/2015,97,https://wwwn.cdc.gov/inspectionquerytool/InspectionSearch.aspx,2026-09-05
Norwegian Gem,Norwegian Cruise Lines,3/27/2016,99,https://wwwn.cdc.gov/inspectionquerytool/InspectionSearch.aspx,2026-09-05
Norwegian Gem,Norwegian Cruise Lines,8/20/2016,100,https://wwwn.cdc.gov/inspectionquerytool/InspectionSearch.aspx,2026-09-05
Norwegian Gem,Norwegian Cruise Lines,7/17/2017,100,https://wwwn.cdc.gov/inspectionquerytool/InspectionSearch.aspx,2026-09-05
Norwegian Gem,Norwegian Cruise Lines,1/13/2018,99,https://wwwn.cdc.gov/inspectionquerytool/InspectionSearch.aspx,2026-09-05
Norwegian Gem,Norwegian Cruise Lines,12/10/2018,100,https://wwwn.cdc.gov/inspectionquerytool/InspectionSearch.aspx,2026-09-05
Norwegian Gem,Norwegian Cruise Lines,4/2/2019,99,https://wwwn.cdc.gov/inspectionquerytool/InspectionSearch.aspx,2026-09-05
Norwegian Gem,Norwegian Cruise Lines,1/22/2023,94,https://wwwn.cdc.gov/inspectionquerytool/InspectionSearch.aspx,2026-09-05
Norwegian Gem,Norwegian Cruise Lines,1/2/2024,100,https://wwwn.cdc.gov/inspectionquerytool/InspectionSearch.aspx,2026-09-05
Norwegian Gem,Norwegian Cruise Lines,10/18/2024,99,https://wwwn.cdc.gov/inspectionquerytool/InspectionSearch.aspx,2026-09-05
Norwegian Gem,Norwegian Cruise Lines,12/12/2025,100,https://wwwn.cdc.gov/inspectionquerytool/InspectionSearch.aspx,2026-09-05
Norwegian Gem,Norwegian Cruise Lines,4/13/2025,99,https://wwwn.cdc.gov/inspectionquerytool/InspectionSearch.aspx,2026-09-05
Norwegian Gem,Norwegian Cruise Lines,3/23/2026,94,https://wwwn.cdc.gov/inspectionquerytool/InspectionSearch.aspx,2026-09-05
Norwegian Getaway,Norwegian Cruise Lines,3/8/2014,96,https://wwwn.cdc.gov/inspectionquerytool/InspectionSearch.aspx,2026-09-05
Norwegian Getaway,Norwegian Cruise Lines,8/23/2014,97,https://wwwn.cdc.gov/inspectionquerytool/InspectionSearch.aspx,2026-09-05
Norwegian Getaway,Norwegian Cruise Lines,1/31/2015,92,https://wwwn.cdc.gov/inspectionquerytool/InspectionSearch.aspx,2026-09-05
Norwegian Getaway,Norwegian Cruise Lines,9/26/2015,100,https://wwwn.cdc.gov/inspectionquerytool/InspectionSearch.aspx,2026-09-05
Norwegian Getaway,Norwegian Cruise Lines,2/21/2016,98,https://wwwn.cdc.gov/inspectionquerytool/InspectionSearch.aspx,2026-09-05
Norwegian Getaway,Norwegian Cruise Lines,6/26/2016,100,https://wwwn.cdc.gov/inspectionquerytool/InspectionSearch.aspx,2026-09-05
Norwegian Getaway,Norwegian Cruise Lines,4/23/2017,95,https://wwwn.cdc.gov/inspectionquerytool/InspectionSearch.aspx,2026-09-05
Norwegian Getaway,Norwegian Cruise Lines,1/6/2019,97,https://wwwn.cdc.gov/inspectionquerytool/InspectionSearch.aspx,2026-09-05
Norwegian Getaway,Norwegian Cruise Lines,4/15/2024,98,https://wwwn.cdc.gov/inspectionquerytool/InspectionSearch.aspx,2026-09-05
Norwegian Getaway,Norwegian Cruise Lines,3/23/2025,99,https://wwwn.cdc.gov/inspectionquerytool/InspectionSearch.aspx,2026-09-05
Norwegian Getaway,Norwegian Cruise Lines,8/20/2025,98,https://wwwn.cdc.gov/inspectionquerytool/InspectionSearch.aspx,2026-09-05
Norwegian Getaway,Norwegian Cruise Lines,1/29/2026,98,https://wwwn.cdc.gov/inspectionquerytool/InspectionSearch.aspx,2026-09-05
Norwegian Getaway,Norwegian Cruise Lines,5/8/2026,92,https://wwwn.cdc.gov/inspectionquerytool/InspectionSearch.aspx,2026-09-05
Norwegian Jade,Norwegian Cruise Lines,12/19/2015,97,https://wwwn.cdc.gov/inspectionquerytool/InspectionSearch.aspx,2026-09-05
Norwegian Jade,Norwegian Cruise Lines,1/25/2017,99,https://wwwn.cdc.gov/inspectionquerytool/InspectionSearch.aspx,2026-09-05
Norwegian Jade,Norwegian Cruise Lines,11/6/2017,97,https://wwwn.cdc.gov/inspectionquerytool/InspectionSearch.aspx,2026-09-05
Norwegian Jade,Norwegian Cruise Lines,3/2/2017,91,https://wwwn.cdc.gov/inspectionquerytool/InspectionSearch.aspx,2026-09-05
Norwegian Jade,Norwegian Cruise Lines,10/31/2018,93,https://wwwn.cdc.gov/inspectionquerytool/InspectionSearch.aspx,2026-09-05
Norwegian Jade,Norwegian Cruise Lines,3/4/2019,92,https://wwwn.cdc.gov/inspectionquerytool/InspectionSearch.aspx,2026-09-05
Norwegian Jade,Norwegian Cruise Lines,10/21/2024,100,https://wwwn.cdc.gov/inspectionquerytool/InspectionSearch.aspx,2026-09-05
Norwegian Jade,Norwegian Cruise Lines,2/18/2024,98,https://wwwn.cdc.gov/inspectionquerytool/InspectionSearch.aspx,2026-09-05
Norwegian Jade,Norwegian Cruise Lines,10/3/2025,99,https://wwwn.cdc.gov/inspectionquerytool/InspectionSearch.aspx,2026-09-05
Norwegian Jade,Norwegian Cruise Lines,3/28/2025,99,https://wwwn.cdc.gov/inspectionquerytool/InspectionSearch.aspx,2026-09-05
Norwegian Jade,Norwegian Cruise Lines,4/17/2026,95,https://wwwn.cdc.gov/inspectionquerytool/InspectionSearch.aspx,2026-09-05
Norwegian Jewel,Norwegian Cruise Lines,5/31/2014,100,https://wwwn.cdc.gov/inspectionquerytool/InspectionSearch.aspx,2026-09-05
Norwegian Jewel,Norwegian Cruise Lines,11/8/2015,100,https://wwwn.cdc.gov/inspectionquerytool/InspectionSearch.aspx,2026-09-05
Norwegian Jewel,Norwegian Cruise Lines,8/15/2015,94,https://wwwn.cdc.gov/inspectionquerytool/InspectionSearch.aspx,2026-09-05
Norwegian Jewel,Norwegian Cruise Lines,10/23/2016,98,https://wwwn.cdc.gov/inspectionquerytool/InspectionSearch.aspx,2026-09-05
Norwegian Jewel,Norwegian Cruise Lines,5/11/2016,91,https://wwwn.cdc.gov/inspectionquerytool/InspectionSearch.aspx,2026-09-05
Norwegian Jewel,Norwegian Cruise Lines,3/26/2017,100,https://wwwn.cdc.gov/inspectionquerytool/InspectionSearch.aspx,2026-09-05
Norwegian Jewel,Norwegian Cruise Lines,5/22/2018,97,https://wwwn.cdc.gov/inspectionquerytool/InspectionSearch.aspx,2026-09-05
Norwegian Jewel,Norwegian Cruise Lines,6/20/2019,97,https://wwwn.cdc.gov/inspectionquerytool/InspectionSearch.aspx,2026-09-05
Norwegian Jewel,Norwegian Cruise Lines,1/14/2023,99,https://wwwn.cdc.gov/inspectionquerytool/InspectionSearch.aspx,2026-09-05
Norwegian Jewel,Norwegian Cruise Lines,7/24/2024,100,https://wwwn.cdc.gov/inspectionquerytool/InspectionSearch.aspx,2026-09-05
Norwegian Jewel,Norwegian Cruise Lines,4/23/2025,98,https://wwwn.cdc.gov/inspectionquerytool/InspectionSearch.aspx,2026-09-05
Norwegian Jewel,Norwegian Cruise Lines,8/22/2025,99,https://wwwn.cdc.gov/inspectionquerytool/InspectionSearch.aspx,2026-09-05
Norwegian Jewel,Norwegian Cruise Lines,1/30/2026,99,https://wwwn.cdc.gov/inspectionquerytool/InspectionSearch.aspx,2026-09-05
Norwegian Joy,Norwegian Cruise Lines,10/27/2019,93,https://wwwn.cdc.gov/inspectionquerytool/InspectionSearch.aspx,2026-09-05
Norwegian Joy,Norwegian Cruise Lines,4/8/2023,100,https://wwwn.cdc.gov/inspectionquerytool/InspectionSearch.aspx,2026-09-05
Norwegian Joy,Norwegian Cruise Lines,4/9/2024,97,https://wwwn.cdc.gov/inspectionquerytool/InspectionSearch.aspx,2026-09-05
Norwegian Joy,Norwegian Cruise Lines,9/3/2024,96,https://wwwn.cdc.gov/inspectionquerytool/InspectionSearch.aspx,2026-09-05
Norwegian Joy,Norwegian Cruise Lines,5/2/2025,94,https://wwwn.cdc.gov/inspectionquerytool/InspectionSearch.aspx,2026-09-05
Norwegian Joy,Norwegian Cruise Lines,9/29/2025,99,https://wwwn.cdc.gov/inspectionquerytool/InspectionSearch.aspx,2026-09-05
Norwegian Luna,Norwegian Cruise Lines,4/21/2026,100,https://wwwn.cdc.gov/inspectionquerytool/InspectionSearch.aspx,2026-09-05
Norwegian Pearl,Norwegian Cruise Lines,11/20/2014,95,https://wwwn.cdc.gov/inspectionquerytool/InspectionSearch.aspx,2026-09-05
Norwegian Pearl,Norwegian Cruise Lines,6/24/2014,95,https://wwwn.cdc.gov/inspectionquerytool/InspectionSearch.aspx,2026-09-05
Norwegian Pearl,Norwegian Cruise Lines,12/10/2015,95,https://wwwn.cdc.gov/inspectionquerytool/InspectionSearch.aspx,2026-09-05
Norwegian Pearl,Norwegian Cruise Lines,5/4/2015,97,https://wwwn.cdc.gov/inspectionquerytool/InspectionSearch.aspx,2026-09-05
Norwegian Pearl,Norwegian Cruise Lines,5/12/2016,95,https://wwwn.cdc.gov/inspectionquerytool/InspectionSearch.aspx,2026-09-05
Norwegian Pearl,Norwegian Cruise Lines,1/9/2017,92,https://wwwn.cdc.gov/inspectionquerytool/InspectionSearch.aspx,2026-09-05
Norwegian Pearl,Norwegian Cruise Lines,12/5/2017,99,https://wwwn.cdc.gov/inspectionquerytool/InspectionSearch.aspx,2026-09-05
Norwegian Pearl,Norwegian Cruise Lines,8/8/2018,97,https://wwwn.cdc.gov/inspectionquerytool/InspectionSearch.aspx,2026-09-05
Norwegian Pearl,Norwegian Cruise Lines,12/13/2019,99,https://wwwn.cdc.gov/inspectionquerytool/InspectionSearch.aspx,2026-09-05
Norwegian Pearl,Norwegian Cruise Lines,12/29/2023,90,https://wwwn.cdc.gov/inspectionquerytool/InspectionSearch.aspx,2026-09-05
Norwegian Pearl,Norwegian Cruise Lines,3/3/2023,100,https://wwwn.cdc.gov/inspectionquerytool/InspectionSearch.aspx,2026-09-05
Norwegian Pearl,Norwegian Cruise Lines,12/14/2024,96,https://wwwn.cdc.gov/inspectionquerytool/InspectionSearch.aspx,2026-09-05
Norwegian Pearl,Norwegian Cruise Lines,12/8/2025,95,https://wwwn.cdc.gov/inspectionquerytool/InspectionSearch.aspx,2026-09-05
Norwegian Pearl,Norwegian Cruise Lines,3/27/2025,98,https://wwwn.cdc.gov/inspectionquerytool/InspectionSearch.aspx,2026-09-05
Norwegian Pearl,Norwegian Cruise Lines,4/3/2026,98,https://wwwn.cdc.gov/inspectionquerytool/InspectionSearch.aspx,2026-09-05
Norwegian Prima,Norwegian Cruise Lines,10/6/2022,97,https://wwwn.cdc.gov/inspectionquerytool/InspectionSearch.aspx,2026-09-05
Norwegian Prima,Norwegian Cruise Lines,12/5/2023,97,https://wwwn.cdc.gov/inspectionquerytool/InspectionSearch.aspx,2026-09-05
Norwegian Prima,Norwegian Cruise Lines,1/2/2025,97,https://wwwn.cdc.gov/inspectionquerytool/InspectionSearch.aspx,2026-09-05
Norwegian Prima,Norwegian Cruise Lines,12/7/2025,98,https://wwwn.cdc.gov/inspectionquerytool/InspectionSearch.aspx,2026-09-05
Norwegian Prima,Norwegian Cruise Lines,6/3/2026,99,https://wwwn.cdc.gov/inspectionquerytool/InspectionSearch.aspx,2026-09-05
Norwegian Spirit,Norwegian Cruise Lines,12/5/2015,100,https://wwwn.cdc.gov/inspectionquerytool/InspectionSearch.aspx,2026-09-05
Norwegian Spirit,Norwegian Cruise Lines,3/29/2016,100,https://wwwn.cdc.gov/inspectionquerytool/InspectionSearch.aspx,2026-09-05
Norwegian Spirit,Norwegian Cruise Lines,4/24/2023,97,https://wwwn.cdc.gov/inspectionquerytool/InspectionSearch.aspx,2026-09-05
Norwegian Star,Norwegian Cruise Lines,10/20/2014,91,https://wwwn.cdc.gov/inspectionquerytool/InspectionSearch.aspx,2026-09-05
Norwegian Star,Norwegian Cruise Lines,4/25/2014,95,https://wwwn.cdc.gov/inspectionquerytool/InspectionSearch.aspx,2026-09-05
Norwegian Star,Norwegian Cruise Lines,10/19/2015,94,https://wwwn.cdc.gov/inspectionquerytool/InspectionSearch.aspx,2026-09-05
Norwegian Star,Norwegian Cruise Lines,4/5/2015,91,https://wwwn.cdc.gov/inspectionquerytool/InspectionSearch.aspx,2026-09-05
Norwegian Star,Norwegian Cruise Lines,3/13/2016,94,https://wwwn.cdc.gov/inspectionquerytool/InspectionSearch.aspx,2026-09-05
Norwegian Star,Norwegian Cruise Lines,1/19/2018,95,https://wwwn.cdc.gov/inspectionquerytool/InspectionSearch.aspx,2026-09-05
Norwegian Star,Norwegian Cruise Lines,11/19/2018,94,https://wwwn.cdc.gov/inspectionquerytool/InspectionSearch.aspx,2026-09-05
Norwegian Star,Norwegian Cruise Lines,7/13/2024,98,https://wwwn.cdc.gov/inspectionquerytool/InspectionSearch.aspx,2026-09-05
Norwegian Star,Norwegian Cruise Lines,12/5/2025,99,https://wwwn.cdc.gov/inspectionquerytool/InspectionSearch.aspx,2026-09-05
Norwegian Star,Norwegian Cruise Lines,8/7/2025,100,https://wwwn.cdc.gov/inspectionquerytool/InspectionSearch.aspx,2026-09-05
Norwegian Sun,Norwegian Cruise Lines,1/9/2015,97,https://wwwn.cdc.gov/inspectionquerytool/InspectionSearch.aspx,2026-09-05
Norwegian Sun,Norwegian Cruise Lines,11/4/2015,91,https://wwwn.cdc.gov/inspectionquerytool/InspectionSearch.aspx,2026-09-05
Norwegian Sun,Norwegian Cruise Lines,7/22/2015,94,https://wwwn.cdc.gov/inspectionquerytool/InspectionSearch.aspx,2026-09-05
Norwegian Sun,Norwegian Cruise Lines,11/2/2016,94,https://wwwn.cdc.gov/inspectionquerytool/InspectionSearch.aspx,2026-09-05
Norwegian Sun,Norwegian Cruise Lines,6/17/2016,94,https://wwwn.cdc.gov/inspectionquerytool/InspectionSearch.aspx,2026-09-05
Norwegian Sun,Norwegian Cruise Lines,12/8/2017,90,https://wwwn.cdc.gov/inspectionquerytool/InspectionSearch.aspx,2026-09-05
Norwegian Sun,Norwegian Cruise Lines,12/7/2018,97,https://wwwn.cdc.gov/inspectionquerytool/InspectionSearch.aspx,2026-09-05
Norwegian Sun,Norwegian Cruise Lines,6/15/2018,99,https://wwwn.cdc.gov/inspectionquerytool/InspectionSearch.aspx,2026-09-05
Norwegian Sun,Norwegian Cruise Lines,11/20/2019,99,https://wwwn.cdc.gov/inspectionquerytool/InspectionSearch.aspx,2026-09-05
Norwegian Sun,Norwegian Cruise Lines,10/31/2022,98,https://wwwn.cdc.gov/inspectionquerytool/InspectionSearch.aspx,2026-09-05
Norwegian Sun,Norwegian Cruise Lines,7/28/2023,100,https://wwwn.cdc.gov/inspectionquerytool/InspectionSearch.aspx,2026-09-05
Norwegian Sun,Norwegian Cruise Lines,5/10/2024,92,https://wwwn.cdc.gov/inspectionquerytool/InspectionSearch.aspx,2026-09-05
Norwegian Sun,Norwegian Cruise Lines,6/18/2025,95,https://wwwn.cdc.gov/inspectionquerytool/InspectionSearch.aspx,2026-09-05
Norwegian Viva,Norwegian Cruise Lines,2/11/2024,93,https://wwwn.cdc.gov/inspectionquerytool/InspectionSearch.aspx,2026-09-05
Norwegian Viva,Norwegian Cruise Lines,12/13/2025,96,https://wwwn.cdc.gov/inspectionquerytool/InspectionSearch.aspx,2026-09-05
Norwegian Viva,Norwegian Cruise Lines,3/9/2025,97,https://wwwn.cdc.gov/inspectionquerytool/InspectionSearch.aspx,2026-09-05
Norwegian Viva,Norwegian Cruise Lines,4/14/2026,100,https://wwwn.cdc.gov/inspectionquerytool/InspectionSearch.aspx,2026-09-05
Oasis of the Seas,Royal Caribbean International,1/14/2014,97,https://wwwn.cdc.gov/inspectionquerytool/InspectionSearch.aspx,2026-09-05
Oasis of the Seas,Royal Caribbean International,6/7/2014,97,https://wwwn.cdc.gov/inspectionquerytool/InspectionSearch.aspx,2026-09-05
Oasis of the Seas,Royal Caribbean International,6/20/2015,97,https://wwwn.cdc.gov/inspectionquerytool/InspectionSearch.aspx,2026-09-05
Oasis of the Seas,Royal Caribbean International,1/23/2016,99,https://wwwn.cdc.gov/inspectionquerytool/InspectionSearch.aspx,2026-09-05
Oasis of the Seas,Royal Caribbean International,5/7/2017,87,https://wwwn.cdc.gov/inspectionquerytool/InspectionSearch.aspx,2026-09-05
Oasis of the Seas,Royal Caribbean International,9/3/2017,97,https://wwwn.cdc.gov/inspectionquerytool/InspectionSearch.aspx,2026-09-05
Oasis of the Seas,Royal Caribbean International,12/2/2018,98,https://wwwn.cdc.gov/inspectionquerytool/InspectionSearch.aspx,2026-09-05
Oasis of the Seas,Royal Caribbean International,8/5/2018,93,https://wwwn.cdc.gov/inspectionquerytool/InspectionSearch.aspx,2026-09-05
Oasis of the Seas,Royal Caribbean International,7/14/2023,92,https://wwwn.cdc.gov/inspectionquerytool/InspectionSearch.aspx,2026-09-05
Oasis of the Seas,Royal Caribbean International,3/17/2024,94,https://wwwn.cdc.gov/inspectionquerytool/InspectionSearch.aspx,2026-09-05
Oasis of the Seas,Royal Caribbean International,1/25/2025,98,https://wwwn.cdc.gov/inspectionquerytool/InspectionSearch.aspx,2026-09-05
Oasis of the Seas,Royal Caribbean International,10/5/2025,95,https://wwwn.cdc.gov/inspectionquerytool/InspectionSearch.aspx,2026-09-05
Oasis of the Seas,Royal Caribbean International,6/5/2025,93,https://wwwn.cdc.gov/inspectionquerytool/InspectionSearch.aspx,2026-09-05
Oceania Allura,Oceania Cruises,9/28/2025,100,https://wwwn.cdc.gov/inspectionquerytool/InspectionSearch.aspx,2026-09-05
Oceania Allura,Oceania Cruises,3/23/2026,100,https://wwwn.cdc.gov/inspectionquerytool/InspectionSearch.aspx,2026-09-05
Oceania Insignia,Oceania Cruises,10/31/2014,96,https://wwwn.cdc.gov/inspectionquerytool/InspectionSearch.aspx,2026-09-05
Oceania Insignia,Oceania Cruises,7/13/2015,92,https://wwwn.cdc.gov/inspectionquerytool/InspectionSearch.aspx,2026-09-05
Oceania Insignia,Oceania Cruises,1/4/2016,94,https://wwwn.cdc.gov/inspectionquerytool/InspectionSearch.aspx,2026-09-05
Oceania Insignia,Oceania Cruises,12/23/2016,88,https://wwwn.cdc.gov/inspectionquerytool/InspectionSearch.aspx,2026-09-05
Oceania Insignia,Oceania Cruises,7/1/2016,98,https://wwwn.cdc.gov/inspectionquerytool/InspectionSearch.aspx,2026-09-05
Oceania Insignia,Oceania Cruises,12/21/2017,97,https://wwwn.cdc.gov/inspectionquerytool/InspectionSearch.aspx,2026-09-05
Oceania Insignia,Oceania Cruises,7/6/2017,100,https://wwwn.cdc.gov/inspectionquerytool/InspectionSearch.aspx,2026-09-05
Oceania Insignia,Oceania Cruises,12/17/2018,80,https://wwwn.cdc.gov/inspectionquerytool/InspectionSearch.aspx,2026-09-05
Oceania Insignia,Oceania Cruises,8/26/2018,98,https://wwwn.cdc.gov/inspectionquerytool/InspectionSearch.aspx,2026-09-05
Oceania Insignia,Oceania Cruises,7/11/2019,94,https://wwwn.cdc.gov/inspectionquerytool/InspectionSearch.aspx,2026-09-05
Oceania Insignia,Oceania Cruises,1/8/2020,95,https://wwwn.cdc.gov/inspectionquerytool/InspectionSearch.aspx,2026-09-05
Oceania Insignia,Oceania Cruises,9/13/2023,99,https://wwwn.cdc.gov/inspectionquerytool/InspectionSearch.aspx,2026-09-05
Oceania Insignia,Oceania Cruises,7/12/2024,97,https://wwwn.cdc.gov/inspectionquerytool/InspectionSearch.aspx,2026-09-05
Oceania Insignia,Oceania Cruises,12/7/2025,100,https://wwwn.cdc.gov/inspectionquerytool/InspectionSearch.aspx,2026-09-05
Oceania Insignia,Oceania Cruises,7/21/2025,94,https://wwwn.cdc.gov/inspectionquerytool/InspectionSearch.aspx,2026-09-05
Oceania Insignia,Oceania Cruises,5/4/2026,97,https://wwwn.cdc.gov/inspectionquerytool/InspectionSearch.aspx,2026-09-05
Oceania Marina,Oceania Cruises,5/3/2015,95,https://wwwn.cdc.gov/inspectionquerytool/InspectionSearch.aspx,2026-09-05
Oceania Marina,Oceania Cruises,5/10/2016,96,https://wwwn.cdc.gov/inspectionquerytool/InspectionSearch.aspx,2026-09-05
Oceania Marina,Oceania Cruises,12/29/2017,97,https://wwwn.cdc.gov/inspectionquerytool/InspectionSearch.aspx,2026-09-05
Oceania Marina,Oceania Cruises,4/10/2017,100,https://wwwn.cdc.gov/inspectionquerytool/InspectionSearch.aspx,2026-09-05
Oceania Marina,Oceania Cruises,4/22/2018,97,https://wwwn.cdc.gov/inspectionquerytool/InspectionSearch.aspx,2026-09-05
Oceania Marina,Oceania Cruises,1/22/2020,95,https://wwwn.cdc.gov/inspectionquerytool/InspectionSearch.aspx,2026-09-05
Oceania Marina,Oceania Cruises,12/4/2024,98,https://wwwn.cdc.gov/inspectionquerytool/InspectionSearch.aspx,2026-09-05
Oceania Marina,Oceania Cruises,4/7/2026,98,https://wwwn.cdc.gov/inspectionquerytool/InspectionSearch.aspx,2026-09-05
Oceania Nautica,Oceania Cruises,12/3/2024,99,https://wwwn.cdc.gov/inspectionquerytool/InspectionSearch.aspx,2026-09-05
Oceania Nautica,Oceania Cruises,9/26/2024,99,https://wwwn.cdc.gov/inspectionquerytool/InspectionSearch.aspx,2026-09-05
Oceania Nautica,Oceania Cruises,12/20/2025,97,https://wwwn.cdc.gov/inspectionquerytool/InspectionSearch.aspx,2026-09-05
Oceania Nautica,Oceania Cruises,3/27/2026,97,https://wwwn.cdc.gov/inspectionquerytool/InspectionSearch.aspx,2026-09-05
Oceania Regatta,Oceania Cruises,10/25/2014,97,https://wwwn.cdc.gov/inspectionquerytool/InspectionSearch.aspx,2026-09-05
Oceania Regatta,Oceania Cruises,6/19/2014,92,https://wwwn.cdc.gov/inspectionquerytool/InspectionSearch.aspx,2026-09-05
Oceania Regatta,Oceania Cruises,12/9/2015,95,https://wwwn.cdc.gov/inspectionquerytool/InspectionSearch.aspx,2026-09-05
Oceania Regatta,Oceania Cruises,9/2/2015,99,https://wwwn.cdc.gov/inspectionquerytool/InspectionSearch.aspx,2026-09-05
Oceania Regatta,Oceania Cruises,9/20/2016,100,https://wwwn.cdc.gov/inspectionquerytool/InspectionSearch.aspx,2026-09-05
Oceania Regatta,Oceania Cruises,4/14/2017,84,https://wwwn.cdc.gov/inspectionquerytool/InspectionSearch.aspx,2026-09-05
Oceania Regatta,Oceania Cruises,5/15/2017,99,https://wwwn.cdc.gov/inspectionquerytool/InspectionSearch.aspx,2026-09-05
Oceania Regatta,Oceania Cruises,6/29/2018,89,https://wwwn.cdc.gov/inspectionquerytool/InspectionSearch.aspx,2026-09-05
Oceania Regatta,Oceania Cruises,7/9/2019,94,https://wwwn.cdc.gov/inspectionquerytool/InspectionSearch.aspx,2026-09-05
Oceania Regatta,Oceania Cruises,6/9/2023,100,https://wwwn.cdc.gov/inspectionquerytool/InspectionSearch.aspx,2026-09-05
Oceania Regatta,Oceania Cruises,7/22/2024,100,https://wwwn.cdc.gov/inspectionquerytool/InspectionSearch.aspx,2026-09-05
Oceania Regatta,Oceania Cruises,11/2/2025,99,https://wwwn.cdc.gov/inspectionquerytool/InspectionSearch.aspx,2026-09-05
Oceania Riviera,Oceania Cruises,11/29/2014,97,https://wwwn.cdc.gov/inspectionquerytool/InspectionSearch.aspx,2026-09-05
Oceania Riviera,Oceania Cruises,4/7/2014,99,https://wwwn.cdc.gov/inspectionquerytool/InspectionSearch.aspx,2026-09-05
Oceania Riviera,Oceania Cruises,12/22/2015,94,https://wwwn.cdc.gov/inspectionquerytool/InspectionSearch.aspx,2026-09-05
Oceania Riviera,Oceania Cruises,3/3/2016,96,https://wwwn.cdc.gov/inspectionquerytool/InspectionSearch.aspx,2026-09-05
Oceania Riviera,Oceania Cruises,1/3/2018,95,https://wwwn.cdc.gov/inspectionquerytool/InspectionSearch.aspx,2026-09-05
Oceania Riviera,Oceania Cruises,12/22/2018,97,https://wwwn.cdc.gov/inspectionquerytool/InspectionSearch.aspx,2026-09-05
Oceania Riviera,Oceania Cruises,3/28/2018,97,https://wwwn.cdc.gov/inspectionquerytool/InspectionSearch.aspx,2026-09-05
Oceania Riviera,Oceania Cruises,3/2/2023,100,https://wwwn.cdc.gov/inspectionquerytool/InspectionSearch.aspx,2026-09-05
Oceania Riviera,Oceania Cruises,6/19/2025,99,https://wwwn.cdc.gov/inspectionquerytool/InspectionSearch.aspx,2026-09-05
Oceania Riviera,Oceania Cruises,5/25/2026,100,https://wwwn.cdc.gov/inspectionquerytool/InspectionSearch.aspx,2026-09-05
Oceania Sirena,Oceania Cruises,12/15/2017,85,https://wwwn.cdc.gov/inspectionquerytool/InspectionSearch.aspx,2026-09-05
Oceania Sirena,Oceania Cruises,5/31/2017,95,https://wwwn.cdc.gov/inspectionquerytool/InspectionSearch.aspx,2026-09-05
Oceania Sirena,Oceania Cruises,5/4/2018,91,https://wwwn.cdc.gov/inspectionquerytool/InspectionSearch.aspx,2026-09-05
Oceania Sirena,Oceania Cruises,1/20/2019,88,https://wwwn.cdc.gov/inspectionquerytool/InspectionSearch.aspx,2026-09-05
Oceania Sirena,Oceania Cruises,1/11/2023,96,https://wwwn.cdc.gov/inspectionquerytool/InspectionSearch.aspx,2026-09-05
Oceania Sirena,Oceania Cruises,12/4/2024,98,https://wwwn.cdc.gov/inspectionquerytool/InspectionSearch.aspx,2026-09-05
Oceania Vista,Oceania Cruises,9/20/2023,100,https://wwwn.cdc.gov/inspectionquerytool/InspectionSearch.aspx,2026-09-05
Oceania Vista,Oceania Cruises,12/17/2024,100,https://wwwn.cdc.gov/inspectionquerytool/InspectionSearch.aspx,2026-09-05
Oceania Vista,Oceania Cruises,12/3/2025,100,https://wwwn.cdc.gov/inspectionquerytool/InspectionSearch.aspx,2026-09-05
Oceania Vista,Oceania Cruises,5/1/2025,100,https://wwwn.cdc.gov/inspectionquerytool/InspectionSearch.aspx,2026-09-05
Oceania Vista,Oceania Cruises,7/6/2026,100,https://wwwn.cdc.gov/inspectionquerytool/InspectionSearch.aspx,2026-09-05
Odyssey of the Seas,Royal Caribbean International,3/5/2023,97,https://wwwn.cdc.gov/inspectionquerytool/InspectionSearch.aspx,2026-09-05
Odyssey of the Seas,Royal Caribbean International,12/10/2024,95,https://wwwn.cdc.gov/inspectionquerytool/InspectionSearch.aspx,2026-09-05
Odyssey of the Seas,Royal Caribbean International,3/30/2024,99,https://wwwn.cdc.gov/inspectionquerytool/InspectionSearch.aspx,2026-09-05
Odyssey of the Seas,Royal Caribbean International,11/18/2025,99,https://wwwn.cdc.gov/inspectionquerytool/InspectionSearch.aspx,2026-09-05
Odyssey of the Seas,Royal Caribbean International,3/1/2026,97,https://wwwn.cdc.gov/inspectionquerytool/InspectionSearch.aspx,2026-09-05
Oosterdam,Holland America Line,10/5/2014,99,https://wwwn.cdc.gov/inspectionquerytool/InspectionSearch.aspx,2026-09-05
Oosterdam,Holland America Line,5/28/2014,99,https://wwwn.cdc.gov/inspectionquerytool/InspectionSearch.aspx,2026-09-05
Oosterdam,Holland America Line,7/17/2014,99,https://wwwn.cdc.gov/inspectionquerytool/InspectionSearch.aspx,2026-09-05
Oosterdam,Holland America Line,12/18/2015,95,https://wwwn.cdc.gov/inspectionquerytool/InspectionSearch.aspx,2026-09-05
Oosterdam,Holland America Line,5/27/2015,94,https://wwwn.cdc.gov/inspectionquerytool/InspectionSearch.aspx,2026-09-05
Oosterdam,Holland America Line,11/29/2016,95,https://wwwn.cdc.gov/inspectionquerytool/InspectionSearch.aspx,2026-09-05
Oosterdam,Holland America Line,2/29/2016,96,https://wwwn.cdc.gov/inspectionquerytool/InspectionSearch.aspx,2026-09-05
Oosterdam,Holland America Line,10/21/2017,94,https://wwwn.cdc.gov/inspectionquerytool/InspectionSearch.aspx,2026-09-05
Oosterdam,Holland America Line,3/3/2017,100,https://wwwn.cdc.gov/inspectionquerytool/InspectionSearch.aspx,2026-09-05
Oosterdam,Holland America Line,7/7/2019,95,https://wwwn.cdc.gov/inspectionquerytool/InspectionSearch.aspx,2026-09-05
Oosterdam,Holland America Line,4/10/2023,99,https://wwwn.cdc.gov/inspectionquerytool/InspectionSearch.aspx,2026-09-05
Oosterdam,Holland America Line,11/17/2025,99,https://wwwn.cdc.gov/inspectionquerytool/InspectionSearch.aspx,2026-09-05
Ovation of the Seas,Royal Caribbean International,5/28/2023,98,https://wwwn.cdc.gov/inspectionquerytool/InspectionSearch.aspx,2026-09-05
Ovation of the Seas,Royal Caribbean International,8/16/2024,96,https://wwwn.cdc.gov/inspectionquerytool/InspectionSearch.aspx,2026-09-05
Ovation of the Seas,Royal Caribbean International,7/1/2025,100,https://wwwn.cdc.gov/inspectionquerytool/InspectionSearch.aspx,2026-09-05
Ovation of the Seas,Royal Caribbean International,5/24/2026,97,https://wwwn.cdc.gov/inspectionquerytool/InspectionSearch.aspx,2026-09-05
Pacific World,Japan Grace,10/17/2025,98,https://wwwn.cdc.gov/inspectionquerytool/InspectionSearch.aspx,2026-09-05
Pearl Mist,V. Ships Leisure U.S.A.,7/15/2014,61,https://wwwn.cdc.gov/inspectionquerytool/InspectionSearch.aspx,2026-09-05
Pearl Mist,V. Ships Leisure U.S.A.,9/10/2014,74,https://wwwn.cdc.gov/inspectionquerytool/InspectionSearch.aspx,2026-09-05
Pearl Mist,V. Ships Leisure U.S.A.,11/8/2015,88,https://wwwn.cdc.gov/inspectionquerytool/InspectionSearch.aspx,2026-09-05
Pearl Mist,V. Ships Leisure U.S.A.,5/24/2015,92,https://wwwn.cdc.gov/inspectionquerytool/InspectionSearch.aspx,2026-09-05
Pearl Mist,V. Ships Leisure U.S.A.,8/31/2015,92,https://wwwn.cdc.gov/inspectionquerytool/InspectionSearch.aspx,2026-09-05
Pearl Mist,V. Ships Leisure U.S.A.,6/11/2016,97,https://wwwn.cdc.gov/inspectionquerytool/InspectionSearch.aspx,2026-09-05
Pearl Mist,V. Ships Leisure U.S.A.,11/30/2017,87,https://wwwn.cdc.gov/inspectionquerytool/InspectionSearch.aspx,2026-09-05
Pearl Mist,V. Ships Leisure U.S.A.,3/28/2017,96,https://wwwn.cdc.gov/inspectionquerytool/InspectionSearch.aspx,2026-09-05
Pearl Mist,V. Ships Leisure U.S.A.,6/30/2017,86,https://wwwn.cdc.gov/inspectionquerytool/InspectionSearch.aspx,2026-09-05
Pearl Mist,V. Ships Leisure U.S.A.,6/13/2018,96,https://wwwn.cdc.gov/inspectionquerytool/InspectionSearch.aspx,2026-09-05
Pearl Mist,V. Ships Leisure U.S.A.,8/15/2019,94,https://wwwn.cdc.gov/inspectionquerytool/InspectionSearch.aspx,2026-09-05
Pearl Mist,V. Ships Leisure U.S.A.,7/30/2025,94,https://wwwn.cdc.gov/inspectionquerytool/InspectionSearch.aspx,2026-09-05
Quantum of the Seas,Royal Caribbean International,12/20/2014,98,https://wwwn.cdc.gov/inspectionquerytool/InspectionSearch.aspx,2026-09-05
Quantum of the Seas,Royal Caribbean International,3/31/2015,94,https://wwwn.cdc.gov/inspectionquerytool/InspectionSearch.aspx,2026-09-05
Quantum of the Seas,Royal Caribbean International,5/26/2023,97,https://wwwn.cdc.gov/inspectionquerytool/InspectionSearch.aspx,2026-09-05
Quantum of the Seas,Royal Caribbean International,6/24/2024,99,https://wwwn.cdc.gov/inspectionquerytool/InspectionSearch.aspx,2026-09-05
Quantum of the Seas,Royal Caribbean International,5/19/2025,98,https://wwwn.cdc.gov/inspectionquerytool/InspectionSearch.aspx,2026-09-05
Quantum of the Seas,Royal Caribbean International,3/10/2026,100,https://wwwn.cdc.gov/inspectionquerytool/InspectionSearch.aspx,2026-09-05
Queen Anne,Cunard Line,1/21/2025,94,https://wwwn.cdc.gov/inspectionquerytool/InspectionSearch.aspx,2026-09-05
Queen Anne,Cunard Line,4/5/2026,95,https://wwwn.cdc.gov/inspectionquerytool/InspectionSearch.aspx,2026-09-05
Queen Elizabeth,Cunard Line,1/21/2014,99,https://wwwn.cdc.gov/inspectionquerytool/InspectionSearch.aspx,2026-09-05
Queen Elizabeth,Cunard Line,1/16/2018,86,https://wwwn.cdc.gov/inspectionquerytool/InspectionSearch.aspx,2026-09-05
Queen Elizabeth,Cunard Line,6/15/2023,96,https://wwwn.cdc.gov/inspectionquerytool/InspectionSearch.aspx,2026-09-05
Queen Elizabeth,Cunard Line,6/13/2024,91,https://wwwn.cdc.gov/inspectionquerytool/InspectionSearch.aspx,2026-09-05
Queen Elizabeth,Cunard Line,7/12/2025,89,https://wwwn.cdc.gov/inspectionquerytool/InspectionSearch.aspx,2026-09-05
Queen Elizabeth,Cunard Line,4/2/2026,100,https://wwwn.cdc.gov/inspectionquerytool/InspectionSearch.aspx,2026-09-05
Queen Mary 2,Cunard Line,1/3/2014,99,https://wwwn.cdc.gov/inspectionquerytool/InspectionSearch.aspx,2026-09-05
Queen Mary 2,Cunard Line,12/22/2014,96,https://wwwn.cdc.gov/inspectionquerytool/InspectionSearch.aspx,2026-09-05
Queen Mary 2,Cunard Line,7/6/2014,98,https://wwwn.cdc.gov/inspectionquerytool/InspectionSearch.aspx,2026-09-05
Queen Mary 2,Cunard Line,7/14/2015,91,https://wwwn.cdc.gov/inspectionquerytool/InspectionSearch.aspx,2026-09-05
Queen Mary 2,Cunard Line,1/20/2016,92,https://wwwn.cdc.gov/inspectionquerytool/InspectionSearch.aspx,2026-09-05
Queen Mary 2,Cunard Line,7/6/2016,87,https://wwwn.cdc.gov/inspectionquerytool/InspectionSearch.aspx,2026-09-05
Queen Mary 2,Cunard Line,1/3/2017,98,https://wwwn.cdc.gov/inspectionquerytool/InspectionSearch.aspx,2026-09-05
Queen Mary 2,Cunard Line,9/22/2017,95,https://wwwn.cdc.gov/inspectionquerytool/InspectionSearch.aspx,2026-09-05
Queen Mary 2,Cunard Line,1/3/2018,91,https://wwwn.cdc.gov/inspectionquerytool/InspectionSearch.aspx,2026-09-05
Queen Mary 2,Cunard Line,7/20/2018,94,https://wwwn.cdc.gov/inspectionquerytool/InspectionSearch.aspx,2026-09-05
Queen Mary 2,Cunard Line,1/3/2019,95,https://wwwn.cdc.gov/inspectionquerytool/InspectionSearch.aspx,2026-09-05
Queen Mary 2,Cunard Line,1/3/2020,94,https://wwwn.cdc.gov/inspectionquerytool/InspectionSearch.aspx,2026-09-05
Queen Mary 2,Cunard Line,9/11/2023,98,https://wwwn.cdc.gov/inspectionquerytool/InspectionSearch.aspx,2026-09-05
Queen Mary 2,Cunard Line,8/23/2024,91,https://wwwn.cdc.gov/inspectionquerytool/InspectionSearch.aspx,2026-09-05
Queen Mary 2,Cunard Line,8/8/2025,87,https://wwwn.cdc.gov/inspectionquerytool/InspectionSearch.aspx,2026-09-05
Queen Mary 2,Cunard Line,1/19/2026,90,https://wwwn.cdc.gov/inspectionquerytool/InspectionSearch.aspx,2026-09-05
Queen Mary 2,Cunard Line,6/17/2026,88,https://wwwn.cdc.gov/inspectionquerytool/InspectionSearch.aspx,2026-09-05
Queen Victoria,Cunard Line,3/24/2014,93,https://wwwn.cdc.gov/inspectionquerytool/InspectionSearch.aspx,2026-09-05
Queen Victoria,Cunard Line,4/6/2015,95,https://wwwn.cdc.gov/inspectionquerytool/InspectionSearch.aspx,2026-09-05
Queen Victoria,Cunard Line,2/5/2016,92,https://wwwn.cdc.gov/inspectionquerytool/InspectionSearch.aspx,2026-09-05
Queen Victoria,Cunard Line,3/28/2017,95,https://wwwn.cdc.gov/inspectionquerytool/InspectionSearch.aspx,2026-09-05
Queen Victoria,Cunard Line,1/21/2019,87,https://wwwn.cdc.gov/inspectionquerytool/InspectionSearch.aspx,2026-09-05
Queen Victoria,Cunard Line,1/20/2023,91,https://wwwn.cdc.gov/inspectionquerytool/InspectionSearch.aspx,2026-09-05
Queen Victoria,Cunard Line,3/14/2025,96,https://wwwn.cdc.gov/inspectionquerytool/InspectionSearch.aspx,2026-09-05
Radiance of the Seas,Royal Caribbean International,4/26/2014,89,https://wwwn.cdc.gov/inspectionquerytool/InspectionSearch.aspx,2026-09-05
Radiance of the Seas,Royal Caribbean International,8/20/2014,99,https://wwwn.cdc.gov/inspectionquerytool/InspectionSearch.aspx,2026-09-05
Radiance of the Seas,Royal Caribbean International,6/7/2015,100,https://wwwn.cdc.gov/inspectionquerytool/InspectionSearch.aspx,2026-09-05
Radiance of the Seas,Royal Caribbean International,8/16/2015,99,https://wwwn.cdc.gov/inspectionquerytool/InspectionSearch.aspx,2026-09-05
Radiance of the Seas,Royal Caribbean International,5/25/2016,100,https://wwwn.cdc.gov/inspectionquerytool/InspectionSearch.aspx,2026-09-05
Radiance of the Seas,Royal Caribbean International,5/5/2017,100,https://wwwn.cdc.gov/inspectionquerytool/InspectionSearch.aspx,2026-09-05
Radiance of the Seas,Royal Caribbean International,8/6/2017,100,https://wwwn.cdc.gov/inspectionquerytool/InspectionSearch.aspx,2026-09-05
Radiance of the Seas,Royal Caribbean International,6/24/2018,98,https://wwwn.cdc.gov/inspectionquerytool/InspectionSearch.aspx,2026-09-05
Radiance of the Seas,Royal Caribbean International,8/4/2019,95,https://wwwn.cdc.gov/inspectionquerytool/InspectionSearch.aspx,2026-09-05
Radiance of the Seas,Royal Caribbean International,6/18/2023,98,https://wwwn.cdc.gov/inspectionquerytool/InspectionSearch.aspx,2026-09-05
Radiance of the Seas,Royal Caribbean International,3/28/2024,98,https://wwwn.cdc.gov/inspectionquerytool/InspectionSearch.aspx,2026-09-05
Radiance of the Seas,Royal Caribbean International,7/21/2024,100,https://wwwn.cdc.gov/inspectionquerytool/InspectionSearch.aspx,2026-09-05
Radiance of the Seas,Royal Caribbean International,11/14/2025,95,https://wwwn.cdc.gov/inspectionquerytool/InspectionSearch.aspx,2026-09-05
Radiance of the Seas,Royal Caribbean International,3/15/2025,95,https://wwwn.cdc.gov/inspectionquerytool/InspectionSearch.aspx,2026-09-05
Radiance of the Seas,Royal Caribbean International,7/13/2025,99,https://wwwn.cdc.gov/inspectionquerytool/InspectionSearch.aspx,2026-09-05
Radiance of the Seas,Royal Caribbean International,3/23/2026,97,https://wwwn.cdc.gov/inspectionquerytool/InspectionSearch.aspx,2026-09-05
Regal Princess,Princess Cruises,12/10/2014,100,https://wwwn.cdc.gov/inspectionquerytool/InspectionSearch.aspx,2026-09-05
Regal Princess,Princess Cruises,4/12/2015,100,https://wwwn.cdc.gov/inspectionquerytool/InspectionSearch.aspx,2026-09-05
Regal Princess,Princess Cruises,12/4/2016,95,https://wwwn.cdc.gov/inspectionquerytool/InspectionSearch.aspx,2026-09-05
Regal Princess,Princess Cruises,2/24/2016,100,https://wwwn.cdc.gov/inspectionquerytool/InspectionSearch.aspx,2026-09-05
Regal Princess,Princess Cruises,10/9/2017,96,https://wwwn.cdc.gov/inspectionquerytool/InspectionSearch.aspx,2026-09-05
Regal Princess,Princess Cruises,4/2/2017,93,https://wwwn.cdc.gov/inspectionquerytool/InspectionSearch.aspx,2026-09-05
Regal Princess,Princess Cruises,3/25/2018,100,https://wwwn.cdc.gov/inspectionquerytool/InspectionSearch.aspx,2026-09-05
Regal Princess,Princess Cruises,2/5/2020,77,https://wwwn.cdc.gov/inspectionquerytool/InspectionSearch.aspx,2026-09-05
Regal Princess,Princess Cruises,10/24/2023,91,https://wwwn.cdc.gov/inspectionquerytool/InspectionSearch.aspx,2026-09-05
Regal Princess,Princess Cruises,4/12/2023,98,https://wwwn.cdc.gov/inspectionquerytool/InspectionSearch.aspx,2026-09-05
Regal Princess,Princess Cruises,12/16/2024,90,https://wwwn.cdc.gov/inspectionquerytool/InspectionSearch.aspx,2026-09-05
Regal Princess,Princess Cruises,12/14/2025,99,https://wwwn.cdc.gov/inspectionquerytool/InspectionSearch.aspx,2026-09-05
Regal Princess,Princess Cruises,5/12/2026,100,https://wwwn.cdc.gov/inspectionquerytool/InspectionSearch.aspx,2026-09-05
Resilient Lady,Virgin Voyages,1/21/2025,98,https://wwwn.cdc.gov/inspectionquerytool/InspectionSearch.aspx,2026-09-05
Resilient Lady,Virgin Voyages,11/9/2025,98,https://wwwn.cdc.gov/inspectionquerytool/InspectionSearch.aspx,2026-09-05
Resilient Lady,Virgin Voyages,3/31/2026,100,https://wwwn.cdc.gov/inspectionquerytool/InspectionSearch.aspx,2026-09-05
Rhapsody of the Seas,Royal Caribbean International,5/30/2014,93,https://wwwn.cdc.gov/inspectionquerytool/InspectionSearch.aspx,2026-09-05
Rhapsody of the Seas,Royal Caribbean International,8/17/2014,100,https://wwwn.cdc.gov/inspectionquerytool/InspectionSearch.aspx,2026-09-05
Rhapsody of the Seas,Royal Caribbean International,4/22/2017,97,https://wwwn.cdc.gov/inspectionquerytool/InspectionSearch.aspx,2026-09-05
Rhapsody of the Seas,Royal Caribbean International,1/14/2018,100,https://wwwn.cdc.gov/inspectionquerytool/InspectionSearch.aspx,2026-09-05
Rhapsody of the Seas,Royal Caribbean International,5/12/2024,94,https://wwwn.cdc.gov/inspectionquerytool/InspectionSearch.aspx,2026-09-05
Rhapsody of the Seas,Royal Caribbean International,3/30/2025,99,https://wwwn.cdc.gov/inspectionquerytool/InspectionSearch.aspx,2026-09-05
Rhapsody of the Seas,Royal Caribbean International,3/28/2026,99,https://wwwn.cdc.gov/inspectionquerytool/InspectionSearch.aspx,2026-09-05
Rhapsody of the Seas,Royal Caribbean International,7/25/2026,99,https://wwwn.cdc.gov/inspectionquerytool/InspectionSearch.aspx,2026-09-05
Roald Amundsen,Hurtigruten Expedition Cruises AS,9/19/2023,95,https://wwwn.cdc.gov/inspectionquerytool/InspectionSearch.aspx,2026-09-05
Roald Amundsen,Hurtigruten Expedition Cruises AS,9/29/2024,91,https://wwwn.cdc.gov/inspectionquerytool/InspectionSearch.aspx,2026-09-05
Rotterdam,Holland America Line,10/22/2023,91,https://wwwn.cdc.gov/inspectionquerytool/InspectionSearch.aspx,2026-09-05
Rotterdam,Holland America Line,3/8/2023,100,https://wwwn.cdc.gov/inspectionquerytool/InspectionSearch.aspx,2026-09-05
Rotterdam,Holland America Line,11/17/2024,97,https://wwwn.cdc.gov/inspectionquerytool/InspectionSearch.aspx,2026-09-05
Rotterdam,Holland America Line,4/7/2024,98,https://wwwn.cdc.gov/inspectionquerytool/InspectionSearch.aspx,2026-09-05
Rotterdam,Holland America Line,10/26/2025,100,https://wwwn.cdc.gov/inspectionquerytool/InspectionSearch.aspx,2026-09-05
Rotterdam,Holland America Line,3/16/2026,99,https://wwwn.cdc.gov/inspectionquerytool/InspectionSearch.aspx,2026-09-05
Royal Princess,Princess Cruises,3/9/2014,86,https://wwwn.cdc.gov/inspectionquerytool/InspectionSearch.aspx,2026-09-05
Royal Princess,Princess Cruises,1/8/2015,96,https://wwwn.cdc.gov/inspectionquerytool/InspectionSearch.aspx,2026-09-05
Royal Princess,Princess Cruises,9/21/2015,97,https://wwwn.cdc.gov/inspectionquerytool/InspectionSearch.aspx,2026-09-05
Royal Princess,Princess Cruises,2/22/2016,100,https://wwwn.cdc.gov/inspectionquerytool/InspectionSearch.aspx,2026-09-05
Royal Princess,Princess Cruises,4/12/2016,97,https://wwwn.cdc.gov/inspectionquerytool/InspectionSearch.aspx,2026-09-05
Royal Princess,Princess Cruises,11/5/2017,93,https://wwwn.cdc.gov/inspectionquerytool/InspectionSearch.aspx,2026-09-05
Royal Princess,Princess Cruises,3/20/2017,97,https://wwwn.cdc.gov/inspectionquerytool/InspectionSearch.aspx,2026-09-05
Royal Princess,Princess Cruises,3/20/2018,89,https://wwwn.cdc.gov/inspectionquerytool/InspectionSearch.aspx,2026-09-05
Royal Princess,Princess Cruises,9/11/2019,94,https://wwwn.cdc.gov/inspectionquerytool/InspectionSearch.aspx,2026-09-05
Royal Princess,Princess Cruises,8/7/2023,99,https://wwwn.cdc.gov/inspectionquerytool/InspectionSearch.aspx,2026-09-05
Royal Princess,Princess Cruises,9/4/2024,97,https://wwwn.cdc.gov/inspectionquerytool/InspectionSearch.aspx,2026-09-05
Royal Princess,Princess Cruises,5/17/2025,95,https://wwwn.cdc.gov/inspectionquerytool/InspectionSearch.aspx,2026-09-05
Royal Princess,Princess Cruises,1/10/2026,95,https://wwwn.cdc.gov/inspectionquerytool/InspectionSearch.aspx,2026-09-05
Royal Princess,Princess Cruises,6/9/2026,96,https://wwwn.cdc.gov/inspectionquerytool/InspectionSearch.aspx,2026-09-05
Ruby Princess,Princess Cruises,9/25/2014,99,https://wwwn.cdc.gov/inspectionquerytool/InspectionSearch.aspx,2026-09-05
Ruby Princess,Princess Cruises,1/3/2015,100,https://wwwn.cdc.gov/inspectionquerytool/InspectionSearch.aspx,2026-09-05
Ruby Princess,Princess Cruises,10/9/2015,96,https://wwwn.cdc.gov/inspectionquerytool/InspectionSearch.aspx,2026-09-05
Ruby Princess,Princess Cruises,5/6/2015,100,https://wwwn.cdc.gov/inspectionquerytool/InspectionSearch.aspx,2026-09-05
Ruby Princess,Princess Cruises,12/3/2016,100,https://wwwn.cdc.gov/inspectionquerytool/InspectionSearch.aspx,2026-09-05
Ruby Princess,Princess Cruises,5/15/2016,92,https://wwwn.cdc.gov/inspectionquerytool/InspectionSearch.aspx,2026-09-05
Ruby Princess,Princess Cruises,8/25/2018,98,https://wwwn.cdc.gov/inspectionquerytool/InspectionSearch.aspx,2026-09-05
Ruby Princess,Princess Cruises,1/26/2019,97,https://wwwn.cdc.gov/inspectionquerytool/InspectionSearch.aspx,2026-09-05
Ruby Princess,Princess Cruises,8/31/2019,100,https://wwwn.cdc.gov/inspectionquerytool/InspectionSearch.aspx,2026-09-05
Ruby Princess,Princess Cruises,7/30/2023,92,https://wwwn.cdc.gov/inspectionquerytool/InspectionSearch.aspx,2026-09-05
Ruby Princess,Princess Cruises,1/9/2024,95,https://wwwn.cdc.gov/inspectionquerytool/InspectionSearch.aspx,2026-09-05
Ruby Princess,Princess Cruises,10/15/2024,93,https://wwwn.cdc.gov/inspectionquerytool/InspectionSearch.aspx,2026-09-05
Ruby Princess,Princess Cruises,4/30/2025,96,https://wwwn.cdc.gov/inspectionquerytool/InspectionSearch.aspx,2026-09-05
Ruby Princess,Princess Cruises,3/7/2026,96,https://wwwn.cdc.gov/inspectionquerytool/InspectionSearch.aspx,2026-09-05
Ruby Princess,Princess Cruises,7/12/2026,98,https://wwwn.cdc.gov/inspectionquerytool/InspectionSearch.aspx,2026-09-05
Safari Endeavour,Un-Cruise Adventures,5/25/2014,68,https://wwwn.cdc.gov/inspectionquerytool/InspectionSearch.aspx,2026-09-05
Safari Endeavour,Un-Cruise Adventures,7/20/2014,89,https://wwwn.cdc.gov/inspectionquerytool/InspectionSearch.aspx,2026-09-05
Safari Endeavour,Un-Cruise Adventures,9/7/2014,93,https://wwwn.cdc.gov/inspectionquerytool/InspectionSearch.aspx,2026-09-05
Safari Endeavour,Un-Cruise Adventures,5/5/2015,95,https://wwwn.cdc.gov/inspectionquerytool/InspectionSearch.aspx,2026-09-05
Safari Endeavour,Un-Cruise Adventures,8/9/2015,89,https://wwwn.cdc.gov/inspectionquerytool/InspectionSearch.aspx,2026-09-05
Safari Endeavour,Un-Cruise Adventures,5/22/2016,94,https://wwwn.cdc.gov/inspectionquerytool/InspectionSearch.aspx,2026-09-05
Safari Endeavour,Un-Cruise Adventures,8/27/2017,94,https://wwwn.cdc.gov/inspectionquerytool/InspectionSearch.aspx,2026-09-05
Safari Endeavour,Un-Cruise Adventures,5/13/2018,94,https://wwwn.cdc.gov/inspectionquerytool/InspectionSearch.aspx,2026-09-05
Safari Endeavour,Un-Cruise Adventures,9/9/2018,79,https://wwwn.cdc.gov/inspectionquerytool/InspectionSearch.aspx,2026-09-05
Safari Quest,Un-Cruise Adventures,4/19/2014,84,https://wwwn.cdc.gov/inspectionquerytool/InspectionSearch.aspx,2026-09-05
Safari Quest,Un-Cruise Adventures,7/18/2014,87,https://wwwn.cdc.gov/inspectionquerytool/InspectionSearch.aspx,2026-09-05
Safari Quest,Un-Cruise Adventures,8/15/2014,98,https://wwwn.cdc.gov/inspectionquerytool/InspectionSearch.aspx,2026-09-05
Safari Quest,Un-Cruise Adventures,7/24/2015,88,https://wwwn.cdc.gov/inspectionquerytool/InspectionSearch.aspx,2026-09-05
Safari Quest,Un-Cruise Adventures,5/19/2018,92,https://wwwn.cdc.gov/inspectionquerytool/InspectionSearch.aspx,2026-09-05
Sapphire Princess,Princess Cruises,6/7/2023,90,https://wwwn.cdc.gov/inspectionquerytool/InspectionSearch.aspx,2026-09-05
Sapphire Princess,Princess Cruises,5/14/2024,95,https://wwwn.cdc.gov/inspectionquerytool/InspectionSearch.aspx,2026-09-05
Sapphire Princess,Princess Cruises,11/16/2025,94,https://wwwn.cdc.gov/inspectionquerytool/InspectionSearch.aspx,2026-09-05
Sapphire Princess,Princess Cruises,5/13/2025,98,https://wwwn.cdc.gov/inspectionquerytool/InspectionSearch.aspx,2026-09-05
Scarlet Lady,Virgin Voyages,1/26/2023,98,https://wwwn.cdc.gov/inspectionquerytool/InspectionSearch.aspx,2026-09-05
Scarlet Lady,Virgin Voyages,10/18/2023,94,https://wwwn.cdc.gov/inspectionquerytool/InspectionSearch.aspx,2026-09-05
Scarlet Lady,Virgin Voyages,6/23/2023,98,https://wwwn.cdc.gov/inspectionquerytool/InspectionSearch.aspx,2026-09-05
Scarlet Lady,Virgin Voyages,12/19/2025,94,https://wwwn.cdc.gov/inspectionquerytool/InspectionSearch.aspx,2026-09-05
Scarlet Lady,Virgin Voyages,4/15/2026,99,https://wwwn.cdc.gov/inspectionquerytool/InspectionSearch.aspx,2026-09-05
Sea Cloud Spirit,Sea Cloud Cruises,3/26/2025,97,https://wwwn.cdc.gov/inspectionquerytool/InspectionSearch.aspx,2026-09-05
Seabourn Encore,Seabourn Cruise Line,12/2/2025,100,https://wwwn.cdc.gov/inspectionquerytool/InspectionSearch.aspx,2026-09-05
Seabourn Encore,Seabourn Cruise Line,4/28/2025,90,https://wwwn.cdc.gov/inspectionquerytool/InspectionSearch.aspx,2026-09-05
Seabourn Odyssey,Seabourn Cruise Line,11/21/2015,92,https://wwwn.cdc.gov/inspectionquerytool/InspectionSearch.aspx,2026-09-05
Seabourn Odyssey,Seabourn Cruise Line,12/19/2016,96,https://wwwn.cdc.gov/inspectionquerytool/InspectionSearch.aspx,2026-09-05
Seabourn Odyssey,Seabourn Cruise Line,3/11/2016,95,https://wwwn.cdc.gov/inspectionquerytool/InspectionSearch.aspx,2026-09-05
Seabourn Odyssey,Seabourn Cruise Line,12/5/2017,100,https://wwwn.cdc.gov/inspectionquerytool/InspectionSearch.aspx,2026-09-05
Seabourn Odyssey,Seabourn Cruise Line,6/14/2023,94,https://wwwn.cdc.gov/inspectionquerytool/InspectionSearch.aspx,2026-09-05
Seabourn Odyssey,Seabourn Cruise Line,8/16/2024,100,https://wwwn.cdc.gov/inspectionquerytool/InspectionSearch.aspx,2026-09-05
Seabourn Ovation,Seabourn Cruise Line,12/14/2025,92,https://wwwn.cdc.gov/inspectionquerytool/InspectionSearch.aspx,2026-09-05
Seabourn Quest,Seabourn Cruise Line,3/22/2014,94,https://wwwn.cdc.gov/inspectionquerytool/InspectionSearch.aspx,2026-09-05
Seabourn Quest,Seabourn Cruise Line,9/11/2014,98,https://wwwn.cdc.gov/inspectionquerytool/InspectionSearch.aspx,2026-09-05
Seabourn Quest,Seabourn Cruise Line,3/31/2015,96,https://wwwn.cdc.gov/inspectionquerytool/InspectionSearch.aspx,2026-09-05
Seabourn Quest,Seabourn Cruise Line,9/11/2015,97,https://wwwn.cdc.gov/inspectionquerytool/InspectionSearch.aspx,2026-09-05
Seabourn Quest,Seabourn Cruise Line,11/4/2016,96,https://wwwn.cdc.gov/inspectionquerytool/InspectionSearch.aspx,2026-09-05
Seabourn Quest,Seabourn Cruise Line,3/30/2016,99,https://wwwn.cdc.gov/inspectionquerytool/InspectionSearch.aspx,2026-09-05
Seabourn Quest,Seabourn Cruise Line,9/21/2016,92,https://wwwn.cdc.gov/inspectionquerytool/InspectionSearch.aspx,2026-09-05
Seabourn Quest,Seabourn Cruise Line,11/5/2017,100,https://wwwn.cdc.gov/inspectionquerytool/InspectionSearch.aspx,2026-09-05
Seabourn Quest,Seabourn Cruise Line,3/31/2017,98,https://wwwn.cdc.gov/inspectionquerytool/InspectionSearch.aspx,2026-09-05
Seabourn Quest,Seabourn Cruise Line,11/4/2018,100,https://wwwn.cdc.gov/inspectionquerytool/InspectionSearch.aspx,2026-09-05
Seabourn Quest,Seabourn Cruise Line,3/23/2023,97,https://wwwn.cdc.gov/inspectionquerytool/InspectionSearch.aspx,2026-09-05
Seabourn Quest,Seabourn Cruise Line,9/2/2024,97,https://wwwn.cdc.gov/inspectionquerytool/InspectionSearch.aspx,2026-09-05
Seabourn Quest,Seabourn Cruise Line,5/23/2025,98,https://wwwn.cdc.gov/inspectionquerytool/InspectionSearch.aspx,2026-09-05
Seabourn Quest,Seabourn Cruise Line,4/7/2026,99,https://wwwn.cdc.gov/inspectionquerytool/InspectionSearch.aspx,2026-09-05
Seabourn Sojourn,Seabourn Cruise Line,1/15/2014,97,https://wwwn.cdc.gov/inspectionquerytool/InspectionSearch.aspx,2026-09-05
Seabourn Sojourn,Seabourn Cruise Line,10/10/2017,93,https://wwwn.cdc.gov/inspectionquerytool/InspectionSearch.aspx,2026-09-05
Seabourn Sojourn,Seabourn Cruise Line,12/21/2017,95,https://wwwn.cdc.gov/inspectionquerytool/InspectionSearch.aspx,2026-09-05
Seabourn Sojourn,Seabourn Cruise Line,5/31/2017,95,https://wwwn.cdc.gov/inspectionquerytool/InspectionSearch.aspx,2026-09-05
Seabourn Sojourn,Seabourn Cruise Line,9/16/2025,88,https://wwwn.cdc.gov/inspectionquerytool/InspectionSearch.aspx,2026-09-05
Seabourn Sojourn,Seabourn Cruise Line,1/13/2026,93,https://wwwn.cdc.gov/inspectionquerytool/InspectionSearch.aspx,2026-09-05
Seabourn Venture,Seabourn Cruise Line,10/4/2023,95,https://wwwn.cdc.gov/inspectionquerytool/InspectionSearch.aspx,2026-09-05
Seabourn Venture,Seabourn Cruise Line,8/28/2025,96,https://wwwn.cdc.gov/inspectionquerytool/InspectionSearch.aspx,2026-09-05
Seadream I,Sea Dream Yacht Club,1/18/2014,83,https://wwwn.cdc.gov/inspectionquerytool/InspectionSearch.aspx,2026-09-05
Seadream I,Sea Dream Yacht Club,12/14/2014,96,https://wwwn.cdc.gov/inspectionquerytool/InspectionSearch.aspx,2026-09-05
Seadream I,Sea Dream Yacht Club,3/1/2014,93,https://wwwn.cdc.gov/inspectionquerytool/InspectionSearch.aspx,2026-09-05
Seadream I,Sea Dream Yacht Club,3/21/2015,100,https://wwwn.cdc.gov/inspectionquerytool/InspectionSearch.aspx,2026-09-05
Seadream I,Sea Dream Yacht Club,12/15/2019,97,https://wwwn.cdc.gov/inspectionquerytool/InspectionSearch.aspx,2026-09-05
Seadream I,Sea Dream Yacht Club,3/27/2019,87,https://wwwn.cdc.gov/inspectionquerytool/InspectionSearch.aspx,2026-09-05
Seadream I,Sea Dream Yacht Club,12/13/2025,94,https://wwwn.cdc.gov/inspectionquerytool/InspectionSearch.aspx,2026-09-05
Seadream II,Sea Dream Yacht Club,12/13/2014,95,https://wwwn.cdc.gov/inspectionquerytool/InspectionSearch.aspx,2026-09-05
Seadream II,Sea Dream Yacht Club,11/22/2015,98,https://wwwn.cdc.gov/inspectionquerytool/InspectionSearch.aspx,2026-09-05
Seadream II,Sea Dream Yacht Club,4/5/2015,91,https://wwwn.cdc.gov/inspectionquerytool/InspectionSearch.aspx,2026-09-05
Seadream II,Sea Dream Yacht Club,11/19/2016,100,https://wwwn.cdc.gov/inspectionquerytool/InspectionSearch.aspx,2026-09-05
Seadream II,Sea Dream Yacht Club,3/19/2016,96,https://wwwn.cdc.gov/inspectionquerytool/InspectionSearch.aspx,2026-09-05
Seadream II,Sea Dream Yacht Club,4/15/2017,97,https://wwwn.cdc.gov/inspectionquerytool/InspectionSearch.aspx,2026-09-05
Seadream II,Sea Dream Yacht Club,12/27/2018,90,https://wwwn.cdc.gov/inspectionquerytool/InspectionSearch.aspx,2026-09-05
Seadream II,Sea Dream Yacht Club,12/21/2025,98,https://wwwn.cdc.gov/inspectionquerytool/InspectionSearch.aspx,2026-09-05
Seaventure,Polar Latitudes,9/8/2015,89,https://wwwn.cdc.gov/inspectionquerytool/InspectionSearch.aspx,2026-09-05
Serenade of the Seas,Royal Caribbean International,1/10/2015,99,https://wwwn.cdc.gov/inspectionquerytool/InspectionSearch.aspx,2026-09-05
Serenade of the Seas,Royal Caribbean International,9/17/2015,100,https://wwwn.cdc.gov/inspectionquerytool/InspectionSearch.aspx,2026-09-05
Serenade of the Seas,Royal Caribbean International,9/25/2016,95,https://wwwn.cdc.gov/inspectionquerytool/InspectionSearch.aspx,2026-09-05
Serenade of the Seas,Royal Caribbean International,1/13/2017,99,https://wwwn.cdc.gov/inspectionquerytool/InspectionSearch.aspx,2026-09-05
Serenade of the Seas,Royal Caribbean International,4/7/2017,98,https://wwwn.cdc.gov/inspectionquerytool/InspectionSearch.aspx,2026-09-05
Serenade of the Seas,Royal Caribbean International,9/30/2018,96,https://wwwn.cdc.gov/inspectionquerytool/InspectionSearch.aspx,2026-09-05
Serenade of the Seas,Royal Caribbean International,8/12/2023,98,https://wwwn.cdc.gov/inspectionquerytool/InspectionSearch.aspx,2026-09-05
Serenade of the Seas,Royal Caribbean International,9/10/2024,100,https://wwwn.cdc.gov/inspectionquerytool/InspectionSearch.aspx,2026-09-05
Serenade of the Seas,Royal Caribbean International,6/25/2025,96,https://wwwn.cdc.gov/inspectionquerytool/InspectionSearch.aspx,2026-09-05
Serenade of the Seas,Royal Caribbean International,5/15/2026,95,https://wwwn.cdc.gov/inspectionquerytool/InspectionSearch.aspx,2026-09-05
Seven Seas Explorer,Regent Seven Seas,12/18/2016,86,https://wwwn.cdc.gov/inspectionquerytool/InspectionSearch.aspx,2026-09-05
Seven Seas Explorer,Regent Seven Seas,12/20/2017,100,https://wwwn.cdc.gov/inspectionquerytool/InspectionSearch.aspx,2026-09-05
Seven Seas Explorer,Regent Seven Seas,3/6/2017,96,https://wwwn.cdc.gov/inspectionquerytool/InspectionSearch.aspx,2026-09-05
Seven Seas Explorer,Regent Seven Seas,3/25/2019,98,https://wwwn.cdc.gov/inspectionquerytool/InspectionSearch.aspx,2026-09-05
Seven Seas Explorer,Regent Seven Seas,1/28/2020,95,https://wwwn.cdc.gov/inspectionquerytool/InspectionSearch.aspx,2026-09-05
Seven Seas Explorer,Regent Seven Seas,6/17/2023,97,https://wwwn.cdc.gov/inspectionquerytool/InspectionSearch.aspx,2026-09-05
Seven Seas Explorer,Regent Seven Seas,8/18/2024,95,https://wwwn.cdc.gov/inspectionquerytool/InspectionSearch.aspx,2026-09-05
Seven Seas Explorer,Regent Seven Seas,5/22/2026,100,https://wwwn.cdc.gov/inspectionquerytool/InspectionSearch.aspx,2026-09-05
Seven Seas Grandeur,Regent Seven Seas,10/23/2024,100,https://wwwn.cdc.gov/inspectionquerytool/InspectionSearch.aspx,2026-09-05
Seven Seas Grandeur,Regent Seven Seas,2/27/2024,96,https://wwwn.cdc.gov/inspectionquerytool/InspectionSearch.aspx,2026-09-05
Seven Seas Grandeur,Regent Seven Seas,12/4/2025,100,https://wwwn.cdc.gov/inspectionquerytool/InspectionSearch.aspx,2026-09-05
Seven Seas Grandeur,Regent Seven Seas,4/7/2026,100,https://wwwn.cdc.gov/inspectionquerytool/InspectionSearch.aspx,2026-09-05
Seven Seas Mariner,Regent Seven Seas,1/25/2014,97,https://wwwn.cdc.gov/inspectionquerytool/InspectionSearch.aspx,2026-09-05
Seven Seas Mariner,Regent Seven Seas,1/13/2016,94,https://wwwn.cdc.gov/inspectionquerytool/InspectionSearch.aspx,2026-09-05
Seven Seas Mariner,Regent Seven Seas,6/19/2016,97,https://wwwn.cdc.gov/inspectionquerytool/InspectionSearch.aspx,2026-09-05
Seven Seas Mariner,Regent Seven Seas,1/11/2017,96,https://wwwn.cdc.gov/inspectionquerytool/InspectionSearch.aspx,2026-09-05
Seven Seas Mariner,Regent Seven Seas,12/12/2017,93,https://wwwn.cdc.gov/inspectionquerytool/InspectionSearch.aspx,2026-09-05
Seven Seas Mariner,Regent Seven Seas,7/29/2017,94,https://wwwn.cdc.gov/inspectionquerytool/InspectionSearch.aspx,2026-09-05
Seven Seas Mariner,Regent Seven Seas,7/5/2019,99,https://wwwn.cdc.gov/inspectionquerytool/InspectionSearch.aspx,2026-09-05
Seven Seas Mariner,Regent Seven Seas,2/1/2020,88,https://wwwn.cdc.gov/inspectionquerytool/InspectionSearch.aspx,2026-09-05
Seven Seas Mariner,Regent Seven Seas,9/17/2023,92,https://wwwn.cdc.gov/inspectionquerytool/InspectionSearch.aspx,2026-09-05
Seven Seas Mariner,Regent Seven Seas,12/18/2024,98,https://wwwn.cdc.gov/inspectionquerytool/InspectionSearch.aspx,2026-09-05
Seven Seas Mariner,Regent Seven Seas,7/10/2025,95,https://wwwn.cdc.gov/inspectionquerytool/InspectionSearch.aspx,2026-09-05
Seven Seas Navigator,Regent Seven Seas,1/17/2014,95,https://wwwn.cdc.gov/inspectionquerytool/InspectionSearch.aspx,2026-09-05
Seven Seas Navigator,Regent Seven Seas,11/16/2014,97,https://wwwn.cdc.gov/inspectionquerytool/InspectionSearch.aspx,2026-09-05
Seven Seas Navigator,Regent Seven Seas,6/29/2014,99,https://wwwn.cdc.gov/inspectionquerytool/InspectionSearch.aspx,2026-09-05
Seven Seas Navigator,Regent Seven Seas,12/17/2015,94,https://wwwn.cdc.gov/inspectionquerytool/InspectionSearch.aspx,2026-09-05
Seven Seas Navigator,Regent Seven Seas,5/7/2015,100,https://wwwn.cdc.gov/inspectionquerytool/InspectionSearch.aspx,2026-09-05
Seven Seas Navigator,Regent Seven Seas,3/17/2016,92,https://wwwn.cdc.gov/inspectionquerytool/InspectionSearch.aspx,2026-09-05
Seven Seas Navigator,Regent Seven Seas,11/25/2017,90,https://wwwn.cdc.gov/inspectionquerytool/InspectionSearch.aspx,2026-09-05
Seven Seas Navigator,Regent Seven Seas,6/17/2017,97,https://wwwn.cdc.gov/inspectionquerytool/InspectionSearch.aspx,2026-09-05
Seven Seas Navigator,Regent Seven Seas,10/6/2018,96,https://wwwn.cdc.gov/inspectionquerytool/InspectionSearch.aspx,2026-09-05
Seven Seas Navigator,Regent Seven Seas,9/21/2019,95,https://wwwn.cdc.gov/inspectionquerytool/InspectionSearch.aspx,2026-09-05
Seven Seas Navigator,Regent Seven Seas,5/29/2023,95,https://wwwn.cdc.gov/inspectionquerytool/InspectionSearch.aspx,2026-09-05
Seven Seas Splendor,Regent Seven Seas,3/14/2023,97,https://wwwn.cdc.gov/inspectionquerytool/InspectionSearch.aspx,2026-09-05
Seven Seas Splendor,Regent Seven Seas,9/17/2025,99,https://wwwn.cdc.gov/inspectionquerytool/InspectionSearch.aspx,2026-09-05
Seven Seas Splendor,Regent Seven Seas,3/13/2026,100,https://wwwn.cdc.gov/inspectionquerytool/InspectionSearch.aspx,2026-09-05
Silver Cloud,Silversea,12/12/2014,99,https://wwwn.cdc.gov/inspectionquerytool/InspectionSearch.aspx,2026-09-05
Silver Cloud,Silversea,3/17/2014,89,https://wwwn.cdc.gov/inspectionquerytool/InspectionSearch.aspx,2026-09-05
Silver Cloud,Silversea,3/20/2015,99,https://wwwn.cdc.gov/inspectionquerytool/InspectionSearch.aspx,2026-09-05
Silver Dawn,Silversea,12/16/2022,97,https://wwwn.cdc.gov/inspectionquerytool/InspectionSearch.aspx,2026-09-05
Silver Dawn,Silversea,2/17/2024,98,https://wwwn.cdc.gov/inspectionquerytool/InspectionSearch.aspx,2026-09-05
Silver Dawn,Silversea,5/31/2025,96,https://wwwn.cdc.gov/inspectionquerytool/InspectionSearch.aspx,2026-09-05
Silver Dawn,Silversea,1/5/2026,94,https://wwwn.cdc.gov/inspectionquerytool/InspectionSearch.aspx,2026-09-05
Silver Moon,Silversea,3/13/2023,100,https://wwwn.cdc.gov/inspectionquerytool/InspectionSearch.aspx,2026-09-05
Silver Moon,Silversea,8/19/2025,98,https://wwwn.cdc.gov/inspectionquerytool/InspectionSearch.aspx,2026-09-05
Silver Moon,Silversea,5/23/2026,99,https://wwwn.cdc.gov/inspectionquerytool/InspectionSearch.aspx,2026-09-05
Silver Muse,Silversea,12/18/2017,97,https://wwwn.cdc.gov/inspectionquerytool/InspectionSearch.aspx,2026-09-05
Silver Muse,Silversea,9/10/2019,97,https://wwwn.cdc.gov/inspectionquerytool/InspectionSearch.aspx,2026-09-05
Silver Muse,Silversea,5/27/2023,94,https://wwwn.cdc.gov/inspectionquerytool/InspectionSearch.aspx,2026-09-05
Silver Muse,Silversea,7/25/2024,98,https://wwwn.cdc.gov/inspectionquerytool/InspectionSearch.aspx,2026-09-05
Silver Nova,Silversea,6/11/2024,98,https://wwwn.cdc.gov/inspectionquerytool/InspectionSearch.aspx,2026-09-05
Silver Nova,Silversea,6/21/2025,93,https://wwwn.cdc.gov/inspectionquerytool/InspectionSearch.aspx,2026-09-05
Silver Nova,Silversea,5/5/2026,97,https://wwwn.cdc.gov/inspectionquerytool/InspectionSearch.aspx,2026-09-05
Silver Ray,Silversea,12/5/2025,100,https://wwwn.cdc.gov/inspectionquerytool/InspectionSearch.aspx,2026-09-05
Silver Ray,Silversea,3/29/2025,93,https://wwwn.cdc.gov/inspectionquerytool/InspectionSearch.aspx,2026-09-05
Silver Shadow,Silversea,5/27/2014,96,https://wwwn.cdc.gov/inspectionquerytool/InspectionSearch.aspx,2026-09-05
Silver Shadow,Silversea,8/10/2014,92,https://wwwn.cdc.gov/inspectionquerytool/InspectionSearch.aspx,2026-09-05
Silver Shadow,Silversea,1/7/2015,95,https://wwwn.cdc.gov/inspectionquerytool/InspectionSearch.aspx,2026-09-05
Silver Shadow,Silversea,4/16/2015,82,https://wwwn.cdc.gov/inspectionquerytool/InspectionSearch.aspx,2026-09-05
Silver Shadow,Silversea,7/25/2015,99,https://wwwn.cdc.gov/inspectionquerytool/InspectionSearch.aspx,2026-09-05
Silver Shadow,Silversea,5/23/2016,100,https://wwwn.cdc.gov/inspectionquerytool/InspectionSearch.aspx,2026-09-05
Silver Shadow,Silversea,8/27/2016,98,https://wwwn.cdc.gov/inspectionquerytool/InspectionSearch.aspx,2026-09-05
Silver Shadow,Silversea,5/29/2017,95,https://wwwn.cdc.gov/inspectionquerytool/InspectionSearch.aspx,2026-09-05
Silver Shadow,Silversea,5/26/2018,93,https://wwwn.cdc.gov/inspectionquerytool/InspectionSearch.aspx,2026-09-05
Silver Shadow,Silversea,12/3/2019,96,https://wwwn.cdc.gov/inspectionquerytool/InspectionSearch.aspx,2026-09-05
Silver Shadow,Silversea,6/2/2023,95,https://wwwn.cdc.gov/inspectionquerytool/InspectionSearch.aspx,2026-09-05
Silver Shadow,Silversea,9/19/2024,97,https://wwwn.cdc.gov/inspectionquerytool/InspectionSearch.aspx,2026-09-05
Silver Shadow,Silversea,1/4/2025,96,https://wwwn.cdc.gov/inspectionquerytool/InspectionSearch.aspx,2026-09-05
Silver Shadow,Silversea,11/10/2025,91,https://wwwn.cdc.gov/inspectionquerytool/InspectionSearch.aspx,2026-09-05
Silver Shadow,Silversea,5/27/2025,96,https://wwwn.cdc.gov/inspectionquerytool/InspectionSearch.aspx,2026-09-05
Silver Spirit,Silversea,11/24/2014,93,https://wwwn.cdc.gov/inspectionquerytool/InspectionSearch.aspx,2026-09-05
Silver Spirit,Silversea,3/13/2014,97,https://wwwn.cdc.gov/inspectionquerytool/InspectionSearch.aspx,2026-09-05
Silver Spirit,Silversea,3/27/2015,97,https://wwwn.cdc.gov/inspectionquerytool/InspectionSearch.aspx,2026-09-05
Silver Spirit,Silversea,1/15/2016,98,https://wwwn.cdc.gov/inspectionquerytool/InspectionSearch.aspx,2026-09-05
Silver Spirit,Silversea,4/11/2016,91,https://wwwn.cdc.gov/inspectionquerytool/InspectionSearch.aspx,2026-09-05
Silver Spirit,Silversea,1/16/2017,99,https://wwwn.cdc.gov/inspectionquerytool/InspectionSearch.aspx,2026-09-05
Silver Spirit,Silversea,10/18/2018,98,https://wwwn.cdc.gov/inspectionquerytool/InspectionSearch.aspx,2026-09-05
Silver Spirit,Silversea,4/2/2019,90,https://wwwn.cdc.gov/inspectionquerytool/InspectionSearch.aspx,2026-09-05
Silver Whisper,Silversea,12/19/2014,100,https://wwwn.cdc.gov/inspectionquerytool/InspectionSearch.aspx,2026-09-05
Silver Whisper,Silversea,10/6/2015,99,https://wwwn.cdc.gov/inspectionquerytool/InspectionSearch.aspx,2026-09-05
Silver Whisper,Silversea,4/28/2015,95,https://wwwn.cdc.gov/inspectionquerytool/InspectionSearch.aspx,2026-09-05
Silver Whisper,Silversea,1/5/2016,97,https://wwwn.cdc.gov/inspectionquerytool/InspectionSearch.aspx,2026-09-05
Silver Whisper,Silversea,1/6/2017,88,https://wwwn.cdc.gov/inspectionquerytool/InspectionSearch.aspx,2026-09-05
Silver Whisper,Silversea,12/19/2017,92,https://wwwn.cdc.gov/inspectionquerytool/InspectionSearch.aspx,2026-09-05
Silver Whisper,Silversea,9/17/2017,96,https://wwwn.cdc.gov/inspectionquerytool/InspectionSearch.aspx,2026-09-05
Silver Whisper,Silversea,10/31/2018,91,https://wwwn.cdc.gov/inspectionquerytool/InspectionSearch.aspx,2026-09-05
Silver Whisper,Silversea,10/29/2019,96,https://wwwn.cdc.gov/inspectionquerytool/InspectionSearch.aspx,2026-09-05
Silver Whisper,Silversea,7/31/2023,92,https://wwwn.cdc.gov/inspectionquerytool/InspectionSearch.aspx,2026-09-05
Silver Whisper,Silversea,6/20/2026,97,https://wwwn.cdc.gov/inspectionquerytool/InspectionSearch.aspx,2026-09-05
Silver Wind,Silversea,12/11/2015,95,https://wwwn.cdc.gov/inspectionquerytool/InspectionSearch.aspx,2026-09-05
Silver Wind,Silversea,11/29/2016,89,https://wwwn.cdc.gov/inspectionquerytool/InspectionSearch.aspx,2026-09-05
Silver Wind,Silversea,3/18/2016,94,https://wwwn.cdc.gov/inspectionquerytool/InspectionSearch.aspx,2026-09-05
Silver Wind,Silversea,1/6/2018,93,https://wwwn.cdc.gov/inspectionquerytool/InspectionSearch.aspx,2026-09-05
Silver Wind,Silversea,3/18/2018,79,https://wwwn.cdc.gov/inspectionquerytool/InspectionSearch.aspx,2026-09-05
Silver Wind,Silversea,3/6/2020,98,https://wwwn.cdc.gov/inspectionquerytool/InspectionSearch.aspx,2026-09-05
Sky Princess,Princess Cruises,1/18/2020,96,https://wwwn.cdc.gov/inspectionquerytool/InspectionSearch.aspx,2026-09-05
Sky Princess,Princess Cruises,10/8/2022,99,https://wwwn.cdc.gov/inspectionquerytool/InspectionSearch.aspx,2026-09-05
Sky Princess,Princess Cruises,1/27/2024,95,https://wwwn.cdc.gov/inspectionquerytool/InspectionSearch.aspx,2026-09-05
Sky Princess,Princess Cruises,1/8/2025,96,https://wwwn.cdc.gov/inspectionquerytool/InspectionSearch.aspx,2026-09-05
Sky Princess,Princess Cruises,12/8/2025,97,https://wwwn.cdc.gov/inspectionquerytool/InspectionSearch.aspx,2026-09-05
Spirit of Discovery,Saga Group Limited,10/8/2023,100,https://wwwn.cdc.gov/inspectionquerytool/InspectionSearch.aspx,2026-09-05
Stad Amsterdam,Rederij Clipper Stad Amsterdam,3/18/2014,89,https://wwwn.cdc.gov/inspectionquerytool/InspectionSearch.aspx,2026-09-05
Stad Amsterdam,Rederij Clipper Stad Amsterdam,4/14/2015,93,https://wwwn.cdc.gov/inspectionquerytool/InspectionSearch.aspx,2026-09-05
Stad Amsterdam,Rederij Clipper Stad Amsterdam,4/24/2017,88,https://wwwn.cdc.gov/inspectionquerytool/InspectionSearch.aspx,2026-09-05
Stad Amsterdam,Rederij Clipper Stad Amsterdam,4/16/2019,91,https://wwwn.cdc.gov/inspectionquerytool/InspectionSearch.aspx,2026-09-05
Stad Amsterdam,Rederij Clipper Stad Amsterdam,6/5/2025,86,https://wwwn.cdc.gov/inspectionquerytool/InspectionSearch.aspx,2026-09-05
Star Breeze,Windstar Cruises,8/3/2023,98,https://wwwn.cdc.gov/inspectionquerytool/InspectionSearch.aspx,2026-09-05
Star Legend,Windstar Cruises,12/19/2015,95,https://wwwn.cdc.gov/inspectionquerytool/InspectionSearch.aspx,2026-09-05
Star Legend,Windstar Cruises,12/23/2016,100,https://wwwn.cdc.gov/inspectionquerytool/InspectionSearch.aspx,2026-09-05
Star Legend,Windstar Cruises,3/26/2016,94,https://wwwn.cdc.gov/inspectionquerytool/InspectionSearch.aspx,2026-09-05
Star Legend,Windstar Cruises,4/1/2017,91,https://wwwn.cdc.gov/inspectionquerytool/InspectionSearch.aspx,2026-09-05
Star Legend,Windstar Cruises,5/23/2018,96,https://wwwn.cdc.gov/inspectionquerytool/InspectionSearch.aspx,2026-09-05
Star Legend,Windstar Cruises,9/7/2018,94,https://wwwn.cdc.gov/inspectionquerytool/InspectionSearch.aspx,2026-09-05
Star Legend,Windstar Cruises,5/28/2019,97,https://wwwn.cdc.gov/inspectionquerytool/InspectionSearch.aspx,2026-09-05
Star Pride,Windstar Cruises,9/29/2018,95,https://wwwn.cdc.gov/inspectionquerytool/InspectionSearch.aspx,2026-09-05
Star Pride,Windstar Cruises,3/9/2019,90,https://wwwn.cdc.gov/inspectionquerytool/InspectionSearch.aspx,2026-09-05
Star Pride,Windstar Cruises,2/29/2020,98,https://wwwn.cdc.gov/inspectionquerytool/InspectionSearch.aspx,2026-09-05
Star Pride,Windstar Cruises,1/7/2023,90,https://wwwn.cdc.gov/inspectionquerytool/InspectionSearch.aspx,2026-09-05
Star Pride,Windstar Cruises,9/29/2024,100,https://wwwn.cdc.gov/inspectionquerytool/InspectionSearch.aspx,2026-09-05
Star Pride,Windstar Cruises,9/26/2025,95,https://wwwn.cdc.gov/inspectionquerytool/InspectionSearch.aspx,2026-09-05
Star Princess,Princess Cruises,11/10/2025,91,https://wwwn.cdc.gov/inspectionquerytool/InspectionSearch.aspx,2026-09-05
Star Seeker,Windstar Cruises,3/27/2026,94,https://wwwn.cdc.gov/inspectionquerytool/InspectionSearch.aspx,2026-09-05
Star of the Seas,Royal Caribbean International,11/16/2025,96,https://wwwn.cdc.gov/inspectionquerytool/InspectionSearch.aspx,2026-09-05
Star of the Seas,Royal Caribbean International,5/13/2026,100,https://wwwn.cdc.gov/inspectionquerytool/InspectionSearch.aspx,2026-09-05
Sun Princess,Princess Cruises,11/30/2024,98,https://wwwn.cdc.gov/inspectionquerytool/InspectionSearch.aspx,2026-09-05
Sun Princess,Princess Cruises,11/23/2025,96,https://wwwn.cdc.gov/inspectionquerytool/InspectionSearch.aspx,2026-09-05
Symphony of the Seas,Royal Caribbean International,12/8/2018,97,https://wwwn.cdc.gov/inspectionquerytool/InspectionSearch.aspx,2026-09-05
Symphony of the Seas,Royal Caribbean International,3/5/2019,93,https://wwwn.cdc.gov/inspectionquerytool/InspectionSearch.aspx,2026-09-05
Symphony of the Seas,Royal Caribbean International,10/29/2022,100,https://wwwn.cdc.gov/inspectionquerytool/InspectionSearch.aspx,2026-09-05
Symphony of the Seas,Royal Caribbean International,11/18/2023,97,https://wwwn.cdc.gov/inspectionquerytool/InspectionSearch.aspx,2026-09-05
Symphony of the Seas,Royal Caribbean International,7/22/2025,97,https://wwwn.cdc.gov/inspectionquerytool/InspectionSearch.aspx,2026-09-05
The World,ResidenSea,9/27/2015,99,https://wwwn.cdc.gov/inspectionquerytool/InspectionSearch.aspx,2026-09-05
The World,ResidenSea,12/30/2017,98,https://wwwn.cdc.gov/inspectionquerytool/InspectionSearch.aspx,2026-09-05
The World,ResidenSea,7/20/2017,92,https://wwwn.cdc.gov/inspectionquerytool/InspectionSearch.aspx,2026-09-05
The World,ResidenSea,10/10/2023,98,https://wwwn.cdc.gov/inspectionquerytool/InspectionSearch.aspx,2026-09-05
The World,ResidenSea,12/5/2024,92,https://wwwn.cdc.gov/inspectionquerytool/InspectionSearch.aspx,2026-09-05
Utopia of the Seas,Royal Caribbean International,8/19/2024,94,https://wwwn.cdc.gov/inspectionquerytool/InspectionSearch.aspx,2026-09-05
Utopia of the Seas,Royal Caribbean International,7/21/2025,100,https://wwwn.cdc.gov/inspectionquerytool/InspectionSearch.aspx,2026-09-05
Utopia of the Seas,Royal Caribbean International,1/30/2026,97,https://wwwn.cdc.gov/inspectionquerytool/InspectionSearch.aspx,2026-09-05
Valiant Lady,Virgin Voyages,11/5/2022,95,https://wwwn.cdc.gov/inspectionquerytool/InspectionSearch.aspx,2026-09-05
Valiant Lady,Virgin Voyages,2/10/2024,95,https://wwwn.cdc.gov/inspectionquerytool/InspectionSearch.aspx,2026-09-05
Valiant Lady,Virgin Voyages,7/5/2024,95,https://wwwn.cdc.gov/inspectionquerytool/InspectionSearch.aspx,2026-09-05
Valiant Lady,Virgin Voyages,10/24/2025,97,https://wwwn.cdc.gov/inspectionquerytool/InspectionSearch.aspx,2026-09-05
Valiant Lady,Virgin Voyages,6/11/2025,96,https://wwwn.cdc.gov/inspectionquerytool/InspectionSearch.aspx,2026-09-05
Valiant Lady,Virgin Voyages,3/28/2026,100,https://wwwn.cdc.gov/inspectionquerytool/InspectionSearch.aspx,2026-09-05
Ventura,P&O Cruises,3/4/2020,92,https://wwwn.cdc.gov/inspectionquerytool/InspectionSearch.aspx,2026-09-05
Victory I,Victory Cruise Lines,6/12/2017,78,https://wwwn.cdc.gov/inspectionquerytool/InspectionSearch.aspx,2026-09-05
Victory I,Victory Cruise Lines,7/3/2018,90,https://wwwn.cdc.gov/inspectionquerytool/InspectionSearch.aspx,2026-09-05
Victory I,Victory Cruise Lines,5/22/2019,87,https://wwwn.cdc.gov/inspectionquerytool/InspectionSearch.aspx,2026-09-05
Victory I,Victory Cruise Lines,7/31/2019,88,https://wwwn.cdc.gov/inspectionquerytool/InspectionSearch.aspx,2026-09-05
Victory I,Victory Cruise Lines,7/29/2025,86,https://wwwn.cdc.gov/inspectionquerytool/InspectionSearch.aspx,2026-09-05
Victory II,Victory Cruise Lines,8/7/2019,99,https://wwwn.cdc.gov/inspectionquerytool/InspectionSearch.aspx,2026-09-05
Victory II,Victory Cruise Lines,7/14/2026,99,https://wwwn.cdc.gov/inspectionquerytool/InspectionSearch.aspx,2026-09-05
Viking Mars,Viking Ocean Cruises II Ltd.,10/20/2024,98,https://wwwn.cdc.gov/inspectionquerytool/InspectionSearch.aspx,2026-09-05
Viking Mars,Viking Ocean Cruises II Ltd.,12/30/2025,93,https://wwwn.cdc.gov/inspectionquerytool/InspectionSearch.aspx,2026-09-05
Viking Mars,Viking Ocean Cruises II Ltd.,9/26/2025,97,https://wwwn.cdc.gov/inspectionquerytool/InspectionSearch.aspx,2026-09-05
Viking Neptune,Viking Ocean Cruises II Ltd.,12/6/2024,96,https://wwwn.cdc.gov/inspectionquerytool/InspectionSearch.aspx,2026-09-05
Viking Neptune,Viking Ocean Cruises II Ltd.,4/22/2025,100,https://wwwn.cdc.gov/inspectionquerytool/InspectionSearch.aspx,2026-09-05
Viking Octantis,Viking Epedition Operations,9/30/2023,100,https://wwwn.cdc.gov/inspectionquerytool/InspectionSearch.aspx,2026-09-05
Viking Octantis,Viking Epedition Operations,10/13/2025,98,https://wwwn.cdc.gov/inspectionquerytool/InspectionSearch.aspx,2026-09-05
Viking Orion,Viking Ocean Cruises II Ltd.,5/30/2019,97,https://wwwn.cdc.gov/inspectionquerytool/InspectionSearch.aspx,2026-09-05
Viking Orion,Viking Ocean Cruises II Ltd.,8/18/2024,100,https://wwwn.cdc.gov/inspectionquerytool/InspectionSearch.aspx,2026-09-05
Viking Orion,Viking Ocean Cruises II Ltd.,7/12/2025,100,https://wwwn.cdc.gov/inspectionquerytool/InspectionSearch.aspx,2026-09-05
Viking Polaris,Viking Epedition Operations,8/17/2023,98,https://wwwn.cdc.gov/inspectionquerytool/InspectionSearch.aspx,2026-09-05
Viking Polaris,Viking Epedition Operations,4/2/2024,100,https://wwwn.cdc.gov/inspectionquerytool/InspectionSearch.aspx,2026-09-05
Viking Polaris,Viking Epedition Operations,9/30/2024,95,https://wwwn.cdc.gov/inspectionquerytool/InspectionSearch.aspx,2026-09-05
Viking Polaris,Viking Epedition Operations,10/6/2025,100,https://wwwn.cdc.gov/inspectionquerytool/InspectionSearch.aspx,2026-09-05
Viking Polaris,Viking Epedition Operations,3/28/2025,98,https://wwwn.cdc.gov/inspectionquerytool/InspectionSearch.aspx,2026-09-05
Viking Polaris,Viking Epedition Operations,5/21/2026,100,https://wwwn.cdc.gov/inspectionquerytool/InspectionSearch.aspx,2026-09-05
Viking Saturn,Viking Ocean Cruises II Ltd.,6/6/2023,98,https://wwwn.cdc.gov/inspectionquerytool/InspectionSearch.aspx,2026-09-05
Viking Sea,Viking Ocean Cruises II Ltd.,12/18/2018,94,https://wwwn.cdc.gov/inspectionquerytool/InspectionSearch.aspx,2026-09-05
Viking Sea,Viking Ocean Cruises II Ltd.,3/27/2018,88,https://wwwn.cdc.gov/inspectionquerytool/InspectionSearch.aspx,2026-09-05
Viking Sea,Viking Ocean Cruises II Ltd.,9/29/2018,97,https://wwwn.cdc.gov/inspectionquerytool/InspectionSearch.aspx,2026-09-05
Viking Sea,Viking Ocean Cruises II Ltd.,10/23/2019,100,https://wwwn.cdc.gov/inspectionquerytool/InspectionSearch.aspx,2026-09-05
Viking Sea,Viking Ocean Cruises II Ltd.,11/16/2023,97,https://wwwn.cdc.gov/inspectionquerytool/InspectionSearch.aspx,2026-09-05
Viking Sea,Viking Ocean Cruises II Ltd.,3/31/2025,100,https://wwwn.cdc.gov/inspectionquerytool/InspectionSearch.aspx,2026-09-05
Viking Sea,Viking Ocean Cruises II Ltd.,1/19/2026,96,https://wwwn.cdc.gov/inspectionquerytool/InspectionSearch.aspx,2026-09-05
Viking Sky,Viking Ocean Cruises Ltd,11/13/2017,95,https://wwwn.cdc.gov/inspectionquerytool/InspectionSearch.aspx,2026-09-05
Viking Sky,Viking Ocean Cruises Ltd,2/21/2020,100,https://wwwn.cdc.gov/inspectionquerytool/InspectionSearch.aspx,2026-09-05
Viking Sky,Viking Ocean Cruises Ltd,12/20/2023,100,https://wwwn.cdc.gov/inspectionquerytool/InspectionSearch.aspx,2026-09-05
Viking Sky,Viking Ocean Cruises Ltd,12/19/2024,95,https://wwwn.cdc.gov/inspectionquerytool/InspectionSearch.aspx,2026-09-05
Viking Sky,Viking Ocean Cruises Ltd,6/17/2025,97,https://wwwn.cdc.gov/inspectionquerytool/InspectionSearch.aspx,2026-09-05
Viking Sky,Viking Ocean Cruises Ltd,1/12/2026,94,https://wwwn.cdc.gov/inspectionquerytool/InspectionSearch.aspx,2026-09-05
Viking Star,Viking Ocean Cruises Ltd,1/7/2017,94,https://wwwn.cdc.gov/inspectionquerytool/InspectionSearch.aspx,2026-09-05
Viking Star,Viking Ocean Cruises Ltd,10/15/2018,100,https://wwwn.cdc.gov/inspectionquerytool/InspectionSearch.aspx,2026-09-05
Viking Star,Viking Ocean Cruises Ltd,10/14/2022,100,https://wwwn.cdc.gov/inspectionquerytool/InspectionSearch.aspx,2026-09-05
Viking Star,Viking Ocean Cruises Ltd,9/28/2023,99,https://wwwn.cdc.gov/inspectionquerytool/InspectionSearch.aspx,2026-09-05
Viking Venus,Viking Ocean Cruises II Ltd.,5/26/2025,98,https://wwwn.cdc.gov/inspectionquerytool/InspectionSearch.aspx,2026-09-05
Viking Venus,Viking Ocean Cruises II Ltd.,6/18/2026,97,https://wwwn.cdc.gov/inspectionquerytool/InspectionSearch.aspx,2026-09-05
Villa Vie Odyssey,Villa Vie,7/9/2025,81,https://wwwn.cdc.gov/inspectionquerytool/InspectionSearch.aspx,2026-09-05
Vision of the Seas,Royal Caribbean International,5/8/2014,100,https://wwwn.cdc.gov/inspectionquerytool/InspectionSearch.aspx,2026-09-05
Vision of the Seas,Royal Caribbean International,1/3/2015,99,https://wwwn.cdc.gov/inspectionquerytool/InspectionSearch.aspx,2026-09-05
Vision of the Seas,Royal Caribbean International,3/7/2015,97,https://wwwn.cdc.gov/inspectionquerytool/InspectionSearch.aspx,2026-09-05
Vision of the Seas,Royal Caribbean International,1/2/2016,97,https://wwwn.cdc.gov/inspectionquerytool/InspectionSearch.aspx,2026-09-05
Vision of the Seas,Royal Caribbean International,4/16/2016,97,https://wwwn.cdc.gov/inspectionquerytool/InspectionSearch.aspx,2026-09-05
Vision of the Seas,Royal Caribbean International,10/23/2017,98,https://wwwn.cdc.gov/inspectionquerytool/InspectionSearch.aspx,2026-09-05
Vision of the Seas,Royal Caribbean International,3/28/2018,95,https://wwwn.cdc.gov/inspectionquerytool/InspectionSearch.aspx,2026-09-05
Vision of the Seas,Royal Caribbean International,4/1/2019,99,https://wwwn.cdc.gov/inspectionquerytool/InspectionSearch.aspx,2026-09-05
Vision of the Seas,Royal Caribbean International,3/10/2023,99,https://wwwn.cdc.gov/inspectionquerytool/InspectionSearch.aspx,2026-09-05
Vision of the Seas,Royal Caribbean International,7/20/2024,97,https://wwwn.cdc.gov/inspectionquerytool/InspectionSearch.aspx,2026-09-05
Vision of the Seas,Royal Caribbean International,3/13/2025,95,https://wwwn.cdc.gov/inspectionquerytool/InspectionSearch.aspx,2026-09-05
Vision of the Seas,Royal Caribbean International,9/25/2025,95,https://wwwn.cdc.gov/inspectionquerytool/InspectionSearch.aspx,2026-09-05
Vision of the Seas,Royal Caribbean International,3/8/2026,100,https://wwwn.cdc.gov/inspectionquerytool/InspectionSearch.aspx,2026-09-05
Volendam,Holland America Line,5/23/2014,95,https://wwwn.cdc.gov/inspectionquerytool/InspectionSearch.aspx,2026-09-05
Volendam,Holland America Line,8/11/2014,97,https://wwwn.cdc.gov/inspectionquerytool/InspectionSearch.aspx,2026-09-05
Volendam,Holland America Line,5/29/2015,97,https://wwwn.cdc.gov/inspectionquerytool/InspectionSearch.aspx,2026-09-05
Volendam,Holland America Line,8/14/2015,99,https://wwwn.cdc.gov/inspectionquerytool/InspectionSearch.aspx,2026-09-05
Volendam,Holland America Line,5/13/2016,94,https://wwwn.cdc.gov/inspectionquerytool/InspectionSearch.aspx,2026-09-05
Volendam,Holland America Line,8/26/2016,96,https://wwwn.cdc.gov/inspectionquerytool/InspectionSearch.aspx,2026-09-05
Volendam,Holland America Line,5/12/2017,99,https://wwwn.cdc.gov/inspectionquerytool/InspectionSearch.aspx,2026-09-05
Volendam,Holland America Line,8/26/2017,97,https://wwwn.cdc.gov/inspectionquerytool/InspectionSearch.aspx,2026-09-05
Volendam,Holland America Line,5/25/2018,95,https://wwwn.cdc.gov/inspectionquerytool/InspectionSearch.aspx,2026-09-05
Volendam,Holland America Line,5/31/2019,98,https://wwwn.cdc.gov/inspectionquerytool/InspectionSearch.aspx,2026-09-05
Volendam,Holland America Line,5/8/2023,97,https://wwwn.cdc.gov/inspectionquerytool/InspectionSearch.aspx,2026-09-05
Volendam,Holland America Line,9/27/2024,99,https://wwwn.cdc.gov/inspectionquerytool/InspectionSearch.aspx,2026-09-05
Volendam,Holland America Line,7/12/2025,95,https://wwwn.cdc.gov/inspectionquerytool/InspectionSearch.aspx,2026-09-05
Voyager of the Seas,Royal Caribbean International,11/13/2023,100,https://wwwn.cdc.gov/inspectionquerytool/InspectionSearch.aspx,2026-09-05
Voyager of the Seas,Royal Caribbean International,3/12/2023,97,https://wwwn.cdc.gov/inspectionquerytool/InspectionSearch.aspx,2026-09-05
Voyager of the Seas,Royal Caribbean International,12/9/2024,95,https://wwwn.cdc.gov/inspectionquerytool/InspectionSearch.aspx,2026-09-05
Voyager of the Seas,Royal Caribbean International,4/19/2025,99,https://wwwn.cdc.gov/inspectionquerytool/InspectionSearch.aspx,2026-09-05
Voyager of the Seas,Royal Caribbean International,5/11/2026,95,https://wwwn.cdc.gov/inspectionquerytool/InspectionSearch.aspx,2026-09-05
Westerdam,Holland America Line,1/11/2014,98,https://wwwn.cdc.gov/inspectionquerytool/InspectionSearch.aspx,2026-09-05
Westerdam,Holland America Line,7/21/2014,100,https://wwwn.cdc.gov/inspectionquerytool/InspectionSearch.aspx,2026-09-05
Westerdam,Holland America Line,10/24/2015,96,https://wwwn.cdc.gov/inspectionquerytool/InspectionSearch.aspx,2026-09-05
Westerdam,Holland America Line,4/27/2015,95,https://wwwn.cdc.gov/inspectionquerytool/InspectionSearch.aspx,2026-09-05
Westerdam,Holland America Line,11/12/2016,100,https://wwwn.cdc.gov/inspectionquerytool/InspectionSearch.aspx,2026-09-05
Westerdam,Holland America Line,7/30/2016,99,https://wwwn.cdc.gov/inspectionquerytool/InspectionSearch.aspx,2026-09-05
Westerdam,Holland America Line,11/8/2017,94,https://wwwn.cdc.gov/inspectionquerytool/InspectionSearch.aspx,2026-09-05
Westerdam,Holland America Line,3/30/2017,92,https://wwwn.cdc.gov/inspectionquerytool/InspectionSearch.aspx,2026-09-05
Westerdam,Holland America Line,8/30/2018,97,https://wwwn.cdc.gov/inspectionquerytool/InspectionSearch.aspx,2026-09-05
Westerdam,Holland America Line,7/3/2019,98,https://wwwn.cdc.gov/inspectionquerytool/InspectionSearch.aspx,2026-09-05
Westerdam,Holland America Line,5/7/2023,96,https://wwwn.cdc.gov/inspectionquerytool/InspectionSearch.aspx,2026-09-05
Westerdam,Holland America Line,7/23/2024,97,https://wwwn.cdc.gov/inspectionquerytool/InspectionSearch.aspx,2026-09-05
Westerdam,Holland America Line,5/18/2025,100,https://wwwn.cdc.gov/inspectionquerytool/InspectionSearch.aspx,2026-09-05
Westerdam,Holland America Line,5/6/2026,97,https://wwwn.cdc.gov/inspectionquerytool/InspectionSearch.aspx,2026-09-05
Wonder Of The Seas,Royal Caribbean International,11/20/2022,100,https://wwwn.cdc.gov/inspectionquerytool/InspectionSearch.aspx,2026-09-05
Wonder Of The Seas,Royal Caribbean International,8/23/2023,95,https://wwwn.cdc.gov/inspectionquerytool/InspectionSearch.aspx,2026-09-05
Wonder Of The Seas,Royal Caribbean International,4/17/2024,99,https://wwwn.cdc.gov/inspectionquerytool/InspectionSearch.aspx,2026-09-05
Wonder Of The Seas,Royal Caribbean International,9/5/2025,98,https://wwwn.cdc.gov/inspectionquerytool/InspectionSearch.aspx,2026-09-05
World Odyssey,CMI Ship Mgmt,1/3/2016,90,https://wwwn.cdc.gov/inspectionquerytool/InspectionSearch.aspx,2026-09-05
World Odyssey,CMI Ship Mgmt,1/4/2017,95,https://wwwn.cdc.gov/inspectionquerytool/InspectionSearch.aspx,2026-09-05
World Odyssey,CMI Ship Mgmt,1/4/2018,94,https://wwwn.cdc.gov/inspectionquerytool/InspectionSearch.aspx,2026-09-05
World Odyssey,CMI Ship Mgmt,1/3/2019,89,https://wwwn.cdc.gov/inspectionquerytool/InspectionSearch.aspx,2026-09-05
Zaandam,Holland America Line,4/28/2014,95,https://wwwn.cdc.gov/inspectionquerytool/InspectionSearch.aspx,2026-09-05
Zaandam,Holland America Line,8/18/2014,97,https://wwwn.cdc.gov/inspectionquerytool/InspectionSearch.aspx,2026-09-05
Zaandam,Holland America Line,10/7/2015,97,https://wwwn.cdc.gov/inspectionquerytool/InspectionSearch.aspx,2026-09-05
Zaandam,Holland America Line,4/29/2015,99,https://wwwn.cdc.gov/inspectionquerytool/InspectionSearch.aspx,2026-09-05
Zaandam,Holland America Line,6/3/2015,90,https://wwwn.cdc.gov/inspectionquerytool/InspectionSearch.aspx,2026-09-05
Zaandam,Holland America Line,6/9/2016,99,https://wwwn.cdc.gov/inspectionquerytool/InspectionSearch.aspx,2026-09-05
Zaandam,Holland America Line,5/3/2017,99,https://wwwn.cdc.gov/inspectionquerytool/InspectionSearch.aspx,2026-09-05
Zaandam,Holland America Line,8/24/2017,95,https://wwwn.cdc.gov/inspectionquerytool/InspectionSearch.aspx,2026-09-05
Zaandam,Holland America Line,6/22/2018,98,https://wwwn.cdc.gov/inspectionquerytool/InspectionSearch.aspx,2026-09-05
Zaandam,Holland America Line,8/17/2019,99,https://wwwn.cdc.gov/inspectionquerytool/InspectionSearch.aspx,2026-09-05
Zaandam,Holland America Line,8/19/2024,98,https://wwwn.cdc.gov/inspectionquerytool/InspectionSearch.aspx,2026-09-05
Zaandam,Holland America Line,1/22/2025,97,https://wwwn.cdc.gov/inspectionquerytool/InspectionSearch.aspx,2026-09-05
Zaandam,Holland America Line,8/18/2025,95,https://wwwn.cdc.gov/inspectionquerytool/InspectionSearch.aspx,2026-09-05
Zaandam,Holland America Line,1/11/2026,92,https://wwwn.cdc.gov/inspectionquerytool/InspectionSearch.aspx,2026-09-05
Zuiderdam,Holland America Line,12/19/2014,100,https://wwwn.cdc.gov/inspectionquerytool/InspectionSearch.aspx,2026-09-05
Zuiderdam,Holland America Line,11/30/2015,100,https://wwwn.cdc.gov/inspectionquerytool/InspectionSearch.aspx,2026-09-05
Zuiderdam,Holland America Line,3/16/2015,95,https://wwwn.cdc.gov/inspectionquerytool/InspectionSearch.aspx,2026-09-05
Zuiderdam,Holland America Line,10/19/2016,99,https://wwwn.cdc.gov/inspectionquerytool/InspectionSearch.aspx,2026-09-05
Zuiderdam,Holland America Line,3/18/2016,92,https://wwwn.cdc.gov/inspectionquerytool/InspectionSearch.aspx,2026-09-05
Zuiderdam,Holland America Line,1/27/2018,100,https://wwwn.cdc.gov/inspectionquerytool/InspectionSearch.aspx,2026-09-05
Zuiderdam,Holland America Line,11/25/2018,97,https://wwwn.cdc.gov/inspectionquerytool/InspectionSearch.aspx,2026-09-05
Zuiderdam,Holland America Line,12/20/2019,98,https://wwwn.cdc.gov/inspectionquerytool/InspectionSearch.aspx,2026-09-05
Zuiderdam,Holland America Line,12/15/2022,98,https://wwwn.cdc.gov/inspectionquerytool/InspectionSearch.aspx,2026-09-05
Zuiderdam,Holland America Line,8/24/2024,100,https://wwwn.cdc.gov/inspectionquerytool/InspectionSearch.aspx,2026-09-05
Zuiderdam,Holland America Line,5/9/2025,99,https://wwwn.cdc.gov/inspectionquerytool/InspectionSearch.aspx,2026-09-05
