{
  "type": "FeatureCollection",
  "features": [
    {
      "type": "Feature",
      "properties": {
        "kind": "hull_outline",
        "platform_id": "enterprise_galaxy_tng"
      },
      "geometry": {
        "type": "Polygon",
        "coordinates": [
          [
            [
              141.24,
              55.559999999999995
            ],
            [
              243.96,
              23.150000000000002
            ],
            [
              398.04,
              18.52
            ],
            [
              500.76,
              55.559999999999995
            ],
            [
              564.96,
              129.64000000000001
            ],
            [
              577.8000000000001,
              231.5
            ],
            [
              526.4399999999999,
              314.84000000000003
            ],
            [
              398.04,
              361.14
            ],
            [
              243.96,
              351.88
            ],
            [
              141.24,
              287.06
            ],
            [
              89.88000000000001,
              185.20000000000002
            ],
            [
              141.24,
              55.559999999999995
            ],
            [
              51.36,
              208.35
            ],
            [
              32.1,
              287.06
            ],
            [
              64.2,
              333.36
            ],
            [
              141.24,
              55.559999999999995
            ]
          ]
        ]
      }
    },
    {
      "type": "Feature",
      "properties": {
        "kind": "hull_waterline",
        "platform_id": "enterprise_galaxy_tng"
      },
      "geometry": {
        "type": "Polygon",
        "coordinates": [
          [
            [
              151.88864,
              66.57322666666667
            ],
            [
              246.39104,
              36.756026666666656
            ],
            [
              388.14464000000004,
              32.49642666666668
            ],
            [
              482.64704,
              66.57322666666667
            ],
            [
              541.71104,
              134.72682666666668
            ],
            [
              553.5238400000001,
              228.43802666666667
            ],
            [
              506.27263999999997,
              305.1108266666667
            ],
            [
              388.14464000000004,
              347.70682666666664
            ],
            [
              246.39104,
              339.1876266666667
            ],
            [
              151.88864,
              279.55322666666666
            ],
            [
              104.63744,
              185.84202666666667
            ],
            [
              151.88864,
              66.57322666666667
            ],
            [
              69.19904,
              207.14002666666667
            ],
            [
              51.479839999999996,
              279.55322666666666
            ],
            [
              81.01183999999998,
              322.14922666666666
            ],
            [
              151.88864,
              66.57322666666667
            ]
          ]
        ]
      }
    },
    {
      "type": "Feature",
      "properties": {
        "kind": "compartment",
        "zone_id": "Bridge",
        "deck": "saucer_1",
        "room_type": "Free"
      },
      "geometry": {
        "type": "Polygon",
        "coordinates": [
          [
            [
              620.5488208569083,
              269.63696735731986
            ],
            [
              624.9311791430918,
              269.63696735731986
            ],
            [
              626.0782735058709,
              270.7840617200992
            ],
            [
              626.0782735058709,
              273.70393827990085
            ],
            [
              624.9311791430918,
              274.8510326426802
            ],
            [
              620.5488208569083,
              274.8510326426802
            ],
            [
              619.4017264941291,
              273.70393827990085
            ],
            [
              619.4017264941291,
              270.7840617200992
            ],
            [
              620.5488208569083,
              269.63696735731986
            ]
          ]
        ]
      }
    },
    {
      "type": "Feature",
      "properties": {
        "kind": "compartment",
        "zone_id": "BriefRoom",
        "deck": "saucer_1",
        "room_type": "Free"
      },
      "geometry": {
        "type": "Polygon",
        "coordinates": [
          [
            [
              17.71060236912534,
              433.37654953958616
            ],
            [
              20.809397630874656,
              433.37654953958616
            ],
            [
              21.620515833456746,
              434.1876677421683
            ],
            [
              21.620515833456746,
              436.25233225783177
            ],
            [
              20.809397630874656,
              437.0634504604139
            ],
            [
              17.71060236912534,
              437.0634504604139
            ],
            [
              16.89948416654325,
              436.25233225783177
            ],
            [
              16.89948416654325,
              434.1876677421683
            ],
            [
              17.71060236912534,
              433.37654953958616
            ]
          ]
        ]
      }
    },
    {
      "type": "Feature",
      "properties": {
        "kind": "compartment",
        "zone_id": "HD_1S_M",
        "deck": "saucer_1",
        "room_type": "Sanitary"
      },
      "geometry": {
        "type": "Polygon",
        "coordinates": [
          [
            [
              317.59430656,
              26.268576
            ],
            [
              320.13497344,
              26.268576
            ],
            [
              320.8,
              26.933602559999997
            ],
            [
              320.8,
              28.626397439999998
            ],
            [
              320.13497344,
              29.291423999999996
            ],
            [
              317.59430656,
              29.291423999999996
            ],
            [
              316.92928,
              28.626397439999998
            ],
            [
              316.92928,
              26.933602559999997
            ],
            [
              317.59430656,
              26.268576
            ]
          ]
        ]
      }
    },
    {
      "type": "Feature",
      "properties": {
        "kind": "compartment",
        "zone_id": "HD_1S_F",
        "deck": "saucer_1",
        "room_type": "Sanitary"
      },
      "geometry": {
        "type": "Polygon",
        "coordinates": [
          [
            [
              321.86502656,
              26.268576
            ],
            [
              324.40569344,
              26.268576
            ],
            [
              325.07072,
              26.933602559999997
            ],
            [
              325.07072,
              28.626397439999998
            ],
            [
              324.40569344,
              29.291423999999996
            ],
            [
              321.86502656,
              29.291423999999996
            ],
            [
              321.2,
              28.626397439999998
            ],
            [
              321.2,
              26.933602559999997
            ],
            [
              321.86502656,
              26.268576
            ]
          ]
        ]
      }
    },
    {
      "type": "Feature",
      "properties": {
        "kind": "compartment",
        "zone_id": "Comms",
        "deck": "saucer_2",
        "room_type": "Free"
      },
      "geometry": {
        "type": "Polygon",
        "coordinates": [
          [
            [
              319.5655365307963,
              433.5132965108139
            ],
            [
              322.4344634692037,
              433.5132965108139
            ],
            [
              323.1854130044456,
              434.26424604605586
            ],
            [
              323.1854130044456,
              436.1757539539442
            ],
            [
              322.4344634692037,
              436.92670348918614
            ],
            [
              319.5655365307963,
              436.92670348918614
            ],
            [
              318.8145869955544,
              436.1757539539442
            ],
            [
              318.8145869955544,
              434.26424604605586
            ],
            [
              319.5655365307963,
              433.5132965108139
            ]
          ]
        ]
      }
    },
    {
      "type": "Feature",
      "properties": {
        "kind": "compartment",
        "zone_id": "HD_2S_M",
        "deck": "saucer_2",
        "room_type": "Sanitary"
      },
      "geometry": {
        "type": "Polygon",
        "coordinates": [
          [
            [
              317.59430656,
              26.268576
            ],
            [
              320.13497344,
              26.268576
            ],
            [
              320.8,
              26.933602559999997
            ],
            [
              320.8,
              28.626397439999998
            ],
            [
              320.13497344,
              29.291423999999996
            ],
            [
              317.59430656,
              29.291423999999996
            ],
            [
              316.92928,
              28.626397439999998
            ],
            [
              316.92928,
              26.933602559999997
            ],
            [
              317.59430656,
              26.268576
            ]
          ]
        ]
      }
    },
    {
      "type": "Feature",
      "properties": {
        "kind": "compartment",
        "zone_id": "HD_2S_F",
        "deck": "saucer_2",
        "room_type": "Sanitary"
      },
      "geometry": {
        "type": "Polygon",
        "coordinates": [
          [
            [
              321.86502656,
              26.268576
            ],
            [
              324.40569344,
              26.268576
            ],
            [
              325.07072,
              26.933602559999997
            ],
            [
              325.07072,
              28.626397439999998
            ],
            [
              324.40569344,
              29.291423999999996
            ],
            [
              321.86502656,
              29.291423999999996
            ],
            [
              321.2,
              28.626397439999998
            ],
            [
              321.2,
              26.933602559999997
            ],
            [
              321.86502656,
              26.268576
            ]
          ]
        ]
      }
    },
    {
      "type": "Feature",
      "properties": {
        "kind": "compartment",
        "zone_id": "TenFwd",
        "deck": "saucer_10",
        "room_type": "Dining"
      },
      "geometry": {
        "type": "Polygon",
        "coordinates": [
          [
            [
              15.121625475856492,
              98.43341966386312
            ],
            [
              23.398374524143506,
              98.43341966386312
            ],
            [
              24.906069872043737,
              99.94111501176334
            ],
            [
              24.906069872043737,
              103.77888498823668
            ],
            [
              23.398374524143506,
              105.28658033613691
            ],
            [
              15.121625475856492,
              105.28658033613691
            ],
            [
              13.613930127956259,
              103.77888498823668
            ],
            [
              13.613930127956259,
              99.94111501176334
            ],
            [
              15.121625475856492,
              98.43341966386312
            ]
          ]
        ]
      }
    },
    {
      "type": "Feature",
      "properties": {
        "kind": "compartment",
        "zone_id": "EC_D10_P_F",
        "deck": "saucer_10",
        "room_type": "Cabin_Corridor"
      },
      "geometry": {
        "type": "Polygon",
        "coordinates": [
          [
            [
              444.9561371428574,
              359.18596735646514
            ],
            [
              478.6678628571425,
              359.18596735646514
            ],
            [
              487.49199999999996,
              360.0457417196205
            ],
            [
              487.49199999999996,
              362.2342582803796
            ],
            [
              478.6678628571425,
              363.09403264353494
            ],
            [
              444.9561371428574,
              363.09403264353494
            ],
            [
              436.13199999999995,
              362.2342582803796
            ],
            [
              436.13199999999995,
              360.0457417196205
            ],
            [
              444.9561371428574,
              359.18596735646514
            ]
          ]
        ]
      }
    },
    {
      "type": "Feature",
      "properties": {
        "kind": "compartment",
        "zone_id": "EC_D10_P_M",
        "deck": "saucer_10",
        "room_type": "Cabin_Corridor"
      },
      "geometry": {
        "type": "Polygon",
        "coordinates": [
          [
            [
              525.4201371428574,
              359.18596735646514
            ],
            [
              559.1318628571428,
              359.18596735646514
            ],
            [
              567.956,
              360.0457417196205
            ],
            [
              567.956,
              362.2342582803796
            ],
            [
              559.1318628571428,
              363.09403264353494
            ],
            [
              525.4201371428574,
              363.09403264353494
            ],
            [
              516.5960000000001,
              362.2342582803796
            ],
            [
              516.5960000000001,
              360.0457417196205
            ],
            [
              525.4201371428574,
              359.18596735646514
            ]
          ]
        ]
      }
    },
    {
      "type": "Feature",
      "properties": {
        "kind": "compartment",
        "zone_id": "EC_D10_P_A",
        "deck": "saucer_10",
        "room_type": "Cabin_Corridor"
      },
      "geometry": {
        "type": "Polygon",
        "coordinates": [
          [
            [
              598.4641371428573,
              359.18596735646514
            ],
            [
              632.1758628571428,
              359.18596735646514
            ],
            [
              641.0,
              360.0457417196205
            ],
            [
              641.0,
              362.2342582803796
            ],
            [
              632.1758628571428,
              363.09403264353494
            ],
            [
              598.4641371428573,
              363.09403264353494
            ],
            [
              589.6400000000001,
              362.2342582803796
            ],
            [
              589.6400000000001,
              360.0457417196205
            ],
            [
              598.4641371428573,
              359.18596735646514
            ]
          ]
        ]
      }
    },
    {
      "type": "Feature",
      "properties": {
        "kind": "compartment",
        "zone_id": "EC_D10_S_F",
        "deck": "saucer_10",
        "room_type": "Cabin_Corridor"
      },
      "geometry": {
        "type": "Polygon",
        "coordinates": [
          [
            [
              444.9561371428574,
              433.2659673564651
            ],
            [
              478.6678628571425,
              433.2659673564651
            ],
            [
              487.49199999999996,
              434.12574171962046
            ],
            [
              487.49199999999996,
              436.3142582803796
            ],
            [
              478.6678628571425,
              437.17403264353493
            ],
            [
              444.9561371428574,
              437.17403264353493
            ],
            [
              436.13199999999995,
              436.3142582803796
            ],
            [
              436.13199999999995,
              434.12574171962046
            ],
            [
              444.9561371428574,
              433.2659673564651
            ]
          ]
        ]
      }
    },
    {
      "type": "Feature",
      "properties": {
        "kind": "compartment",
        "zone_id": "EC_D10_S_M",
        "deck": "saucer_10",
        "room_type": "Cabin_Corridor"
      },
      "geometry": {
        "type": "Polygon",
        "coordinates": [
          [
            [
              525.4201371428574,
              433.2659673564651
            ],
            [
              559.1318628571428,
              433.2659673564651
            ],
            [
              567.956,
              434.12574171962046
            ],
            [
              567.956,
              436.3142582803796
            ],
            [
              559.1318628571428,
              437.17403264353493
            ],
            [
              525.4201371428574,
              437.17403264353493
            ],
            [
              516.5960000000001,
              436.3142582803796
            ],
            [
              516.5960000000001,
              434.12574171962046
            ],
            [
              525.4201371428574,
              433.2659673564651
            ]
          ]
        ]
      }
    },
    {
      "type": "Feature",
      "properties": {
        "kind": "compartment",
        "zone_id": "EC_D10_S_A",
        "deck": "saucer_10",
        "room_type": "Cabin_Corridor"
      },
      "geometry": {
        "type": "Polygon",
        "coordinates": [
          [
            [
              598.4641371428573,
              433.2659673564651
            ],
            [
              632.1758628571428,
              433.2659673564651
            ],
            [
              641.0,
              434.12574171962046
            ],
            [
              641.0,
              436.3142582803796
            ],
            [
              632.1758628571428,
              437.17403264353493
            ],
            [
              598.4641371428573,
              437.17403264353493
            ],
            [
              589.6400000000001,
              436.3142582803796
            ],
            [
              589.6400000000001,
              434.12574171962046
            ],
            [
              598.4641371428573,
              433.2659673564651
            ]
          ]
        ]
      }
    },
    {
      "type": "Feature",
      "properties": {
        "kind": "compartment",
        "zone_id": "HD_10S_M",
        "deck": "saucer_10",
        "room_type": "Sanitary"
      },
      "geometry": {
        "type": "Polygon",
        "coordinates": [
          [
            [
              15.854306560000001,
              26.268576
            ],
            [
              18.39497344,
              26.268576
            ],
            [
              19.06,
              26.933602559999997
            ],
            [
              19.06,
              28.626397439999998
            ],
            [
              18.39497344,
              29.291423999999996
            ],
            [
              15.854306560000001,
              29.291423999999996
            ],
            [
              15.18928,
              28.626397439999998
            ],
            [
              15.18928,
              26.933602559999997
            ],
            [
              15.854306560000001,
              26.268576
            ]
          ]
        ]
      }
    },
    {
      "type": "Feature",
      "properties": {
        "kind": "compartment",
        "zone_id": "HD_10S_F",
        "deck": "saucer_10",
        "room_type": "Sanitary"
      },
      "geometry": {
        "type": "Polygon",
        "coordinates": [
          [
            [
              20.125026559999995,
              26.268576
            ],
            [
              22.66569344,
              26.268576
            ],
            [
              23.330719999999996,
              26.933602559999997
            ],
            [
              23.330719999999996,
              28.626397439999998
            ],
            [
              22.66569344,
              29.291423999999996
            ],
            [
              20.125026559999995,
              29.291423999999996
            ],
            [
              19.459999999999997,
              28.626397439999998
            ],
            [
              19.459999999999997,
              26.933602559999997
            ],
            [
              20.125026559999995,
              26.268576
            ]
          ]
        ]
      }
    },
    {
      "type": "Feature",
      "properties": {
        "kind": "compartment",
        "zone_id": "Arboretum",
        "deck": "saucer_14",
        "room_type": "Free"
      },
      "geometry": {
        "type": "Polygon",
        "coordinates": [
          [
            [
              318.0719137048236,
              431.73620609105535
            ],
            [
              323.9280862951764,
              431.73620609105535
            ],
            [
              325.4609556151121,
              433.2690754109911
            ],
            [
              325.4609556151121,
              437.17092458900896
            ],
            [
              323.9280862951764,
              438.7037939089447
            ],
            [
              318.0719137048236,
              438.7037939089447
            ],
            [
              316.5390443848879,
              437.17092458900896
            ],
            [
              316.5390443848879,
              433.2690754109911
            ],
            [
              318.0719137048236,
              431.73620609105535
            ]
          ]
        ]
      }
    },
    {
      "type": "Feature",
      "properties": {
        "kind": "compartment",
        "zone_id": "HD_14S_M",
        "deck": "saucer_14",
        "room_type": "Sanitary"
      },
      "geometry": {
        "type": "Polygon",
        "coordinates": [
          [
            [
              317.59430656,
              26.268576
            ],
            [
              320.13497344,
              26.268576
            ],
            [
              320.8,
              26.933602559999997
            ],
            [
              320.8,
              28.626397439999998
            ],
            [
              320.13497344,
              29.291423999999996
            ],
            [
              317.59430656,
              29.291423999999996
            ],
            [
              316.92928,
              28.626397439999998
            ],
            [
              316.92928,
              26.933602559999997
            ],
            [
              317.59430656,
              26.268576
            ]
          ]
        ]
      }
    },
    {
      "type": "Feature",
      "properties": {
        "kind": "compartment",
        "zone_id": "HD_14S_F",
        "deck": "saucer_14",
        "room_type": "Sanitary"
      },
      "geometry": {
        "type": "Polygon",
        "coordinates": [
          [
            [
              321.86502656,
              26.268576
            ],
            [
              324.40569344,
              26.268576
            ],
            [
              325.07072,
              26.933602559999997
            ],
            [
              325.07072,
              28.626397439999998
            ],
            [
              324.40569344,
              29.291423999999996
            ],
            [
              321.86502656,
              29.291423999999996
            ],
            [
              321.2,
              28.626397439999998
            ],
            [
              321.2,
              26.933602559999997
            ],
            [
              321.86502656,
              26.268576
            ]
          ]
        ]
      }
    },
    {
      "type": "Feature",
      "properties": {
        "kind": "compartment",
        "zone_id": "Holodeck1",
        "deck": "saucer_9",
        "room_type": "Free"
      },
      "geometry": {
        "type": "Polygon",
        "coordinates": [
          [
            [
              52.913837098840894,
              132.48885311720912
            ],
            [
              57.136783209337686,
              132.48885311720912
            ],
            [
              58.24215099566041,
              133.59422090353183
            ],
            [
              58.24215099566041,
              136.40788435962605
            ],
            [
              57.136783209337686,
              137.51325214594877
            ],
            [
              52.913837098840894,
              137.51325214594877
            ],
            [
              51.80846931251817,
              136.40788435962605
            ],
            [
              51.80846931251817,
              133.59422090353183
            ],
            [
              52.913837098840894,
              132.48885311720912
            ]
          ]
        ]
      }
    },
    {
      "type": "Feature",
      "properties": {
        "kind": "compartment",
        "zone_id": "Gym",
        "deck": "saucer_9",
        "room_type": "Free"
      },
      "geometry": {
        "type": "Polygon",
        "coordinates": [
          [
            [
              17.408115624343676,
              89.9092868487701
            ],
            [
              21.11188437565632,
              89.9092868487701
            ],
            [
              22.08135605693432,
              90.87875853004809
            ],
            [
              22.08135605693432,
              93.34650462784666
            ],
            [
              21.11188437565632,
              94.31597630912465
            ],
            [
              17.408115624343676,
              94.31597630912465
            ],
            [
              16.438643943065674,
              93.34650462784666
            ],
            [
              16.438643943065674,
              90.87875853004809
            ],
            [
              17.408115624343676,
              89.9092868487701
            ]
          ]
        ]
      }
    },
    {
      "type": "Feature",
      "properties": {
        "kind": "compartment",
        "zone_id": "EC_D9_P_F",
        "deck": "saucer_9",
        "room_type": "Cabin_Corridor"
      },
      "geometry": {
        "type": "Polygon",
        "coordinates": [
          [
            [
              204.7392026330418,
              347.5672865569434
            ],
            [
              237.10245931875593,
              347.5672865569434
            ],
            [
              245.57363097589888,
              348.3926699455725
            ],
            [
              245.57363097589888,
              350.4936458439013
            ],
            [
              237.10245931875593,
              351.3190292325304
            ],
            [
              204.7392026330418,
              351.3190292325304
            ],
            [
              196.26803097589885,
              350.4936458439013
            ],
            [
              196.26803097589885,
              348.3926699455725
            ],
            [
              204.7392026330418,
              347.5672865569434
            ]
          ]
        ]
      }
    },
    {
      "type": "Feature",
      "properties": {
        "kind": "compartment",
        "zone_id": "EC_D9_P_M",
        "deck": "saucer_9",
        "room_type": "Cabin_Corridor"
      },
      "geometry": {
        "type": "Polygon",
        "coordinates": [
          [
            [
              254.0712339208451,
              347.6423214104551
            ],
            [
              285.1399603391312,
              347.6423214104551
            ],
            [
              293.2722851299882,
              348.4346894635391
            ],
            [
              293.2722851299882,
              350.4516263259347
            ],
            [
              285.1399603391312,
              351.24399437901866
            ],
            [
              254.0712339208451,
              351.24399437901866
            ],
            [
              245.93890912998816,
              350.4516263259347
            ],
            [
              245.93890912998816,
              348.4346894635391
            ],
            [
              254.0712339208451,
              347.6423214104551
            ]
          ]
        ]
      }
    },
    {
      "type": "Feature",
      "properties": {
        "kind": "compartment",
        "zone_id": "EC_D9_P_A",
        "deck": "saucer_9",
        "room_type": "Cabin_Corridor"
      },
      "geometry": {
        "type": "Polygon",
        "coordinates": [
          [
            [
              302.143456787131,
              347.5672865569434
            ],
            [
              334.5067134728452,
              347.5672865569434
            ],
            [
              342.9778851299881,
              348.3926699455725
            ],
            [
              342.9778851299881,
              350.4936458439013
            ],
            [
              334.5067134728452,
              351.3190292325304
            ],
            [
              302.143456787131,
              351.3190292325304
            ],
            [
              293.6722851299881,
              350.4936458439013
            ],
            [
              293.6722851299881,
              348.3926699455725
            ],
            [
              302.143456787131,
              347.5672865569434
            ]
          ]
        ]
      }
    },
    {
      "type": "Feature",
      "properties": {
        "kind": "compartment",
        "zone_id": "EC_D9_S_F",
        "deck": "saucer_9",
        "room_type": "Cabin_Corridor"
      },
      "geometry": {
        "type": "Polygon",
        "coordinates": [
          [
            [
              204.7392026330418,
              433.3441286622065
            ],
            [
              237.10245931875593,
              433.3441286622065
            ],
            [
              245.57363097589888,
              434.16951205083564
            ],
            [
              245.57363097589888,
              436.2704879491644
            ],
            [
              237.10245931875593,
              437.09587133779354
            ],
            [
              204.7392026330418,
              437.09587133779354
            ],
            [
              196.26803097589885,
              436.2704879491644
            ],
            [
              196.26803097589885,
              434.16951205083564
            ],
            [
              204.7392026330418,
              433.3441286622065
            ]
          ]
        ]
      }
    },
    {
      "type": "Feature",
      "properties": {
        "kind": "compartment",
        "zone_id": "EC_D9_S_M",
        "deck": "saucer_9",
        "room_type": "Cabin_Corridor"
      },
      "geometry": {
        "type": "Polygon",
        "coordinates": [
          [
            [
              254.0712339208451,
              433.41916351571825
            ],
            [
              285.1399603391312,
              433.41916351571825
            ],
            [
              293.2722851299882,
              434.21153156880223
            ],
            [
              293.2722851299882,
              436.2284684311978
            ],
            [
              285.1399603391312,
              437.0208364842818
            ],
            [
              254.0712339208451,
              437.0208364842818
            ],
            [
              245.93890912998816,
              436.2284684311978
            ],
            [
              245.93890912998816,
              434.21153156880223
            ],
            [
              254.0712339208451,
              433.41916351571825
            ]
          ]
        ]
      }
    },
    {
      "type": "Feature",
      "properties": {
        "kind": "compartment",
        "zone_id": "EC_D9_S_A",
        "deck": "saucer_9",
        "room_type": "Cabin_Corridor"
      },
      "geometry": {
        "type": "Polygon",
        "coordinates": [
          [
            [
              302.143456787131,
              433.3441286622065
            ],
            [
              334.5067134728452,
              433.3441286622065
            ],
            [
              342.9778851299881,
              434.16951205083564
            ],
            [
              342.9778851299881,
              436.2704879491644
            ],
            [
              334.5067134728452,
              437.09587133779354
            ],
            [
              302.143456787131,
              437.09587133779354
            ],
            [
              293.6722851299881,
              436.2704879491644
            ],
            [
              293.6722851299881,
              434.16951205083564
            ],
            [
              302.143456787131,
              433.3441286622065
            ]
          ]
        ]
      }
    },
    {
      "type": "Feature",
      "properties": {
        "kind": "compartment",
        "zone_id": "OC_D9_F",
        "deck": "saucer_9",
        "room_type": "Cabin_Corridor"
      },
      "geometry": {
        "type": "Polygon",
        "coordinates": [
          [
            [
              521.7957169297159,
              348.1931578947369
            ],
            [
              550.4286551968088,
              348.1931578947369
            ],
            [
              557.9234057240624,
              348.7431578947369
            ],
            [
              557.9234057240624,
              350.1431578947369
            ],
            [
              550.4286551968088,
              350.6931578947369
            ],
            [
              521.7957169297159,
              350.6931578947369
            ],
            [
              514.3009664024623,
              350.1431578947369
            ],
            [
              514.3009664024623,
              348.7431578947369
            ],
            [
              521.7957169297159,
              348.1931578947369
            ]
          ]
        ]
      }
    },
    {
      "type": "Feature",
      "properties": {
        "kind": "compartment",
        "zone_id": "OC_D9_M",
        "deck": "saucer_9",
        "room_type": "Cabin_Corridor"
      },
      "geometry": {
        "type": "Polygon",
        "coordinates": [
          [
            [
              565.4223824064636,
              348.1931578947369
            ],
            [
              589.7416700263113,
              348.1931578947369
            ],
            [
              596.1073106046923,
              348.7431578947369
            ],
            [
              596.1073106046923,
              350.1431578947369
            ],
            [
              589.7416700263113,
              350.6931578947369
            ],
            [
              565.4223824064636,
              350.6931578947369
            ],
            [
              559.0567418280826,
              350.1431578947369
            ],
            [
              559.0567418280826,
              348.7431578947369
            ],
            [
              565.4223824064636,
              348.1931578947369
            ]
          ]
        ]
      }
    },
    {
      "type": "Feature",
      "properties": {
        "kind": "compartment",
        "zone_id": "OC_D9_A",
        "deck": "saucer_9",
        "room_type": "Cabin_Corridor"
      },
      "geometry": {
        "type": "Polygon",
        "coordinates": [
          [
            [
              604.0020611319459,
              348.1931578947369
            ],
            [
              632.6349993990387,
              348.1931578947369
            ],
            [
              640.1297499262923,
              348.7431578947369
            ],
            [
              640.1297499262923,
              350.1431578947369
            ],
            [
              632.6349993990387,
              350.6931578947369
            ],
            [
              604.0020611319459,
              350.6931578947369
            ],
            [
              596.5073106046923,
              350.1431578947369
            ],
            [
              596.5073106046923,
              348.7431578947369
            ],
            [
              604.0020611319459,
              348.1931578947369
            ]
          ]
        ]
      }
    },
    {
      "type": "Feature",
      "properties": {
        "kind": "compartment",
        "zone_id": "HD_9S_M",
        "deck": "saucer_9",
        "room_type": "Sanitary"
      },
      "geometry": {
        "type": "Polygon",
        "coordinates": [
          [
            [
              33.736961637044644,
              26.268576
            ],
            [
              36.27762851704465,
              26.268576
            ],
            [
              36.94265507704465,
              26.933602559999997
            ],
            [
              36.94265507704465,
              28.626397439999998
            ],
            [
              36.27762851704465,
              29.291423999999996
            ],
            [
              33.736961637044644,
              29.291423999999996
            ],
            [
              33.07193507704464,
              28.626397439999998
            ],
            [
              33.07193507704464,
              26.933602559999997
            ],
            [
              33.736961637044644,
              26.268576
            ]
          ]
        ]
      }
    },
    {
      "type": "Feature",
      "properties": {
        "kind": "compartment",
        "zone_id": "HD_9S_F",
        "deck": "saucer_9",
        "room_type": "Sanitary"
      },
      "geometry": {
        "type": "Polygon",
        "coordinates": [
          [
            [
              38.00768163704464,
              26.268576
            ],
            [
              40.548348517044644,
              26.268576
            ],
            [
              41.213375077044645,
              26.933602559999997
            ],
            [
              41.213375077044645,
              28.626397439999998
            ],
            [
              40.548348517044644,
              29.291423999999996
            ],
            [
              38.00768163704464,
              29.291423999999996
            ],
            [
              37.34265507704464,
              28.626397439999998
            ],
            [
              37.34265507704464,
              26.933602559999997
            ],
            [
              38.00768163704464,
              26.268576
            ]
          ]
        ]
      }
    },
    {
      "type": "Feature",
      "properties": {
        "kind": "compartment",
        "zone_id": "Holodeck2",
        "deck": "saucer_11",
        "room_type": "Free"
      },
      "geometry": {
        "type": "Polygon",
        "coordinates": [
          [
            [
              17.148526944751598,
              432.7078004856302
            ],
            [
              21.371473055248398,
              432.7078004856302
            ],
            [
              22.476840841571118,
              433.813168271953
            ],
            [
              22.476840841571118,
              436.6268317280471
            ],
            [
              21.371473055248398,
              437.7321995143699
            ],
            [
              17.148526944751598,
              437.7321995143699
            ],
            [
              16.043159158428878,
              436.6268317280471
            ],
            [
              16.043159158428878,
              433.813168271953
            ],
            [
              17.148526944751598,
              432.7078004856302
            ]
          ]
        ]
      }
    },
    {
      "type": "Feature",
      "properties": {
        "kind": "compartment",
        "zone_id": "EC_D11_P_F",
        "deck": "saucer_11",
        "room_type": "Cabin_Corridor"
      },
      "geometry": {
        "type": "Polygon",
        "coordinates": [
          [
            [
              364.4921371428575,
              25.825967356465096
            ],
            [
              398.20386285714255,
              25.825967356465096
            ],
            [
              407.028,
              26.685741719620452
            ],
            [
              407.028,
              28.874258280379543
            ],
            [
              398.20386285714255,
              29.7340326435349
            ],
            [
              364.4921371428575,
              29.7340326435349
            ],
            [
              355.668,
              28.874258280379543
            ],
            [
              355.668,
              26.685741719620452
            ],
            [
              364.4921371428575,
              25.825967356465096
            ]
          ]
        ]
      }
    },
    {
      "type": "Feature",
      "properties": {
        "kind": "compartment",
        "zone_id": "EC_D11_P_M",
        "deck": "saucer_11",
        "room_type": "Cabin_Corridor"
      },
      "geometry": {
        "type": "Polygon",
        "coordinates": [
          [
            [
              485.1881371428575,
              25.825967356465096
            ],
            [
              518.8998628571426,
              25.825967356465096
            ],
            [
              527.724,
              26.685741719620452
            ],
            [
              527.724,
              28.874258280379543
            ],
            [
              518.8998628571426,
              29.7340326435349
            ],
            [
              485.1881371428575,
              29.7340326435349
            ],
            [
              476.36400000000003,
              28.874258280379543
            ],
            [
              476.36400000000003,
              26.685741719620452
            ],
            [
              485.1881371428575,
              25.825967356465096
            ]
          ]
        ]
      }
    },
    {
      "type": "Feature",
      "properties": {
        "kind": "compartment",
        "zone_id": "EC_D11_P_A",
        "deck": "saucer_11",
        "room_type": "Cabin_Corridor"
      },
      "geometry": {
        "type": "Polygon",
        "coordinates": [
          [
            [
              598.4641371428573,
              25.825967356465096
            ],
            [
              632.1758628571428,
              25.825967356465096
            ],
            [
              641.0,
              26.685741719620452
            ],
            [
              641.0,
              28.874258280379543
            ],
            [
              632.1758628571428,
              29.7340326435349
            ],
            [
              598.4641371428573,
              29.7340326435349
            ],
            [
              589.6400000000001,
              28.874258280379543
            ],
            [
              589.6400000000001,
              26.685741719620452
            ],
            [
              598.4641371428573,
              25.825967356465096
            ]
          ]
        ]
      }
    },
    {
      "type": "Feature",
      "properties": {
        "kind": "compartment",
        "zone_id": "EC_D11_S_F",
        "deck": "saucer_11",
        "room_type": "Cabin_Corridor"
      },
      "geometry": {
        "type": "Polygon",
        "coordinates": [
          [
            [
              364.4921371428575,
              433.2659673564651
            ],
            [
              398.20386285714255,
              433.2659673564651
            ],
            [
              407.028,
              434.12574171962046
            ],
            [
              407.028,
              436.3142582803796
            ],
            [
              398.20386285714255,
              437.17403264353493
            ],
            [
              364.4921371428575,
              437.17403264353493
            ],
            [
              355.668,
              436.3142582803796
            ],
            [
              355.668,
              434.12574171962046
            ],
            [
              364.4921371428575,
              433.2659673564651
            ]
          ]
        ]
      }
    },
    {
      "type": "Feature",
      "properties": {
        "kind": "compartment",
        "zone_id": "EC_D11_S_M",
        "deck": "saucer_11",
        "room_type": "Cabin_Corridor"
      },
      "geometry": {
        "type": "Polygon",
        "coordinates": [
          [
            [
              485.1881371428575,
              433.2659673564651
            ],
            [
              518.8998628571426,
              433.2659673564651
            ],
            [
              527.724,
              434.12574171962046
            ],
            [
              527.724,
              436.3142582803796
            ],
            [
              518.8998628571426,
              437.17403264353493
            ],
            [
              485.1881371428575,
              437.17403264353493
            ],
            [
              476.36400000000003,
              436.3142582803796
            ],
            [
              476.36400000000003,
              434.12574171962046
            ],
            [
              485.1881371428575,
              433.2659673564651
            ]
          ]
        ]
      }
    },
    {
      "type": "Feature",
      "properties": {
        "kind": "compartment",
        "zone_id": "EC_D11_S_A",
        "deck": "saucer_11",
        "room_type": "Cabin_Corridor"
      },
      "geometry": {
        "type": "Polygon",
        "coordinates": [
          [
            [
              598.4641371428573,
              433.2659673564651
            ],
            [
              632.1758628571428,
              433.2659673564651
            ],
            [
              641.0,
              434.12574171962046
            ],
            [
              641.0,
              436.3142582803796
            ],
            [
              632.1758628571428,
              437.17403264353493
            ],
            [
              598.4641371428573,
              437.17403264353493
            ],
            [
              589.6400000000001,
              436.3142582803796
            ],
            [
              589.6400000000001,
              434.12574171962046
            ],
            [
              598.4641371428573,
              433.2659673564651
            ]
          ]
        ]
      }
    },
    {
      "type": "Feature",
      "properties": {
        "kind": "compartment",
        "zone_id": "HD_11S_M",
        "deck": "saucer_11",
        "room_type": "Sanitary"
      },
      "geometry": {
        "type": "Polygon",
        "coordinates": [
          [
            [
              15.854306560000001,
              26.268576
            ],
            [
              18.39497344,
              26.268576
            ],
            [
              19.06,
              26.933602559999997
            ],
            [
              19.06,
              28.626397439999998
            ],
            [
              18.39497344,
              29.291423999999996
            ],
            [
              15.854306560000001,
              29.291423999999996
            ],
            [
              15.18928,
              28.626397439999998
            ],
            [
              15.18928,
              26.933602559999997
            ],
            [
              15.854306560000001,
              26.268576
            ]
          ]
        ]
      }
    },
    {
      "type": "Feature",
      "properties": {
        "kind": "compartment",
        "zone_id": "HD_11S_F",
        "deck": "saucer_11",
        "room_type": "Sanitary"
      },
      "geometry": {
        "type": "Polygon",
        "coordinates": [
          [
            [
              20.125026559999995,
              26.268576
            ],
            [
              22.66569344,
              26.268576
            ],
            [
              23.330719999999996,
              26.933602559999997
            ],
            [
              23.330719999999996,
              28.626397439999998
            ],
            [
              22.66569344,
              29.291423999999996
            ],
            [
              20.125026559999995,
              29.291423999999996
            ],
            [
              19.459999999999997,
              28.626397439999998
            ],
            [
              19.459999999999997,
              26.933602559999997
            ],
            [
              20.125026559999995,
              26.268576
            ]
          ]
        ]
      }
    },
    {
      "type": "Feature",
      "properties": {
        "kind": "compartment",
        "zone_id": "School",
        "deck": "saucer_16",
        "room_type": "Free"
      },
      "geometry": {
        "type": "Polygon",
        "coordinates": [
          [
            [
              319.1481156243437,
              433.01665526982276
            ],
            [
              322.8518843756563,
              433.01665526982276
            ],
            [
              323.82135605693435,
              433.9861269511008
            ],
            [
              323.82135605693435,
              436.45387304889925
            ],
            [
              322.8518843756563,
              437.4233447301773
            ],
            [
              319.1481156243437,
              437.4233447301773
            ],
            [
              318.17864394306565,
              436.45387304889925
            ],
            [
              318.17864394306565,
              433.9861269511008
            ],
            [
              319.1481156243437,
              433.01665526982276
            ]
          ]
        ]
      }
    },
    {
      "type": "Feature",
      "properties": {
        "kind": "compartment",
        "zone_id": "HD_16S_M",
        "deck": "saucer_16",
        "room_type": "Sanitary"
      },
      "geometry": {
        "type": "Polygon",
        "coordinates": [
          [
            [
              317.59430656,
              26.268576
            ],
            [
              320.13497344,
              26.268576
            ],
            [
              320.8,
              26.933602559999997
            ],
            [
              320.8,
              28.626397439999998
            ],
            [
              320.13497344,
              29.291423999999996
            ],
            [
              317.59430656,
              29.291423999999996
            ],
            [
              316.92928,
              28.626397439999998
            ],
            [
              316.92928,
              26.933602559999997
            ],
            [
              317.59430656,
              26.268576
            ]
          ]
        ]
      }
    },
    {
      "type": "Feature",
      "properties": {
        "kind": "compartment",
        "zone_id": "HD_16S_F",
        "deck": "saucer_16",
        "room_type": "Sanitary"
      },
      "geometry": {
        "type": "Polygon",
        "coordinates": [
          [
            [
              321.86502656,
              26.268576
            ],
            [
              324.40569344,
              26.268576
            ],
            [
              325.07072,
              26.933602559999997
            ],
            [
              325.07072,
              28.626397439999998
            ],
            [
              324.40569344,
              29.291423999999996
            ],
            [
              321.86502656,
              29.291423999999996
            ],
            [
              321.2,
              28.626397439999998
            ],
            [
              321.2,
              26.933602559999997
            ],
            [
              321.86502656,
              26.268576
            ]
          ]
        ]
      }
    },
    {
      "type": "Feature",
      "properties": {
        "kind": "compartment",
        "zone_id": "CrewLounge",
        "deck": "saucer_15",
        "room_type": "Free"
      },
      "geometry": {
        "type": "Polygon",
        "coordinates": [
          [
            [
              17.23136230712332,
              269.8303567786436
            ],
            [
              21.288637692876677,
              269.8303567786436
            ],
            [
              22.350640710273517,
              270.89235979604047
            ],
            [
              22.350640710273517,
              273.5956402039596
            ],
            [
              21.288637692876677,
              274.65764322135647
            ],
            [
              17.23136230712332,
              274.65764322135647
            ],
            [
              16.16935928972648,
              273.5956402039596
            ],
            [
              16.16935928972648,
              270.89235979604047
            ],
            [
              17.23136230712332,
              269.8303567786436
            ]
          ]
        ]
      }
    },
    {
      "type": "Feature",
      "properties": {
        "kind": "compartment",
        "zone_id": "StellarCart",
        "deck": "saucer_15",
        "room_type": "Free"
      },
      "geometry": {
        "type": "Polygon",
        "coordinates": [
          [
            [
              620.9831482228941,
              433.1297236546332
            ],
            [
              624.4968517771059,
              433.1297236546332
            ],
            [
              625.4165733690672,
              434.04944524659464
            ],
            [
              625.4165733690672,
              436.3905547534054
            ],
            [
              624.4968517771059,
              437.31027634536684
            ],
            [
              620.9831482228941,
              437.31027634536684
            ],
            [
              620.0634266309328,
              436.3905547534054
            ],
            [
              620.0634266309328,
              434.04944524659464
            ],
            [
              620.9831482228941,
              433.1297236546332
            ]
          ]
        ]
      }
    },
    {
      "type": "Feature",
      "properties": {
        "kind": "compartment",
        "zone_id": "HD_15S_M",
        "deck": "saucer_15",
        "room_type": "Sanitary"
      },
      "geometry": {
        "type": "Polygon",
        "coordinates": [
          [
            [
              317.59430656,
              26.268576
            ],
            [
              320.13497344,
              26.268576
            ],
            [
              320.8,
              26.933602559999997
            ],
            [
              320.8,
              28.626397439999998
            ],
            [
              320.13497344,
              29.291423999999996
            ],
            [
              317.59430656,
              29.291423999999996
            ],
            [
              316.92928,
              28.626397439999998
            ],
            [
              316.92928,
              26.933602559999997
            ],
            [
              317.59430656,
              26.268576
            ]
          ]
        ]
      }
    },
    {
      "type": "Feature",
      "properties": {
        "kind": "compartment",
        "zone_id": "HD_15S_F",
        "deck": "saucer_15",
        "room_type": "Sanitary"
      },
      "geometry": {
        "type": "Polygon",
        "coordinates": [
          [
            [
              321.86502656,
              26.268576
            ],
            [
              324.40569344,
              26.268576
            ],
            [
              325.07072,
              26.933602559999997
            ],
            [
              325.07072,
              28.626397439999998
            ],
            [
              324.40569344,
              29.291423999999996
            ],
            [
              321.86502656,
              29.291423999999996
            ],
            [
              321.2,
              28.626397439999998
            ],
            [
              321.2,
              26.933602559999997
            ],
            [
              321.86502656,
              26.268576
            ]
          ]
        ]
      }
    },
    {
      "type": "Feature",
      "properties": {
        "kind": "compartment",
        "zone_id": "Sickbay",
        "deck": "saucer_12",
        "room_type": "Medical"
      },
      "geometry": {
        "type": "Polygon",
        "coordinates": [
          [
            [
              16.917530963858855,
              350.9449648728443
            ],
            [
              21.60246903614114,
              350.9449648728443
            ],
            [
              22.82876449208966,
              352.17126032879287
            ],
            [
              22.82876449208966,
              355.2927396712072
            ],
            [
              21.60246903614114,
              356.51903512715575
            ],
            [
              16.917530963858855,
              356.51903512715575
            ],
            [
              15.691235507910333,
              355.2927396712072
            ],
            [
              15.691235507910333,
              352.17126032879287
            ],
            [
              16.917530963858855,
              350.9449648728443
            ]
          ]
        ]
      }
    },
    {
      "type": "Feature",
      "properties": {
        "kind": "compartment",
        "zone_id": "IsolBay1",
        "deck": "saucer_12",
        "room_type": "Medical"
      },
      "geometry": {
        "type": "Polygon",
        "coordinates": [
          [
            [
              168.7516,
              433.58000000000004
            ],
            [
              171.5084,
              433.58000000000004
            ],
            [
              172.23,
              434.30160000000006
            ],
            [
              172.23,
              436.1384
            ],
            [
              171.5084,
              436.86
            ],
            [
              168.7516,
              436.86
            ],
            [
              168.03,
              436.1384
            ],
            [
              168.03,
              434.30160000000006
            ],
            [
              168.7516,
              433.58000000000004
            ]
          ]
        ]
      }
    },
    {
      "type": "Feature",
      "properties": {
        "kind": "compartment",
        "zone_id": "IsolBay2",
        "deck": "saucer_12",
        "room_type": "Medical"
      },
      "geometry": {
        "type": "Polygon",
        "coordinates": [
          [
            [
              244.1866,
              433.58000000000004
            ],
            [
              246.9434,
              433.58000000000004
            ],
            [
              247.665,
              434.30160000000006
            ],
            [
              247.665,
              436.1384
            ],
            [
              246.9434,
              436.86
            ],
            [
              244.1866,
              436.86
            ],
            [
              243.465,
              436.1384
            ],
            [
              243.465,
              434.30160000000006
            ],
            [
              244.1866,
              433.58000000000004
            ]
          ]
        ]
      }
    },
    {
      "type": "Feature",
      "properties": {
        "kind": "compartment",
        "zone_id": "IsolBay3",
        "deck": "saucer_12",
        "room_type": "Medical"
      },
      "geometry": {
        "type": "Polygon",
        "coordinates": [
          [
            [
              319.6216,
              433.58000000000004
            ],
            [
              322.3784,
              433.58000000000004
            ],
            [
              323.1,
              434.30160000000006
            ],
            [
              323.1,
              436.1384
            ],
            [
              322.3784,
              436.86
            ],
            [
              319.6216,
              436.86
            ],
            [
              318.9,
              436.1384
            ],
            [
              318.9,
              434.30160000000006
            ],
            [
              319.6216,
              433.58000000000004
            ]
          ]
        ]
      }
    },
    {
      "type": "Feature",
      "properties": {
        "kind": "compartment",
        "zone_id": "EC_D12_P_F",
        "deck": "saucer_12",
        "room_type": "Cabin_Corridor"
      },
      "geometry": {
        "type": "Polygon",
        "coordinates": [
          [
            [
              9.82413714285715,
              25.825967356465096
            ],
            [
              43.535862857142845,
              25.825967356465096
            ],
            [
              52.36,
              26.685741719620452
            ],
            [
              52.36,
              28.874258280379543
            ],
            [
              43.535862857142845,
              29.7340326435349
            ],
            [
              9.82413714285715,
              29.7340326435349
            ],
            [
              0.9999999999999964,
              28.874258280379543
            ],
            [
              0.9999999999999964,
              26.685741719620452
            ],
            [
              9.82413714285715,
              25.825967356465096
            ]
          ]
        ]
      }
    },
    {
      "type": "Feature",
      "properties": {
        "kind": "compartment",
        "zone_id": "EC_D12_P_M",
        "deck": "saucer_12",
        "room_type": "Cabin_Corridor"
      },
      "geometry": {
        "type": "Polygon",
        "coordinates": [
          [
            [
              304.14413714285746,
              25.825967356465096
            ],
            [
              337.85586285714254,
              25.825967356465096
            ],
            [
              346.68,
              26.685741719620452
            ],
            [
              346.68,
              28.874258280379543
            ],
            [
              337.85586285714254,
              29.7340326435349
            ],
            [
              304.14413714285746,
              29.7340326435349
            ],
            [
              295.32,
              28.874258280379543
            ],
            [
              295.32,
              26.685741719620452
            ],
            [
              304.14413714285746,
              25.825967356465096
            ]
          ]
        ]
      }
    },
    {
      "type": "Feature",
      "properties": {
        "kind": "compartment",
        "zone_id": "EC_D12_P_A",
        "deck": "saucer_12",
        "room_type": "Cabin_Corridor"
      },
      "geometry": {
        "type": "Polygon",
        "coordinates": [
          [
            [
              598.4641371428573,
              25.825967356465096
            ],
            [
              632.1758628571428,
              25.825967356465096
            ],
            [
              641.0,
              26.685741719620452
            ],
            [
              641.0,
              28.874258280379543
            ],
            [
              632.1758628571428,
              29.7340326435349
            ],
            [
              598.4641371428573,
              29.7340326435349
            ],
            [
              589.6400000000001,
              28.874258280379543
            ],
            [
              589.6400000000001,
              26.685741719620452
            ],
            [
              598.4641371428573,
              25.825967356465096
            ]
          ]
        ]
      }
    },
    {
      "type": "Feature",
      "properties": {
        "kind": "compartment",
        "zone_id": "EC_D12_S_F",
        "deck": "saucer_12",
        "room_type": "Cabin_Corridor"
      },
      "geometry": {
        "type": "Polygon",
        "coordinates": [
          [
            [
              25.38918079085716,
              188.95516351571825
            ],
            [
              56.45790720914284,
              188.95516351571825
            ],
            [
              64.590232,
              189.74753156880223
            ],
            [
              64.590232,
              191.76446843119783
            ],
            [
              56.45790720914284,
              192.5568364842818
            ],
            [
              25.38918079085716,
              192.5568364842818
            ],
            [
              17.256856000000003,
              191.76446843119783
            ],
            [
              17.256856000000003,
              189.74753156880223
            ],
            [
              25.38918079085716,
              188.95516351571825
            ]
          ]
        ]
      }
    },
    {
      "type": "Feature",
      "properties": {
        "kind": "compartment",
        "zone_id": "EC_D12_S_M",
        "deck": "saucer_12",
        "room_type": "Cabin_Corridor"
      },
      "geometry": {
        "type": "Polygon",
        "coordinates": [
          [
            [
              304.14413714285746,
              188.80196735646513
            ],
            [
              337.85586285714254,
              188.80196735646513
            ],
            [
              346.68,
              189.66174171962047
            ],
            [
              346.68,
              191.8502582803796
            ],
            [
              337.85586285714254,
              192.71003264353493
            ],
            [
              304.14413714285746,
              192.71003264353493
            ],
            [
              295.32,
              191.8502582803796
            ],
            [
              295.32,
              189.66174171962047
            ],
            [
              304.14413714285746,
              188.80196735646513
            ]
          ]
        ]
      }
    },
    {
      "type": "Feature",
      "properties": {
        "kind": "compartment",
        "zone_id": "EC_D12_S_A",
        "deck": "saucer_12",
        "room_type": "Cabin_Corridor"
      },
      "geometry": {
        "type": "Polygon",
        "coordinates": [
          [
            [
              598.4641371428573,
              188.80196735646513
            ],
            [
              632.1758628571428,
              188.80196735646513
            ],
            [
              641.0,
              189.66174171962047
            ],
            [
              641.0,
              191.8502582803796
            ],
            [
              632.1758628571428,
              192.71003264353493
            ],
            [
              598.4641371428573,
              192.71003264353493
            ],
            [
              589.6400000000001,
              191.8502582803796
            ],
            [
              589.6400000000001,
              189.66174171962047
            ],
            [
              598.4641371428573,
              188.80196735646513
            ]
          ]
        ]
      }
    },
    {
      "type": "Feature",
      "properties": {
        "kind": "compartment",
        "zone_id": "HD_12S_M",
        "deck": "saucer_12",
        "room_type": "Sanitary"
      },
      "geometry": {
        "type": "Polygon",
        "coordinates": [
          [
            [
              8.112336,
              189.18160000000003
            ],
            [
              10.758864,
              189.18160000000003
            ],
            [
              11.451600000000001,
              189.87433600000003
            ],
            [
              11.451600000000001,
              191.63766400000003
            ],
            [
              10.758864,
              192.33040000000003
            ],
            [
              8.112336,
              192.33040000000003
            ],
            [
              7.419600000000001,
              191.63766400000003
            ],
            [
              7.419600000000001,
              189.87433600000003
            ],
            [
              8.112336,
              189.18160000000003
            ]
          ]
        ]
      }
    },
    {
      "type": "Feature",
      "properties": {
        "kind": "compartment",
        "zone_id": "HD_12S_F",
        "deck": "saucer_12",
        "room_type": "Sanitary"
      },
      "geometry": {
        "type": "Polygon",
        "coordinates": [
          [
            [
              13.517592,
              189.18160000000003
            ],
            [
              16.16412,
              189.18160000000003
            ],
            [
              16.856856,
              189.87433600000003
            ],
            [
              16.856856,
              191.63766400000003
            ],
            [
              16.16412,
              192.33040000000003
            ],
            [
              13.517592,
              192.33040000000003
            ],
            [
              12.824856,
              191.63766400000003
            ],
            [
              12.824856,
              189.87433600000003
            ],
            [
              13.517592,
              189.18160000000003
            ]
          ]
        ]
      }
    },
    {
      "type": "Feature",
      "properties": {
        "kind": "compartment",
        "zone_id": "Science1",
        "deck": "saucer_13",
        "room_type": "Free"
      },
      "geometry": {
        "type": "Polygon",
        "coordinates": [
          [
            [
              17.31772728102359,
              269.933112551421
            ],
            [
              21.202272718976406,
              269.933112551421
            ],
            [
              22.21906319635117,
              270.9499030287958
            ],
            [
              22.21906319635117,
              273.53809697120425
            ],
            [
              21.202272718976406,
              274.55488744857905
            ],
            [
              17.31772728102359,
              274.55488744857905
            ],
            [
              16.300936803648828,
              273.53809697120425
            ],
            [
              16.300936803648828,
              270.9499030287958
            ],
            [
              17.31772728102359,
              269.933112551421
            ]
          ]
        ]
      }
    },
    {
      "type": "Feature",
      "properties": {
        "kind": "compartment",
        "zone_id": "Science2",
        "deck": "saucer_13",
        "room_type": "Free"
      },
      "geometry": {
        "type": "Polygon",
        "coordinates": [
          [
            [
              620.8881156243436,
              433.01665526982276
            ],
            [
              624.5918843756564,
              433.01665526982276
            ],
            [
              625.5613560569343,
              433.9861269511008
            ],
            [
              625.5613560569343,
              436.45387304889925
            ],
            [
              624.5918843756564,
              437.4233447301773
            ],
            [
              620.8881156243436,
              437.4233447301773
            ],
            [
              619.9186439430657,
              436.45387304889925
            ],
            [
              619.9186439430657,
              433.9861269511008
            ],
            [
              620.8881156243436,
              433.01665526982276
            ]
          ]
        ]
      }
    },
    {
      "type": "Feature",
      "properties": {
        "kind": "compartment",
        "zone_id": "HD_13S_M",
        "deck": "saucer_13",
        "room_type": "Sanitary"
      },
      "geometry": {
        "type": "Polygon",
        "coordinates": [
          [
            [
              317.59430656,
              26.268576
            ],
            [
              320.13497344,
              26.268576
            ],
            [
              320.8,
              26.933602559999997
            ],
            [
              320.8,
              28.626397439999998
            ],
            [
              320.13497344,
              29.291423999999996
            ],
            [
              317.59430656,
              29.291423999999996
            ],
            [
              316.92928,
              28.626397439999998
            ],
            [
              316.92928,
              26.933602559999997
            ],
            [
              317.59430656,
              26.268576
            ]
          ]
        ]
      }
    },
    {
      "type": "Feature",
      "properties": {
        "kind": "compartment",
        "zone_id": "HD_13S_F",
        "deck": "saucer_13",
        "room_type": "Sanitary"
      },
      "geometry": {
        "type": "Polygon",
        "coordinates": [
          [
            [
              321.86502656,
              26.268576
            ],
            [
              324.40569344,
              26.268576
            ],
            [
              325.07072,
              26.933602559999997
            ],
            [
              325.07072,
              28.626397439999998
            ],
            [
              324.40569344,
              29.291423999999996
            ],
            [
              321.86502656,
              29.291423999999996
            ],
            [
              321.2,
              28.626397439999998
            ],
            [
              321.2,
              26.933602559999997
            ],
            [
              321.86502656,
              26.268576
            ]
          ]
        ]
      }
    },
    {
      "type": "Feature",
      "properties": {
        "kind": "compartment",
        "zone_id": "Transprt1",
        "deck": "saucer_6",
        "room_type": "Free"
      },
      "geometry": {
        "type": "Polygon",
        "coordinates": [
          [
            [
              17.881599999999995,
              270.60400000000004
            ],
            [
              20.6384,
              270.60400000000004
            ],
            [
              21.36,
              271.32560000000007
            ],
            [
              21.36,
              273.1624
            ],
            [
              20.6384,
              273.884
            ],
            [
              17.881599999999995,
              273.884
            ],
            [
              17.159999999999997,
              273.1624
            ],
            [
              17.159999999999997,
              271.32560000000007
            ],
            [
              17.881599999999995,
              270.60400000000004
            ]
          ]
        ]
      }
    },
    {
      "type": "Feature",
      "properties": {
        "kind": "compartment",
        "zone_id": "Transprt2",
        "deck": "saucer_6",
        "room_type": "Free"
      },
      "geometry": {
        "type": "Polygon",
        "coordinates": [
          [
            [
              621.3616,
              433.58000000000004
            ],
            [
              624.1184000000001,
              433.58000000000004
            ],
            [
              624.84,
              434.30160000000006
            ],
            [
              624.84,
              436.1384
            ],
            [
              624.1184000000001,
              436.86
            ],
            [
              621.3616,
              436.86
            ],
            [
              620.64,
              436.1384
            ],
            [
              620.64,
              434.30160000000006
            ],
            [
              621.3616,
              433.58000000000004
            ]
          ]
        ]
      }
    },
    {
      "type": "Feature",
      "properties": {
        "kind": "compartment",
        "zone_id": "HD_6S_M",
        "deck": "saucer_6",
        "room_type": "Sanitary"
      },
      "geometry": {
        "type": "Polygon",
        "coordinates": [
          [
            [
              317.59430656,
              26.268576
            ],
            [
              320.13497344,
              26.268576
            ],
            [
              320.8,
              26.933602559999997
            ],
            [
              320.8,
              28.626397439999998
            ],
            [
              320.13497344,
              29.291423999999996
            ],
            [
              317.59430656,
              29.291423999999996
            ],
            [
              316.92928,
              28.626397439999998
            ],
            [
              316.92928,
              26.933602559999997
            ],
            [
              317.59430656,
              26.268576
            ]
          ]
        ]
      }
    },
    {
      "type": "Feature",
      "properties": {
        "kind": "compartment",
        "zone_id": "HD_6S_F",
        "deck": "saucer_6",
        "room_type": "Sanitary"
      },
      "geometry": {
        "type": "Polygon",
        "coordinates": [
          [
            [
              321.86502656,
              26.268576
            ],
            [
              324.40569344,
              26.268576
            ],
            [
              325.07072,
              26.933602559999997
            ],
            [
              325.07072,
              28.626397439999998
            ],
            [
              324.40569344,
              29.291423999999996
            ],
            [
              321.86502656,
              29.291423999999996
            ],
            [
              321.2,
              28.626397439999998
            ],
            [
              321.2,
              26.933602559999997
            ],
            [
              321.86502656,
              26.268576
            ]
          ]
        ]
      }
    },
    {
      "type": "Feature",
      "properties": {
        "kind": "compartment",
        "zone_id": "Security",
        "deck": "saucer_7",
        "room_type": "Free"
      },
      "geometry": {
        "type": "Polygon",
        "coordinates": [
          [
            [
              17.825536530796267,
              229.79329651081392
            ],
            [
              20.69446346920373,
              229.79329651081392
            ],
            [
              21.445413004445612,
              230.5442460460558
            ],
            [
              21.445413004445612,
              232.45575395394425
            ],
            [
              20.69446346920373,
              233.20670348918614
            ],
            [
              17.825536530796267,
              233.20670348918614
            ],
            [
              17.074586995554384,
              232.45575395394425
            ],
            [
              17.074586995554384,
              230.5442460460558
            ],
            [
              17.825536530796267,
              229.79329651081392
            ]
          ]
        ]
      }
    },
    {
      "type": "Feature",
      "properties": {
        "kind": "compartment",
        "zone_id": "Brig",
        "deck": "saucer_7",
        "room_type": "Room"
      },
      "geometry": {
        "type": "Polygon",
        "coordinates": [
          [
            [
              104.09542857142857,
              331.26
            ],
            [
              106.84742857142855,
              331.26
            ],
            [
              107.77142857142856,
              332.18399999999997
            ],
            [
              107.77142857142856,
              334.53600000000006
            ],
            [
              106.84742857142855,
              335.46000000000004
            ],
            [
              104.09542857142857,
              335.46000000000004
            ],
            [
              103.17142857142856,
              334.53600000000006
            ],
            [
              103.17142857142856,
              332.18399999999997
            ],
            [
              104.09542857142857,
              331.26
            ]
          ]
        ]
      }
    },
    {
      "type": "Feature",
      "properties": {
        "kind": "compartment",
        "zone_id": "EC_D7_P_F",
        "deck": "saucer_7",
        "room_type": "Cabin_Corridor"
      },
      "geometry": {
        "type": "Polygon",
        "coordinates": [
          [
            [
              261.03842285714313,
              229.54596735646513
            ],
            [
              294.7501485714282,
              229.54596735646513
            ],
            [
              303.5742857142857,
              230.40574171962047
            ],
            [
              303.5742857142857,
              232.5942582803796
            ],
            [
              294.7501485714282,
              233.45403264353493
            ],
            [
              261.03842285714313,
              233.45403264353493
            ],
            [
              252.21428571428567,
              232.5942582803796
            ],
            [
              252.21428571428567,
              230.40574171962047
            ],
            [
              261.03842285714313,
              229.54596735646513
            ]
          ]
        ]
      }
    },
    {
      "type": "Feature",
      "properties": {
        "kind": "compartment",
        "zone_id": "EC_D7_P_M",
        "deck": "saucer_7",
        "room_type": "Cabin_Corridor"
      },
      "geometry": {
        "type": "Polygon",
        "coordinates": [
          [
            [
              433.46128000000033,
              229.54596735646513
            ],
            [
              467.1730057142854,
              229.54596735646513
            ],
            [
              475.9971428571429,
              230.40574171962047
            ],
            [
              475.9971428571429,
              232.5942582803796
            ],
            [
              467.1730057142854,
              233.45403264353493
            ],
            [
              433.46128000000033,
              233.45403264353493
            ],
            [
              424.63714285714286,
              232.5942582803796
            ],
            [
              424.63714285714286,
              230.40574171962047
            ],
            [
              433.46128000000033,
              229.54596735646513
            ]
          ]
        ]
      }
    },
    {
      "type": "Feature",
      "properties": {
        "kind": "compartment",
        "zone_id": "EC_D7_P_A",
        "deck": "saucer_7",
        "room_type": "Cabin_Corridor"
      },
      "geometry": {
        "type": "Polygon",
        "coordinates": [
          [
            [
              598.4641371428573,
              229.54596735646513
            ],
            [
              632.1758628571428,
              229.54596735646513
            ],
            [
              641.0,
              230.40574171962047
            ],
            [
              641.0,
              232.5942582803796
            ],
            [
              632.1758628571428,
              233.45403264353493
            ],
            [
              598.4641371428573,
              233.45403264353493
            ],
            [
              589.6400000000001,
              232.5942582803796
            ],
            [
              589.6400000000001,
              230.40574171962047
            ],
            [
              598.4641371428573,
              229.54596735646513
            ]
          ]
        ]
      }
    },
    {
      "type": "Feature",
      "properties": {
        "kind": "compartment",
        "zone_id": "EC_D7_S_F",
        "deck": "saucer_7",
        "room_type": "Cabin_Corridor"
      },
      "geometry": {
        "type": "Polygon",
        "coordinates": [
          [
            [
              261.03842285714313,
              433.2659673564651
            ],
            [
              294.7501485714282,
              433.2659673564651
            ],
            [
              303.5742857142857,
              434.12574171962046
            ],
            [
              303.5742857142857,
              436.3142582803796
            ],
            [
              294.7501485714282,
              437.17403264353493
            ],
            [
              261.03842285714313,
              437.17403264353493
            ],
            [
              252.21428571428567,
              436.3142582803796
            ],
            [
              252.21428571428567,
              434.12574171962046
            ],
            [
              261.03842285714313,
              433.2659673564651
            ]
          ]
        ]
      }
    },
    {
      "type": "Feature",
      "properties": {
        "kind": "compartment",
        "zone_id": "EC_D7_S_M",
        "deck": "saucer_7",
        "room_type": "Cabin_Corridor"
      },
      "geometry": {
        "type": "Polygon",
        "coordinates": [
          [
            [
              433.46128000000033,
              433.2659673564651
            ],
            [
              467.1730057142854,
              433.2659673564651
            ],
            [
              475.9971428571429,
              434.12574171962046
            ],
            [
              475.9971428571429,
              436.3142582803796
            ],
            [
              467.1730057142854,
              437.17403264353493
            ],
            [
              433.46128000000033,
              437.17403264353493
            ],
            [
              424.63714285714286,
              436.3142582803796
            ],
            [
              424.63714285714286,
              434.12574171962046
            ],
            [
              433.46128000000033,
              433.2659673564651
            ]
          ]
        ]
      }
    },
    {
      "type": "Feature",
      "properties": {
        "kind": "compartment",
        "zone_id": "EC_D7_S_A",
        "deck": "saucer_7",
        "room_type": "Cabin_Corridor"
      },
      "geometry": {
        "type": "Polygon",
        "coordinates": [
          [
            [
              598.4641371428573,
              433.2659673564651
            ],
            [
              632.1758628571428,
              433.2659673564651
            ],
            [
              641.0,
              434.12574171962046
            ],
            [
              641.0,
              436.3142582803796
            ],
            [
              632.1758628571428,
              437.17403264353493
            ],
            [
              598.4641371428573,
              437.17403264353493
            ],
            [
              589.6400000000001,
              436.3142582803796
            ],
            [
              589.6400000000001,
              434.12574171962046
            ],
            [
              598.4641371428573,
              433.2659673564651
            ]
          ]
        ]
      }
    },
    {
      "type": "Feature",
      "properties": {
        "kind": "compartment",
        "zone_id": "HD_7S_M",
        "deck": "saucer_7",
        "room_type": "Sanitary"
      },
      "geometry": {
        "type": "Polygon",
        "coordinates": [
          [
            [
              15.854306560000001,
              26.268576
            ],
            [
              18.39497344,
              26.268576
            ],
            [
              19.06,
              26.933602559999997
            ],
            [
              19.06,
              28.626397439999998
            ],
            [
              18.39497344,
              29.291423999999996
            ],
            [
              15.854306560000001,
              29.291423999999996
            ],
            [
              15.18928,
              28.626397439999998
            ],
            [
              15.18928,
              26.933602559999997
            ],
            [
              15.854306560000001,
              26.268576
            ]
          ]
        ]
      }
    },
    {
      "type": "Feature",
      "properties": {
        "kind": "compartment",
        "zone_id": "HD_7S_F",
        "deck": "saucer_7",
        "room_type": "Sanitary"
      },
      "geometry": {
        "type": "Polygon",
        "coordinates": [
          [
            [
              20.125026559999995,
              26.268576
            ],
            [
              22.66569344,
              26.268576
            ],
            [
              23.330719999999996,
              26.933602559999997
            ],
            [
              23.330719999999996,
              28.626397439999998
            ],
            [
              22.66569344,
              29.291423999999996
            ],
            [
              20.125026559999995,
              29.291423999999996
            ],
            [
              19.459999999999997,
              28.626397439999998
            ],
            [
              19.459999999999997,
              26.933602559999997
            ],
            [
              20.125026559999995,
              26.268576
            ]
          ]
        ]
      }
    },
    {
      "type": "Feature",
      "properties": {
        "kind": "compartment",
        "zone_id": "Galley",
        "deck": "saucer_8",
        "room_type": "Dining"
      },
      "geometry": {
        "type": "Polygon",
        "coordinates": [
          [
            [
              61.28388716691181,
              199.91716608305808
            ],
            [
              67.27415833849662,
              199.91716608305808
            ],
            [
              68.36534811909392,
              201.0083558636554
            ],
            [
              68.36534811909392,
              203.78592985063037
            ],
            [
              67.27415833849662,
              204.87711963122769
            ],
            [
              61.28388716691181,
              204.87711963122769
            ],
            [
              60.19269738631451,
              203.78592985063037
            ],
            [
              60.19269738631451,
              201.0083558636554
            ],
            [
              61.28388716691181,
              199.91716608305808
            ]
          ]
        ]
      }
    },
    {
      "type": "Feature",
      "properties": {
        "kind": "compartment",
        "zone_id": "Mess_Hall",
        "deck": "saucer_8",
        "room_type": "Dining"
      },
      "geometry": {
        "type": "Polygon",
        "coordinates": [
          [
            [
              15.428609685161272,
              315.63617447989054
            ],
            [
              23.091390314838726,
              315.63617447989054
            ],
            [
              24.48724497225833,
              317.03202913731013
            ],
            [
              24.48724497225833,
              320.58511371983275
            ],
            [
              23.091390314838726,
              321.98096837725234
            ],
            [
              15.428609685161272,
              321.98096837725234
            ],
            [
              14.032755027741667,
              320.58511371983275
            ],
            [
              14.032755027741667,
              317.03202913731013
            ],
            [
              15.428609685161272,
              315.63617447989054
            ]
          ]
        ]
      }
    },
    {
      "type": "Feature",
      "properties": {
        "kind": "compartment",
        "zone_id": "EC_D8_P_F",
        "deck": "saucer_8",
        "room_type": "Cabin_Corridor"
      },
      "geometry": {
        "type": "Polygon",
        "coordinates": [
          [
            [
              226.42596922299444,
              200.5963063728611
            ],
            [
              257.49469564128003,
              200.5963063728611
            ],
            [
              265.6270204321373,
              201.38867442594508
            ],
            [
              265.6270204321373,
              203.40561128834068
            ],
            [
              257.49469564128003,
              204.19797934142466
            ],
            [
              226.42596922299444,
              204.19797934142466
            ],
            [
              218.29364443213726,
              203.40561128834068
            ],
            [
              218.29364443213726,
              201.38867442594508
            ],
            [
              226.42596922299444,
              200.5963063728611
            ]
          ]
        ]
      }
    },
    {
      "type": "Feature",
      "properties": {
        "kind": "compartment",
        "zone_id": "EC_D8_P_M",
        "deck": "saucer_8",
        "room_type": "Cabin_Corridor"
      },
      "geometry": {
        "type": "Polygon",
        "coordinates": [
          [
            [
              273.8340522313603,
              200.6683398322324
            ],
            [
              303.6600295929142,
              200.6683398322324
            ],
            [
              311.4670613921373,
              201.429013163193
            ],
            [
              311.4670613921373,
              203.36527255109277
            ],
            [
              303.6600295929142,
              204.12594588205337
            ],
            [
              273.8340522313603,
              204.12594588205337
            ],
            [
              266.02702043213725,
              203.36527255109277
            ],
            [
              266.02702043213725,
              201.429013163193
            ],
            [
              273.8340522313603,
              200.6683398322324
            ]
          ]
        ]
      }
    },
    {
      "type": "Feature",
      "properties": {
        "kind": "compartment",
        "zone_id": "EC_D8_P_A",
        "deck": "saucer_8",
        "room_type": "Cabin_Corridor"
      },
      "geometry": {
        "type": "Polygon",
        "coordinates": [
          [
            [
              321.2334078615442,
              200.52127151934937
            ],
            [
              353.5966645472584,
              200.52127151934937
            ],
            [
              362.0678362044013,
              201.34665490797852
            ],
            [
              362.0678362044013,
              203.44763080630725
            ],
            [
              353.5966645472584,
              204.2730141949364
            ],
            [
              321.2334078615442,
              204.2730141949364
            ],
            [
              312.7622362044013,
              203.44763080630725
            ],
            [
              312.7622362044013,
              201.34665490797852
            ],
            [
              321.2334078615442,
              200.52127151934937
            ]
          ]
        ]
      }
    },
    {
      "type": "Feature",
      "properties": {
        "kind": "compartment",
        "zone_id": "EC_D8_S_F",
        "deck": "saucer_8",
        "room_type": "Cabin_Corridor"
      },
      "geometry": {
        "type": "Polygon",
        "coordinates": [
          [
            [
              226.42596922299444,
              433.41916351571825
            ],
            [
              257.49469564128003,
              433.41916351571825
            ],
            [
              265.6270204321373,
              434.21153156880223
            ],
            [
              265.6270204321373,
              436.2284684311978
            ],
            [
              257.49469564128003,
              437.0208364842818
            ],
            [
              226.42596922299444,
              437.0208364842818
            ],
            [
              218.29364443213726,
              436.2284684311978
            ],
            [
              218.29364443213726,
              434.21153156880223
            ],
            [
              226.42596922299444,
              433.41916351571825
            ]
          ]
        ]
      }
    },
    {
      "type": "Feature",
      "properties": {
        "kind": "compartment",
        "zone_id": "EC_D8_S_M",
        "deck": "saucer_8",
        "room_type": "Cabin_Corridor"
      },
      "geometry": {
        "type": "Polygon",
        "coordinates": [
          [
            [
              273.8340522313603,
              433.4911969750895
            ],
            [
              303.6600295929142,
              433.4911969750895
            ],
            [
              311.4670613921373,
              434.25187030605014
            ],
            [
              311.4670613921373,
              436.1881296939499
            ],
            [
              303.6600295929142,
              436.94880302491055
            ],
            [
              273.8340522313603,
              436.94880302491055
            ],
            [
              266.02702043213725,
              436.1881296939499
            ],
            [
              266.02702043213725,
              434.25187030605014
            ],
            [
              273.8340522313603,
              433.4911969750895
            ]
          ]
        ]
      }
    },
    {
      "type": "Feature",
      "properties": {
        "kind": "compartment",
        "zone_id": "EC_D8_S_A",
        "deck": "saucer_8",
        "room_type": "Cabin_Corridor"
      },
      "geometry": {
        "type": "Polygon",
        "coordinates": [
          [
            [
              321.2334078615442,
              433.3441286622065
            ],
            [
              353.5966645472584,
              433.3441286622065
            ],
            [
              362.0678362044013,
              434.16951205083564
            ],
            [
              362.0678362044013,
              436.2704879491644
            ],
            [
              353.5966645472584,
              437.09587133779354
            ],
            [
              321.2334078615442,
              437.09587133779354
            ],
            [
              312.7622362044013,
              436.2704879491644
            ],
            [
              312.7622362044013,
              434.16951205083564
            ],
            [
              321.2334078615442,
              433.3441286622065
            ]
          ]
        ]
      }
    },
    {
      "type": "Feature",
      "properties": {
        "kind": "compartment",
        "zone_id": "OC_D8_F",
        "deck": "saucer_8",
        "room_type": "Cabin_Corridor"
      },
      "geometry": {
        "type": "Polygon",
        "coordinates": [
          [
            [
              523.0620020098288,
              201.14714285714288
            ],
            [
              551.6949402769217,
              201.14714285714288
            ],
            [
              559.1896908041753,
              201.6971428571429
            ],
            [
              559.1896908041753,
              203.09714285714287
            ],
            [
              551.6949402769217,
              203.64714285714288
            ],
            [
              523.0620020098288,
              203.64714285714288
            ],
            [
              515.5672514825752,
              203.09714285714287
            ],
            [
              515.5672514825752,
              201.6971428571429
            ],
            [
              523.0620020098288,
              201.14714285714288
            ]
          ]
        ]
      }
    },
    {
      "type": "Feature",
      "properties": {
        "kind": "compartment",
        "zone_id": "OC_D8_M",
        "deck": "saucer_8",
        "room_type": "Cabin_Corridor"
      },
      "geometry": {
        "type": "Polygon",
        "coordinates": [
          [
            [
              566.0555249465201,
              201.14714285714288
            ],
            [
              590.3748125663678,
              201.14714285714288
            ],
            [
              596.7404531447488,
              201.6971428571429
            ],
            [
              596.7404531447488,
              203.09714285714287
            ],
            [
              590.3748125663678,
              203.64714285714288
            ],
            [
              566.0555249465201,
              203.64714285714288
            ],
            [
              559.6898843681391,
              203.09714285714287
            ],
            [
              559.6898843681391,
              201.6971428571429
            ],
            [
              566.0555249465201,
              201.14714285714288
            ]
          ]
        ]
      }
    },
    {
      "type": "Feature",
      "properties": {
        "kind": "compartment",
        "zone_id": "OC_D8_A",
        "deck": "saucer_8",
        "room_type": "Cabin_Corridor"
      },
      "geometry": {
        "type": "Polygon",
        "coordinates": [
          [
            [
              604.6352036720024,
              201.14714285714288
            ],
            [
              633.2681419390952,
              201.14714285714288
            ],
            [
              640.7628924663488,
              201.6971428571429
            ],
            [
              640.7628924663488,
              203.09714285714287
            ],
            [
              633.2681419390952,
              203.64714285714288
            ],
            [
              604.6352036720024,
              203.64714285714288
            ],
            [
              597.1404531447488,
              203.09714285714287
            ],
            [
              597.1404531447488,
              201.6971428571429
            ],
            [
              604.6352036720024,
              201.14714285714288
            ]
          ]
        ]
      }
    },
    {
      "type": "Feature",
      "properties": {
        "kind": "compartment",
        "zone_id": "HD_8S_M",
        "deck": "saucer_8",
        "room_type": "Sanitary"
      },
      "geometry": {
        "type": "Polygon",
        "coordinates": [
          [
            [
              38.363817936352106,
              26.268576
            ],
            [
              40.90448481635211,
              26.268576
            ],
            [
              41.56951137635211,
              26.933602559999997
            ],
            [
              41.56951137635211,
              28.626397439999998
            ],
            [
              40.90448481635211,
              29.291423999999996
            ],
            [
              38.363817936352106,
              29.291423999999996
            ],
            [
              37.698791376352105,
              28.626397439999998
            ],
            [
              37.698791376352105,
              26.933602559999997
            ],
            [
              38.363817936352106,
              26.268576
            ]
          ]
        ]
      }
    },
    {
      "type": "Feature",
      "properties": {
        "kind": "compartment",
        "zone_id": "HD_8S_F",
        "deck": "saucer_8",
        "room_type": "Sanitary"
      },
      "geometry": {
        "type": "Polygon",
        "coordinates": [
          [
            [
              42.6345379363521,
              26.268576
            ],
            [
              45.17520481635211,
              26.268576
            ],
            [
              45.84023137635211,
              26.933602559999997
            ],
            [
              45.84023137635211,
              28.626397439999998
            ],
            [
              45.17520481635211,
              29.291423999999996
            ],
            [
              42.6345379363521,
              29.291423999999996
            ],
            [
              41.9695113763521,
              28.626397439999998
            ],
            [
              41.9695113763521,
              26.933602559999997
            ],
            [
              42.6345379363521,
              26.268576
            ]
          ]
        ]
      }
    },
    {
      "type": "Feature",
      "properties": {
        "kind": "compartment",
        "zone_id": "StoresDry",
        "deck": "saucer_17",
        "room_type": "Free"
      },
      "geometry": {
        "type": "Polygon",
        "coordinates": [
          [
            [
              17.068820856908314,
              199.79011021446271
            ],
            [
              21.451179143091682,
              199.79011021446271
            ],
            [
              22.59827350587096,
              200.93720457724197
            ],
            [
              22.59827350587096,
              203.8570811370438
            ],
            [
              21.451179143091682,
              205.00417549982305
            ],
            [
              17.068820856908314,
              205.00417549982305
            ],
            [
              15.921726494129036,
              203.8570811370438
            ],
            [
              15.921726494129036,
              200.93720457724197
            ],
            [
              17.068820856908314,
              199.79011021446271
            ]
          ]
        ]
      }
    },
    {
      "type": "Feature",
      "properties": {
        "kind": "compartment",
        "zone_id": "StoresCold",
        "deck": "saucer_17",
        "room_type": "Free"
      },
      "geometry": {
        "type": "Polygon",
        "coordinates": [
          [
            [
              379.59114822289416,
              316.7182950832046
            ],
            [
              383.10485177710586,
              316.7182950832046
            ],
            [
              384.02457336906724,
              317.63801667516606
            ],
            [
              384.02457336906724,
              319.9791261819768
            ],
            [
              383.10485177710586,
              320.89884777393826
            ],
            [
              379.59114822289416,
              320.89884777393826
            ],
            [
              378.6714266309328,
              319.9791261819768
            ],
            [
              378.6714266309328,
              317.63801667516606
            ],
            [
              379.59114822289416,
              316.7182950832046
            ]
          ]
        ]
      }
    },
    {
      "type": "Feature",
      "properties": {
        "kind": "compartment",
        "zone_id": "Armory",
        "deck": "saucer_17",
        "room_type": "Room"
      },
      "geometry": {
        "type": "Polygon",
        "coordinates": [
          [
            [
              621.3080341456586,
              433.03458699555443
            ],
            [
              624.1719658543415,
              433.03458699555443
            ],
            [
              625.1335475762976,
              433.99616871751044
            ],
            [
              625.1335475762976,
              436.4438312824896
            ],
            [
              624.1719658543415,
              437.4054130044456
            ],
            [
              621.3080341456586,
              437.4054130044456
            ],
            [
              620.3464524237024,
              436.4438312824896
            ],
            [
              620.3464524237024,
              433.99616871751044
            ],
            [
              621.3080341456586,
              433.03458699555443
            ]
          ]
        ]
      }
    },
    {
      "type": "Feature",
      "properties": {
        "kind": "compartment",
        "zone_id": "HD_17S_M",
        "deck": "saucer_17",
        "room_type": "Sanitary"
      },
      "geometry": {
        "type": "Polygon",
        "coordinates": [
          [
            [
              196.89830656,
              26.268576
            ],
            [
              199.43897344,
              26.268576
            ],
            [
              200.104,
              26.933602559999997
            ],
            [
              200.104,
              28.626397439999998
            ],
            [
              199.43897344,
              29.291423999999996
            ],
            [
              196.89830656,
              29.291423999999996
            ],
            [
              196.23328,
              28.626397439999998
            ],
            [
              196.23328,
              26.933602559999997
            ],
            [
              196.89830656,
              26.268576
            ]
          ]
        ]
      }
    },
    {
      "type": "Feature",
      "properties": {
        "kind": "compartment",
        "zone_id": "HD_17S_F",
        "deck": "saucer_17",
        "room_type": "Sanitary"
      },
      "geometry": {
        "type": "Polygon",
        "coordinates": [
          [
            [
              201.16902656,
              26.268576
            ],
            [
              203.70969344,
              26.268576
            ],
            [
              204.37472,
              26.933602559999997
            ],
            [
              204.37472,
              28.626397439999998
            ],
            [
              203.70969344,
              29.291423999999996
            ],
            [
              201.16902656,
              29.291423999999996
            ],
            [
              200.504,
              28.626397439999998
            ],
            [
              200.504,
              26.933602559999997
            ],
            [
              201.16902656,
              26.268576
            ]
          ]
        ]
      }
    },
    {
      "type": "Feature",
      "properties": {
        "kind": "compartment",
        "zone_id": "NeckHub",
        "deck": "neck",
        "room_type": "Free"
      },
      "geometry": {
        "type": "Polygon",
        "coordinates": [
          [
            [
              318.97136230712334,
              432.8063567786436
            ],
            [
              323.02863769287666,
              432.8063567786436
            ],
            [
              324.09064071027353,
              433.86835979604047
            ],
            [
              324.09064071027353,
              436.5716402039596
            ],
            [
              323.02863769287666,
              437.63364322135646
            ],
            [
              318.97136230712334,
              437.63364322135646
            ],
            [
              317.90935928972647,
              436.5716402039596
            ],
            [
              317.90935928972647,
              433.86835979604047
            ],
            [
              318.97136230712334,
              432.8063567786436
            ]
          ]
        ]
      }
    },
    {
      "type": "Feature",
      "properties": {
        "kind": "compartment",
        "zone_id": "HD_NECK_M",
        "deck": "neck",
        "room_type": "Sanitary"
      },
      "geometry": {
        "type": "Polygon",
        "coordinates": [
          [
            [
              317.59430656,
              26.268576
            ],
            [
              320.13497344,
              26.268576
            ],
            [
              320.8,
              26.933602559999997
            ],
            [
              320.8,
              28.626397439999998
            ],
            [
              320.13497344,
              29.291423999999996
            ],
            [
              317.59430656,
              29.291423999999996
            ],
            [
              316.92928,
              28.626397439999998
            ],
            [
              316.92928,
              26.933602559999997
            ],
            [
              317.59430656,
              26.268576
            ]
          ]
        ]
      }
    },
    {
      "type": "Feature",
      "properties": {
        "kind": "compartment",
        "zone_id": "HD_NECK_F",
        "deck": "neck",
        "room_type": "Sanitary"
      },
      "geometry": {
        "type": "Polygon",
        "coordinates": [
          [
            [
              321.86502656,
              26.268576
            ],
            [
              324.40569344,
              26.268576
            ],
            [
              325.07072,
              26.933602559999997
            ],
            [
              325.07072,
              28.626397439999998
            ],
            [
              324.40569344,
              29.291423999999996
            ],
            [
              321.86502656,
              29.291423999999996
            ],
            [
              321.2,
              28.626397439999998
            ],
            [
              321.2,
              26.933602559999997
            ],
            [
              321.86502656,
              26.268576
            ]
          ]
        ]
      }
    },
    {
      "type": "Feature",
      "properties": {
        "kind": "compartment",
        "zone_id": "MainEng",
        "deck": "drive_1",
        "room_type": "Engineering"
      },
      "geometry": {
        "type": "Polygon",
        "coordinates": [
          [
            [
              619.7539261686823,
              268.6912133753911
            ],
            [
              625.7260738313178,
              268.6912133753911
            ],
            [
              627.2892999461455,
              270.2544394902191
            ],
            [
              627.2892999461455,
              274.23356050978094
            ],
            [
              625.7260738313178,
              275.79678662460896
            ],
            [
              619.7539261686823,
              275.79678662460896
            ],
            [
              618.1907000538545,
              274.23356050978094
            ],
            [
              618.1907000538545,
              270.2544394902191
            ],
            [
              619.7539261686823,
              268.6912133753911
            ]
          ]
        ]
      }
    },
    {
      "type": "Feature",
      "properties": {
        "kind": "compartment",
        "zone_id": "WarpCore",
        "deck": "drive_1",
        "room_type": "Engineering"
      },
      "geometry": {
        "type": "Polygon",
        "coordinates": [
          [
            [
              16.641039999999997,
              432.10400000000004
            ],
            [
              21.87896,
              432.10400000000004
            ],
            [
              23.249999999999996,
              433.4750400000001
            ],
            [
              23.249999999999996,
              436.96495999999996
            ],
            [
              21.87896,
              438.336
            ],
            [
              16.641039999999997,
              438.336
            ],
            [
              15.269999999999998,
              436.96495999999996
            ],
            [
              15.269999999999998,
              433.4750400000001
            ],
            [
              16.641039999999997,
              432.10400000000004
            ]
          ]
        ]
      }
    },
    {
      "type": "Feature",
      "properties": {
        "kind": "compartment",
        "zone_id": "HD_1D_M",
        "deck": "drive_1",
        "room_type": "Sanitary"
      },
      "geometry": {
        "type": "Polygon",
        "coordinates": [
          [
            [
              319.6216,
              26.139999999999997
            ],
            [
              322.3784,
              26.139999999999997
            ],
            [
              323.1,
              26.861599999999996
            ],
            [
              323.1,
              28.6984
            ],
            [
              322.3784,
              29.419999999999998
            ],
            [
              319.6216,
              29.419999999999998
            ],
            [
              318.9,
              28.6984
            ],
            [
              318.9,
              26.861599999999996
            ],
            [
              319.6216,
              26.139999999999997
            ]
          ]
        ]
      }
    },
    {
      "type": "Feature",
      "properties": {
        "kind": "compartment",
        "zone_id": "EPSDist",
        "deck": "drive_2",
        "room_type": "Engineering"
      },
      "geometry": {
        "type": "Polygon",
        "coordinates": [
          [
            [
              17.23136230712332,
              269.8303567786436
            ],
            [
              21.288637692876677,
              269.8303567786436
            ],
            [
              22.350640710273517,
              270.89235979604047
            ],
            [
              22.350640710273517,
              273.5956402039596
            ],
            [
              21.288637692876677,
              274.65764322135647
            ],
            [
              17.23136230712332,
              274.65764322135647
            ],
            [
              16.16935928972648,
              273.5956402039596
            ],
            [
              16.16935928972648,
              270.89235979604047
            ],
            [
              17.23136230712332,
              269.8303567786436
            ]
          ]
        ]
      }
    },
    {
      "type": "Feature",
      "properties": {
        "kind": "compartment",
        "zone_id": "Jefferies",
        "deck": "drive_2",
        "room_type": "Free"
      },
      "geometry": {
        "type": "Polygon",
        "coordinates": [
          [
            [
              621.1906023691253,
              433.37654953958616
            ],
            [
              624.2893976308748,
              433.37654953958616
            ],
            [
              625.1005158334567,
              434.1876677421683
            ],
            [
              625.1005158334567,
              436.25233225783177
            ],
            [
              624.2893976308748,
              437.0634504604139
            ],
            [
              621.1906023691253,
              437.0634504604139
            ],
            [
              620.3794841665433,
              436.25233225783177
            ],
            [
              620.3794841665433,
              434.1876677421683
            ],
            [
              621.1906023691253,
              433.37654953958616
            ]
          ]
        ]
      }
    },
    {
      "type": "Feature",
      "properties": {
        "kind": "compartment",
        "zone_id": "HD_2D_M",
        "deck": "drive_2",
        "room_type": "Sanitary"
      },
      "geometry": {
        "type": "Polygon",
        "coordinates": [
          [
            [
              317.59430656,
              26.268576
            ],
            [
              320.13497344,
              26.268576
            ],
            [
              320.8,
              26.933602559999997
            ],
            [
              320.8,
              28.626397439999998
            ],
            [
              320.13497344,
              29.291423999999996
            ],
            [
              317.59430656,
              29.291423999999996
            ],
            [
              316.92928,
              28.626397439999998
            ],
            [
              316.92928,
              26.933602559999997
            ],
            [
              317.59430656,
              26.268576
            ]
          ]
        ]
      }
    },
    {
      "type": "Feature",
      "properties": {
        "kind": "compartment",
        "zone_id": "HD_2D_F",
        "deck": "drive_2",
        "room_type": "Sanitary"
      },
      "geometry": {
        "type": "Polygon",
        "coordinates": [
          [
            [
              321.86502656,
              26.268576
            ],
            [
              324.40569344,
              26.268576
            ],
            [
              325.07072,
              26.933602559999997
            ],
            [
              325.07072,
              28.626397439999998
            ],
            [
              324.40569344,
              29.291423999999996
            ],
            [
              321.86502656,
              29.291423999999996
            ],
            [
              321.2,
              28.626397439999998
            ],
            [
              321.2,
              26.933602559999997
            ],
            [
              321.86502656,
              26.268576
            ]
          ]
        ]
      }
    },
    {
      "type": "Feature",
      "properties": {
        "kind": "compartment",
        "zone_id": "Deflector",
        "deck": "drive_3",
        "room_type": "Engineering"
      },
      "geometry": {
        "type": "Polygon",
        "coordinates": [
          [
            [
              620.4719141085046,
              432.5214648418077
            ],
            [
              625.0080858914954,
              432.5214648418077
            ],
            [
              626.1954413610999,
              433.7088203114124
            ],
            [
              626.1954413610999,
              436.73117968858764
            ],
            [
              625.0080858914954,
              437.91853515819236
            ],
            [
              620.4719141085046,
              437.91853515819236
            ],
            [
              619.2845586389001,
              436.73117968858764
            ],
            [
              619.2845586389001,
              433.7088203114124
            ],
            [
              620.4719141085046,
              432.5214648418077
            ]
          ]
        ]
      }
    },
    {
      "type": "Feature",
      "properties": {
        "kind": "compartment",
        "zone_id": "ShuttleBay",
        "deck": "drive_3",
        "room_type": "Free"
      },
      "geometry": {
        "type": "Polygon",
        "coordinates": [
          [
            [
              15.556231248687357,
              267.83731053964544
            ],
            [
              22.96376875131264,
              267.83731053964544
            ],
            [
              24.902712113868645,
              269.7762539022015
            ],
            [
              24.902712113868645,
              274.71174609779854
            ],
            [
              22.96376875131264,
              276.6506894603546
            ],
            [
              15.556231248687357,
              276.6506894603546
            ],
            [
              13.617287886131349,
              274.71174609779854
            ],
            [
              13.617287886131349,
              269.7762539022015
            ],
            [
              15.556231248687357,
              267.83731053964544
            ]
          ]
        ]
      }
    },
    {
      "type": "Feature",
      "properties": {
        "kind": "compartment",
        "zone_id": "HD_3D_M",
        "deck": "drive_3",
        "room_type": "Sanitary"
      },
      "geometry": {
        "type": "Polygon",
        "coordinates": [
          [
            [
              317.59430656,
              26.268576
            ],
            [
              320.13497344,
              26.268576
            ],
            [
              320.8,
              26.933602559999997
            ],
            [
              320.8,
              28.626397439999998
            ],
            [
              320.13497344,
              29.291423999999996
            ],
            [
              317.59430656,
              29.291423999999996
            ],
            [
              316.92928,
              28.626397439999998
            ],
            [
              316.92928,
              26.933602559999997
            ],
            [
              317.59430656,
              26.268576
            ]
          ]
        ]
      }
    },
    {
      "type": "Feature",
      "properties": {
        "kind": "compartment",
        "zone_id": "HD_3D_F",
        "deck": "drive_3",
        "room_type": "Sanitary"
      },
      "geometry": {
        "type": "Polygon",
        "coordinates": [
          [
            [
              321.86502656,
              26.268576
            ],
            [
              324.40569344,
              26.268576
            ],
            [
              325.07072,
              26.933602559999997
            ],
            [
              325.07072,
              28.626397439999998
            ],
            [
              324.40569344,
              29.291423999999996
            ],
            [
              321.86502656,
              29.291423999999996
            ],
            [
              321.2,
              28.626397439999998
            ],
            [
              321.2,
              26.933602559999997
            ],
            [
              321.86502656,
              26.268576
            ]
          ]
        ]
      }
    },
    {
      "type": "Feature",
      "properties": {
        "kind": "compartment",
        "zone_id": "CargoMain",
        "deck": "drive_4",
        "room_type": "Free"
      },
      "geometry": {
        "type": "Polygon",
        "coordinates": [
          [
            [
              418.80217343651555,
              199.09212576187696
            ],
            [
              424.3578265634844,
              199.09212576187696
            ],
            [
              425.8120340854015,
              200.54633328379396
            ],
            [
              425.8120340854015,
              204.2479524304918
            ],
            [
              424.3578265634844,
              205.7021599524088
            ],
            [
              418.80217343651555,
              205.7021599524088
            ],
            [
              417.3479659145985,
              204.2479524304918
            ],
            [
              417.3479659145985,
              200.54633328379396
            ],
            [
              418.80217343651555,
              199.09212576187696
            ]
          ]
        ]
      }
    },
    {
      "type": "Feature",
      "properties": {
        "kind": "compartment",
        "zone_id": "CargoAux",
        "deck": "drive_4",
        "room_type": "Free"
      },
      "geometry": {
        "type": "Polygon",
        "coordinates": [
          [
            [
              620.4719141085046,
              316.1100362703791
            ],
            [
              625.0080858914954,
              316.1100362703791
            ],
            [
              626.1954413610999,
              317.2973917399838
            ],
            [
              626.1954413610999,
              320.31975111715906
            ],
            [
              625.0080858914954,
              321.50710658676377
            ],
            [
              620.4719141085046,
              321.50710658676377
            ],
            [
              619.2845586389001,
              320.31975111715906
            ],
            [
              619.2845586389001,
              317.2973917399838
            ],
            [
              620.4719141085046,
              316.1100362703791
            ]
          ]
        ]
      }
    },
    {
      "type": "Feature",
      "properties": {
        "kind": "compartment",
        "zone_id": "Airlock",
        "deck": "drive_4",
        "room_type": "Free"
      },
      "geometry": {
        "type": "Polygon",
        "coordinates": [
          [
            [
              17.881599999999995,
              433.58000000000004
            ],
            [
              20.6384,
              433.58000000000004
            ],
            [
              21.36,
              434.30160000000006
            ],
            [
              21.36,
              436.1384
            ],
            [
              20.6384,
              436.86
            ],
            [
              17.881599999999995,
              436.86
            ],
            [
              17.159999999999997,
              436.1384
            ],
            [
              17.159999999999997,
              434.30160000000006
            ],
            [
              17.881599999999995,
              433.58000000000004
            ]
          ]
        ]
      }
    },
    {
      "type": "Feature",
      "properties": {
        "kind": "compartment",
        "zone_id": "HD_4D_M",
        "deck": "drive_4",
        "room_type": "Sanitary"
      },
      "geometry": {
        "type": "Polygon",
        "coordinates": [
          [
            [
              518.75430656,
              26.268576
            ],
            [
              521.2949734400001,
              26.268576
            ],
            [
              521.96,
              26.933602559999997
            ],
            [
              521.96,
              28.626397439999998
            ],
            [
              521.2949734400001,
              29.291423999999996
            ],
            [
              518.75430656,
              29.291423999999996
            ],
            [
              518.0892800000001,
              28.626397439999998
            ],
            [
              518.0892800000001,
              26.933602559999997
            ],
            [
              518.75430656,
              26.268576
            ]
          ]
        ]
      }
    },
    {
      "type": "Feature",
      "properties": {
        "kind": "compartment",
        "zone_id": "HD_4D_F",
        "deck": "drive_4",
        "room_type": "Sanitary"
      },
      "geometry": {
        "type": "Polygon",
        "coordinates": [
          [
            [
              523.02502656,
              26.268576
            ],
            [
              525.5656934400001,
              26.268576
            ],
            [
              526.23072,
              26.933602559999997
            ],
            [
              526.23072,
              28.626397439999998
            ],
            [
              525.5656934400001,
              29.291423999999996
            ],
            [
              523.02502656,
              29.291423999999996
            ],
            [
              522.3600000000001,
              28.626397439999998
            ],
            [
              522.3600000000001,
              26.933602559999997
            ],
            [
              523.02502656,
              26.268576
            ]
          ]
        ]
      }
    },
    {
      "type": "Feature",
      "properties": {
        "kind": "compartment",
        "zone_id": "FC_D23_P_F",
        "deck": "saucer_23",
        "room_type": "Cabin_Corridor"
      },
      "geometry": {
        "type": "Polygon",
        "coordinates": [
          [
            [
              9.82413714285713,
              25.68103223940909
            ],
            [
              43.535862857142874,
              25.68103223940909
            ],
            [
              52.36,
              26.60457805406909
            ],
            [
              52.36,
              28.955421945930905
            ],
            [
              43.535862857142874,
              29.878967760590903
            ],
            [
              9.82413714285713,
              29.878967760590903
            ],
            [
              1.0,
              28.955421945930905
            ],
            [
              1.0,
              26.60457805406909
            ],
            [
              9.82413714285713,
              25.68103223940909
            ]
          ]
        ]
      }
    },
    {
      "type": "Feature",
      "properties": {
        "kind": "compartment",
        "zone_id": "FC_D23_P_A",
        "deck": "saucer_23",
        "room_type": "Cabin_Corridor"
      },
      "geometry": {
        "type": "Polygon",
        "coordinates": [
          [
            [
              598.4641371428571,
              25.68103223940909
            ],
            [
              632.175862857143,
              25.68103223940909
            ],
            [
              641.0,
              26.60457805406909
            ],
            [
              641.0,
              28.955421945930905
            ],
            [
              632.175862857143,
              29.878967760590903
            ],
            [
              598.4641371428571,
              29.878967760590903
            ],
            [
              589.6400000000001,
              28.955421945930905
            ],
            [
              589.6400000000001,
              26.60457805406909
            ],
            [
              598.4641371428571,
              25.68103223940909
            ]
          ]
        ]
      }
    },
    {
      "type": "Feature",
      "properties": {
        "kind": "compartment",
        "zone_id": "FC_D23_S_F",
        "deck": "saucer_23",
        "room_type": "Cabin_Corridor"
      },
      "geometry": {
        "type": "Polygon",
        "coordinates": [
          [
            [
              9.82413714285713,
              433.12103223940915
            ],
            [
              43.535862857142874,
              433.12103223940915
            ],
            [
              52.36,
              434.0445780540691
            ],
            [
              52.36,
              436.39542194593093
            ],
            [
              43.535862857142874,
              437.3189677605909
            ],
            [
              9.82413714285713,
              437.3189677605909
            ],
            [
              1.0,
              436.39542194593093
            ],
            [
              1.0,
              434.0445780540691
            ],
            [
              9.82413714285713,
              433.12103223940915
            ]
          ]
        ]
      }
    },
    {
      "type": "Feature",
      "properties": {
        "kind": "compartment",
        "zone_id": "FC_D23_S_A",
        "deck": "saucer_23",
        "room_type": "Cabin_Corridor"
      },
      "geometry": {
        "type": "Polygon",
        "coordinates": [
          [
            [
              598.4641371428571,
              433.12103223940915
            ],
            [
              632.175862857143,
              433.12103223940915
            ],
            [
              641.0,
              434.0445780540691
            ],
            [
              641.0,
              436.39542194593093
            ],
            [
              632.175862857143,
              437.3189677605909
            ],
            [
              598.4641371428571,
              437.3189677605909
            ],
            [
              589.6400000000001,
              436.39542194593093
            ],
            [
              589.6400000000001,
              434.0445780540691
            ],
            [
              598.4641371428571,
              433.12103223940915
            ]
          ]
        ]
      }
    },
    {
      "type": "Feature",
      "properties": {
        "kind": "compartment",
        "zone_id": "FC_D24_P_F",
        "deck": "saucer_24",
        "room_type": "Cabin_Corridor"
      },
      "geometry": {
        "type": "Polygon",
        "coordinates": [
          [
            [
              9.82413714285713,
              25.68103223940909
            ],
            [
              43.535862857142874,
              25.68103223940909
            ],
            [
              52.36,
              26.60457805406909
            ],
            [
              52.36,
              28.955421945930905
            ],
            [
              43.535862857142874,
              29.878967760590903
            ],
            [
              9.82413714285713,
              29.878967760590903
            ],
            [
              1.0,
              28.955421945930905
            ],
            [
              1.0,
              26.60457805406909
            ],
            [
              9.82413714285713,
              25.68103223940909
            ]
          ]
        ]
      }
    },
    {
      "type": "Feature",
      "properties": {
        "kind": "compartment",
        "zone_id": "FC_D24_P_A",
        "deck": "saucer_24",
        "room_type": "Cabin_Corridor"
      },
      "geometry": {
        "type": "Polygon",
        "coordinates": [
          [
            [
              598.4641371428571,
              25.68103223940909
            ],
            [
              632.175862857143,
              25.68103223940909
            ],
            [
              641.0,
              26.60457805406909
            ],
            [
              641.0,
              28.955421945930905
            ],
            [
              632.175862857143,
              29.878967760590903
            ],
            [
              598.4641371428571,
              29.878967760590903
            ],
            [
              589.6400000000001,
              28.955421945930905
            ],
            [
              589.6400000000001,
              26.60457805406909
            ],
            [
              598.4641371428571,
              25.68103223940909
            ]
          ]
        ]
      }
    },
    {
      "type": "Feature",
      "properties": {
        "kind": "compartment",
        "zone_id": "FC_D24_S_F",
        "deck": "saucer_24",
        "room_type": "Cabin_Corridor"
      },
      "geometry": {
        "type": "Polygon",
        "coordinates": [
          [
            [
              9.82413714285713,
              433.12103223940915
            ],
            [
              43.535862857142874,
              433.12103223940915
            ],
            [
              52.36,
              434.0445780540691
            ],
            [
              52.36,
              436.39542194593093
            ],
            [
              43.535862857142874,
              437.3189677605909
            ],
            [
              9.82413714285713,
              437.3189677605909
            ],
            [
              1.0,
              436.39542194593093
            ],
            [
              1.0,
              434.0445780540691
            ],
            [
              9.82413714285713,
              433.12103223940915
            ]
          ]
        ]
      }
    },
    {
      "type": "Feature",
      "properties": {
        "kind": "compartment",
        "zone_id": "FC_D24_S_A",
        "deck": "saucer_24",
        "room_type": "Cabin_Corridor"
      },
      "geometry": {
        "type": "Polygon",
        "coordinates": [
          [
            [
              598.4641371428571,
              433.12103223940915
            ],
            [
              632.175862857143,
              433.12103223940915
            ],
            [
              641.0,
              434.0445780540691
            ],
            [
              641.0,
              436.39542194593093
            ],
            [
              632.175862857143,
              437.3189677605909
            ],
            [
              598.4641371428571,
              437.3189677605909
            ],
            [
              589.6400000000001,
              436.39542194593093
            ],
            [
              589.6400000000001,
              434.0445780540691
            ],
            [
              598.4641371428571,
              433.12103223940915
            ]
          ]
        ]
      }
    },
    {
      "type": "Feature",
      "properties": {
        "kind": "compartment",
        "zone_id": "FC_D25_P_F",
        "deck": "saucer_25",
        "room_type": "Cabin_Corridor"
      },
      "geometry": {
        "type": "Polygon",
        "coordinates": [
          [
            [
              9.82413714285713,
              25.68103223940909
            ],
            [
              43.535862857142874,
              25.68103223940909
            ],
            [
              52.36,
              26.60457805406909
            ],
            [
              52.36,
              28.955421945930905
            ],
            [
              43.535862857142874,
              29.878967760590903
            ],
            [
              9.82413714285713,
              29.878967760590903
            ],
            [
              1.0,
              28.955421945930905
            ],
            [
              1.0,
              26.60457805406909
            ],
            [
              9.82413714285713,
              25.68103223940909
            ]
          ]
        ]
      }
    },
    {
      "type": "Feature",
      "properties": {
        "kind": "compartment",
        "zone_id": "FC_D25_P_A",
        "deck": "saucer_25",
        "room_type": "Cabin_Corridor"
      },
      "geometry": {
        "type": "Polygon",
        "coordinates": [
          [
            [
              598.4641371428571,
              25.68103223940909
            ],
            [
              632.175862857143,
              25.68103223940909
            ],
            [
              641.0,
              26.60457805406909
            ],
            [
              641.0,
              28.955421945930905
            ],
            [
              632.175862857143,
              29.878967760590903
            ],
            [
              598.4641371428571,
              29.878967760590903
            ],
            [
              589.6400000000001,
              28.955421945930905
            ],
            [
              589.6400000000001,
              26.60457805406909
            ],
            [
              598.4641371428571,
              25.68103223940909
            ]
          ]
        ]
      }
    },
    {
      "type": "Feature",
      "properties": {
        "kind": "compartment",
        "zone_id": "FC_D25_S_F",
        "deck": "saucer_25",
        "room_type": "Cabin_Corridor"
      },
      "geometry": {
        "type": "Polygon",
        "coordinates": [
          [
            [
              9.82413714285713,
              433.12103223940915
            ],
            [
              43.535862857142874,
              433.12103223940915
            ],
            [
              52.36,
              434.0445780540691
            ],
            [
              52.36,
              436.39542194593093
            ],
            [
              43.535862857142874,
              437.3189677605909
            ],
            [
              9.82413714285713,
              437.3189677605909
            ],
            [
              1.0,
              436.39542194593093
            ],
            [
              1.0,
              434.0445780540691
            ],
            [
              9.82413714285713,
              433.12103223940915
            ]
          ]
        ]
      }
    },
    {
      "type": "Feature",
      "properties": {
        "kind": "compartment",
        "zone_id": "FC_D25_S_A",
        "deck": "saucer_25",
        "room_type": "Cabin_Corridor"
      },
      "geometry": {
        "type": "Polygon",
        "coordinates": [
          [
            [
              598.4641371428571,
              433.12103223940915
            ],
            [
              632.175862857143,
              433.12103223940915
            ],
            [
              641.0,
              434.0445780540691
            ],
            [
              641.0,
              436.39542194593093
            ],
            [
              632.175862857143,
              437.3189677605909
            ],
            [
              598.4641371428571,
              437.3189677605909
            ],
            [
              589.6400000000001,
              436.39542194593093
            ],
            [
              589.6400000000001,
              434.0445780540691
            ],
            [
              598.4641371428571,
              433.12103223940915
            ]
          ]
        ]
      }
    },
    {
      "type": "Feature",
      "properties": {
        "kind": "hvac_path",
        "from": "Bridge",
        "to": "BriefRoom"
      },
      "geometry": {
        "type": "LineString",
        "coordinates": [
          [
            622.74,
            272.244
          ],
          [
            19.259999999999998,
            435.22
          ]
        ]
      }
    },
    {
      "type": "Feature",
      "properties": {
        "kind": "hvac_path",
        "from": "Holodeck1",
        "to": "Gym"
      },
      "geometry": {
        "type": "LineString",
        "coordinates": [
          [
            55.02531015408929,
            135.00105263157894
          ],
          [
            19.259999999999998,
            92.11263157894737
          ]
        ]
      }
    },
    {
      "type": "Feature",
      "properties": {
        "kind": "hvac_path",
        "from": "CrewLounge",
        "to": "StellarCart"
      },
      "geometry": {
        "type": "LineString",
        "coordinates": [
          [
            19.259999999999998,
            272.244
          ],
          [
            622.74,
            435.22
          ]
        ]
      }
    },
    {
      "type": "Feature",
      "properties": {
        "kind": "hvac_path",
        "from": "Sickbay",
        "to": "IsolBay1"
      },
      "geometry": {
        "type": "LineString",
        "coordinates": [
          [
            19.259999999999998,
            353.732
          ],
          [
            170.13,
            435.22
          ]
        ]
      }
    },
    {
      "type": "Feature",
      "properties": {
        "kind": "hvac_path",
        "from": "Sickbay",
        "to": "IsolBay2"
      },
      "geometry": {
        "type": "LineString",
        "coordinates": [
          [
            19.259999999999998,
            353.732
          ],
          [
            245.565,
            435.22
          ]
        ]
      }
    },
    {
      "type": "Feature",
      "properties": {
        "kind": "hvac_path",
        "from": "Sickbay",
        "to": "IsolBay3"
      },
      "geometry": {
        "type": "LineString",
        "coordinates": [
          [
            19.259999999999998,
            353.732
          ],
          [
            321.0,
            435.22
          ]
        ]
      }
    },
    {
      "type": "Feature",
      "properties": {
        "kind": "hvac_path",
        "from": "Science1",
        "to": "Science2"
      },
      "geometry": {
        "type": "LineString",
        "coordinates": [
          [
            19.259999999999998,
            272.244
          ],
          [
            622.74,
            435.22
          ]
        ]
      }
    },
    {
      "type": "Feature",
      "properties": {
        "kind": "hvac_path",
        "from": "Transprt1",
        "to": "Transprt2"
      },
      "geometry": {
        "type": "LineString",
        "coordinates": [
          [
            19.259999999999998,
            272.244
          ],
          [
            622.74,
            435.22
          ]
        ]
      }
    },
    {
      "type": "Feature",
      "properties": {
        "kind": "hvac_path",
        "from": "Security",
        "to": "Brig"
      },
      "geometry": {
        "type": "LineString",
        "coordinates": [
          [
            19.259999999999998,
            231.50000000000003
          ],
          [
            105.47142857142856,
            333.36
          ]
        ]
      }
    },
    {
      "type": "Feature",
      "properties": {
        "kind": "hvac_path",
        "from": "Galley",
        "to": "Mess_Hall"
      },
      "geometry": {
        "type": "LineString",
        "coordinates": [
          [
            64.27902275270421,
            202.39714285714288
          ],
          [
            19.259999999999998,
            318.80857142857144
          ]
        ]
      }
    },
    {
      "type": "Feature",
      "properties": {
        "kind": "hvac_path",
        "from": "StoresDry",
        "to": "StoresCold"
      },
      "geometry": {
        "type": "LineString",
        "coordinates": [
          [
            19.259999999999998,
            202.39714285714288
          ],
          [
            381.348,
            318.80857142857144
          ]
        ]
      }
    },
    {
      "type": "Feature",
      "properties": {
        "kind": "hvac_path",
        "from": "MainEng",
        "to": "WarpCore"
      },
      "geometry": {
        "type": "LineString",
        "coordinates": [
          [
            622.74,
            272.244
          ],
          [
            19.259999999999998,
            435.22
          ]
        ]
      }
    },
    {
      "type": "Feature",
      "properties": {
        "kind": "hvac_path",
        "from": "EPSDist",
        "to": "Jefferies"
      },
      "geometry": {
        "type": "LineString",
        "coordinates": [
          [
            19.259999999999998,
            272.244
          ],
          [
            622.74,
            435.22
          ]
        ]
      }
    },
    {
      "type": "Feature",
      "properties": {
        "kind": "hvac_path",
        "from": "CargoMain",
        "to": "CargoAux"
      },
      "geometry": {
        "type": "LineString",
        "coordinates": [
          [
            421.58,
            202.39714285714288
          ],
          [
            622.74,
            318.80857142857144
          ]
        ]
      }
    },
    {
      "type": "Feature",
      "properties": {
        "kind": "hvac_path",
        "from": "TenFwd",
        "to": "EC_D10_P_F"
      },
      "geometry": {
        "type": "LineString",
        "coordinates": [
          [
            19.259999999999998,
            101.86000000000001
          ],
          [
            461.81199999999995,
            361.14000000000004
          ]
        ]
      }
    },
    {
      "type": "Feature",
      "properties": {
        "kind": "hvac_path",
        "from": "Sickbay",
        "to": "EC_D12_S_M"
      },
      "geometry": {
        "type": "LineString",
        "coordinates": [
          [
            19.259999999999998,
            353.732
          ],
          [
            321.0,
            190.75600000000003
          ]
        ]
      }
    },
    {
      "type": "Feature",
      "properties": {
        "kind": "hvac_path",
        "from": "Mess_Hall",
        "to": "EC_D8_P_A"
      },
      "geometry": {
        "type": "LineString",
        "coordinates": [
          [
            19.259999999999998,
            318.80857142857144
          ],
          [
            337.4150362044013,
            202.39714285714288
          ]
        ]
      }
    },
    {
      "type": "Feature",
      "properties": {
        "kind": "hvac_path",
        "from": "EC_D7_P_F",
        "to": "EC_D7_P_M"
      },
      "geometry": {
        "type": "LineString",
        "coordinates": [
          [
            277.8942857142857,
            231.50000000000003
          ],
          [
            450.31714285714287,
            231.50000000000003
          ]
        ]
      }
    },
    {
      "type": "Feature",
      "properties": {
        "kind": "hvac_path",
        "from": "EC_D7_P_M",
        "to": "EC_D7_P_A"
      },
      "geometry": {
        "type": "LineString",
        "coordinates": [
          [
            450.31714285714287,
            231.50000000000003
          ],
          [
            615.32,
            231.50000000000003
          ]
        ]
      }
    },
    {
      "type": "Feature",
      "properties": {
        "kind": "hvac_path",
        "from": "EC_D7_S_F",
        "to": "EC_D7_S_M"
      },
      "geometry": {
        "type": "LineString",
        "coordinates": [
          [
            277.8942857142857,
            435.22
          ],
          [
            450.31714285714287,
            435.22
          ]
        ]
      }
    },
    {
      "type": "Feature",
      "properties": {
        "kind": "hvac_path",
        "from": "EC_D7_S_M",
        "to": "EC_D7_S_A"
      },
      "geometry": {
        "type": "LineString",
        "coordinates": [
          [
            450.31714285714287,
            435.22
          ],
          [
            615.32,
            435.22
          ]
        ]
      }
    },
    {
      "type": "Feature",
      "properties": {
        "kind": "hvac_path",
        "from": "EC_D7_P_M",
        "to": "EC_D7_S_M"
      },
      "geometry": {
        "type": "LineString",
        "coordinates": [
          [
            450.31714285714287,
            231.50000000000003
          ],
          [
            450.31714285714287,
            435.22
          ]
        ]
      }
    },
    {
      "type": "Feature",
      "properties": {
        "kind": "hvac_path",
        "from": "EC_D8_P_F",
        "to": "EC_D8_P_M"
      },
      "geometry": {
        "type": "LineString",
        "coordinates": [
          [
            241.96033243213725,
            202.39714285714288
          ],
          [
            288.74704091213727,
            202.39714285714288
          ]
        ]
      }
    },
    {
      "type": "Feature",
      "properties": {
        "kind": "hvac_path",
        "from": "EC_D8_P_M",
        "to": "EC_D8_P_A"
      },
      "geometry": {
        "type": "LineString",
        "coordinates": [
          [
            288.74704091213727,
            202.39714285714288
          ],
          [
            337.4150362044013,
            202.39714285714288
          ]
        ]
      }
    },
    {
      "type": "Feature",
      "properties": {
        "kind": "hvac_path",
        "from": "EC_D8_S_F",
        "to": "EC_D8_S_M"
      },
      "geometry": {
        "type": "LineString",
        "coordinates": [
          [
            241.96033243213725,
            435.22
          ],
          [
            288.74704091213727,
            435.22
          ]
        ]
      }
    },
    {
      "type": "Feature",
      "properties": {
        "kind": "hvac_path",
        "from": "EC_D8_S_M",
        "to": "EC_D8_S_A"
      },
      "geometry": {
        "type": "LineString",
        "coordinates": [
          [
            288.74704091213727,
            435.22
          ],
          [
            337.4150362044013,
            435.22
          ]
        ]
      }
    },
    {
      "type": "Feature",
      "properties": {
        "kind": "hvac_path",
        "from": "EC_D8_P_M",
        "to": "EC_D8_S_M"
      },
      "geometry": {
        "type": "LineString",
        "coordinates": [
          [
            288.74704091213727,
            202.39714285714288
          ],
          [
            288.74704091213727,
            435.22
          ]
        ]
      }
    },
    {
      "type": "Feature",
      "properties": {
        "kind": "hvac_path",
        "from": "EC_D9_P_F",
        "to": "EC_D9_P_M"
      },
      "geometry": {
        "type": "LineString",
        "coordinates": [
          [
            220.92083097589887,
            349.4431578947369
          ],
          [
            269.60559712998815,
            349.4431578947369
          ]
        ]
      }
    },
    {
      "type": "Feature",
      "properties": {
        "kind": "hvac_path",
        "from": "EC_D9_P_M",
        "to": "EC_D9_P_A"
      },
      "geometry": {
        "type": "LineString",
        "coordinates": [
          [
            269.60559712998815,
            349.4431578947369
          ],
          [
            318.3250851299881,
            349.4431578947369
          ]
        ]
      }
    },
    {
      "type": "Feature",
      "properties": {
        "kind": "hvac_path",
        "from": "EC_D9_S_F",
        "to": "EC_D9_S_M"
      },
      "geometry": {
        "type": "LineString",
        "coordinates": [
          [
            220.92083097589887,
            435.22
          ],
          [
            269.60559712998815,
            435.22
          ]
        ]
      }
    },
    {
      "type": "Feature",
      "properties": {
        "kind": "hvac_path",
        "from": "EC_D9_S_M",
        "to": "EC_D9_S_A"
      },
      "geometry": {
        "type": "LineString",
        "coordinates": [
          [
            269.60559712998815,
            435.22
          ],
          [
            318.3250851299881,
            435.22
          ]
        ]
      }
    },
    {
      "type": "Feature",
      "properties": {
        "kind": "hvac_path",
        "from": "EC_D9_P_M",
        "to": "EC_D9_S_M"
      },
      "geometry": {
        "type": "LineString",
        "coordinates": [
          [
            269.60559712998815,
            349.4431578947369
          ],
          [
            269.60559712998815,
            435.22
          ]
        ]
      }
    },
    {
      "type": "Feature",
      "properties": {
        "kind": "hvac_path",
        "from": "EC_D10_P_F",
        "to": "EC_D10_P_M"
      },
      "geometry": {
        "type": "LineString",
        "coordinates": [
          [
            461.81199999999995,
            361.14000000000004
          ],
          [
            542.2760000000001,
            361.14000000000004
          ]
        ]
      }
    },
    {
      "type": "Feature",
      "properties": {
        "kind": "hvac_path",
        "from": "EC_D10_P_M",
        "to": "EC_D10_P_A"
      },
      "geometry": {
        "type": "LineString",
        "coordinates": [
          [
            542.2760000000001,
            361.14000000000004
          ],
          [
            615.32,
            361.14000000000004
          ]
        ]
      }
    },
    {
      "type": "Feature",
      "properties": {
        "kind": "hvac_path",
        "from": "EC_D10_S_F",
        "to": "EC_D10_S_M"
      },
      "geometry": {
        "type": "LineString",
        "coordinates": [
          [
            461.81199999999995,
            435.22
          ],
          [
            542.2760000000001,
            435.22
          ]
        ]
      }
    },
    {
      "type": "Feature",
      "properties": {
        "kind": "hvac_path",
        "from": "EC_D10_S_M",
        "to": "EC_D10_S_A"
      },
      "geometry": {
        "type": "LineString",
        "coordinates": [
          [
            542.2760000000001,
            435.22
          ],
          [
            615.32,
            435.22
          ]
        ]
      }
    },
    {
      "type": "Feature",
      "properties": {
        "kind": "hvac_path",
        "from": "EC_D10_P_M",
        "to": "EC_D10_S_M"
      },
      "geometry": {
        "type": "LineString",
        "coordinates": [
          [
            542.2760000000001,
            361.14000000000004
          ],
          [
            542.2760000000001,
            435.22
          ]
        ]
      }
    },
    {
      "type": "Feature",
      "properties": {
        "kind": "hvac_path",
        "from": "EC_D11_P_F",
        "to": "EC_D11_P_M"
      },
      "geometry": {
        "type": "LineString",
        "coordinates": [
          [
            381.348,
            27.779999999999998
          ],
          [
            502.04400000000004,
            27.779999999999998
          ]
        ]
      }
    },
    {
      "type": "Feature",
      "properties": {
        "kind": "hvac_path",
        "from": "EC_D11_P_M",
        "to": "EC_D11_P_A"
      },
      "geometry": {
        "type": "LineString",
        "coordinates": [
          [
            502.04400000000004,
            27.779999999999998
          ],
          [
            615.32,
            27.779999999999998
          ]
        ]
      }
    },
    {
      "type": "Feature",
      "properties": {
        "kind": "hvac_path",
        "from": "EC_D11_S_F",
        "to": "EC_D11_S_M"
      },
      "geometry": {
        "type": "LineString",
        "coordinates": [
          [
            381.348,
            435.22
          ],
          [
            502.04400000000004,
            435.22
          ]
        ]
      }
    },
    {
      "type": "Feature",
      "properties": {
        "kind": "hvac_path",
        "from": "EC_D11_S_M",
        "to": "EC_D11_S_A"
      },
      "geometry": {
        "type": "LineString",
        "coordinates": [
          [
            502.04400000000004,
            435.22
          ],
          [
            615.32,
            435.22
          ]
        ]
      }
    },
    {
      "type": "Feature",
      "properties": {
        "kind": "hvac_path",
        "from": "EC_D11_P_M",
        "to": "EC_D11_S_M"
      },
      "geometry": {
        "type": "LineString",
        "coordinates": [
          [
            502.04400000000004,
            27.779999999999998
          ],
          [
            502.04400000000004,
            435.22
          ]
        ]
      }
    },
    {
      "type": "Feature",
      "properties": {
        "kind": "hvac_path",
        "from": "EC_D12_P_F",
        "to": "EC_D12_P_M"
      },
      "geometry": {
        "type": "LineString",
        "coordinates": [
          [
            26.68,
            27.779999999999998
          ],
          [
            321.0,
            27.779999999999998
          ]
        ]
      }
    },
    {
      "type": "Feature",
      "properties": {
        "kind": "hvac_path",
        "from": "EC_D12_P_M",
        "to": "EC_D12_P_A"
      },
      "geometry": {
        "type": "LineString",
        "coordinates": [
          [
            321.0,
            27.779999999999998
          ],
          [
            615.32,
            27.779999999999998
          ]
        ]
      }
    },
    {
      "type": "Feature",
      "properties": {
        "kind": "hvac_path",
        "from": "EC_D12_S_F",
        "to": "EC_D12_S_M"
      },
      "geometry": {
        "type": "LineString",
        "coordinates": [
          [
            40.923544,
            190.75600000000003
          ],
          [
            321.0,
            190.75600000000003
          ]
        ]
      }
    },
    {
      "type": "Feature",
      "properties": {
        "kind": "hvac_path",
        "from": "EC_D12_S_M",
        "to": "EC_D12_S_A"
      },
      "geometry": {
        "type": "LineString",
        "coordinates": [
          [
            321.0,
            190.75600000000003
          ],
          [
            615.32,
            190.75600000000003
          ]
        ]
      }
    },
    {
      "type": "Feature",
      "properties": {
        "kind": "hvac_path",
        "from": "EC_D12_P_M",
        "to": "EC_D12_S_M"
      },
      "geometry": {
        "type": "LineString",
        "coordinates": [
          [
            321.0,
            27.779999999999998
          ],
          [
            321.0,
            190.75600000000003
          ]
        ]
      }
    },
    {
      "type": "Feature",
      "properties": {
        "kind": "hvac_path",
        "from": "FC_D23_P_F",
        "to": "FC_D23_P_A"
      },
      "geometry": {
        "type": "LineString",
        "coordinates": [
          [
            26.68,
            27.779999999999998
          ],
          [
            615.32,
            27.779999999999998
          ]
        ]
      }
    },
    {
      "type": "Feature",
      "properties": {
        "kind": "hvac_path",
        "from": "FC_D23_S_F",
        "to": "FC_D23_S_A"
      },
      "geometry": {
        "type": "LineString",
        "coordinates": [
          [
            26.68,
            435.22
          ],
          [
            615.32,
            435.22
          ]
        ]
      }
    },
    {
      "type": "Feature",
      "properties": {
        "kind": "hvac_path",
        "from": "FC_D23_P_F",
        "to": "FC_D23_S_F"
      },
      "geometry": {
        "type": "LineString",
        "coordinates": [
          [
            26.68,
            27.779999999999998
          ],
          [
            26.68,
            435.22
          ]
        ]
      }
    },
    {
      "type": "Feature",
      "properties": {
        "kind": "hvac_path",
        "from": "FC_D24_P_F",
        "to": "FC_D24_P_A"
      },
      "geometry": {
        "type": "LineString",
        "coordinates": [
          [
            26.68,
            27.779999999999998
          ],
          [
            615.32,
            27.779999999999998
          ]
        ]
      }
    },
    {
      "type": "Feature",
      "properties": {
        "kind": "hvac_path",
        "from": "FC_D24_S_F",
        "to": "FC_D24_S_A"
      },
      "geometry": {
        "type": "LineString",
        "coordinates": [
          [
            26.68,
            435.22
          ],
          [
            615.32,
            435.22
          ]
        ]
      }
    },
    {
      "type": "Feature",
      "properties": {
        "kind": "hvac_path",
        "from": "FC_D24_P_F",
        "to": "FC_D24_S_F"
      },
      "geometry": {
        "type": "LineString",
        "coordinates": [
          [
            26.68,
            27.779999999999998
          ],
          [
            26.68,
            435.22
          ]
        ]
      }
    },
    {
      "type": "Feature",
      "properties": {
        "kind": "hvac_path",
        "from": "FC_D25_P_F",
        "to": "FC_D25_P_A"
      },
      "geometry": {
        "type": "LineString",
        "coordinates": [
          [
            26.68,
            27.779999999999998
          ],
          [
            615.32,
            27.779999999999998
          ]
        ]
      }
    },
    {
      "type": "Feature",
      "properties": {
        "kind": "hvac_path",
        "from": "FC_D25_S_F",
        "to": "FC_D25_S_A"
      },
      "geometry": {
        "type": "LineString",
        "coordinates": [
          [
            26.68,
            435.22
          ],
          [
            615.32,
            435.22
          ]
        ]
      }
    },
    {
      "type": "Feature",
      "properties": {
        "kind": "hvac_path",
        "from": "FC_D25_P_F",
        "to": "FC_D25_S_F"
      },
      "geometry": {
        "type": "LineString",
        "coordinates": [
          [
            26.68,
            27.779999999999998
          ],
          [
            26.68,
            435.22
          ]
        ]
      }
    },
    {
      "type": "Feature",
      "properties": {
        "kind": "hvac_path",
        "from": "OC_D8_F",
        "to": "OC_D8_M"
      },
      "geometry": {
        "type": "LineString",
        "coordinates": [
          [
            537.3784711433752,
            202.39714285714288
          ],
          [
            578.215168756444,
            202.39714285714288
          ]
        ]
      }
    },
    {
      "type": "Feature",
      "properties": {
        "kind": "hvac_path",
        "from": "OC_D8_M",
        "to": "OC_D8_A"
      },
      "geometry": {
        "type": "LineString",
        "coordinates": [
          [
            578.215168756444,
            202.39714285714288
          ],
          [
            618.9516728055488,
            202.39714285714288
          ]
        ]
      }
    },
    {
      "type": "Feature",
      "properties": {
        "kind": "hvac_path",
        "from": "OC_D9_F",
        "to": "OC_D9_M"
      },
      "geometry": {
        "type": "LineString",
        "coordinates": [
          [
            536.1121860632624,
            349.4431578947369
          ],
          [
            577.5820262163875,
            349.4431578947369
          ]
        ]
      }
    },
    {
      "type": "Feature",
      "properties": {
        "kind": "hvac_path",
        "from": "OC_D9_M",
        "to": "OC_D9_A"
      },
      "geometry": {
        "type": "LineString",
        "coordinates": [
          [
            577.5820262163875,
            349.4431578947369
          ],
          [
            618.3185302654923,
            349.4431578947369
          ]
        ]
      }
    }
  ]
}