chain__,iter__,draw__,lp__,accept_stat__,stepsize__,treedepth__,n_leapfrog__,divergent__,energy__,mu_log_hazard,sigma_port,z_port[1],sigma_visit,z_visit[1],sigma_time,z_time[1],mu_log_aboard,sigma_ship,z_ship[1],mu_log_r,sigma_r,z_r[1],log_crew_ratio,beta_repeat,ww_logit_base,ww_slope,ww_conc,conc_intercept,conc_slope,conc_sigma,log_lambda_port[1],fleet_time[1],log_lambda_visit[1],lambda_aboard[1],R_onboard[1],lambda_port[1],lambda_visit[1],imported_cases_visit[1],imported_cases[1],attribution_share[1],aboard_cases,secondary_cases,total_incidence,import_share,crew_hazard_ratio,repeat_hazard_ratio,loglik_clinical,loglik_wastewater,loglik_concentration,ww_expected_fraction[1],ww_expected_fraction[2],ww_expected_fraction[3],ww_expected_fraction[4],ww_expected_fraction[5],ww_expected_fraction[6],ww_expected_fraction[7],conc_expected_log10[1],conc_expected_log10[2],conc_expected_log10[3],conc_expected_log10[4],conc_expected_log10[5],conc_expected_log10[6],conc_expected_log10[7]
1.0,1.0,1.0,-242871.41,0.98031693,0.20814767,4.0,15.0,0.0,242880.58,-6.0437568,1.3488956,1.5122141,0.090575785,0.47476706,0.91386724,0.52498915,-12.902874,1.3909631,-0.030579835,-0.06083751,0.17853998,0.23887782,-0.53610574,-0.36109976,-0.016335319,0.0002190473,307992.44,7.6657955,0.017512714,0.20928053,-4.0039378,0.47977039,-3.481165,2.3871525e-06,0.98197614,0.018243657,0.03077154,2.2638907,2.2638907,0.99990091,0.00011697047,0.00010738419,2.2641151,0.99990091,0.58502205,0.69690947,-251.80386,-45.47216,1.7478651,0.49515976,0.49515976,0.4957479,0.49578585,0.49580806,0.49582381,0.49583603,7.5607192,7.5607192,7.6424106,7.6476824,7.6507662,7.6529542,7.6546514
1.0,2.0,2.0,-242874.93,0.72592808,0.20814767,4.0,15.0,0.0,242885.3,-4.1405375,1.2857053,1.6731848,0.77416262,0.0599387,0.31383169,1.2589839,-16.446466,0.041950065,-0.45901383,0.071317571,0.72106332,1.9647617,0.19803646,0.1120298,-0.012418583,0.0006471513,27180.576,7.7918268,0.030475524,0.20418486,-1.9893149,0.39510905,-1.5478036,7.0636303e-08,4.4283858,0.13678911,0.21271467,21.313646,21.313646,0.99978599,3.4611788e-06,0.0045589501,21.318208,0.99978599,1.2190068,1.1185462,-249.87112,-45.935003,0.78591887,0.49466038,0.49466038,0.49676072,0.49687285,0.49693845,0.49698499,0.4970211,7.6089737,7.6089737,7.7808088,7.7899828,7.7953493,7.7991569,7.8021104
1.0,3.0,3.0,-242871.83,0.97045278,0.20814767,4.0,15.0,0.0,242882.18,-7.2950098,1.9071021,1.9031778,0.41530854,1.6402862,1.1494364,-0.92219877,-9.0175116,0.87494702,0.33796348,-0.34197855,0.17996403,-1.2699432,-0.11129665,-0.2004847,-0.014290511,0.00027656863,162399.8,7.7624357,0.010211388,0.23565618,-3.6654554,-1.0600088,-4.0442394,0.00016299167,0.56522995,0.025592513,0.017523028,1.5170786,1.5170786,0.99473596,0.0079865919,4.1636584e-05,1.5251068,0.99473596,0.8946733,0.81833401,-252.3576,-45.339455,1.649611,0.49547226,0.49547226,0.49618754,0.49623546,0.49626349,0.49628338,0.49629881,7.7011674,7.7011674,7.7470482,7.7501221,7.7519202,7.753196,7.7541856
1.0,4.0,4.0,-242876.76,0.52967926,0.20814767,4.0,15.0,0.0,242882.76,-9.0129988,1.9851361,4.5649454,0.98481894,1.2389561,0.13387086,-1.151732,-9.9280516,0.43714619,-0.0013820925,0.21678433,0.2784908,-1.3851272,0.60222135,-0.11278023,-0.017342954,0.00039108218,121161.35,7.6445544,0.015061155,0.15878838,0.049039063,-0.15418335,1.1150031,4.8757291e-05,0.84454195,1.0502614,3.0495778,383.32941,383.32941,0.99995298,0.0023891073,0.01563715,383.34744,0.99995298,1.8261709,0.89334697,-247.21554,-45.842064,1.5112118,0.49431376,0.49431376,0.49586548,0.49593324,0.49597288,0.49600101,0.49602282,7.5541875,7.5541875,7.6580097,7.6625436,7.6651957,7.6670774,7.668537
1.0,5.0,5.0,-242875.1,0.93147128,0.20814767,4.0,15.0,0.0,242883.05,-2.3457765,0.46394337,-0.74220339,0.64462345,0.49516639,1.709805,3.6605264,-13.137797,0.56760766,-1.1275152,-1.6571352,0.55006632,1.6605583,0.11302119,0.11115001,-0.013875661,0.00020754047,197534.85,7.6440852,0.037187537,0.24087132,-2.6901168,6.2587865,3.8878656,1.0384475e-06,0.47534329,0.067873009,48.806601,4686.6801,4686.6801,0.99997703,5.0883928e-05,0.10760544,4686.7878,0.99997703,1.1196557,1.1175625,-244.52849,-45.755356,-0.25256308,0.49581436,0.49581436,0.49676776,0.49680372,0.49682476,0.49683969,0.49685126,7.42096,7.42096,7.7177415,7.728936,7.7354844,7.7401306,7.7437345
1.0,6.0,6.0,-242874.28,0.87909585,0.20814767,4.0,31.0,0.0,242885.68,-7.2870106,0.65375903,0.10355764,0.34264179,0.49848239,0.34785494,-0.46323362,-11.278511,0.28864736,0.22825187,0.22958008,0.32563702,-0.51538625,0.1507786,-0.13925394,-0.011954529,5.2376317e-06,258014.18,7.8369772,0.007565868,0.23809426,-7.2193088,-0.1611381,-7.209646,1.3502622e-05,1.0636977,0.00073230839,0.00073941883,0.072341076,0.072341076,0.99088602,0.00066162848,3.7507551e-06,0.073006455,0.99088602,1.1627392,0.87000707,-255.50681,-45.772679,0.82522264,0.49699331,0.49699331,0.49700288,0.49700379,0.49700432,0.4970047,0.49700499,7.791582,7.791582,7.8155918,7.8178682,7.8192001,7.8201452,7.8208783
1.0,7.0,7.0,-242875.49,0.86675709,0.20814767,4.0,15.0,0.0,242884.57,-6.2634879,0.3214075,-0.99284367,0.68736542,0.63201411,0.46589612,0.86612909,-11.229994,0.26646744,-0.44891167,-1.6043695,0.60975682,0.36159353,0.33245704,-0.067602922,-0.002168318,1.2330792e-05,19338.623,7.7540671,0.036580115,0.18788831,-6.5825953,0.40352618,-5.7446445,1.1774026e-05,0.25060298,0.0013842521,0.0031998719,0.34419224,0.34419224,0.99831454,0.00057692726,4.1732671e-06,0.34477334,0.99831454,1.39439,0.93463152,-254.0621,-48.053656,1.2818102,0.49941533,0.49941533,0.49944264,0.49944478,0.49944603,0.49944691,0.4994476,7.5345865,7.5345865,7.6753246,7.6863352,7.6927762,7.6973463,7.7008912
1.0,8.0,8.0,-242874.0,0.92254142,0.20814767,5.0,47.0,0.0,242882.81,-5.2989738,1.7032841,3.263425,0.087093875,-0.0079900948,0.37916956,0.75542253,-10.502458,0.35246111,-0.038152848,0.44397448,0.18914827,-0.50026105,-0.49324874,0.057361033,-0.011496803,5.3852109e-05,617287.59,7.7506131,0.024195494,0.22492736,0.25956604,0.28643323,0.54530338,2.7101946e-05,1.4181468,1.2963674,1.7251317,128.77565,128.77565,0.99992119,0.0013279954,0.0088210638,128.7858,0.99992119,0.61063936,1.0590381,-247.78016,-46.268011,1.104588,0.49693984,0.49693984,0.49713884,0.49714817,0.49715363,0.4971575,0.49716051,7.6054401,7.6054401,7.7607665,7.7680501,7.7723107,7.7753337,7.7776785
1.0,9.0,9.0,-242876.14,0.97579724,0.20814767,5.0,31.0,0.0,242884.93,-5.7456966,0.16416872,-1.1046791,0.1399289,0.88200195,0.85624562,0.049014561,-13.207952,0.028609254,0.38078022,-0.93479919,0.0099534272,0.57963627,0.45232244,-0.049038193,-0.0048364153,0.0012673763,222491.3,7.7707075,0.03009491,0.16947975,-5.9270503,0.041968504,-5.7616643,1.8560535e-06,0.39493668,0.0026663352,0.0031458717,0.36184529,0.36184529,0.99972965,9.0946622e-05,6.9043225e-06,0.36194315,0.99972965,1.5719587,0.95214476,-254.08216,-48.015008,1.583482,0.49441377,0.49441377,0.49723586,0.49745545,0.49758391,0.49767506,0.49774576,7.590138,7.590138,7.70656,7.7156186,7.7209178,7.7246776,7.7275941
1.0,10.0,10.0,-242875.99,0.93002243,0.20814767,4.0,31.0,0.0,242885.09,-8.403173,0.68102608,-0.38990791,1.5137724,1.7171506,0.19783773,-1.4370497,-12.657533,0.31670673,-1.0870191,-0.34255698,0.015474828,-1.1749378,-0.082920977,-0.1763171,-0.013209767,0.00088568971,33801.523,7.705541,0.0049368994,0.15844777,-8.6687105,-0.28430266,-6.353638,2.2562666e-06,0.69716097,0.00017188061,0.0017404041,0.15256,0.15256,0.9992422,0.00011055706,5.1410269e-06,0.1526757,0.9992422,0.92042388,0.8383521,-254.67195,-45.918838,2.7434415,0.49363884,0.49363884,0.49541986,0.49557329,0.49566305,0.49572674,0.49577615,7.6759196,7.6759196,7.6931676,7.6946534,7.6955227,7.6961394,7.6966178
1.0,11.0,11.0,-242883.88,0.3606686,0.20814767,4.0,31.0,0.0,242894.33,-4.9355754,0.67907693,1.1276144,0.052197746,-1.1408776,0.26188532,0.031521147,-9.5697766,0.28778271,1.2100004,-0.5345047,0.00044426527,1.6289801,0.24423656,0.35611681,-0.011416314,0.00055658358,98668.178,8.2471373,0.036960805,0.63540189,-4.1698384,0.0082549256,-4.2211347,9.8884366e-05,0.58638365,0.015454757,0.014681975,1.5066517,1.5066517,0.99676612,0.0048453339,4.2810538e-05,1.5115399,0.99676612,1.2766463,1.4277743,-252.53698,-45.761298,-5.6081588,0.4952237,0.4952237,0.49666193,0.49675837,0.49681478,0.49685481,0.49688586,8.0253725,8.0253725,8.1912979,8.2024239,8.2089323,8.2135501,8.217132
1.0,12.0,12.0,-242881.54,0.12317338,0.20814767,5.0,47.0,0.0,242897.65,-4.316106,1.839336,1.5116401,0.11719751,-0.73929957,0.3059286,0.038784042,-10.062362,0.77997486,1.279966,-0.67797136,0.00055240566,1.3943053,-0.012674927,0.068634271,-0.014537299,0.00042539685,61416.392,8.1008996,0.040216797,0.77471879,-1.5356921,0.011865148,-1.610471,0.00011575659,0.50803693,0.21530663,0.19979349,18.07552,18.07552,0.99966177,0.0056720728,0.00044369431,18.081635,0.99966177,0.98740506,1.0710444,-249.93314,-45.426483,-5.6740313,0.49489658,0.49489658,0.49625972,0.49633343,0.49637655,0.49640714,0.49643087,7.8595988,7.8595988,8.083487,8.0955934,8.1026753,8.1076999,8.1115973
1.0,13.0,13.0,-242882.3,0.94186643,0.20814767,4.0,31.0,0.0,242892.2,-7.850736,0.51040414,0.59809371,0.028894073,0.26678478,0.39597875,-0.25075748,-8.8135418,0.34262849,1.1264996,-0.12713642,0.001534472,-0.17357378,1.0844538,0.0023416876,-0.012366458,0.00072898505,204477.82,7.5696827,0.064042172,0.65985483,-7.5454665,-0.099294631,-7.6370527,0.00021875221,0.88037902,0.00052850065,0.00048224771,0.083539096,0.083539096,0.88624397,0.010718858,4.0081985e-06,0.094261963,0.88624397,2.9578238,1.0023444,-255.5777,-46.091563,-4.7644946,0.4943908,0.4943908,0.4957689,0.49589516,0.49596904,0.49602146,0.49606212,7.1854297,7.1854297,7.3957665,7.4150379,7.4263127,7.4343129,7.4405185
1.0,14.0,14.0,-242882.5,0.98425155,0.20814767,4.0,15.0,0.0,242887.37,-7.3043581,0.41975471,0.18438273,0.032069107,0.41801795,0.63194115,-0.60744696,-10.223027,0.30010843,1.3850293,-0.18908564,0.0014288554,-0.033318086,1.1206031,0.10391202,-0.012451033,0.00087320954,186799.01,7.5710231,0.030099466,0.59382041,-7.2269626,-0.38387073,-7.5974279,5.5044518e-05,0.82767621,0.00072672486,0.00050174031,0.089210195,0.089210195,0.97061446,0.0026971814,3.674281e-06,0.09191105,0.97061446,3.0667031,1.1095028,-255.80591,-46.48948,-3.5504002,0.49387159,0.49387159,0.4955168,0.49566805,0.49575654,0.49581932,0.49586803,7.3904263,7.3904263,7.4889535,7.4980109,7.5033099,7.50707,7.5099866
1.0,15.0,15.0,-242873.9,0.96440176,0.20814767,4.0,31.0,0.0,242893.9,-6.6973202,0.41429719,0.61606952,0.37685322,-0.36092273,0.6621157,1.3479969,-12.725134,0.48360812,-2.3618259,-0.10402547,0.0070153978,-0.61842276,-0.6821658,0.0086401768,-0.015433612,0.00037339152,30776.256,7.8707238,0.075540055,0.25371857,-6.4420843,0.89252994,-5.6855693,9.4949795e-07,0.89730097,0.0015930827,0.0033946003,0.23840916,0.23840916,0.99976156,4.6525399e-05,1.0334925e-05,0.23846602,0.99976156,0.50552095,1.0086776,-254.00651,-45.364937,-0.34061837,0.49485213,0.49485213,0.49564461,0.4957093,0.49574715,0.495774,0.49579482,7.4174835,7.4174835,7.6960224,7.7187588,7.7320596,7.741497,7.7488173
1.0,16.0,16.0,-242876.0,0.99917695,0.20814767,4.0,15.0,0.0,242881.22,-4.8380911,1.854122,1.4052408,0.47665338,0.064790404,0.60377634,1.8440623,-11.978412,0.43779111,-1.9385278,-1.1225674,0.0013350158,-0.28993962,-0.39219529,-0.014638993,-0.009794893,0.0011680906,40635.767,7.7120019,0.042491914,0.39574856,-2.2326032,1.1134012,-1.0883195,2.6870081e-06,0.32531724,0.10724887,0.33678199,26.05818,26.05818,0.99997923,0.0001316634,0.00040946321,26.058721,0.99997923,0.67557217,0.98546764,-249.41173,-47.174978,-1.1635971,0.4935172,0.4935172,0.49736689,0.4975693,0.49768771,0.49777171,0.49783688,7.4570504,7.4570504,7.7003485,7.7131399,7.7206223,7.7259312,7.7300491
1.0,17.0,17.0,-242880.97,0.91698964,0.20814767,4.0,15.0,0.0,242889.31,-7.2111667,0.47962933,-0.30648845,0.051462746,-1.3302978,0.16007321,-1.0487889,-10.677501,0.15003403,0.54398399,0.24025416,0.0014614381,0.46131767,0.40872787,0.15871561,-0.02069641,4.8044596e-05,65315.493,7.6170169,0.0082496005,0.17742023,-7.3581675,-0.167883,-7.5945113,2.5018762e-05,1.2724299,0.00063736533,0.0005032058,0.056462654,0.056462654,0.97868921,0.0012259194,3.5455628e-06,0.057692119,0.97868921,1.5049021,1.1720046,-255.85801,-45.33798,1.7780594,0.49466016,0.49466016,0.49474509,0.49475341,0.49475828,0.49476173,0.49476441,7.5675193,7.5675193,7.592856,7.5953378,7.59679,7.5978205,7.5986198
1.0,18.0,18.0,-242880.0,0.96207275,0.20814767,4.0,31.0,0.0,242888.99,-5.893461,0.27642811,-0.10456633,0.018188758,-0.41154927,0.16788197,0.12034249,-12.253088,0.13073993,0.32796741,-0.087881056,0.0010695672,1.1531279,0.25072087,-0.14539295,-0.01809766,7.6107302e-05,144758.24,7.74511,0.0033507121,0.17035759,-5.9223661,0.020203333,-5.9096483,4.9793604e-06,0.91700009,0.0026788542,0.0027131408,0.27936657,0.27936657,0.99908315,0.00024398866,1.2384671e-05,0.27962294,0.99908315,1.2849514,0.86468245,-254.22861,-45.110268,2.3898166,0.49521287,0.49521287,0.49537742,0.49539061,0.49539832,0.4954038,0.49540804,7.7250057,7.7250057,7.7375924,7.7386009,7.7391909,7.7396096,7.7399343
1.0,19.0,19.0,-242879.01,0.96805912,0.20814767,4.0,31.0,0.0,242885.33,-4.0855487,0.43263757,0.36525488,0.039597133,-0.80107249,0.32049295,0.16363865,-10.191489,0.075861489,-0.46290871,-0.049660672,0.00068946489,0.63091897,0.14370319,0.22994678,-0.018295249,8.6716986e-05,66192.554,7.6335305,0.0059443377,0.14709771,-3.9275257,0.052445034,-3.9068009,3.6194398e-05,0.95196627,0.019692336,0.020104716,1.9600236,1.9600236,0.99905003,0.0017735255,9.0206364e-05,1.9618873,0.99905003,1.1545414,1.258533,-252.22767,-45.001393,2.0587623,0.49512683,0.49512683,0.49535656,0.49537158,0.49538037,0.49538661,0.49539145,7.5978644,7.5978644,7.6252231,7.6270125,7.6280592,7.6288019,7.6293779
1.0,20.0,20.0,-242875.74,0.96401416,0.20814767,4.0,15.0,0.0,242885.34,-6.8521803,0.61008921,-0.030652647,0.12107546,-1.5568826,1.1528639,1.6029145,-15.104876,0.35544573,-0.36522124,-0.68093427,0.0010957266,-0.67290351,0.11529144,0.030399825,-0.012436647,0.00065215939,31298.475,7.6186826,0.012323288,0.19749956,-6.8708812,1.8479422,-5.2114393,2.4191178e-07,0.50577084,0.0010375624,0.0054538186,0.52428877,0.52428877,0.99995296,1.1853677e-05,1.2808424e-05,0.52431344,0.99995296,1.1222004,1.0308666,-253.53326,-45.604707,1.5443291,0.49463857,0.49463857,0.49615113,0.49626413,0.49633023,0.49637713,0.49641351,7.5447429,7.5447429,7.5943986,7.5981081,7.600278,7.6018176,7.6030119
1.0,21.0,21.0,-242877.9,0.91563373,0.20814767,5.0,31.0,0.0,242885.51,-6.6217604,0.54959045,0.15472042,0.070722874,0.85610764,0.53017914,-0.28621868,-8.3326189,0.6733344,-0.18967838,-0.17765598,0.00047400649,0.67555153,-0.33658982,-0.081137415,-0.011939951,0.00020980619,146568.67,7.8718629,0.047037112,0.45875876,-6.5367275,-0.15174717,-6.6279283,0.00021170095,0.83749853,0.0014492233,0.0013229009,0.10450451,0.10450451,0.90966428,0.010373346,4.6470987e-06,0.1148825,0.90966428,0.71420173,0.92206698,-254.79864,-45.404717,-1.7092653,0.49629044,0.49629044,0.49669745,0.4967338,0.49675506,0.49677014,0.49678185,7.5896402,7.5896402,7.7481659,7.7623211,7.7706025,7.7764785,7.7810365
1.0,22.0,22.0,-242877.6,0.96744243,0.20814767,4.0,15.0,0.0,242886.55,-4.0398182,0.48019355,-0.18385124,1.1630433,1.3408193,1.2975185,0.59452475,-12.455177,0.25048178,-0.024858943,-1.1090502,5.3142533e-05,0.36598443,-0.0071813905,0.096653835,-0.0083368841,0.00093277896,31831.256,7.7101992,0.0057942652,0.13049356,-4.1281024,0.77140688,-1.7972645,3.8732996e-06,0.32987855,0.016113427,0.16575168,15.033589,15.033589,0.99997144,0.00018979168,0.00023954314,15.034018,0.99997144,0.99284433,1.101479,-250.12042,-46.644392,2.0748374,0.49469427,0.49469427,0.49764027,0.49780191,0.49789646,0.49796354,0.49801558,7.6754336,7.6754336,7.707226,7.7089703,7.7099906,7.7107145,7.711276
1.0,23.0,23.0,-242882.34,0.62084567,0.20814767,5.0,31.0,0.0,242892.03,-6.7445029,0.00012810987,-0.033991074,0.85555314,-0.90359478,0.50017833,0.78887199,-10.339752,0.38544831,-0.038341409,-0.40503454,0.0041325725,-0.52525932,-0.0018692738,-0.52935244,-0.015709765,0.00032316843,110486.89,8.4627901,0.19361061,0.3942833,-6.7445072,0.39457667,-7.1230039,3.1848185e-05,0.6655076,0.0011773287,0.00080634095,0.07331378,0.07331378,0.97912612,0.001560561,2.4068419e-06,0.074876748,0.97912612,0.99813247,0.58898625,-255.4003,-45.246516,-4.0263905,0.49495655,0.49495655,0.49554889,0.49560486,0.49563761,0.49566085,0.49567887,7.3011265,7.3011265,7.9176642,7.9759193,8.0100032,8.0341881,8.0529484
1.0,24.0,24.0,-242882.01,0.18165833,0.20814767,5.0,31.0,0.0,242890.12,-6.6474585,7.8680651e-05,-0.31063164,0.58218493,-1.2907922,1.4140006,0.43811825,-9.8489086,0.22626629,0.43622093,0.13425632,0.0055117076,-0.49711694,0.11816468,-0.16830003,-0.01517841,0.0005541876,80198.359,8.1984897,0.17513647,0.44474346,-6.6474829,0.61949948,-6.7794632,5.8282628e-05,1.1405566,0.0012972833,0.001136885,0.10944569,0.10944569,0.97451613,0.0028558488,6.1867712e-06,0.11230772,0.97451613,1.1254294,0.84510024,-255.04756,-45.594065,-3.5566114,0.49429155,0.49429155,0.49536345,0.49545944,0.49551561,0.49555545,0.49558637,7.1476709,7.1476709,7.7361958,7.7889005,7.819735,7.8416136,7.8585847
1.0,25.0,25.0,-242888.59,0.095196072,0.20814767,4.0,31.0,0.0,242896.91,-8.1003243,2.739078e-05,-1.4137765,0.71070786,-0.55896776,0.6439228,1.4313909,-9.9157147,0.064132586,1.1587824,0.067556133,0.0090083564,0.50922085,0.43332681,0.0029586279,-0.0038990293,0.00089008598,54005.116,8.2935181,0.073305256,0.61785361,-8.1003631,0.92170527,-7.5759206,5.320283e-05,1.0748094,0.00030342895,0.00051264827,0.058329104,0.058329104,0.95716875,0.0026069387,3.1634957e-06,0.060939206,0.95716875,1.5423802,1.002963,-255.78992,-46.314462,-4.755809,0.49595108,0.49595108,0.49753683,0.49769098,0.49778117,0.49784517,0.49789481,7.8536865,7.8536865,8.0805683,8.1026226,8.1155267,8.1246833,8.1317861
1.0,26.0,26.0,-242897.65,0.19725905,0.20814767,4.0,31.0,0.0,242912.89,-6.6753829,5.5013769e-05,0.37210256,0.081247234,-0.20826937,0.5095899,2.6157463,-9.510117,0.063946469,1.3416204,0.02023518,0.0065194153,0.88525027,0.98463699,-0.31327338,0.0021249275,0.0027356754,123815.95,8.5294481,0.33059114,0.72426937,-6.6753625,1.3329579,-5.3593259,8.0736073e-05,1.0263476,0.0012616152,0.0047040762,0.75936623,0.75936623,0.99476799,0.0039560676,3.7841118e-05,0.76336013,0.99476799,2.67684,0.73105003,-253.66403,-53.411249,-8.1246534,0.49108349,0.49108349,0.49768489,0.49815892,0.49843621,0.49863296,0.49878557,6.5459012,6.5459012,7.9319177,8.031431,8.0896436,8.1309466,8.1629842
1.0,27.0,27.0,-242887.11,0.75180899,0.20814767,4.0,15.0,0.0,242906.27,-7.8616548,0.0004739643,-2.0746821,1.1357382,0.15207243,0.031329143,-0.9019089,-12.688314,0.024568358,0.21593121,-1.2041885,0.044966107,0.29101909,-0.038111984,0.22819176,-0.02042708,4.907244e-05,26490.805,8.2265498,0.13178622,0.33064611,-7.8626382,-0.028256033,-7.7181797,3.1034097e-06,0.30388605,0.00038485722,0.00044466929,0.039766515,0.039766515,0.99617595,0.00015206707,5.8593224e-07,0.039919168,0.99617595,0.96260514,1.2563262,-256.0213,-45.511029,-1.7918624,0.49472394,0.49472394,0.49480617,0.49481467,0.49481964,0.49482317,0.4948259,7.4358325,7.4358325,7.8195296,7.8591661,7.8823608,7.8988202,7.9115881
1.0,28.0,28.0,-242891.09,0.9023601,0.20814767,4.0,15.0,0.0,242899.97,-6.4849165,0.0006731137,1.2366363,0.03397661,0.72865935,0.14129118,1.525844,-11.974333,1.5636427,0.46682466,0.39390138,0.041880549,0.57929145,-1.3486238,-0.26863815,-0.017796822,3.1704273e-05,1134688.3,7.8238426,0.044457563,0.27657561,-6.4840841,0.21558829,-6.2437384,1.308052e-05,1.5191674,0.0015275592,0.0019425797,0.11636652,0.11636652,0.99444921,0.00064094549,8.5857993e-06,0.11701605,0.99444921,0.25959727,0.76441981,-254.55699,-45.397995,0.68306491,0.49544142,0.49544142,0.49550307,0.49550856,0.49551177,0.49551405,0.49551582,7.5570972,7.5570972,7.7072838,7.7206628,7.72849,7.7340438,7.7383519
1.0,29.0,29.0,-242884.04,0.85939951,0.20814767,4.0,15.0,0.0,242904.49,-10.628338,0.011406154,0.6685141,0.23886718,-0.49176163,1.4660562,1.0809031,-10.13931,0.0352311,-0.33187663,0.80752572,0.06325005,1.6955696,-0.026997883,-0.046714821,-0.017283762,9.093553e-05,13481.157,8.1290224,0.074053767,0.21972682,-10.620713,1.5846647,-9.1535136,3.9036942e-05,2.4962025,2.4405244e-05,0.00010584724,0.0095136835,0.0095136835,0.8324983,0.0019128101,1.377699e-06,0.011427871,0.8324983,0.9733633,0.95435952,-257.12331,-46.172333,-0.9980264,0.49536511,0.49536511,0.49548914,0.49550485,0.49551405,0.49552058,0.49552565,7.6846998,7.6846998,7.8601758,7.8823995,7.8954168,7.9046575,7.9118274
1.0,30.0,30.0,-242880.23,0.19518314,0.20814767,4.0,15.0,0.0,242898.0,-8.7241098,0.0080805542,-0.16420906,0.17229634,-2.2188506,0.26869496,-1.0899407,-12.861073,0.20163351,1.205177,-1.253069,0.78605351,-0.39775846,-0.60751163,0.10860128,-0.011266811,0.00052809068,318372.86,7.6797693,0.038461945,0.2645018,-8.7254367,-0.29286157,-9.4005981,3.3116327e-06,0.20893576,0.00016240186,8.2674603e-05,0.0059424515,0.0059424515,0.97340911,0.00016227,6.1608433e-08,0.0061047831,0.97340911,0.54470461,1.1147178,-257.61908,-45.584466,-0.056362592,0.49535947,0.49535947,0.49599749,0.49608847,0.49614182,0.49617971,0.49620911,7.4489976,7.4489976,7.529727,7.5412385,7.5479891,7.5527833,7.556504
1.0,31.0,31.0,-242879.98,0.97951378,0.20814767,4.0,15.0,0.0,242888.88,-8.7947758,0.010128186,-0.058281801,0.19560086,-1.8444583,0.3363958,-1.3155391,-12.494963,0.22504827,1.2341673,-1.3639039,0.66420831,-0.26256154,-0.57521271,0.076938903,-0.012715738,0.00053298564,394358.27,7.6644718,0.049693141,0.30665367,-8.7953661,-0.44254184,-9.5986856,4.9445925e-06,0.21474599,0.00015143318,6.7817819e-05,0.0049255117,0.0049255117,0.95310649,0.00024228503,5.3603359e-08,0.0051678504,0.95310649,0.56258519,1.0799761,-257.77467,-45.712318,-1.3697785,0.49498037,0.49498037,0.49560228,0.49569401,0.49574782,0.49578604,0.49581571,7.366313,7.366313,7.4670513,7.4819088,7.4906254,7.496817,7.5016225
1.0,32.0,32.0,-242881.19,0.98123115,0.20814767,4.0,15.0,0.0,242887.86,-9.5668598,0.012244052,-0.17579694,0.12592695,-1.64003,0.36392478,-1.2544396,-11.586625,0.21807184,1.5380831,-1.5453525,0.70168377,-0.063836363,-0.82505594,0.19131353,-0.014400507,0.00035010145,733064.99,7.7829484,0.019940538,0.27260636,-9.5690123,-0.45652167,-10.232058,1.2991538e-05,0.20389596,6.986035e-05,3.5997612e-05,0.0024264132,0.0024264132,0.79216143,0.00063658536,3.0165945e-08,0.0030630288,0.79216143,0.43821048,1.210839,-258.13513,-45.614633,1.2993506,0.49519081,0.49519081,0.49555412,0.49561409,0.49564934,0.49567441,0.49569386,7.6633051,7.6633051,7.6992548,7.7051891,7.7086775,7.7111573,7.7130829
1.0,33.0,33.0,-242881.8,0.98759157,0.20814767,4.0,31.0,0.0,242892.47,-9.6198659,0.051056394,0.53267913,1.1628735,-2.4467871,0.2169264,0.27181252,-11.910944,0.33884396,1.117922,-1.3337857,0.7732252,-0.8525806,-0.78488489,0.30551705,-0.0072045665,0.00085476408,378446.33,7.6220776,0.0065801028,0.20635133,-9.5926692,0.058963312,-12.37901,9.8096562e-06,0.13628289,6.8227065e-05,4.2059518e-06,0.00028667445,0.00028667445,0.37358892,0.00048067316,5.0512049e-09,0.00076735266,0.37358892,0.45617221,1.3573266,-259.1525,-45.725774,1.8560604,0.49524675,0.49524675,0.49584782,0.49598942,0.49607384,0.4961342,0.49618121,7.582597,7.582597,7.5906358,7.5925295,7.5936586,7.5944658,7.5950945
1.0,34.0,34.0,-242877.87,0.99666016,0.20814767,5.0,31.0,0.0,242892.15,-7.4795733,0.367448,-0.54563186,0.053545798,1.3623399,0.18740233,-0.46958895,-6.9184235,0.45914929,-2.1646929,0.32170569,0.10418501,1.0462242,0.22287752,0.12154727,0.0045747135,0.0020112584,55252.13,7.8747512,0.055697395,0.30453812,-7.6800647,-0.088002062,-7.6951191,0.00036619641,1.5383441,0.00046194503,0.00045504277,0.046180486,0.046180486,0.72012002,0.017943624,4.7647089e-06,0.064128875,0.72012002,1.2496675,1.1292427,-255.42059,-47.991411,0.18823651,0.4941973,0.4941973,0.49780601,0.49815434,0.49835815,0.49850277,0.49861495,7.5405668,7.5405668,7.7141843,7.7309417,7.7407464,7.7477036,7.7531005
1.0,35.0,35.0,-242872.18,0.97026303,0.20814767,4.0,31.0,0.0,242886.22,-6.6327538,0.14649497,0.6538526,0.91305772,0.64470566,0.91980119,0.21663481,-8.9116238,0.5253666,-1.1036334,-0.37803536,0.56862863,1.590039,-0.0079524711,0.41403198,-0.010820002,0.0013796793,23978.726,8.2108081,0.13502382,0.43341624,-6.5369677,0.19926096,-5.7490533,7.549562e-05,1.6923301,0.0014488753,0.0031857955,0.28884754,0.28884754,0.98727419,0.0036992854,2.3913437e-05,0.29257074,0.98727419,0.99207907,1.5129055,-254.04678,-46.689547,-3.2005836,0.49253031,0.49253031,0.49552886,0.49576789,0.49590773,0.49600694,0.4960839,7.4006652,7.4006652,7.9105249,7.9511662,7.9749411,7.99181,8.004895
1.0,36.0,36.0,-242871.97,0.84937069,0.20814767,4.0,15.0,0.0,242881.58,-5.4353288,0.28982128,-0.15384724,0.41710992,0.32571308,0.084165437,0.43377193,-12.619249,0.10515551,-0.47571307,-0.42433179,0.54288548,0.70065607,-0.020437336,0.39953353,-0.016432766,0.00054456429,28570.448,7.8677647,0.11526301,0.48522094,-5.479917,0.036508604,-5.3075502,3.1463339e-06,0.95699627,0.0041696757,0.0049540481,0.44660914,0.44660914,0.99960871,0.00015417036,2.0651389e-05,0.44678396,0.99960871,0.97977009,1.491129,-253.62868,-45.734017,-3.2481996,0.49401124,0.49401124,0.49525244,0.49534679,0.49540198,0.49544114,0.49547152,7.1761866,7.1761866,7.63262,7.6673149,7.6876108,7.7020111,7.7131812
1.0,37.0,37.0,-242870.85,0.91903421,0.20814767,4.0,15.0,0.0,242880.7,-8.6485082,1.5005401,1.0638348,0.4230443,0.77965881,0.090322939,1.0554083,-12.093474,1.1645525,-0.45705705,-0.32243614,0.49986405,-0.003809485,-0.10383298,-0.032872882,-0.015440332,0.0005695052,46252.809,8.1394654,0.12554518,0.2531381,-7.0521813,0.095327578,-6.6270235,3.2863229e-06,0.72300412,0.00086551892,0.0013240984,0.11500825,0.11500825,0.99856693,0.00016102982,4.0219712e-06,0.1151733,0.99856693,0.90137583,0.96766156,-254.94311,-45.549377,-2.4152426,0.49417318,0.49417318,0.49527829,0.49537694,0.49543465,0.4954756,0.49550737,7.3861943,7.3861943,7.8094479,7.8472292,7.8693327,7.8850163,7.8971818
1.0,38.0,38.0,-242870.85,0.0030655562,0.20814767,4.0,15.0,0.0,242884.76,-8.6485082,1.5005401,1.0638348,0.4230443,0.77965881,0.090322939,1.0554083,-12.093474,1.1645525,-0.45705705,-0.32243614,0.49986405,-0.003809485,-0.10383298,-0.032872882,-0.015440332,0.0005695052,46252.809,8.1394654,0.12554518,0.2531381,-7.0521813,0.095327578,-6.6270235,3.2863229e-06,0.72300412,0.00086551892,0.0013240984,0.11500825,0.11500825,0.99856693,0.00016102982,4.0219712e-06,0.1151733,0.99856693,0.90137583,0.96766156,-254.94311,-45.549377,-2.4152426,0.49417318,0.49417318,0.49527829,0.49537694,0.49543465,0.4954756,0.49550737,7.3861943,7.3861943,7.8094479,7.8472292,7.8693327,7.8850163,7.8971818
1.0,39.0,39.0,-242874.99,0.62353041,0.20814767,4.0,15.0,0.0,242883.23,-8.2656537,0.24680362,-0.79216582,0.21334708,-0.15755915,1.8138554,-0.36356142,-8.4101361,0.10480099,-0.35307158,-1.3209376,0.22921008,0.025437768,0.6910444,0.013887307,-0.013354686,0.00037974112,134352.71,8.2093678,0.2040142,0.56118463,-8.4611631,-0.65944787,-9.1542258,0.0002145134,0.26844561,0.0002115259,0.00010577189,0.014048998,0.014048998,0.57201658,0.010511157,3.1845562e-07,0.024560473,0.57201658,1.9957989,1.0139842,-256.3513,-45.229805,-4.6643718,0.49534988,0.49534988,0.49594025,0.49600595,0.49604441,0.4960717,0.49609288,6.9852826,6.9852826,7.5363047,7.5976308,7.6335265,7.6590011,7.6787633
1.0,40.0,40.0,-242874.61,0.96811829,0.20814767,5.0,31.0,0.0,242881.11,-4.6870459,0.95062273,1.4323359,0.51455622,0.32490602,0.093542904,-0.43551641,-12.609297,0.18459275,0.57448463,-0.0019940045,0.075673986,-0.60381271,-0.71059385,-0.0067744347,-0.0082261066,0.0010255368,42094.864,7.8248422,0.00079027275,0.2260054,-3.3254349,-0.04073947,-3.198992,3.7145565e-06,0.95343224,0.035956878,0.040803315,2.8414122,2.8414122,0.9998899,0.00018201327,0.00013086196,2.841725,0.9998899,0.49135232,0.99324846,-251.52173,-46.485942,0.75705127,0.49440163,0.49440163,0.49721346,0.49739117,0.49749512,0.49756888,0.49762608,7.8201006,7.8201006,7.8238649,7.8241028,7.824242,7.8243407,7.8244173
1.0,41.0,41.0,-242874.85,0.91603403,0.20814767,4.0,15.0,0.0,242885.13,-8.5593416,0.059883475,0.19430944,0.96536632,2.3651665,0.92860612,0.49747195,-10.205968,1.0097297,-0.70945127,-0.62069244,0.47706559,-0.51136833,-0.16054072,0.16539639,0.0018035053,0.0022383138,36940.631,7.826707,0.0054570117,0.18117906,-8.5477057,0.4619555,-5.8024981,1.8050765e-05,0.42119951,0.00019398966,0.0030200009,0.25600757,0.25600757,0.99653669,0.00088448748,5.2263688e-06,0.25689728,0.99653669,0.85168314,1.1798607,-254.11756,-48.19841,0.77438131,0.49272053,0.49272053,0.4975127,0.49790051,0.49812738,0.49828835,0.49841321,7.7939649,7.7939649,7.814263,7.8159055,7.8168663,7.8175481,7.8180769
1.0,42.0,42.0,-242876.46,0.82931564,0.20814767,4.0,15.0,0.0,242888.04,-12.826243,0.22855128,-0.30296461,0.62573773,1.4242653,0.4868456,0.41198644,-11.92362,0.4210946,-1.8206361,-0.37654366,0.68892334,-1.5404679,0.026944051,0.12107212,0.0047637856,0.0010301644,46501.789,7.7989495,0.040613054,0.17241019,-12.895486,0.20057378,-11.803696,3.0809265e-06,0.23744769,2.5093511e-06,7.4768719e-06,0.00068897157,0.00068897157,0.82025639,0.0001509654,9.6333239e-09,0.0008399466,0.82025639,1.0273103,1.1287063,-259.34437,-47.330692,1.5687303,0.4976329,0.4976329,0.4983793,0.49855061,0.49865259,0.49872545,0.49878218,7.5552712,7.5552712,7.6063898,7.6181226,7.6251068,7.6300966,7.6339816
1.0,43.0,43.0,-242879.84,0.9739683,0.20814767,4.0,15.0,0.0,242890.98,-4.0538766,0.06928711,1.8176636,0.053877468,1.2755013,0.30358566,-0.97053115,-7.0490518,0.38536432,0.36495645,-0.32653662,0.13258338,0.36931385,0.5530308,0.136268,-0.013594112,0.00012246503,1368577.0,7.8980002,0.06862039,0.31016801,-3.9279359,-0.29463934,-4.1538545,0.00099934487,0.75762121,0.01968426,0.01570377,1.9161362,1.9161362,0.97504559,0.048967899,7.1911644e-05,1.965176,0.97504559,1.7385141,1.145989,-252.41477,-45.704845,-0.86195355,0.49617857,0.49617857,0.49650306,0.49652428,0.49653669,0.4965455,0.49655233,7.4862778,7.4862778,7.8021512,7.8228077,7.834891,7.8434643,7.8501143
1.0,44.0,44.0,-242880.2,0.82922278,0.20814767,4.0,31.0,0.0,242892.67,-9.1857599,0.1838185,-1.526799,0.027864891,-0.41642556,0.73792246,1.8457621,-15.756088,0.42102407,0.13210218,-0.5957915,0.016600475,-0.029226738,-0.4665518,0.024172635,-0.0015736366,0.00090852078,7168.582,8.0209732,0.075094185,0.26610649,-9.4664138,1.3620293,-8.1159881,1.5183527e-07,0.55085885,7.7408511e-05,0.0002987247,0.022506148,0.022506148,0.99964294,7.4399284e-06,5.9902724e-07,0.022514187,0.99964294,0.62716112,1.0244672,-256.41921,-47.90216,0.15844849,0.49646873,0.49646873,0.4978615,0.49801868,0.49811069,0.49817599,0.49822665,7.5704081,7.5704081,7.7703984,7.7929686,7.8061802,7.8155564,7.8228303
1.0,45.0,45.0,-242879.21,0.97450163,0.20814767,5.0,31.0,0.0,242894.6,-5.3701308,0.24224501,-0.5541162,0.86394679,1.9026135,0.41715336,0.50700174,-9.5434945,0.45004198,-0.51896279,-0.35958558,1.3883393,0.16415782,0.37807707,0.091278346,-0.0057271605,0.00013865972,190089.34,8.1988788,0.15742657,0.58063225,-5.5043627,0.21149748,-3.6491084,5.6738954e-05,0.8766225,0.004068981,0.026014313,2.8693259,2.8693259,0.9989897,0.0027802087,0.00012161149,2.8722277,0.9989897,1.4594754,1.0955739,-251.96968,-48.657159,-5.0524665,0.49808931,0.49808931,0.49846988,0.49849391,0.49850796,0.49851793,0.49852567,7.2543194,7.2543194,8.0049311,8.0523207,8.0800419,8.0997105,8.1149669
1.0,46.0,46.0,-242876.5,0.68539933,0.20814767,4.0,15.0,0.0,242887.85,-5.9568403,0.10379998,-0.41614495,0.93076584,2.0664947,2.3406488,0.21200856,-9.4783898,0.43501003,-0.71418433,-0.49033996,0.71635024,-0.73836937,0.20117033,0.16354844,-0.018293748,0.00015684081,86642.983,8.0343627,0.066568019,0.63107036,-6.0000361,0.49623757,-3.5803758,5.6061171e-05,0.3608579,0.0024786626,0.027865224,2.7965256,2.7965256,0.99900126,0.0027469974,4.8791362e-05,2.7993214,0.99900126,1.222833,1.1776824,-251.90113,-45.17276,-4.1828628,0.49488503,0.49488503,0.49531446,0.49534164,0.49535754,0.49536881,0.49537756,7.6349546,7.6349546,7.9516091,7.9716478,7.9833698,7.9916867,7.9981378
1.0,47.0,47.0,-242872.5,0.92541034,0.20814767,4.0,15.0,0.0,242882.43,-4.3703243,0.13617759,0.2119343,0.75683072,2.0464013,0.49435752,0.23271519,-10.809041,0.39213497,-0.76183872,-0.62679819,0.89658181,-0.374688,0.23968952,0.2157403,-0.015653353,0.00017043165,111326.35,7.9629847,0.16404485,0.55583419,-4.3414636,0.1150445,-2.6776398,1.4995134e-05,0.38184648,0.013017462,0.06872517,7.0358005,7.0358005,0.99987714,0.00073476157,0.00012978042,7.036665,0.99987714,1.2708545,1.2407801,-251.0004,-45.073392,-5.1479232,0.49549813,0.49549813,0.49600406,0.49603359,0.49605086,0.49606312,0.49607263,6.9787156,6.9787156,7.8247221,7.8741043,7.9029911,7.9234866,7.9393843
1.0,48.0,48.0,-242873.34,0.68380579,0.20814767,4.0,23.0,0.0,242880.19,-6.8269414,0.14147598,-0.34978716,0.49469924,1.5586596,0.14475392,0.4105358,-12.908823,0.45187838,-0.32359687,-0.22642548,0.6806469,-0.67513283,0.19864224,0.21104863,-0.012075733,8.5204333e-05,206956.65,8.0286636,0.10768333,0.54570842,-6.8764278,0.059426666,-6.0459335,2.1392631e-06,0.50361029,0.0010318233,0.0023674699,0.23728988,0.23728988,0.99953413,0.00010482389,5.7746696e-06,0.23740047,0.99953413,1.2197455,1.2349724,-254.36551,-45.587173,-3.2701954,0.49668683,0.49668683,0.49686758,0.49688234,0.49689098,0.49689711,0.49690186,7.3825637,7.3825637,7.779416,7.8118271,7.8307876,7.8442406,7.8546758
1.0,49.0,49.0,-242871.9,0.96093585,0.20814767,5.0,31.0,0.0,242883.7,-7.4879607,0.56781355,-0.37845119,0.30553446,0.9613734,0.65473952,0.53798505,-11.603904,0.3561902,-0.45491526,0.19064538,0.4178438,1.4601746,0.11890257,-0.25317079,-0.00088749552,0.0011268409,877917.56,7.7477252,0.028317706,0.20875242,-7.7028504,0.35224007,-7.0568777,7.7645642e-06,2.2272559,0.00045153826,0.00086146368,0.082961474,0.082961474,0.99532783,0.00038046365,8.9659282e-06,0.083350904,0.99532783,1.1262602,0.77633528,-255.36419,-49.310834,1.7822074,0.49588625,0.49588625,0.49798194,0.49817712,0.49829132,0.49837235,0.4984352,7.5778189,7.5778189,7.6693112,7.6778321,7.6828174,7.6863548,7.6890988
1.0,50.0,50.0,-242870.0,0.96450698,0.20814767,4.0,15.0,0.0,242882.08,-4.8052193,0.59736665,0.031474513,0.37276402,1.2421409,1.2555098,1.5827571,-11.612535,0.14628676,0.18259409,0.19961767,0.23013597,-0.53915596,0.47810087,0.2121157,-0.011365676,6.4947104e-05,29682.319,7.6884582,0.01617815,0.21113792,-4.7864174,1.9871671,-2.3362249,9.29695e-06,1.0784647,0.0083422906,0.096691973,11.288434,11.288434,0.99990756,0.00045555055,0.00058805604,11.289478,0.99990756,1.6130082,1.2362909,-250.65921,-45.541872,1.897048,0.4969343,0.4969343,0.49713478,0.49714603,0.49715261,0.49715728,0.49716091,7.5913893,7.5913893,7.6781439,7.683014,7.6858628,7.6878841,7.6894519
1.0,51.0,51.0,-242873.09,0.93543969,0.20814767,4.0,15.0,0.0,242877.41,-3.513524,0.31828727,-0.096645753,0.3068536,1.238408,1.3411962,1.597112,-11.304571,0.11622204,0.37633369,0.16591252,0.30647661,-0.83295719,0.27333547,0.35699192,-0.01267589,6.4607539e-05,29111.995,7.5572896,0.013292253,0.19810528,-3.5442851,2.1420405,-1.0222346,1.2867157e-05,0.91450771,0.028889269,0.35979004,37.490959,37.490959,0.99993901,0.00063049068,0.0016560855,37.493246,0.99993901,1.3143411,1.4290243,-249.34585,-45.385212,0.38241105,0.49660793,0.49660793,0.49682675,0.49683794,0.49684449,0.49684914,0.49685274,7.4775361,7.4775361,7.5557443,7.5597456,7.5620863,7.563747,7.5650352
1.0,52.0,52.0,-242875.45,0.93712422,0.20814767,4.0,31.0,0.0,242884.84,-5.3885832,0.27029677,1.1727969,1.424491,2.6738358,0.069627778,-0.42666488,-14.549065,0.65598235,-1.3472611,-0.29433766,0.42387021,1.3167054,-0.31617271,-0.19214071,-0.016335319,0.00015635852,140789.61,7.8688602,0.040966093,0.28544924,-5.07158,-0.029707727,-1.2924326,1.9842707e-07,1.3018346,0.0062725017,0.27460196,21.862493,21.862493,0.99993668,9.7229262e-06,0.0013747294,21.863877,0.99993668,0.72893354,0.82519075,-249.61577,-45.141304,-0.53097712,0.49537626,0.49537626,0.49588472,0.49591181,0.49592766,0.4959389,0.49594762,7.6230637,7.6230637,7.8545018,7.8668338,7.8740476,7.8791659,7.8831359
1.0,53.0,53.0,-242875.59,0.65001313,0.20814767,4.0,15.0,0.0,242888.13,-4.7757883,0.36560688,-0.90245853,0.11723532,-1.5853962,1.3347882,1.0769612,-8.3605607,0.064009025,0.56452736,-0.97692169,0.15501729,-1.2423235,0.28768379,0.42551773,-0.016252053,0.00060363171,214238.58,7.6463598,0.021667279,0.1647709,-5.1057333,1.4375151,-3.8540826,0.00024252014,0.31052113,0.0060618921,0.021193037,2.2252709,2.2252709,0.99467321,0.011883487,3.3554336e-05,2.2371879,0.99467321,1.3333356,1.5303825,-252.1654,-46.503199,0.95519758,0.49385243,0.49385243,0.49547132,0.49557591,0.49563709,0.4956805,0.49571417,7.5163562,7.5163562,7.6173151,7.6238375,7.6276528,7.6303599,7.6324597
1.0,54.0,54.0,-242871.53,0.99561916,0.20814767,4.0,15.0,0.0,242884.27,-3.8328589,0.5674009,0.12617274,0.25899018,-0.4095844,1.2386115,1.8501623,-13.191341,0.051731501,0.21177044,0.096406451,0.20372433,-0.15881628,1.0542112,-0.13814301,-0.012649126,0.0003955277,51273.105,7.7415784,0.039073562,0.29309671,-3.7612684,2.2916322,-1.5757145,1.8872577e-06,1.0661475,0.023254226,0.20685969,35.068479,35.068479,0.99994587,9.2475629e-05,0.0018059134,35.070378,0.99994587,2.8697107,0.87097413,-249.8993,-45.520107,0.08192546,0.49547174,0.49547174,0.49680468,0.49687322,0.49691331,0.49694176,0.49696382,7.507137,7.507137,7.7359019,7.7476642,7.7545447,7.7594265,7.7632132
1.0,55.0,55.0,-242871.14,0.74524131,0.20814767,5.0,31.0,0.0,242881.71,-7.1163661,0.41457823,1.6415279,0.63428854,-0.2144224,0.68102496,-1.2103942,-9.7486174,1.2336246,-0.82466598,-0.60483317,0.41715517,0.30143686,-0.55356026,0.12258156,-0.0077798225,0.00063157013,72213.15,7.9583955,0.060912458,0.32665042,-6.4358243,-0.82430863,-7.3961387,2.110616e-05,0.61934846,0.0016030867,0.00061361758,0.044883533,0.044883533,0.97744783,0.0010342018,1.373653e-06,0.045919108,0.97744783,0.57489937,1.1304113,-255.67616,-45.691335,-0.26169683,0.49587377,0.49587377,0.49695431,0.49706366,0.49712765,0.49717306,0.49720828,7.5929207,7.5929207,7.7739676,7.79229,7.8030115,7.8106194,7.8165211
1.0,56.0,56.0,-242869.5,0.98508032,0.20814767,5.0,31.0,0.0,242876.64,-7.2229702,1.4926039,0.083382881,0.31035098,-0.19609302,0.74967561,1.9684466,-10.19458,0.07507163,0.45840073,0.12317593,0.27678048,0.18034968,0.18468508,0.029153625,-0.015235869,0.00035516838,149659.0,7.8364712,0.066257301,0.22872695,-7.0985126,1.4756964,-5.6836739,3.8680805e-05,1.1889769,0.0008263331,0.0034010405,0.33846905,0.33846905,0.99437428,0.0018953595,1.9546954e-05,0.34038395,0.99437428,1.2028396,1.0295828,-253.99361,-45.405017,-0.071654437,0.49496449,0.49496449,0.49574989,0.49581143,0.49584742,0.49587296,0.49589278,7.4389274,7.4389274,7.6934754,7.7134187,7.7250854,7.7333632,7.7397841
1.0,57.0,57.0,-242875.37,0.95066631,0.20814767,4.0,15.0,0.0,242880.17,-7.1525053,0.44018554,0.96423867,0.53897068,-1.7260702,0.99725596,0.26797537,-7.4998828,0.1960875,0.70295056,-0.4432862,0.18381561,-0.088520702,0.23876248,0.027162153,-0.018560345,0.00018390146,2764792.3,7.7296105,0.018679408,0.31268089,-6.7280614,0.26724004,-7.3911226,0.00063490002,0.63156294,0.0011968509,0.00061670328,0.063105045,0.063105045,0.66977681,0.031110101,2.8740803e-06,0.094218021,0.66977681,1.2696769,1.0275344,-255.00164,-46.091623,0.61458007,0.49472494,0.49472494,0.49507257,0.49510442,0.49512306,0.49513628,0.49514654,7.6175341,7.6175341,7.67888,7.684501,7.6877896,7.690123,7.691933
1.0,58.0,58.0,-242870.78,0.95220787,0.20814767,5.0,31.0,0.0,242881.33,-8.49076,1.0073085,1.1864086,0.28980998,-1.1517822,0.58335417,0.48624414,-10.65696,0.84396784,0.48172992,0.32504503,0.035567971,0.096000437,-0.13237288,-0.01494536,-0.009765097,0.0013018323,29224.687,7.8118151,0.0476692,0.1579759,-7.2956805,0.28365254,-7.3458259,3.5343534e-05,1.3888271,0.00067846307,0.00064528019,0.055360266,0.055360266,0.96960093,0.0017318332,3.8298849e-06,0.057095929,0.96960093,0.87601429,0.98516577,-255.60695,-46.316322,0.59572354,0.4930628,0.4930628,0.4953607,0.49558613,0.49571804,0.49581163,0.49588424,7.5257999,7.5257999,7.6719896,7.6863306,7.6947217,7.700676,7.7052948
1.0,59.0,59.0,-242871.89,0.062623533,0.20814767,4.0,15.0,0.0,242886.33,-9.1684624,1.1334255,0.88571851,0.41312345,-1.1179436,0.68320232,0.51983305,-10.127974,0.94287518,0.63973442,0.25580135,0.036903318,0.2358638,-0.29918038,0.0056504007,-0.0081640192,0.00071705463,23437.581,7.8570771,0.02300674,0.17160228,-8.1645665,0.35515114,-8.2712641,7.3019476e-05,1.3027866,0.00028455998,0.00025576178,0.020496718,0.020496718,0.8513274,0.0035779543,1.5149392e-06,0.024076187,0.8513274,0.74142566,1.0056664,-256.32558,-45.732858,1.2089774,0.4954825,0.4954825,0.49659371,0.49671778,0.4967904,0.49684194,0.49688192,7.7190367,7.7190367,7.7809765,7.7878921,7.79194,7.7948127,7.7970413
1.0,60.0,60.0,-242875.67,0.89519465,0.20814767,4.0,15.0,0.0,242879.98,-8.309576,0.51172037,-0.19869106,0.2913656,0.24229873,0.61236345,0.43269145,-9.1837967,0.14477523,1.8282158,-1.293307,0.011050852,-1.1301305,0.42497321,-0.078837656,-0.010873418,0.00040186077,395290.9,7.8228328,0.021519073,0.29285635,-8.4112503,0.26496443,-8.0756883,0.00013380644,0.2709568,0.00022235168,0.00031100912,0.035219007,0.035219007,0.84304263,0.0065565154,5.4674331e-07,0.04177607,0.84304263,1.5295494,0.92418995,-256.02784,-45.827003,0.71763149,0.49589376,0.49589376,0.4965718,0.49664138,0.49668209,0.49671098,0.49673339,7.6937184,7.6937184,7.7567958,7.7632682,7.7670557,7.7697434,7.7718283
1.0,61.0,61.0,-242877.01,0.95496915,0.20814767,4.0,15.0,0.0,242884.47,-6.9592415,1.3094766,-0.28111411,0.42737445,-0.50921587,0.46668329,-0.17266465,-6.5874362,0.71147933,0.17827313,-0.83825137,0.0068095532,-1.3371252,0.0080561,-0.174508,-0.0091128874,0.0011479043,10968.424,7.5777129,0.012992521,0.18614426,-7.3273539,-0.08057971,-7.6255594,0.0015638593,0.42854626,0.00065731061,0.00048782226,0.04455755,0.04455755,0.36766942,0.076629107,2.5084996e-06,0.12118917,0.36766942,1.0080886,0.83987013,-254.5092,-46.972071,0.41510449,0.49375738,0.49375738,0.49599948,0.49619833,0.49631466,0.4963972,0.49646123,7.4997577,7.4997577,7.543847,7.547757,7.5500445,7.5516676,7.5529266
1.0,62.0,62.0,-242876.66,0.9918657,0.20814767,4.0,15.0,0.0,242885.63,-5.6862665,0.47262418,1.7325399,0.42799227,0.96726395,0.37477905,0.89351397,-14.699678,0.27791515,0.6906046,-0.64379598,1.5840242,0.090668733,0.097508469,0.17697653,-0.015606954,0.00036186929,848397.16,7.6957955,0.0078388889,0.22873902,-4.8674263,0.33487031,-4.1185745,5.0045505e-07,0.60642482,0.0076931397,0.016267688,1.5503378,1.5503378,0.99995489,2.4522297e-05,4.5412113e-05,1.5504078,0.99995489,1.1024208,1.1936031,-252.44114,-45.998113,2.0354556,0.49484859,0.49484859,0.49578595,0.49584865,0.49588533,0.49591135,0.49593154,7.6487622,7.6487622,7.6840392,7.6863989,7.6877792,7.6887586,7.6895182
1.0,63.0,63.0,-242870.91,0.87511645,0.20814767,4.0,15.0,0.0,242889.04,-5.2258721,0.83958781,1.0733007,0.15611769,1.3073312,1.5672303,-0.26827743,-11.574962,0.62898162,0.83366726,-0.14304599,0.37847578,-0.40659315,0.31996815,0.27997618,-0.012302142,0.00064545003,844584.02,7.6835486,0.019755075,0.15707968,-4.3247419,-0.42045252,-4.5410969,1.5877607e-05,0.74309481,0.013236966,0.010661705,1.1390702,1.1390702,0.99928158,0.00077800275,4.0912194e-05,1.1398891,0.99928158,1.3770839,1.3230983,-252.86201,-46.656896,1.6426943,0.49469536,0.49469536,0.49631767,0.4964295,0.49649493,0.49654135,0.49657735,7.5650182,7.5650182,7.6512821,7.6572287,7.6607074,7.6631755,7.66509
1.0,64.0,64.0,-242871.07,0.86083498,0.20814767,4.0,15.0,0.0,242878.82,-7.4758782,1.7701584,1.6643541,0.18993229,0.72246696,0.11045823,0.97147258,-13.102762,0.21570076,0.44427516,-0.021732086,0.44617989,-1.070842,0.68392233,-0.10447902,-0.015465468,0.00034601756,29505.093,7.7828829,0.031303216,0.23954017,-4.5297078,0.10730714,-4.2851809,2.2447162e-06,0.60682171,0.010783826,0.01377113,1.8209383,1.8209383,0.99991029,0.00010999109,5.3375764e-05,1.8211017,0.99991029,1.9816351,0.9007937,-252.60755,-45.393986,1.1323238,0.4949387,0.4949387,0.49584892,0.49590888,0.49594395,0.49596883,0.49598814,7.5950636,7.5950636,7.7381236,7.7475467,7.7530588,7.7569698,7.7600034
1.0,65.0,65.0,-242876.64,0.96931131,0.20814767,4.0,15.0,0.0,242880.76,-3.700963,0.09143607,-0.90029128,0.076659645,-0.00036488284,0.27098528,0.40042834,-9.9768531,0.58714155,-1.1317296,-1.0894566,0.34477587,1.3813441,-0.88286951,0.14415564,-0.016666679,3.2082115e-05,348520.18,7.8753951,0.067382849,0.22111914,-3.7832821,0.10851018,-3.6747999,2.3907015e-05,0.54161357,0.022747908,0.025354479,1.6828012,1.6828012,0.99927822,0.0011714437,4.4054077e-05,1.6840167,0.99927822,0.4135944,1.1550639,-251.99658,-45.138233,-0.73988853,0.49572263,0.49572263,0.49580639,0.49581195,0.49581521,0.49581751,0.4958193,7.471098,7.471098,7.7767568,7.7970406,7.808906,7.8173247,7.8238548
1.0,66.0,66.0,-242876.63,0.98471116,0.20814767,4.0,15.0,0.0,242887.33,-3.1002234,0.092375658,-0.23888191,0.13446539,0.24614668,0.32042416,0.045646659,-10.32163,0.53161413,-1.3081166,-0.55507271,0.31988401,1.1286095,-0.89095772,-0.15296475,-0.012982005,2.1771879e-05,1074709.5,7.8202286,0.043872549,0.21053538,-3.1222903,0.014626292,-3.0745658,1.6419455e-05,0.82361789,0.04405615,0.046209687,3.0605153,3.0605153,0.99969742,0.00080455331,0.00012178562,3.0614416,0.99969742,0.41026265,0.85815997,-251.39707,-45.779973,0.46974299,0.49667935,0.49667935,0.49673945,0.49674322,0.49674543,0.496747,0.49674821,7.5569933,7.5569933,7.7673938,7.7806006,7.7883261,7.7938075,7.7980592
1.0,67.0,67.0,-242879.09,0.98790871,0.20814767,4.0,15.0,0.0,242885.88,-4.4136183,0.16674507,1.236025,0.99486224,0.48356971,0.20548348,0.67262381,-8.1867139,0.1542148,-1.57808,-0.52524655,0.22886949,0.74078111,-1.2709742,-0.030734612,-0.019575581,2.47694e-05,846032.15,7.7042174,0.021301817,0.22417069,-4.2075172,0.13821308,-3.5882189,0.00021820464,0.70067974,0.014883275,0.027647531,1.6805121,1.6805121,0.99364423,0.010692028,5.7237034e-05,1.6912614,0.99364423,0.28055816,0.96973289,-251.9031,-45.692421,1.6574927,0.49502072,0.49502072,0.49508542,0.49508971,0.49509222,0.495094,0.49509538,7.5764065,7.5764065,7.6730744,7.6794868,7.6832378,7.6858992,7.6879636
1.0,68.0,68.0,-242872.44,0.99968138,0.20814767,4.0,15.0,0.0,242884.4,-7.5403958,0.55770316,-0.32483573,0.20955291,1.1043467,0.53068621,1.7006182,-13.834175,0.81653506,1.2566068,0.081864271,0.60735556,-0.56187798,-0.17362385,0.032751095,-0.017752507,7.767827e-05,59681.041,7.654441,0.0076524442,0.24550932,-7.7215577,0.90249462,-6.587644,2.7384703e-06,0.77151787,0.00044316975,0.001377281,0.11611271,0.11611271,0.99880847,0.00013418504,4.3320042e-06,0.11625122,0.99880847,0.84061303,1.0332933,-254.90439,-44.932823,1.6899794,0.49529372,0.49529372,0.49544464,0.49545809,0.49546597,0.49547155,0.49547588,7.6085263,7.6085263,7.6343561,7.636659,7.6380063,7.6389623,7.6397038
1.0,69.0,69.0,-242875.08,0.43278117,0.20814767,4.0,31.0,0.0,242884.08,-3.2786586,0.44827523,1.2426338,0.2989588,-0.50114005,0.26041312,-2.4792887,-10.080346,0.23310516,-0.52332191,-0.52165497,0.25512262,0.99015549,0.31215826,-0.083999491,-0.017545017,0.00051399127,56107.582,8.134564,0.088472153,0.38369354,-2.7216167,-0.64563932,-3.5170762,3.7083607e-05,0.7641097,0.065768342,0.029686104,3.1582327,3.1582327,0.99938809,0.0018170968,0.00011663024,3.1601664,0.99938809,1.3663709,0.91943172,-251.83861,-45.782467,-3.5612567,0.49383879,0.49383879,0.49526165,0.49535071,0.4954028,0.49543977,0.49546844,7.6037311,7.6037311,8.0292383,8.0558708,8.0714499,8.0825034,8.0910773
1.0,70.0,70.0,-242873.01,0.95201529,0.20814767,4.0,15.0,0.0,242886.56,-6.3468389,0.30190488,0.50119995,1.0463261,-1.2527659,0.25826593,-0.50168993,-9.0800398,0.38086556,-0.4197771,-0.17922375,0.11104633,1.1790123,0.16914338,-0.0045030179,-0.0093426031,0.0013826327,33642.15,7.8501919,0.090259733,0.41000819,-6.1955242,-0.12956942,-7.6358952,9.7085507e-05,0.95284908,0.0020385344,0.00048280619,0.047672369,0.047672369,0.90922327,0.0047571898,2.4130252e-06,0.052431972,0.90922327,1.1842899,0.99550711,-255.76565,-46.43863,-1.9670735,0.49288938,0.49288938,0.49530047,0.49553988,0.49567997,0.49577938,0.49585649,7.3086335,7.3086335,7.5821012,7.6092538,7.6251416,7.6364155,7.6451609
1.0,71.0,71.0,-242872.44,0.67046125,0.20814767,4.0,31.0,0.0,242885.65,-4.7540896,0.23571841,1.4140824,0.28535588,-0.67822877,1.1847246,-1.0970408,-10.819759,0.38489344,-0.42498073,-0.25674211,0.090866537,0.22642148,0.38993928,0.067433351,-0.014452425,0.00051771554,65432.154,8.0356407,0.047379333,0.31155663,-4.4207644,-1.2996912,-5.9139921,1.6982434e-05,0.78964802,0.012025037,0.0027013811,0.29993279,0.29993279,0.99719522,0.00083213927,1.1471555e-05,0.3007764,0.99719522,1.4768911,1.069759,-254.22852,-45.399451,-1.591343,0.49459898,0.49459898,0.49572781,0.4958175,0.49586997,0.4959072,0.49593608,7.7513647,7.7513647,7.9308425,7.9451034,7.9534459,7.9593652,7.9639566
1.0,72.0,72.0,-242868.53,0.95786629,0.20814767,4.0,15.0,0.0,242877.52,-6.1769336,0.75025603,1.0444031,0.19086958,0.5018767,0.20547172,0.24180529,-10.835419,0.51733532,-1.1981817,-0.36175956,0.63528468,0.25223412,0.15562102,0.10564738,-0.0082841718,0.0011466013,23325.724,7.6950246,0.0069438522,0.22206951,-5.3933639,0.049684149,-5.2478868,1.0593386e-05,0.81748797,0.0045466531,0.0052586194,0.51572384,0.51572384,0.99895507,0.0005190759,2.0384357e-05,0.5162633,0.99895507,1.1683833,1.1114299,-253.56771,-46.297711,2.1657188,0.49396903,0.49396903,0.49662392,0.49682259,0.4969388,0.49702126,0.49708522,7.6533615,7.6533615,7.6812945,7.6833847,7.6846074,7.6854749,7.6861478
1.0,73.0,73.0,-242871.53,0.95071742,0.20814767,4.0,15.0,0.0,242877.36,-5.8471706,0.51842483,0.49053964,0.12916169,0.36978402,0.27989813,0.21725543,-10.487541,0.22878079,-1.6215546,-0.56345602,0.84043291,0.50867138,0.32087706,0.17822259,-0.010953204,0.0014024471,19921.992,7.7730638,0.0072370816,0.22011535,-5.5928626,0.060809388,-5.4842913,1.9239946e-05,0.87288466,0.0037243512,0.0041514761,0.44375177,0.44375177,0.99783792,0.00094275736,1.8749089e-05,0.44471328,0.99783792,1.3783361,1.1950913,-253.80121,-46.816887,1.7742776,0.4924184,0.4924184,0.49561321,0.4958562,0.49599834,0.4960992,0.49617743,7.7296413,7.7296413,7.7582851,7.7604635,7.7617378,7.762642,7.7633433
1.0,74.0,74.0,-242874.1,0.93331658,0.20814767,5.0,31.0,0.0,242882.53,-5.5679397,1.1816263,2.4062011,1.2807602,1.226644,0.89399158,-1.0233962,-14.080519,0.43446356,-2.2011032,-1.1122374,0.31328558,0.051797317,-0.21046756,-0.05693591,-0.010947841,0.0001878929,54013.354,7.7686785,0.018122116,0.14057803,-2.7247093,-0.91490754,-2.0685801,2.948444e-07,0.33420186,0.06556526,0.12636508,10.491919,10.491919,0.99998248,1.4447376e-05,0.00016936587,10.492103,0.99998248,0.81020533,0.94465461,-250.39166,-45.538109,0.81980725,0.49661413,0.49661413,0.49719067,0.49722323,0.49724228,0.49725579,0.49726627,7.6599458,7.6599458,7.7565486,7.7620039,7.7651951,7.7674592,7.7692154
1.0,75.0,75.0,-242874.42,0.98917192,0.20814767,4.0,31.0,0.0,242881.91,-3.8979316,1.1035842,-0.0020780755,0.1604628,0.49344245,0.17555436,-1.2561975,-6.6446548,0.30926101,-0.95307612,-0.59367787,0.44612613,-0.25751711,0.49484007,-0.25021024,-0.020312818,0.00064557538,83101.211,7.7295123,0.016641051,0.26625689,-3.900225,-0.22053095,-4.0415767,0.00096884681,0.49235121,0.020237358,0.017569747,2.0712959,2.0712959,0.97757059,0.047473494,5.03872e-05,2.1188198,0.97757059,1.6402359,0.77863707,-252.31055,-47.268665,1.2684247,0.49269258,0.49269258,0.4944151,0.49452695,0.49459238,0.49463881,0.49467482,7.629666,7.629666,7.7068122,7.7118216,7.7147519,7.716831,7.7184437
1.0,76.0,76.0,-242870.66,0.9933314,0.20814767,4.0,15.0,0.0,242884.94,-4.999172,0.48980146,-0.31122735,0.57484486,1.9708285,1.3270092,0.14477372,-12.464816,0.5520904,-0.53004475,-0.48447965,0.37411042,-0.5029041,0.061202467,0.73322474,-0.018562743,0.00023509202,108010.1,7.7150806,0.043198431,0.25728854,-5.1516117,0.19211605,-3.826575,2.8807829e-06,0.51036899,0.0057900656,0.021784099,2.0400982,2.0400982,0.99990616,0.00014115836,5.0295243e-05,2.0402896,0.99990616,1.0631141,2.081783,-252.14914,-45.47442,0.34842631,0.49454755,0.49454755,0.49517264,0.49521337,0.4952372,0.49525411,0.49526722,7.45589,7.45589,7.655445,7.6684488,7.6760556,7.6814527,7.6856391
1.0,77.0,77.0,-242870.09,0.97124482,0.20814767,4.0,15.0,0.0,242881.39,-4.8557737,0.42491801,0.28234009,0.37666169,0.77929639,1.0167806,1.14016,-10.215422,0.46390328,1.538854,-0.72874026,0.30994897,1.0088058,-0.22393392,-0.65425691,-0.010330772,0.00077051153,73380.199,7.7794309,0.068672002,0.26620402,-4.7358023,1.1592926,-3.2829786,7.473643e-05,0.65963942,0.0087754052,0.037516344,3.0978541,3.0978541,0.99878744,0.0036620851,9.8819393e-05,3.101615,0.99878744,0.79936796,0.5198282,-251.60382,-46.165085,-0.84727618,0.49475625,0.49475625,0.49688571,0.49701922,0.49709732,0.49715274,0.49719572,7.3673989,7.3673989,7.6971196,7.7177917,7.7298842,7.738464,7.745119
1.0,78.0,78.0,-242871.91,0.76596881,0.20814767,4.0,15.0,0.0,242883.98,-3.9706154,0.28968801,0.19152763,0.26259845,1.1020184,0.97329661,2.2344899,-10.737327,0.31771521,1.3349015,-0.43203195,0.22835439,1.4065829,-0.17921809,-0.16792048,-0.0053625674,0.00063091059,74404.267,7.8115066,0.046327054,0.29111953,-3.9151321,2.1748214,-1.4509224,3.3191773e-05,0.89508859,0.019937914,0.23435402,19.711233,19.711233,0.99987427,0.0016263969,0.00085226995,19.713712,0.99987427,0.83592358,0.84542106,-249.77407,-47.91578,-0.25842188,0.49648033,0.49648033,0.49851574,0.49862507,0.49868902,0.4987344,0.4987696,7.5335443,7.5335443,7.7931868,7.8071326,7.8152904,7.8210784,7.825568
1.0,79.0,79.0,-242873.6,0.7310344,0.20814767,5.0,47.0,0.0,242885.2,-6.9845533,0.83423259,1.2500535,0.18074231,-0.021197129,0.03375336,-0.71236274,-11.709141,0.41851367,-1.3005189,-1.1928751,0.14871709,-1.1075921,0.18665195,-0.34046275,-0.01987976,0.00048617225,82750.588,8.0514115,0.081172879,0.31410866,-5.9417179,-0.024044636,-5.9695938,4.7687501e-06,0.2572793,0.0026275119,0.0025552792,0.25455365,0.25455365,0.99907047,0.00023366876,3.1662426e-06,0.25479049,0.99907047,1.2052077,0.71144103,-254.28839,-46.596489,-1.3131593,0.49335127,0.49335127,0.49439111,0.49447533,0.4945246,0.49455956,0.49458668,7.5643743,7.5643743,7.866018,7.89045,7.9047428,7.9148838,7.92275
1.0,80.0,80.0,-242876.98,0.98413129,0.20814767,4.0,15.0,0.0,242884.57,-5.7367777,0.80135874,-0.072089519,0.13864749,-0.40345133,0.039338088,-0.19692453,-8.6031628,0.39713945,-2.4817867,-0.52628068,0.26753929,0.1702078,-0.99815143,0.083529775,-0.0057089727,0.0018832431,27152.093,7.6088889,0.0057711492,0.1704239,-5.7945472,-0.0077466344,-5.8582314,6.8493055e-05,0.61832356,0.0030441083,0.0028562909,0.18417228,0.18417228,0.98207387,0.0033561597,5.6007277e-06,0.18753404,0.98207387,0.36856012,1.0871176,-254.15548,-47.193106,1.8424741,0.49206893,0.49206893,0.4959526,0.49627886,0.49646973,0.49660516,0.4967102,7.574262,7.574262,7.5949399,7.5966769,7.597693,7.598414,7.5989732
1.0,81.0,81.0,-242868.95,0.8455574,0.20814767,4.0,15.0,0.0,242882.32,-4.6014563,0.88510507,1.6385213,0.96997454,0.18618371,0.77016752,0.99140781,-12.708524,0.62302673,-0.47997455,-0.57061175,0.63305343,-0.343496,0.081069159,0.0043970819,-0.020390734,8.6318924e-05,76243.754,7.5975297,0.038176184,0.24485819,-3.1511928,0.76355009,-2.2070493,2.2433044e-06,0.45472471,0.042801043,0.11002483,10.402487,10.402487,0.99996747,0.00010992192,0.00022848193,10.402826,0.99996747,1.0844459,1.0044068,-250.5301,-45.367259,-0.67864959,0.49460439,0.49460439,0.49486905,0.49488401,0.49489276,0.49489897,0.49490378,7.3684726,7.3684726,7.5718351,7.5833272,7.5900497,7.5948194,7.5985191
1.0,82.0,82.0,-242871.71,0.98972256,0.20814767,4.0,15.0,0.0,242876.1,-6.4964916,1.3876047,2.0587516,0.088270912,-1.0394456,1.0426467,1.2711271,-11.623144,0.30994568,0.79206196,0.14484033,0.16021693,0.24924652,0.79605345,0.13161888,-0.017868209,0.00012182172,314544.88,7.8250744,0.029944677,0.2770899,-3.6397582,1.3253364,-2.4061746,1.1448545e-05,1.2029463,0.026258693,0.090159533,12.81208,12.81208,0.99989812,0.00056097872,0.00074446871,12.813385,0.99989812,2.216775,1.1406735,-250.72916,-45.419497,0.27569088,0.49511235,0.49511235,0.49549222,0.49551333,0.49552567,0.49553443,0.49554123,7.6454064,7.6454064,7.80763,7.8166442,7.8219172,7.8256584,7.8285604
1.0,83.0,83.0,-242871.52,0.9770031,0.20814767,4.0,31.0,0.0,242877.12,-4.560782,1.0560538,1.4391745,0.48956887,1.1458139,0.82642569,0.22671306,-11.292829,0.10488018,-0.26279268,-1.4112748,0.72470364,0.025308863,-0.83558247,-0.094678295,-0.013549578,0.0016310421,30849.127,7.8468447,0.026051777,0.20063913,-3.0409363,0.1873615,-2.29262,1.2123185e-05,0.24834574,0.047790122,0.10100149,6.788524,6.788524,0.99990051,0.00059403605,8.1438842e-05,6.7891995,0.99990051,0.43362184,0.90966553,-250.6155,-48.086037,0.34272796,0.49098016,0.49098016,0.49580677,0.49608939,0.49625471,0.49637201,0.49646299,7.690534,7.690534,7.8244824,7.8323247,7.8369122,7.8401671,7.8426918
1.0,84.0,84.0,-242871.3,0.92094493,0.20814767,4.0,31.0,0.0,242879.77,-8.5635452,0.75167233,0.27660184,0.49845254,0.035285644,0.35570137,0.80219368,-14.332211,1.05625,-0.011772751,-1.0399923,0.17364023,-0.26548279,-0.11370688,-0.045776241,-0.014717194,0.00072462553,19826.026,7.7151668,0.014191842,0.31438429,-8.3556312,0.28534139,-8.0527016,5.8911423e-07,0.33753341,0.00023506905,0.00031824099,0.027523333,0.027523333,0.99893601,2.8866597e-05,4.4919465e-07,0.027552649,0.99893601,0.89251954,0.95525569,-256.35578,-46.089507,0.65188726,0.49381825,0.49381825,0.49496551,0.49509091,0.4951643,0.49521638,0.49525679,7.6300157,7.6300157,7.6690537,7.6733204,7.6758176,7.6775898,7.6789646
1.0,85.0,85.0,-242869.16,0.98471117,0.20814767,4.0,15.0,0.0,242878.65,-5.5565032,0.45525897,0.32931375,0.61163804,-0.83359686,0.84641067,0.44976459,-9.754592,0.26830987,-0.92974359,-0.2435226,0.28945163,-0.73504882,0.079509187,-0.43451372,-0.010181661,0.00022118845,48491.107,7.8088543,0.063287146,0.2394664,-5.4065802,0.38068555,-5.5357542,4.5216371e-05,0.63363407,0.0044869587,0.0039432337,0.37253989,0.37253989,0.99405745,0.0022156022,1.1469594e-05,0.37476696,0.99405745,1.0827555,0.64757949,-253.84583,-45.526757,-0.030436843,0.49669068,0.49669068,0.49718514,0.49722347,0.49724589,0.49726179,0.49727413,7.4291314,7.4291314,7.6749139,7.6939635,7.7051072,7.7130139,7.7191469
1.0,86.0,86.0,-242869.93,0.99627733,0.20814767,4.0,15.0,0.0,242873.94,-5.8147029,0.39955446,-0.47999645,0.27799235,-0.24030973,0.29748248,-0.99413298,-13.450255,0.50605681,-1.0183122,-0.4466189,0.71523888,0.92803357,-0.14408081,0.42320368,-0.011687096,0.00059149614,58190.526,7.6956728,0.021855883,0.16529643,-6.0064876,-0.29573715,-6.369029,8.6064909e-07,1.2425265,0.0024627231,0.0017138226,0.14629934,0.14629934,0.99965183,4.2171805e-05,8.7828352e-06,0.1463503,0.99965183,0.86581778,1.5268453,-254.68808,-45.375226,1.7604918,0.49503543,0.49503543,0.49621866,0.49632113,0.49638108,0.49642361,0.4964566,7.5645375,7.5645375,7.6404936,7.6470713,7.6509194,7.6536498,7.6557677
1.0,87.0,87.0,-242872.0,0.95541796,0.20814767,5.0,31.0,0.0,242881.31,-6.1120366,1.4334265,1.609944,0.58320598,2.4369468,0.9000914,1.720822,-9.4061339,0.51498043,0.92133344,-0.53160473,0.13996618,-0.82355506,-0.19753114,0.045010135,-0.010389835,0.00023895351,87449.335,7.8968433,0.070239023,0.52020458,-3.8043002,1.5488971,-0.83416114,0.00013213781,0.52367994,0.02227478,0.43423859,36.24663,36.24663,0.99979611,0.0064747526,0.00091700704,36.254022,0.99979611,0.82075458,1.0460385,-249.15748,-45.95337,-3.1809873,0.49657728,0.49657728,0.49738457,0.49742597,0.49745019,0.49746738,0.49748071,7.4754092,7.4754092,7.8876525,7.9087966,7.921165,7.9299406,7.9367475
1.0,88.0,88.0,-242869.9,0.82679344,0.20814767,4.0,15.0,0.0,242883.59,-7.0503507,0.81831534,0.46632759,0.12060974,0.29479037,0.26846276,0.02321447,-12.385107,0.26921383,-1.9738341,-0.53830557,0.55848097,-0.29834068,-0.36433439,-0.073416324,-0.0079472614,0.00091703367,93318.124,8.1904468,0.15233986,0.33282122,-6.6687477,0.0062322206,-6.6269609,2.457193e-06,0.49414654,0.0012699882,0.0013241813,0.10351877,0.10351877,0.99881441,0.00012040246,2.4736668e-06,0.10364164,0.99881441,0.69465887,0.9292139,-254.94367,-46.026501,-2.7208388,0.49484605,0.49484605,0.49660142,0.49676027,0.4968532,0.49691915,0.4969703,7.2764076,7.2764076,7.7830189,7.8288621,7.8556826,7.8747132,7.889475
1.0,89.0,89.0,-242873.67,0.90593323,0.20814767,5.0,31.0,0.0,242881.85,-7.1110991,0.93794281,-0.090198593,0.68386675,-0.093511119,0.14352087,-0.13938232,-8.8111258,0.43882886,-0.79357956,0.076626408,0.50629421,-0.3190674,-0.68236515,0.45567635,-0.0078595618,0.0015873373,6052.3825,7.7625707,0.042857934,0.2263929,-7.1957003,-0.020004272,-7.2796537,0.00010522902,0.91858984,0.00074980285,0.00068942429,0.048416646,0.048416646,0.90371301,0.0051562221,2.3769939e-06,0.053575245,0.90371301,0.50542018,1.5772398,-255.45327,-48.333303,1.0295512,0.49255319,0.49255319,0.49532978,0.49560464,0.49576547,0.4958796,0.49596812,7.5054231,7.5054231,7.6356746,7.6485676,7.6561117,7.6614649,7.6656175
1.0,90.0,90.0,-242874.78,0.95080452,0.20814767,4.0,31.0,0.0,242883.23,-8.0823018,0.60163714,0.0083785413,0.29703759,-0.82021478,1.5957423,0.76139721,-11.655132,0.47691969,-0.86752178,0.27581846,0.28017388,-1.5949684,-0.58521223,-0.46263277,-0.02016011,0.00069476384,320245.79,8.0015055,0.099152062,0.30756008,-8.077261,1.2149937,-7.1059019,5.7353012e-06,0.84277941,0.0003105204,0.00082024962,0.059380725,0.059380725,0.9952491,0.00028102976,2.4286865e-06,0.059664183,0.9952491,0.55698764,0.62962381,-255.41487,-49.302303,-0.82651117,0.49256089,0.49256089,0.49379481,0.49391512,0.49398551,0.49403546,0.4940742,7.4065932,7.4065932,7.7125622,7.7423923,7.7598462,7.7722312,7.7818384
1.0,91.0,91.0,-242879.53,0.91612638,0.20814767,4.0,15.0,0.0,242885.4,-3.7992236,0.16381397,1.8336148,0.26575158,1.3356638,0.77214491,-0.32654061,-11.298173,0.45388907,0.67172928,-1.6427848,0.033928323,1.0508964,0.40196407,0.3662124,-0.0273401,3.1249355e-05,20160.836,7.6430391,0.020018435,0.20516724,-3.4988519,-0.25213667,-3.3960338,1.6814272e-05,0.20046219,0.030232074,0.033505899,3.7452833,3.7452833,0.99977038,0.00082389931,3.6272226e-05,3.7461435,0.99977038,1.4947576,1.4422615,-251.71835,-47.04527,1.3647753,0.49305749,0.49305749,0.49314532,0.49315073,0.4931539,0.49315615,0.49315789,7.5229285,7.5229285,7.6206863,7.6267124,7.6302374,7.6327385,7.6346785
1.0,92.0,92.0,-242882.01,0.92473488,0.20814767,4.0,31.0,0.0,242891.92,-2.2296136,0.15949577,1.9166618,0.42520048,0.56648322,1.3540763,-0.22371226,-10.714892,0.4208235,1.1843163,-2.3118325,0.015876002,1.0525526,0.4970012,0.46113457,-0.02031663,4.8350568e-05,79792.458,7.7493027,0.019518051,0.23857309,-1.9239141,-0.30292348,-1.9859687,3.6561904e-05,0.10074909,0.14603424,0.1372476,16.200562,16.200562,0.99988456,0.0017915333,7.8846198e-05,16.202433,0.99988456,1.6437845,1.5858723,-250.3089,-45.275218,1.3929836,0.49475404,0.49475404,0.49490764,0.49491602,0.49492092,0.4949244,0.49492709,7.6321944,7.6321944,7.739922,7.7457975,7.7492344,7.751673,7.7535645
1.0,93.0,93.0,-242873.99,0.9874361,0.20814767,4.0,15.0,0.0,242891.66,-8.3008752,2.455451,0.80453681,0.24158521,-1.6392866,0.53183766,1.7974521,-12.597409,0.38106208,0.30956152,-0.11746894,0.10229858,0.78846208,-0.095942946,-0.4016923,-0.0083019013,0.0011785618,23859.263,7.7471481,0.032101906,0.28537831,-6.3253745,0.95595271,-5.7654492,3.8040397e-06,0.96385888,0.0017902956,0.0031339873,0.27315101,0.27315101,0.99927154,0.00018639794,1.2725477e-05,0.27335014,0.99927154,0.90851585,0.66918663,-254.08532,-46.237237,0.73681739,0.49385423,0.49385423,0.49639579,0.49659998,0.49671943,0.49680419,0.49686993,7.5545366,7.5545366,7.674809,7.6844714,7.6901239,7.6941344,7.6972453
1.0,94.0,94.0,-242871.56,0.97537813,0.20814767,4.0,31.0,0.0,242882.17,-6.3515841,0.73342204,0.72480756,0.42589528,-0.50664906,2.2145205,3.0412101,-11.263154,0.47018295,0.48229755,-0.15991798,0.196403,0.21449144,-0.30833672,-0.35090646,-0.005525095,0.00056548169,25670.923,7.8064616,0.091044623,0.37534665,-5.8199942,6.7348222,0.6990485,1.6104925e-05,0.88888161,0.0029676223,2.0118375,160.6574,160.6574,0.99995216,0.00078914132,0.0068977639,160.66509,0.99995216,0.7346679,0.70404961,-247.62706,-47.291853,-3.1006274,0.49666567,0.49666567,0.4987866,0.49888459,0.49894191,0.49898258,0.49901413,7.2601939,7.2601939,7.853414,7.8808211,7.8968533,7.9082283,7.9170516
1.0,95.0,95.0,-242875.15,0.99992686,0.20814767,4.0,15.0,0.0,242882.41,-5.319407,0.19950976,1.1177369,0.17999031,-0.25893891,0.70572294,-1.6431232,-11.011786,0.15691225,-1.0397431,-1.0910942,0.57943501,-1.4034424,-0.25005276,0.34285791,-0.0081228616,0.00031372649,66681.802,7.7969248,0.012630515,0.14934585,-5.0964076,-1.1595898,-6.3026039,1.4021274e-05,0.14892717,0.0061186879,0.0018315295,0.14965044,0.14965044,0.99542284,0.00068704243,1.0814408e-06,0.15033857,0.99542284,0.7787597,1.4089685,-254.61477,-45.993365,1.375301,0.49688575,0.49688575,0.49751547,0.49756982,0.49760162,0.49762418,0.49764168,7.7211417,7.7211417,7.7651845,7.7689857,7.7712096,7.7727875,7.7740114
1.0,96.0,96.0,-242879.74,0.6346072,0.20814767,4.0,15.0,0.0,242893.65,-7.8257453,0.63452563,0.41222219,0.33735988,2.3644811,0.0019157318,2.3787218,-12.271872,0.31923904,-0.12222216,0.12874085,0.15373718,1.2377512,-0.3834647,-0.21353675,-0.0065720184,0.00057924697,55615.411,7.6766153,0.04192579,0.24529154,-7.5641797,0.0045569931,-6.7619417,4.5024452e-06,1.3757915,0.00051870268,0.0011569805,0.089808112,0.089808112,0.99748317,0.00022061982,5.9826735e-06,0.090034714,0.99748317,0.68149613,0.80772248,-255.07601,-46.003127,-0.045908636,0.49635641,0.49635641,0.49744486,0.4975452,0.4976039,0.49764555,0.49767786,7.4250605,7.4250605,7.561924,7.5745399,7.581921,7.5871584,7.591221
1.0,97.0,97.0,-242880.85,0.97558537,0.20814767,4.0,31.0,0.0,242888.48,-6.7158953,0.74530242,-0.75456083,0.56961855,2.2559628,0.0012497347,1.402694,-14.991325,0.57475856,0.10629571,0.63920418,0.26775374,1.796371,-0.1934655,-0.27297644,-0.013857656,0.00047904884,171568.58,7.8973331,0.029998672,0.19946516,-7.2782713,0.0017529953,-5.9914801,3.2800705e-07,3.0654343,0.00069037798,0.0024999612,0.20902707,0.20902707,0.99977508,1.6072345e-05,3.0952055e-05,0.2090741,0.99977508,0.82409826,0.76111072,-254.31196,-45.604402,0.30742165,0.49488119,0.49488119,0.49588216,0.49596515,0.49601371,0.49604815,0.49607488,7.7173411,7.7173411,7.8262405,7.8352695,7.8405515,7.8442992,7.8472064
1.0,98.0,98.0,-242884.22,0.49306924,0.20814767,3.0,15.0,0.0,242900.08,-6.581154,0.41560863,2.9892725,0.59465379,-0.57076807,0.054457356,1.4634267,-9.8482793,0.26602974,1.7002058,-1.234289,0.87687978,0.046308673,0.14534965,0.3556328,-0.011983133,0.00025079752,49509.651,7.3317788,0.0083052756,0.58775369,-5.3387865,0.079694347,-5.5985016,8.3057785e-05,0.30310321,0.0048016939,0.0037034088,0.36134397,0.36134397,0.98884793,0.0040698315,5.3497934e-06,0.36541916,0.98884793,1.1564438,1.4270834,-253.89772,-45.22038,-4.3727097,0.49613807,0.49613807,0.49669714,0.49674059,0.49676601,0.49678405,0.49679804,7.2819471,7.2819471,7.3141105,7.3166104,7.3180728,7.3191105,7.3199153
1.0,99.0,99.0,-242872.07,0.98204756,0.20814767,4.0,15.0,0.0,242893.08,-5.3687213,1.3600058,-0.38605148,0.041957641,0.10013279,0.45660434,-1.0973344,-10.511747,0.47293753,-0.55208916,0.088316394,0.14648529,-1.1799276,0.38654967,-0.28095042,-0.0090683181,0.00065382511,55754.329,7.6901813,0.023308621,0.17310387,-5.8937536,-0.50104766,-6.3905999,2.0960921e-05,0.9189481,0.0027566102,0.0016772497,0.18587202,0.18587202,0.99446046,0.0010270851,8.2958281e-06,0.1869074,0.99446046,1.4718935,0.75506577,-254.6977,-45.630334,1.6299917,0.49547481,0.49547481,0.49682272,0.49693599,0.49700226,0.49704927,0.49708575,7.5503296,7.5503296,7.63381,7.6408252,7.6449292,7.6478412,7.6500999
1.0,100.0,100.0,-242876.21,0.96623419,0.20814767,4.0,15.0,0.0,242883.3,-7.6156872,0.31046113,1.2310466,0.13555451,2.3713627,1.0131105,0.92140336,-16.883005,0.57329036,1.1090537,0.035869089,0.69975977,0.68667841,0.19716254,0.26445426,-0.013019367,0.00015303732,92962.648,7.9025696,0.05792654,0.32494119,-7.2334951,0.93348344,-5.9785627,8.7888615e-08,1.6759481,0.00072199304,0.0025324635,0.25363525,0.25363525,0.99990208,4.3065421e-06,2.053237e-05,0.25366009,0.99990208,1.217942,1.3027198,-254.29917,-45.120222,-0.33435854,0.49621666,0.49621666,0.49654384,0.49657035,0.49658586,0.49659687,0.4966054,7.5550104,7.5550104,7.7701556,7.7875908,7.7977904,7.8050273,7.8106408
1.0,101.0,101.0,-242876.93,0.72536272,0.20814767,4.0,31.0,0.0,242894.32,-2.6963727,0.37620791,0.91924542,0.36632274,-0.086606237,0.53005431,-0.93642982,-9.517999,0.38270182,-0.97138754,-1.1210912,0.075019656,-1.0096365,-0.60198777,0.0031023593,-0.0093051081,0.00049323022,624282.66,7.4841181,0.045314448,0.38509388,-2.3505453,-0.49635867,-2.8786298,5.0691579e-05,0.30214936,0.095317173,0.056211732,4.0474873,4.0474873,0.9993721,0.0024838874,5.9106486e-05,4.0500303,0.9993721,0.54772181,1.0031072,-251.20062,-47.214501,-2.9577092,0.49597025,0.49597025,0.49736633,0.4974518,0.49750179,0.49753726,0.49756478,7.2122315,7.2122315,7.4350544,7.4486953,7.4566748,7.4623363,7.4667277
1.0,102.0,102.0,-242870.4,0.99905623,0.20814767,4.0,15.0,0.0,242883.83,-7.7972762,1.2608732,2.010058,0.32480038,0.31702725,0.25390596,-0.19006614,-9.7804967,0.15119268,-0.2720549,-0.52237236,0.28219582,0.57338915,-0.56720291,0.0033116926,-0.011292671,0.00026847127,174928.26,8.00433,0.13428466,0.41105325,-5.262848,-0.048258924,-5.2081364,5.4265092e-05,0.69728271,0.0051805294,0.0054718617,0.3984533,0.3984533,0.9933375,0.0026589895,1.350941e-05,0.4011258,0.9933375,0.56710948,1.0033172,-253.52015,-45.686293,-2.9507265,0.49624964,0.49624964,0.49685436,0.49690087,0.49692809,0.49694739,0.49696237,7.1986221,7.1986221,7.7240945,7.7645146,7.7881598,7.8049366,7.8179499
1.0,103.0,103.0,-242873.37,0.92226006,0.20814767,5.0,31.0,0.0,242881.41,-6.6401912,0.49875914,-1.9314174,0.030141545,-0.49480203,0.33339586,1.0680741,-12.635249,0.74879159,0.52067509,-0.37877077,0.16607248,-0.070940397,0.32904523,-0.12608145,-0.0018250713,0.0018196288,29183.112,8.2457914,0.12998643,0.37628832,-7.6035033,0.35609148,-7.2623259,4.807313e-06,0.67668323,0.00049870129,0.00070147459,0.075313756,0.075313756,0.99684948,0.00023555834,2.4693205e-06,0.075551784,0.99684948,1.3896407,0.88154304,-255.57025,-46.748192,-2.4092791,0.49325937,0.49325937,0.49659865,0.49691381,0.4970982,0.49722904,0.49733053,7.4658728,7.4658728,7.8803106,7.9194221,7.9423055,7.9585428,7.9711381
1.0,104.0,104.0,-242878.51,0.88090108,0.20814767,4.0,15.0,0.0,242888.47,-6.5422924,0.29862926,0.098575653,0.012808011,-0.72063477,0.40503163,1.1629211,-15.279436,0.74711305,0.34580184,0.18963426,0.4674123,0.42275694,0.8219013,0.55485202,-0.023620998,0.00032730168,30812.073,8.1392912,0.1538732,0.42967719,-6.5128549,0.47101983,-6.0510649,2.9952064e-07,1.4729041,0.0014842364,0.0023553524,0.34044846,0.34044846,0.99988576,1.4676512e-05,2.4221784e-05,0.34048736,0.99988576,2.2748208,1.7416832,-254.37141,-46.750664,-3.3953224,0.49296475,0.49296475,0.49368848,0.49374519,0.49377836,0.49380189,0.49382015,7.216052,7.216052,7.807223,7.8535387,7.8806328,7.8998568,7.9147685
1.0,105.0,105.0,-242874.44,0.56471691,0.20814767,4.0,15.0,0.0,242887.43,-7.8080918,1.2681948,0.84133475,1.4485458,1.2686765,0.59531405,0.29740746,-13.036668,0.34005723,0.11279325,-0.26942844,0.35387788,-0.57747485,0.0044776609,-0.43666348,0.0015659878,0.0013949828,63120.028,7.5430412,0.029285407,0.22345057,-6.7411154,0.17705084,-4.7263284,2.264149e-06,0.62264172,0.0011813287,0.0088589375,0.80783307,0.80783307,0.99983261,0.0001109433,2.4298587e-05,0.80796832,0.99983261,1.0044877,0.64618885,-253.04835,-49.31104,-1.6806802,0.49557351,0.49557351,0.49895989,0.49920161,0.49934301,0.49944334,0.49952116,7.3673288,7.3673288,7.4908315,7.4996469,7.5048037,7.5084625,7.5113006
1.0,106.0,106.0,-242879.43,0.92478983,0.20814767,4.0,15.0,0.0,242886.7,-4.3092542,0.21611545,-0.097201056,0.029192916,-0.94965671,0.38186496,1.1810835,-9.5773499,0.0086569963,1.6673713,-0.69873826,0.49729478,1.5507416,-0.4001997,0.30626627,-0.016618412,0.00041905512,37842.644,7.7165483,0.10679691,0.36923028,-4.3302609,0.4510144,-3.9069697,7.0287581e-05,1.0751256,0.013164113,0.020101322,1.5507731,1.5507731,0.99773222,0.0034440915,8.0710947e-05,1.5542979,0.99773222,0.6701862,1.3583439,-252.22614,-45.448833,-3.6303394,0.49439827,0.49439827,0.495484,0.49555661,0.49559908,0.49562922,0.49565259,7.0757669,7.0757669,7.5564949,7.5886433,7.607449,7.620792,7.6311418
1.0,107.0,107.0,-242879.22,0.99263591,0.20814767,5.0,31.0,0.0,242889.69,-3.8275236,0.97882628,-0.55312466,0.040187349,0.75730566,0.24458511,0.60986626,-9.0880003,0.012519418,0.15624878,-0.51410543,0.4865112,1.3137021,-1.1443215,0.14281713,-0.015874676,0.00020362427,85528.267,7.9465762,0.024047209,0.24794765,-4.3689365,0.14916421,-4.1893382,0.00011323512,1.1331772,0.012664702,0.015156312,0.94536703,0.94536703,0.99411066,0.0055485211,5.2047671e-05,0.9509676,0.99411066,0.3184399,1.1535188,-252.50445,-45.033201,-1.0554395,0.49532817,0.49532817,0.49583075,0.49586603,0.49588667,0.49590131,0.49591267,7.8022929,7.8022929,7.9054066,7.9126453,7.9168797,7.9198841,7.9222145
1.0,108.0,108.0,-242877.03,0.96047914,0.20814767,4.0,31.0,0.0,242889.15,-7.7439437,0.58690607,0.0050466404,0.0083346677,0.21060633,1.3902095,0.57903981,-11.907578,0.025551618,-0.56200862,-1.6172213,0.52297289,1.7514092,-0.13795092,0.18177303,-0.010190073,0.00057594713,87401.031,7.612901,0.030488129,0.34416286,-7.7409818,0.80498663,-6.9342398,6.6430542e-06,0.49594921,0.00043464463,0.00097386308,0.083350935,0.083350935,0.99608604,0.00032550966,2.004481e-06,0.083678449,0.99608604,0.87114145,1.1993419,-255.24447,-45.495087,-0.80938378,0.49546336,0.49546336,0.49653505,0.49663481,0.49669317,0.49673458,0.49676671,7.4299722,7.4299722,7.52853,7.537704,7.5430714,7.5468799,7.5498341
1.0,109.0,109.0,-242874.3,0.98292177,0.20814767,4.0,15.0,0.0,242884.5,-5.876615,0.50299153,0.44244174,0.18501336,-1.1158882,0.47166716,1.7744235,-12.192232,0.079097026,0.11415177,0.76433472,0.17724604,-0.14530882,-0.24957676,-0.18773258,-0.01684075,0.00059725206,28142.496,7.9878768,0.083358106,0.19334065,-5.6540705,0.83693731,-5.0235875,5.1156639e-06,2.09296,0.0035032277,0.0065808757,0.53781206,0.53781206,0.99943309,0.00025066753,5.4394548e-05,0.53811712,0.99943309,0.77913047,0.82883633,-253.34486,-45.881736,-2.4992183,0.49372731,0.49372731,0.49511634,0.49521982,0.49528035,0.4953233,0.49535662,7.4877281,7.4877281,7.8245513,7.8496429,7.864321,7.8747354,7.8828137
1.0,110.0,110.0,-242876.49,0.75604642,0.20814767,4.0,31.0,0.0,242891.44,-6.526185,1.5168634,-0.5208469,0.39947624,-1.0373442,0.33839871,1.2653595,-11.426828,0.046026252,-0.36907242,0.35249278,0.22991688,-0.053457159,0.40429114,-0.27725305,-0.016268695,0.0020163488,16062.348,7.6488993,0.018947411,0.20539148,-7.3162386,0.42819603,-7.3024369,1.0715542e-05,1.4052315,0.00066465754,0.00067389453,0.075426375,0.075426375,0.99301948,0.00052506155,5.1551987e-06,0.075956592,0.99301948,1.4982401,0.7578627,-255.60116,-49.690674,1.4209253,0.48897039,0.48897039,0.49267249,0.49302167,0.49322596,0.49337093,0.49348338,7.5352148,7.5352148,7.5956688,7.6013699,7.6047055,7.6070723,7.6089083
1.0,111.0,111.0,-242872.08,1.0,0.20814767,4.0,15.0,0.0,242883.71,-5.4062789,0.24180443,1.6768641,0.52199901,0.71289861,1.5023372,-0.082779177,-10.392971,1.3116583,1.4422161,-0.37638428,0.39999938,-0.21849084,-0.42219224,-0.10916231,-0.012606395,0.00019169492,109589.14,7.6998473,0.0097883705,0.15271288,-5.0008058,-0.12436224,-4.7530356,0.00020320879,0.6289016,0.00673252,0.0086254716,0.66015509,0.66015509,0.98511103,0.0099572308,2.0355971e-05,0.67013268,0.98511103,0.65560799,0.89658488,-253.05203,-45.271096,2.4800234,0.49618638,0.49618638,0.49664276,0.49667598,0.49669541,0.49670919,0.49671988,7.641117,7.641117,7.6816016,7.684548,7.6862716,7.6874945,7.6884431
1.0,112.0,112.0,-242871.46,1.0,0.20814767,4.0,15.0,0.0,242877.61,-3.8364002,0.19319754,0.49208374,0.7335288,0.57638271,0.19136858,-0.82383584,-12.603022,0.34651872,1.7972238,-0.4752638,0.23123925,-0.8084735,-0.12973804,-0.24439338,-0.018138725,0.00020088627,164679.52,7.8009309,0.037714584,0.17562921,-3.7413308,-0.1576563,-3.4761938,6.266767e-06,0.51570798,0.023722512,0.030924894,2.656129,2.656129,0.9998595,0.00030707158,6.6170549e-05,2.6565022,0.9998595,0.87832549,0.78317949,-251.79878,-45.460621,0.60705613,0.49477167,0.49477167,0.49531907,0.49535388,0.49537424,0.49538868,0.49539989,7.5746434,7.5746434,7.7531885,7.7645415,7.7711827,7.7758947,7.7795496
1.0,113.0,113.0,-242876.8,0.7065188,0.20814767,4.0,31.0,0.0,242886.16,-9.2219739,0.14208285,0.26682298,0.11934926,-0.30176909,0.3334149,-0.73959249,-9.2676567,0.60158662,2.152127,0.11376146,0.1677428,-0.096627123,0.69048916,0.080351776,-0.014271078,0.00012378842,29864.961,8.0074483,0.069493296,0.53274425,-9.1840629,-0.24659116,-9.46667,0.00034465526,1.1024698,0.00010266257,7.7388684e-05,0.010275439,0.010275439,0.37826032,0.016888108,1.4464876e-06,0.027164993,0.37826032,1.994691,1.0836682,-256.0797,-45.18072,-2.6878316,0.49600477,0.49600477,0.49620033,0.49622175,0.49623429,0.49624318,0.49625009,7.5904885,7.5904885,7.7812179,7.8021103,7.8143384,7.8230163,7.8297483
1.0,114.0,114.0,-242889.23,0.99125033,0.20814767,4.0,15.0,0.0,242897.52,-16.152039,2.1335437,-0.21621485,0.14104234,-1.4553504,0.096505724,0.017576524,-6.5819749,0.542879,1.642258,-1.0754103,0.06330359,2.1406941,0.54380758,-0.6173281,-0.018499551,5.016924e-05,89681.754,8.1112022,0.084220857,0.30436847,-16.613343,0.0016962351,-16.816913,0.0033781483,0.3906682,6.0942001e-08,4.9717293e-08,6.0330559e-06,6.0330559e-06,3.6445049e-05,0.16552927,3.1236345e-06,0.16553842,3.6445049e-05,1.7225531,0.53938369,-254.01162,-44.995102,-1.706516,0.49520198,0.49520198,0.49530388,0.49531257,0.49531766,0.49532127,0.49532406,7.605877,7.605877,7.9030775,7.9284251,7.9432539,7.9537754,7.9619368
1.0,115.0,115.0,-242883.09,0.30769159,0.20814767,4.0,15.0,0.0,242900.87,-16.676305,0.93748759,0.23669287,0.62183916,-0.25717648,0.099984095,0.090857838,-5.7974569,0.59041632,1.9685243,-1.0053198,0.038907372,1.6722214,0.52161966,-0.35043734,-0.014588027,0.000224442,49081.057,7.8944389,0.079890249,0.40354248,-16.454409,0.0090843387,-16.605247,0.0097040881,0.39052704,7.1439932e-08,6.1437409e-08,7.3577241e-06,7.3577241e-06,1.5473116e-05,0.47550031,8.9695399e-06,0.47551664,1.5473116e-05,1.6847542,0.70437997,-252.95753,-45.031335,-1.6076085,0.49557791,0.49557791,0.496093,0.49613188,0.49615463,0.49617077,0.49618329,7.4150975,7.4150975,7.7336204,7.7576679,7.7717353,7.7817164,7.7894584
1.0,116.0,116.0,-242874.7,0.96960351,0.20814767,4.0,15.0,0.0,242891.61,-3.7632919,0.1693908,-0.26566681,0.088911797,-0.33693916,0.50741496,0.074489104,-8.0670915,0.16653738,0.704819,-0.72563289,0.30994292,-0.43819719,0.21629868,0.752442,-0.012701071,0.00075227028,102335.91,7.8556855,0.040566004,0.17922358,-3.8082934,0.037796886,-3.8004544,0.00035276346,0.42254936,0.022186008,0.022360608,2.2615938,2.2615938,0.9923947,0.01728541,4.6511492e-05,2.2789257,0.9923947,1.2414731,2.122176,-252.10751,-46.149439,-0.11773288,0.49422674,0.49422674,0.49624779,0.49637814,0.49645439,0.49650849,0.49655045,7.6122895,7.6122895,7.8016327,7.8138441,7.8209874,7.8260556,7.8299869
1.0,117.0,117.0,-242877.04,0.98428259,0.20814767,4.0,15.0,0.0,242886.4,-6.8491621,1.4187624,0.056318439,0.068811469,0.21894506,0.02227558,-1.9463496,-10.994812,0.26585422,0.37144679,-0.53369014,0.37743883,2.3297223,-0.26158137,-0.33741421,-0.010418261,0.00031896578,32163.198,7.7306309,0.010242256,0.21372451,-6.7692596,-0.043356068,-6.7975498,1.853107e-05,1.4128904,0.0011485447,0.0011165075,0.090808899,0.090808899,0.99003216,0.00090802244,6.2592092e-06,0.091723181,0.99003216,0.76983323,0.71361319,-255.09892,-45.459745,2.206489,0.49629383,0.49629383,0.49689467,0.49694992,0.49698224,0.49700518,0.49702297,7.6691774,7.6691774,7.702695,7.7057771,7.7075802,7.7088597,7.7098522
1.0,118.0,118.0,-242876.11,0.8353056,0.20814767,4.0,31.0,0.0,242889.3,-5.3357367,0.22159748,0.87267264,0.2312069,2.5583531,0.77423755,1.5994502,-11.943195,0.20397405,-0.68613274,-1.071617,0.41957656,-2.4825603,-0.11486325,0.3699825,-0.010809817,0.00039383341,32639.551,7.8400565,0.022784971,0.34156686,-5.1423547,1.2383544,-3.3124914,5.6539945e-06,0.12084565,0.005843913,0.036425311,3.1486949,3.1486949,0.99990618,0.00027704573,1.838067e-05,3.1489903,0.99990618,0.89148805,1.4477093,-251.63516,-45.617332,-0.33381152,0.49593738,0.49593738,0.49702734,0.49709558,0.4971355,0.49716383,0.4971858,7.7033467,7.7033467,7.8128963,7.8197552,7.8237674,7.8266141,7.8288222
1.0,119.0,119.0,-242877.15,0.98358287,0.20814767,4.0,15.0,0.0,242887.58,-6.2389864,1.3175829,-1.1785113,0.64046691,-0.26737418,0.44048937,0.92887238,-15.261304,0.24458478,-0.17292806,0.5571027,0.46237506,0.0069910675,0.14729556,-0.26047765,-0.0081601705,0.00038402453,2091415.9,7.8916802,0.035643984,0.35519202,-7.7917728,0.40915841,-7.5538587,2.258037e-07,1.7512594,0.00041311986,0.00052408394,0.051184788,0.051184788,0.99969932,1.1064381e-05,4.3305874e-06,0.051200183,0.99969932,1.1586964,0.77068338,-255.86537,-47.012462,-0.3976367,0.49663363,0.49663363,0.4973011,0.4973676,0.49740651,0.49743412,0.49745554,7.6778163,7.6778163,7.7854417,7.7961642,7.8024383,7.8068904,7.810344
1.0,120.0,120.0,-242874.32,0.89554956,0.20814767,4.0,15.0,0.0,242886.7,-4.3689666,0.42048716,2.3771836,0.10917222,-0.090823778,0.43212231,2.0205639,-11.08035,0.338994,-0.73884396,0.055651466,0.52370383,0.30974432,0.20459501,0.2269795,-0.0075859796,0.00032397983,122563.99,7.7527182,0.0048929199,0.22876002,-3.3693914,0.87313073,-2.5061761,1.1997484e-05,1.2434201,0.034410573,0.081579595,8.2016191,8.2016191,0.99986828,0.00058787673,0.00049261786,8.2026996,0.99986828,1.227028,1.2548041,-250.82904,-47.11656,1.7920868,0.49698455,0.49698455,0.49795875,0.49801489,0.49804773,0.49807103,0.4980891,7.7233607,7.7233607,7.74892,7.7503929,7.7512545,7.7518659,7.75234
1.0,121.0,121.0,-242871.54,0.95436596,0.20814767,4.0,15.0,0.0,242884.31,-5.667392,0.38700459,2.1636787,1.1098978,-0.047224394,1.8841183,1.524671,-10.156257,0.2901104,0.016632946,-0.53917753,0.78972737,0.61070514,0.30096114,0.19852254,-0.015107647,0.00025888412,319445.46,7.6166272,0.017078244,0.23247135,-4.8300384,2.8726606,-2.0097921,3.9020168e-05,0.94470084,0.0079862142,0.13401653,14.172058,14.172058,0.99981948,0.0019119882,0.00064676626,14.174617,0.99981948,1.3511568,1.2195995,-250.33266,-45.602326,1.1191004,0.49532907,0.49532907,0.49614288,0.49618774,0.49621398,0.4962326,0.49624704,7.5141577,7.5141577,7.6074271,7.6125681,7.6155754,7.6177092,7.6193643
1.0,122.0,122.0,-242869.86,0.99200436,0.20814767,4.0,15.0,0.0,242877.75,-6.2113833,0.76669341,1.3906642,0.45696948,-0.039350414,1.2852766,2.50911,-9.0944416,0.21626991,0.090926511,-0.32622818,0.81879825,-0.32124136,0.23802015,-0.0096440938,-0.016804996,0.0002803787,466018.95,7.7550123,0.020959002,0.30602104,-5.1451702,3.2249005,-1.9382516,0.00011451818,0.55473762,0.0058274827,0.14395542,14.724748,14.724748,0.99959228,0.005611391,0.00039469579,14.730754,0.99959228,1.2687348,0.99040226,-250.26063,-45.836105,0.47774515,0.49483054,0.49483054,0.49571461,0.49576319,0.49579161,0.49581177,0.49582741,7.6292583,7.6292583,7.7440721,7.7503814,7.7540721,7.7566907,7.7587218
1.0,123.0,123.0,-242872.99,0.72171224,0.20814767,4.0,15.0,0.0,242884.03,-5.9788205,1.7559379,-0.01811356,0.74603657,0.61746712,0.31235753,1.7838413,-7.9883718,0.63775639,0.41622933,-0.96051251,0.35448643,-0.47657987,0.18384521,0.035408225,-0.01549334,0.00034536057,301161.63,7.6345651,0.0020849565,0.14011621,-6.0106268,0.55719624,-4.9927775,0.00044256693,0.32320981,0.0024525505,0.0067867882,0.67512832,0.67512832,0.96886355,0.021685779,1.0878349e-05,0.69682498,0.96886355,1.2018298,1.0360426,-253.25174,-45.670397,2.3080871,0.49493401,0.49493401,0.49575956,0.4958194,0.49585441,0.49587924,0.49589851,7.6220554,7.6220554,7.6307141,7.6313417,7.6317088,7.6319693,7.6321714
1.0,124.0,124.0,-242879.47,0.72517747,0.20814767,4.0,31.0,0.0,242884.18,-5.9702769,0.040467363,0.28788823,0.53274003,-0.0016539395,0.070367924,-0.97328974,-15.392806,0.28577978,-1.0390093,-0.073174942,0.24429785,0.59420099,-0.49597532,0.059863915,-0.021807202,0.00021005582,16106.332,8.0813696,0.032526113,0.34641348,-5.9586268,-0.068488378,-6.0279963,1.5347415e-07,1.0746415,0.0025834572,0.0024103187,0.17975439,0.17975439,0.99990626,7.5202333e-06,9.3308842e-06,0.17977124,0.99990626,0.60897667,1.0616921,-254.34846,-46.40663,-2.7340421,0.49382301,0.49382301,0.49425397,0.49429036,0.49431165,0.49432675,0.49433847,7.886213,7.886213,8.0021562,8.0119456,8.0176725,8.021736,8.0248879
1.0,125.0,125.0,-242878.81,0.65553155,0.20814767,4.0,15.0,0.0,242891.58,-5.8689558,0.043327492,0.34746659,0.68705801,-0.01140799,0.10153074,-1.1818188,-16.136858,0.37901391,-0.96501685,-0.15680649,0.25496357,0.36831238,-0.33264614,-0.028095785,-0.022623402,0.00016900248,16824.54,7.9634612,0.022545121,0.3544235,-5.853901,-0.11999094,-5.9817299,6.8077909e-08,0.93903713,0.0028686866,0.0025244555,0.19972231,0.19972231,0.99993794,3.3358175e-06,9.0589555e-06,0.1997347,0.99993794,0.71702388,0.97229523,-254.30233,-46.420948,-1.3774527,0.49376076,0.49376076,0.49411194,0.49414122,0.49415835,0.4941705,0.49417992,7.8281905,7.8281905,7.9095861,7.9163717,7.9203413,7.9231579,7.9253426
1.0,126.0,126.0,-242875.13,0.99147841,0.20814767,4.0,15.0,0.0,242884.63,-6.9829646,0.040992111,-0.34384761,0.2511334,-0.27951809,0.31841178,-1.4712918,-13.105482,0.75022708,-0.29014788,-0.88055001,0.36804552,-0.20673802,-0.22031349,-0.26526054,-0.013393905,0.00017516333,37514.625,7.7615685,0.11148217,0.34797359,-6.9970596,-0.46847663,-7.5357326,1.63616e-06,0.38418195,0.00091456717,0.00053367015,0.044131973,0.044131973,0.99816813,8.017184e-05,8.2042723e-07,0.044212966,0.99816813,0.80226726,0.76700609,-255.84483,-45.098215,-4.1526746,0.49604661,0.49604661,0.49634464,0.49637497,0.49639271,0.49640531,0.49641507,7.0926754,7.0926754,7.4221974,7.4557301,7.4753522,7.4892761,7.5000773
1.0,127.0,127.0,-242872.81,0.36460808,0.20814767,4.0,15.0,0.0,242888.53,-3.8619972,1.7504194,0.80799666,0.7646492,0.90062033,0.1471991,1.0919256,-10.095763,0.11752102,0.29168938,-0.46470533,0.35598857,0.40409492,0.88268418,0.12545327,-0.014489404,0.00030887991,242192.33,7.5807819,0.0041761561,0.22198873,-2.4476642,0.16073046,-1.5982751,4.2692663e-05,0.72553051,0.086495385,0.20224506,30.443938,30.443938,0.99989625,0.0020919405,0.0010669594,30.447097,0.99989625,2.4173797,1.1336622,-249.92156,-45.701856,1.4531842,0.49531095,0.49531095,0.49634097,0.49639449,0.4964258,0.49644801,0.49646524,7.5557249,7.5557249,7.5799188,7.581176,7.5819113,7.5824331,7.5828378
1.0,128.0,128.0,-242870.86,0.97069307,0.20814767,5.0,31.0,0.0,242880.32,-7.6579425,1.2904731,-0.57824197,0.30037395,0.049042427,1.8641287,-0.1880885,-9.2453168,0.22117935,-0.42302516,-0.5494715,0.32686278,1.0189445,0.045929204,0.10818299,-0.0047690848,0.0011832607,106442.97,8.1466111,0.11856113,0.45448826,-8.4041482,-0.35062117,-8.7400383,8.7937761e-05,0.80539981,0.00022393647,0.00016004776,0.014880282,0.014880282,0.77541941,0.0043089503,7.4650146e-07,0.019189979,0.77541941,1.0470003,1.1142516,-256.60198,-46.179367,-2.168161,0.49472109,0.49472109,0.4964878,0.49669246,0.49681227,0.49689731,0.49696328,7.4352443,7.4352443,7.7427882,7.7784131,7.7992688,7.8140707,7.825554
1.0,129.0,129.0,-242871.5,0.99544372,0.20814767,4.0,15.0,0.0,242877.35,-8.1504968,0.38403177,0.5031655,0.80125034,-0.22704926,0.18225452,1.3265869,-9.7692057,0.12039686,-0.14921189,-0.15478533,0.47230265,0.39131743,0.21417484,0.013813548,-0.0047076129,0.0012523321,90877.135,8.1088287,0.17782189,0.54421113,-7.9572653,0.24177646,-7.8974121,5.6167606e-05,1.0304905,0.00035010927,0.00037170423,0.037553742,0.037553742,0.9316706,0.0027522127,2.0062024e-06,0.040307961,0.9316706,1.2388392,1.0139094,-256.06617,-46.365433,-4.2864477,0.49449792,0.49449792,0.49659968,0.49681649,0.49694337,0.4970334,0.49710324,7.0418974,7.0418974,7.5603728,7.6138556,7.6451529,7.6673619,7.6845902
1.0,130.0,130.0,-242870.88,0.67227343,0.20814767,5.0,31.0,0.0,242878.49,-5.4527293,0.85631172,-0.16744255,0.28025835,0.43438297,0.16825061,-0.4408423,-12.690867,0.50636861,0.91558144,-1.1337422,0.3571612,0.53357928,-1.0416176,0.0094946245,-0.019021514,0.00021442808,34834.041,7.933036,0.063777545,0.2302284,-5.5961124,-0.074171984,-5.5485449,4.8952492e-06,0.38939214,0.0037122677,0.0038931181,0.24846309,0.24846309,0.99901674,0.00023986721,4.6776708e-06,0.24870763,0.99901674,0.3528834,1.0095398,-253.86873,-45.422535,-0.020888956,0.49450423,0.49450423,0.49496158,0.49499873,0.49502046,0.49503588,0.49504784,7.5503708,7.5503708,7.786703,7.8058992,7.8171289,7.8250968,7.8312772
1.0,131.0,131.0,-242877.88,0.95855658,0.20814767,4.0,15.0,0.0,242885.42,-8.6143614,0.91927336,1.1468184,0.6816212,-0.14742128,0.065235706,0.99727002,-11.186798,0.1079692,1.6025842,-1.0718609,0.24126206,1.3513268,-1.6732495,-0.12944572,-0.014285662,0.00034122372,36739.77,7.9195119,0.07742868,0.28753853,-7.5601218,0.065057614,-7.5955496,1.6473326e-05,0.47433712,0.00052081181,0.00050268359,0.028593008,0.028593008,0.97252236,0.00080719296,6.7359512e-07,0.029400874,0.97252236,0.18763635,0.87858228,-255.87513,-45.160821,-0.041795173,0.49525018,0.49525018,0.49579598,0.49585503,0.49588959,0.49591412,0.49593315,7.4549398,7.4549398,7.6701046,7.693385,7.7070102,7.7166793,7.7241802
1.0,132.0,132.0,-242872.91,0.69471751,0.20814767,4.0,31.0,0.0,242888.67,-4.4033133,0.74576286,-0.094075352,0.22524882,-1.0576314,0.41495998,1.6570753,-12.310144,0.047317348,0.78842917,-0.45977257,0.038989652,-0.81326909,-0.24510485,-0.31061106,-0.016437135,0.00037691973,119035.59,7.6818242,0.039292653,0.23276965,-4.4734712,0.68761992,-4.0240815,4.677074e-06,0.61171937,0.011407649,0.017879839,1.463825,1.463825,0.99981392,0.00022917663,4.3258446e-05,1.4640974,0.99981392,0.78262248,0.73299892,-252.34644,-45.528128,0.38636818,0.49458909,0.49458909,0.49556003,0.49562534,0.49566354,0.49569065,0.49571167,7.4460682,7.4460682,7.6219176,7.6337456,7.6406646,7.6455737,7.6493816
1.0,133.0,133.0,-242875.86,0.93760654,0.20814767,4.0,15.0,0.0,242886.9,-4.2667482,0.40117018,-0.33607819,1.2132161,0.097149906,0.37730984,0.83121843,-11.877929,0.18096004,1.365402,-0.30177883,0.04003897,-1.8932189,-0.50258642,-0.097322414,-0.017334027,5.2848438e-05,22740.631,7.7962269,0.034805209,0.29058338,-4.4015727,0.31362689,-3.970082,8.8876647e-06,0.68551743,0.012258046,0.018871886,1.4042284,1.4042284,0.99965686,0.00043549557,4.6510655e-05,1.4047104,0.99965686,0.60496394,0.90726344,-252.29225,-45.411921,0.48579968,0.49548408,0.49548408,0.49561968,0.49562883,0.49563419,0.49563799,0.49564094,7.5873956,7.5873956,7.7425361,7.7530132,7.759142,7.7634905,7.7668635
1.0,134.0,134.0,-242871.14,0.93682415,0.20814767,4.0,15.0,0.0,242884.31,-6.854122,1.1770977,1.3227724,0.19609538,0.22375616,1.2787237,0.93809763,-8.1640318,0.10234231,1.1445979,-0.67297745,0.050811294,-1.0281624,0.10709463,-0.22738557,-0.019510064,0.00027561509,84985.642,7.7848473,0.032323807,0.21701911,-5.2970897,1.1995677,-4.0536444,0.00032009555,0.48421817,0.0050061422,0.017358995,1.6620832,1.6620832,0.99062829,0.015684682,3.9240496e-05,1.6778071,0.99062829,1.1130396,0.79661358,-252.358,-45.708273,1.2607722,0.49417081,0.49417081,0.49489016,0.49493791,0.49496585,0.49498567,0.49500104,7.5909045,7.5909045,7.7374784,7.7472086,7.7529005,7.7569389,7.7600714
1.0,135.0,135.0,-242869.55,0.98263651,0.20814767,4.0,15.0,0.0,242877.28,-8.1454664,0.62535526,0.13739518,0.69902757,0.66939908,0.73031791,0.43236571,-11.979933,0.065132232,1.6117713,0.15606328,0.50528268,-0.04705342,0.24984767,0.19921538,-0.013185079,0.00021404289,150280.52,7.7484156,0.025769565,0.17852329,-8.0595456,0.31576442,-7.2758528,6.9626223e-06,1.141437,0.00031607039,0.00069204971,0.071226347,0.071226347,0.99517805,0.00034116849,3.9457487e-06,0.071571461,0.99517805,1.2838298,1.2204448,-255.58051,-45.20249,2.0219587,0.49596454,0.49596454,0.49635446,0.49639153,0.49641322,0.49642861,0.49644055,7.5937982,7.5937982,7.6753541,7.6831077,7.6876442,7.6908632,7.6933602
1.0,136.0,136.0,-242868.0,0.90714551,0.20814767,4.0,31.0,0.0,242876.14,-3.6030538,0.5892045,0.53708352,0.5328241,1.3918687,1.2984543,0.92966014,-11.554772,0.70818342,0.0023366509,-0.33143384,0.31621785,-0.44940022,0.13186296,-0.2061984,-0.014470185,0.00064830545,159932.72,7.8988363,0.08439891,0.38977395,-3.2866018,1.2071212,-1.3378594,9.6060519e-06,0.6227923,0.037380661,0.26240676,25.432459,25.432459,0.99995141,0.00047069654,0.00076506995,25.433694,0.99995141,1.1409519,0.81367162,-249.66123,-46.477826,-2.5040663,0.49414355,0.49414355,0.49627624,0.49638857,0.49645429,0.49650091,0.49653708,7.3924428,7.3924428,7.8747996,7.9002061,7.915068,7.9256127,7.9337919
1.0,137.0,137.0,-242869.14,0.67124854,0.20814767,3.0,15.0,0.0,242879.0,-8.7027181,1.0563641,-0.57865768,0.71447667,-0.40311392,0.20115059,0.71057389,-12.791332,0.1402751,0.22585468,-0.46077912,0.53308555,0.3409547,-0.41309953,0.27837883,-0.0053298516,0.0010073803,70562.061,8.113331,0.11457756,0.28109884,-9.3139913,0.14293236,-9.4590744,2.8744457e-06,0.75652395,9.0153998e-05,7.7978735e-05,0.005987757,0.005987757,0.97698226,0.00014084784,2.239473e-07,0.0061288288,0.97698226,0.66159643,1.3209865,-257.67664,-45.591095,-0.35819898,0.49518832,0.49518832,0.49640637,0.49657993,0.4966817,0.49675398,0.49681008,7.4258656,7.4258656,7.66655,7.7008435,7.7209536,7.7352357,7.7463197
1.0,138.0,138.0,-242869.38,0.73945669,0.20814767,4.0,15.0,0.0,242874.21,-9.3348839,0.45161412,0.87980085,0.13374295,0.19303199,0.39533486,-0.17868508,-11.741898,0.75305624,-0.75395733,0.11105747,0.4084783,-0.90456348,0.24941142,-0.014003499,-0.0071922429,0.0012471622,34125.176,8.3703492,0.15242971,0.32099383,-8.9375534,-0.070640444,-8.9823771,4.5079395e-06,0.77225762,0.00013136204,0.00012560391,0.012924308,0.012924308,0.98315954,0.00022088904,4.9033267e-07,0.013145687,0.98315954,1.2832699,0.98609409,-257.2265,-45.868199,-1.8667972,0.4938947,0.4938947,0.49563919,0.49585472,0.49598093,0.49607053,0.49614004,7.455771,7.455771,7.8262037,7.8719665,7.898767,7.9177909,7.9325507
1.0,139.0,139.0,-242872.57,0.69562295,0.20814767,4.0,15.0,0.0,242877.52,-6.9936658,0.66525099,-0.5042429,0.16811802,0.053759076,0.045832182,-0.020691861,-12.525844,0.3904202,-1.1306539,-0.48739695,0.47996488,0.52776802,0.0056048099,0.49680774,-0.0072381127,0.00048205516,81222.795,8.3690032,0.20826136,0.4661579,-7.3291139,-0.00094835317,-7.3210244,2.3355245e-06,0.7912931,0.00065615476,0.00066148426,0.06035122,0.06035122,0.9980692,0.0001144407,2.3110413e-06,0.060467971,0.9980692,1.0056205,1.6434665,-255.63174,-46.035318,-4.0043794,0.49652557,0.49652557,0.49738345,0.49746694,0.49751578,0.49755044,0.49757733,7.119435,7.119435,7.7633093,7.8259656,7.8626264,7.8886402,7.9088194
1.0,140.0,140.0,-242870.93,0.4505699,0.20814767,4.0,15.0,0.0,242879.17,-9.1395886,1.27023,-0.50703984,0.78648166,-5.6387239e-05,0.9590749,0.18370272,-9.6458346,0.27615872,-0.69576175,-0.35364031,0.37341733,1.8127218,0.26818442,-0.20435612,-0.011082162,0.001246177,41664.437,8.6000946,0.19375742,0.40039126,-9.7836458,0.17618467,-9.6075055,5.3385293e-05,1.3816265,5.6365923e-05,6.7222304e-05,0.0069856549,0.0069856549,0.72750756,0.0026158794,6.407562e-07,0.009602175,0.72750756,1.3075883,0.81517202,-257.299,-46.50113,-2.9699812,0.49292579,0.49292579,0.4945714,0.49478653,0.49491257,0.49500206,0.49507149,7.4375501,7.4375501,7.8820984,7.9402113,7.9742589,7.998431,8.017187
1.0,141.0,141.0,-242879.85,0.57862959,0.20814767,4.0,15.0,0.0,242884.83,-7.5973104,0.05200034,-0.49144521,0.092420376,0.49911879,0.0025059934,0.24072262,-10.8409,0.41671998,0.81031557,-0.77452919,0.43865362,-2.1724643,0.54302401,0.21574708,-0.017822321,0.00050059074,67682.818,8.5474842,0.21394455,0.50157753,-7.6228658,0.00060324929,-7.5761338,2.7447788e-05,0.17773021,0.00048913807,0.00051253899,0.062166144,0.062166144,0.97881511,0.0013449416,5.4522068e-07,0.063511631,0.97881511,1.7212039,1.2407885,-255.83622,-45.94595,-4.4496634,0.49381576,0.49381576,0.49471269,0.49479937,0.4948501,0.49488609,0.494914,7.2638169,7.2638169,7.9298238,7.9941917,8.0318536,8.0585776,8.0793074
1.0,142.0,142.0,-242878.53,0.54544765,0.20814767,4.0,31.0,0.0,242892.09,-5.8358104,0.1613312,0.12195638,0.038458802,1.6938297,0.01399819,0.35069546,-10.927853,0.66920339,0.20800572,-0.58429386,0.20471882,-0.53461166,-0.22834153,0.38937183,0.0013068207,0.0020589689,7783.9377,8.1570116,0.13649855,0.47893933,-5.8161351,0.0049091016,-5.7460833,2.063226e-05,0.49970421,0.0029790969,0.0031952712,0.26337279,0.26337279,0.99615204,0.0010109807,6.3813025e-06,0.26439015,0.99615204,0.79585241,1.4760533,-254.06077,-48.202355,-3.2418582,0.49321569,0.49321569,0.49763874,0.49799548,0.49820417,0.49835225,0.4984671,7.3380203,7.3380203,7.8474491,7.8885338,7.9125682,7.9296212,7.9428488
1.0,143.0,143.0,-242870.45,0.94499512,0.20814767,4.0,15.0,0.0,242886.42,-7.1008756,0.11794854,0.23842476,0.54591993,1.0570269,0.13343046,0.059388724,-11.948754,0.20206073,-0.023561553,-1.0986513,0.57712962,0.76136566,-0.31387494,0.17591157,-0.0047630586,0.001194052,71839.056,7.9981837,0.079950406,0.20145716,-7.0727537,0.0079242645,-6.4877774,6.4365713e-06,0.51724191,0.00084789501,0.0015219278,0.12127579,0.12127579,0.99738121,0.00031539199,3.0377869e-06,0.12159422,0.99738121,0.7306104,1.1923326,-254.8027,-46.510275,-0.90675829,0.49468533,0.49468533,0.49701864,0.49722548,0.4973465,0.49743236,0.49749897,7.5184813,7.5184813,7.7899034,7.8139639,7.8280401,7.8380279,7.8457752
1.0,144.0,144.0,-242869.64,0.61225791,0.20814767,4.0,15.0,0.0,242878.39,-3.377251,0.73458731,-0.090795138,0.6580702,1.2902274,1.3561963,0.1922358,-11.565495,0.58899017,-0.24558691,-0.00065987246,0.12049967,-0.70945139,0.00036940147,-0.17419959,-0.013118574,0.00013208693,63136.557,7.7605151,0.016820813,0.3234936,-3.443948,0.26070948,-2.3341783,8.2101146e-06,0.91745795,0.031938344,0.096890063,8.8184992,8.8184992,0.99991007,0.00040229562,0.00039080687,8.8192923,0.99991007,1.0003695,0.8401292,-250.65713,-45.134069,0.29526376,0.49626421,0.49626421,0.49666378,0.49668666,0.49670005,0.49670955,0.49671692,7.6595902,7.6595902,7.7479873,7.7530509,7.7560128,7.7581144,7.7597445
1.0,145.0,145.0,-242876.06,0.91737817,0.20814767,3.0,15.0,0.0,242883.63,-10.112699,1.2478251,1.1713085,0.06694091,0.84849927,0.60092557,1.382582,-12.827875,0.19977868,-0.70879419,-0.68401843,0.38467236,1.6822021,-0.044582139,-0.19717437,-0.0083633992,0.00099662958,416240.18,7.5889054,0.0012706289,0.22977284,-8.6511105,0.83082885,-7.7634823,2.330386e-06,0.96375153,0.00017493249,0.00042497412,0.037894379,0.037894379,0.9969493,0.00011418891,1.7693271e-06,0.038010337,0.9969493,0.95639704,0.82104746,-256.06748,-46.658654,1.6033791,0.49446714,0.49446714,0.49612514,0.49629767,0.49639864,0.49647029,0.49652587,7.5812816,7.5812816,7.5849541,7.5853362,7.5855598,7.5857185,7.5858416
1.0,146.0,146.0,-242876.74,0.88482183,0.20814767,4.0,15.0,0.0,242884.68,-8.8432725,1.3911988,1.9678688,0.13628032,1.516485,0.47140149,1.1316467,-11.764437,0.078276287,-0.88080835,-0.46635306,0.25781135,2.0161033,-0.35143579,-0.030453809,-0.0048435634,0.00094283357,65728.364,7.7863218,0.0013046078,0.27646699,-6.1055758,0.53345993,-5.3654488,7.2581641e-06,1.0548739,0.0022303967,0.0046753614,0.36727037,0.36727037,0.99898168,0.00035565004,1.8731318e-05,0.36764476,0.99898168,0.70367703,0.97000524,-253.68559,-46.724027,0.8789345,0.4955328,0.4955328,0.49763595,0.49779931,0.49789488,0.49796268,0.49801528,7.7784942,7.7784942,7.7835499,7.7839426,7.7841723,7.7843353,7.7844617
1.0,147.0,147.0,-242869.29,0.98798748,0.20814767,4.0,15.0,0.0,242883.45,-5.3037432,0.72709325,0.48490405,0.37512582,0.59335552,0.69665267,0.43710718,-12.758339,0.37951838,0.44034945,-1.5287548,0.27293151,0.25886187,-0.2907777,0.25839096,-0.015925203,0.00020091565,149809.56,7.5757072,0.0090664077,0.25349119,-4.9511727,0.30451189,-4.4240779,3.4017585e-06,0.23267719,0.0070751069,0.011985258,0.96364638,0.96364638,0.99981582,0.00016668617,1.0831987e-05,0.9638239,0.99981582,0.74768187,1.2948449,-252.74625,-45.174657,0.79687641,0.4953249,0.4953249,0.49582147,0.49585628,0.49587664,0.49589109,0.4959023,7.5213088,7.5213088,7.5602383,7.5629674,7.5645639,7.5656967,7.5665753
1.0,148.0,148.0,-242872.43,0.98646398,0.20814767,4.0,15.0,0.0,242876.91,-6.118669,0.63804854,2.0574012,0.29335087,1.0894025,0.44012681,0.075306694,-10.36884,0.36721386,-1.1557748,0.26191308,0.1269937,-0.44636869,0.67571653,-0.2547875,-0.0071258692,0.0011845374,18435.067,7.7705301,0.0076457355,0.15882946,-4.8059471,0.033144495,-4.4532255,2.053754e-05,1.2278038,0.008180949,0.011640959,1.5313508,1.5313508,0.99928401,0.0010063395,9.0876274e-05,1.532448,0.99928401,1.9654408,0.77508119,-252.77392,-46.677872,1.823137,0.49412756,0.49412756,0.49719246,0.49739772,0.49751778,0.49760297,0.49766905,7.7246557,7.7246557,7.7590247,7.7613262,7.7626725,7.7636278,7.7643687
1.0,149.0,149.0,-242872.68,0.94702517,0.20814767,4.0,15.0,0.0,242883.76,-5.1995019,0.43258289,1.7031849,1.053921,1.0428091,2.0932222,1.4101999,-13.51009,0.64713656,0.036513969,-0.44531296,0.876534,0.43169341,0.65973782,0.54237198,-0.01597185,0.00016008759,47242.869,7.827834,0.031706359,0.25890313,-4.4627333,2.9518617,-0.41183313,1.3896468e-06,0.93527095,0.011530803,0.66243481,86.275494,86.275494,0.99995404,6.8092695e-05,0.0038975058,86.279459,0.99995404,1.9342851,1.720082,-248.73646,-45.042087,-0.021291238,0.49545424,0.49545424,0.49602976,0.4960575,0.49607373,0.49608524,0.49609417,7.6375959,7.6375959,7.835624,7.8451686,7.8507518,7.8547132,7.8577859
1.0,150.0,150.0,-242875.7,0.75113428,0.20814767,4.0,15.0,0.0,242883.64,-5.7582894,0.47145435,-0.19285672,0.5042735,0.98882897,1.7497014,0.23090564,-9.4631484,0.1707255,-0.35283701,-0.01898099,0.086926256,-0.53505227,-0.44455204,-0.56436332,-0.015932339,0.00075339823,153907.01,7.8912366,0.0042373282,0.26098733,-5.8492125,0.40401592,-4.9465564,7.3121604e-05,0.9366074,0.0028821679,0.0071078437,0.53967496,0.53967496,0.99335974,0.0035829586,2.4576791e-05,0.5432825,0.99335974,0.64111141,0.56872212,-253.25845,-46.784818,-0.50246962,0.49341515,0.49341515,0.49516913,0.49529967,0.49537603,0.49543021,0.49547223,7.8658126,7.8658126,7.882952,7.8842275,7.8849736,7.885503,7.8859136
1.0,151.0,151.0,-242872.89,0.40815421,0.20814767,5.0,31.0,0.0,242890.48,-4.0000863,0.56409034,-0.2897015,1.1291213,1.5920071,0.45565241,0.20300543,-9.9712143,0.079321148,-0.41165694,-0.27928243,0.078030733,-0.46990474,-0.21144373,-0.62074303,-0.012819991,0.00092287666,71267.687,7.8267634,0.018958473,0.20513718,-4.1635041,0.092499913,-2.273435,4.5224688e-05,0.72909631,0.015552964,0.10295791,8.5450351,8.5450351,0.99970553,0.0022160097,0.00030100444,8.5475522,0.99970553,0.80941482,0.53754488,-250.59603,-46.572098,0.79941669,0.49360785,0.49360785,0.49639218,0.4965521,0.49664564,0.49671201,0.49676349,7.7130125,7.7130125,7.8123859,7.8180929,7.8214314,7.8238,7.8256373
1.0,152.0,152.0,-242874.26,0.97673801,0.20814767,4.0,15.0,0.0,242884.53,-9.0729263,0.16677913,0.89364308,0.35899931,2.2990116,0.74775134,-0.26817605,-15.276796,0.87674205,-0.94432915,-1.0360314,0.21822005,-0.54479685,-0.3701535,0.19914041,-0.0021102056,0.0015627277,28916.147,7.7208373,0.0078640017,0.16997023,-8.9238853,-0.200529,-8.2990707,1.0134567e-07,0.31508369,0.00013316984,0.00024874788,0.019403924,0.019403924,0.99972893,4.9659379e-06,2.953848e-07,0.019409186,0.99972893,0.69062831,1.2203533,-256.59858,-46.166274,2.6910334,0.49407526,0.49407526,0.49641295,0.49668325,0.49684149,0.49695379,0.49704092,7.6736533,7.6736533,7.694091,7.696454,7.6978374,7.6988192,7.6995809
1.0,153.0,153.0,-242872.53,0.9233321,0.20814767,4.0,15.0,0.0,242889.01,-7.1073066,0.54514462,-0.71482354,1.0899266,2.5302712,1.5221423,0.49537504,-11.968778,0.73961019,-0.57752977,-1.1098001,0.13557945,-0.44033733,-0.26408364,0.015042636,-0.0077661392,0.001252428,135399.78,7.7143958,0.013613861,0.1198034,-7.4969888,0.7540313,-3.9851476,4.1354079e-06,0.31052192,0.00055475232,0.018589701,1.5104539,1.5104539,0.99985087,0.00020263499,2.2657894e-05,1.5106792,0.99985087,0.76790931,1.0151563,-252.30756,-47.779211,1.1066854,0.49373306,0.49373306,0.49696913,0.49718614,0.49731309,0.49740316,0.49747303,7.6327127,7.6327127,7.6938251,7.6979232,7.7003204,7.7020213,7.7033406
1.0,154.0,154.0,-242875.79,0.4478149,0.20814767,4.0,31.0,0.0,242890.02,-6.9708744,0.72708917,1.6652783,0.25845502,2.696961,0.6894067,1.1777227,-12.422474,0.75327476,-0.72786583,-1.6858946,0.080344025,-1.2800837,-0.55649893,-0.3726629,-0.019330295,0.00034321383,117662.42,7.8276896,0.021160809,0.21102716,-5.7600686,0.81192992,-4.2510956,2.3274044e-06,0.16717039,0.0031508955,0.014248615,1.0412164,1.0412164,0.99988241,0.00011404282,8.4083245e-06,1.0413389,0.99988241,0.57321241,0.68889742,-252.57347,-46.044825,1.1370275,0.4939823,0.4939823,0.49483716,0.49489662,0.49493141,0.49495609,0.49497523,7.7007248,7.7007248,7.7922963,7.7986662,7.8023923,7.8050361,7.8070868
1.0,155.0,155.0,-242871.94,0.98378898,0.20814767,4.0,15.0,0.0,242887.36,-7.1851316,0.74692053,0.48641473,0.22955372,-0.25951686,0.12609977,-0.90865602,-11.071049,0.32416978,0.4541567,-0.54878844,0.69318848,0.37519489,-0.33613921,0.36069207,-0.014975208,0.00017885494,414679.17,7.6540912,0.050888011,0.33817604,-6.8218185,-0.11458132,-6.9959729,1.8023669e-05,0.74923119,0.0010897374,0.00091556163,0.072338517,0.072338517,0.9879028,0.00088315977,2.6498241e-06,0.073224327,0.9879028,0.71452363,1.4343217,-255.29322,-45.343712,-1.3527041,0.49563857,0.49563857,0.4959654,0.49599638,0.4960145,0.49602736,0.49603734,7.3487632,7.3487632,7.5103191,7.5256305,7.534589,7.5409456,7.5458765
1.0,156.0,156.0,-242869.59,0.87384311,0.20814767,4.0,15.0,0.0,242879.92,-6.3477904,0.8528854,0.83648591,0.2603165,-0.25066739,1.2578041,1.5807312,-12.588327,0.78928138,0.15723622,0.31407165,0.28277216,1.2985987,-0.16632334,-0.16459527,-0.0087426455,0.00035991388,207018.29,7.9229871,0.061899867,0.27563613,-5.6343637,1.9882502,-3.7113664,3.8623945e-06,1.9764043,0.0035729498,0.0244441,2.0671016,2.0671016,0.99981301,0.00018925733,0.00019735082,2.0674882,0.99981301,0.8467724,0.84823695,-252.03393,-46.764832,-0.74754659,0.49657129,0.49657129,0.49752953,0.49759189,0.49762837,0.49765426,0.49767434,7.5515879,7.5515879,7.8378882,7.8565216,7.8674215,7.8751552,7.881154
1.0,157.0,157.0,-242873.39,0.93922979,0.20814767,4.0,15.0,0.0,242880.68,-4.4039714,0.11701982,0.56165988,0.6386045,-0.29290194,0.42893948,-1.5609739,-11.757723,0.27150719,0.43107034,-0.88802138,0.09983945,-1.1636577,-0.15750733,0.55346406,-0.011036016,0.00053782769,20234.683,7.7782559,0.029704774,0.24583536,-4.338246,-0.66956335,-5.1948579,8.8006533e-06,0.36633747,0.013059414,0.0055450044,0.47065644,0.47065644,0.99906693,0.00043123201,8.3357485e-06,0.47109601,0.99906693,0.85427055,1.7392675,-253.51516,-45.86696,1.2699822,0.49538354,0.49538354,0.49661657,0.49670976,0.49676427,0.49680295,0.49683295,7.6000272,7.6000272,7.7183399,7.7272813,7.7325118,7.7362229,7.7391016
1.0,158.0,158.0,-242876.12,0.99913007,0.20814767,4.0,31.0,0.0,242882.84,-8.034623,0.076731345,0.80583022,0.43942322,1.8310104,0.67197939,0.91094113,-11.484737,0.16187241,-1.1061241,-0.79242878,0.037353736,1.6840436,0.28018763,-0.32274916,0.0037004656,0.0010675152,17898.954,7.777396,0.025782117,0.17255724,-7.9727905,0.61213367,-6.5560684,8.5996567e-06,0.48213869,0.0003447157,0.0014214634,0.14865931,0.14865931,0.99715023,0.00042138318,3.4718018e-06,0.14908417,0.99715023,1.3233781,0.72415548,-254.86892,-48.027407,1.917006,0.49723808,0.49723808,0.49937862,0.49956356,0.49967176,0.49974852,0.49980807,7.6227033,7.6227033,7.7125119,7.7202712,7.7248106,7.7280315,7.7305299
1.0,159.0,159.0,-242874.5,0.94637124,0.20814767,4.0,15.0,0.0,242886.33,-6.2357723,0.072441097,0.34363524,0.92473051,1.0645494,0.28757577,-0.25613692,-13.776216,0.47503536,-1.8974438,-0.29125417,0.048037016,1.7951304,0.03301203,0.17068957,-0.0095142491,0.00037700473,30703.275,7.7787891,0.027753773,0.15668706,-6.210879,-0.073658774,-5.3001164,4.222921e-07,0.81462983,0.0020074721,0.0049910127,0.46121771,0.46121771,0.99991579,2.0692313e-05,1.8148774e-05,0.46125656,0.99991579,1.033563,1.1861225,-253.6218,-45.685983,1.4293994,0.49631938,0.49631938,0.49718173,0.49724706,0.49728527,0.49731238,0.49733341,7.6122664,7.6122664,7.7225537,7.7309078,7.7357947,7.7392622,7.7419518
1.0,160.0,160.0,-242871.07,0.91922086,0.20814767,4.0,31.0,0.0,242882.43,-4.1842964,0.94358238,0.094445884,0.1795276,-0.64884725,0.99898297,2.0425426,-10.263773,0.23232221,0.71125096,-1.0892606,0.035311303,0.22255589,0.47682256,-0.19882814,-0.018116706,0.00064065949,90370.026,7.7558383,0.024482954,0.26493898,-4.0951789,2.0404653,-2.1711996,4.113985e-05,0.33911978,0.016652767,0.11404073,13.303969,13.303969,0.99983212,0.0020158526,0.0002179524,13.306203,0.99983212,1.6109476,0.81969075,-250.49397,-46.542711,0.94189172,0.49325847,0.49325847,0.49526217,0.49537318,0.49543812,0.49548419,0.49551993,7.6089406,7.6089406,7.7419773,7.7493474,7.7536587,7.7567175,7.7590902
1.0,161.0,161.0,-242875.53,0.93381813,0.20814767,4.0,31.0,0.0,242883.47,-7.8737706,2.0756674,2.3895216,0.11484915,1.865177,0.90095181,1.1921407,-12.891037,0.30484986,-0.84396277,-0.13820715,0.017385856,-0.17747226,-0.31348396,0.18784597,-0.0095721193,9.6779162e-05,31693.587,7.6894071,0.014674207,0.29889573,-2.9139186,1.0740613,-1.6256433,1.9487569e-06,0.86823518,0.054262679,0.19678505,15.683303,15.683303,0.99995198,9.5489089e-05,0.00065771704,15.684056,0.99995198,0.7308961,1.2066476,-249.94884,-45.863027,0.77595451,0.49727273,0.49727273,0.49757943,0.4975962,0.49760601,0.49761297,0.49761837,7.6013619,7.6013619,7.682147,7.6865644,7.6891484,7.6909817,7.6924038
1.0,162.0,162.0,-242876.77,0.95208781,0.20814767,4.0,15.0,0.0,242886.05,-3.0796585,0.72631338,2.7594712,0.17579527,0.70924224,1.6070473,2.7555477,-9.6950947,0.41518582,-1.3990974,-0.019644612,0.010744186,0.92294851,0.55472464,-0.20781224,-0.017017604,0.00039474208,94211.909,7.6953863,0.0099695767,0.13022175,-1.0754176,4.4282955,3.4775593,3.4450738e-05,0.99031888,0.34115525,32.380593,3955.0102,3955.0102,0.99995174,0.0016880862,0.18918399,3955.2011,0.99995174,1.7414614,0.81235955,-244.92422,-45.82759,1.3527545,0.49438244,0.49438244,0.49617899,0.49624739,0.4962874,0.49631579,0.49633781,7.6355689,7.6355689,7.7143978,7.717399,7.7191545,7.7204001,7.7213663
1.0,163.0,163.0,-242881.01,0.12893098,0.20814767,4.0,15.0,0.0,242888.65,-3.6644824,0.460192,2.6233748,0.1087563,0.88496728,0.61209131,3.1500265,-10.982537,0.27881234,-1.6174823,0.19584731,0.010391781,1.2943079,0.55650688,-0.18887243,-0.021384492,0.00023988981,77852.788,7.7671255,0.01412388,0.18106017,-2.4572263,1.9281038,-0.4328767,1.0826534e-05,1.2328117,0.085672252,0.64864046,79.31047,79.31047,0.99993377,0.00053050015,0.0047227146,79.315723,0.99993377,1.7445679,0.82789211,-248.75735,-45.999038,1.5332682,0.49382564,0.49382564,0.49468296,0.49472452,0.49474884,0.49476609,0.49477947,7.6823822,7.6823822,7.7700793,7.774331,7.7768181,7.7785828,7.7799515
1.0,164.0,164.0,-242877.04,0.98679089,0.20814767,4.0,15.0,0.0,242889.24,-3.0065224,1.0917711,2.4895191,0.21478608,0.16164389,2.1889382,2.2533968,-12.730264,0.21321624,-1.4056461,-0.070746834,0.010066907,0.45025854,0.23407539,-0.08076247,-0.0074957436,0.00019677824,138271.74,7.6785761,0.033192442,0.20729317,-0.28853732,4.9325463,4.6787278,2.1935918e-06,0.93593044,0.74935884,107.63306,10986.867,10986.867,0.99995479,0.000107486,0.49668263,10987.364,0.99995479,1.2637398,0.92241277,-243.86323,-48.057801,-0.1398772,0.49744644,0.49744644,0.49839234,0.49842644,0.49844639,0.49846054,0.49847152,7.4794214,7.4794214,7.7566008,7.7665927,7.7724376,7.7765847,7.7798014
1.0,165.0,165.0,-242873.21,1.0,0.20814767,4.0,15.0,0.0,242883.02,-3.9614827,0.76650069,2.1989271,0.14359868,-0.19264376,0.63572908,2.014669,-9.7109336,0.21499456,-0.80772944,-0.51182596,0.0085111995,0.26917258,0.43604419,-0.10676934,-0.01633605,0.00032934212,162440.99,7.7648807,0.029014783,0.22472234,-2.2760036,1.2807837,-1.0228833,5.0953808e-05,0.60077489,0.1026938,0.35955674,40.973734,40.973734,0.99991005,0.0024967366,0.0011890642,40.97742,0.99991005,1.5465771,0.89873295,-249.34646,-45.618189,0.94732812,0.49477867,0.49477867,0.49590136,0.49595842,0.4959918,0.49601549,0.49603386,7.590792,7.590792,7.7626273,7.7713616,7.7764709,7.780096,7.7829078
1.0,166.0,166.0,-242875.8,0.40128193,0.20814767,4.0,31.0,0.0,242885.44,-5.0840032,1.2012632,-0.23017287,0.15150853,0.22228673,1.2214772,-0.058780003,-13.249453,1.4699746,-1.8592511,-0.95911983,0.0093587975,0.39189107,0.020230797,0.090900377,-0.011732499,0.00068748997,328884.85,7.8327009,0.06117858,0.25538099,-5.3605014,-0.071798436,-5.3986215,1.1452131e-07,0.38463817,0.0046985495,0.0045228112,0.41545796,0.41545796,0.99996792,5.6115441e-06,7.7187479e-06,0.41547129,0.99996792,1.0204368,1.0951599,-253.72024,-46.341699,0.1402411,0.49469257,0.49469257,0.4962471,0.49636622,0.4964359,0.49648534,0.49652369,7.4656295,7.4656295,7.7059627,7.7243777,7.7351502,7.7427935,7.7487222
1.0,167.0,167.0,-242875.16,0.88713777,0.20814767,4.0,15.0,0.0,242885.29,-6.1074244,0.68644258,2.48778,0.24517484,-0.84622929,0.12945866,0.31305367,-10.231591,0.028364888,-0.28539738,-0.43961018,0.062127216,-0.035539426,0.61525455,0.04747989,-0.016407983,0.00048604201,21660.231,7.7482272,0.0056221484,0.19165116,-4.3997063,0.040527508,-4.5666529,3.5724067e-05,0.64286653,0.012280946,0.010392687,1.3168091,1.3168091,0.99864142,0.0017504793,4.0943229e-05,1.3186005,0.99864142,1.8501275,1.0486251,-252.88561,-45.843954,2.2453553,0.49421953,0.49421953,0.49545884,0.49554305,0.49559232,0.49562727,0.49565438,7.7144943,7.7144943,7.7394,7.7410924,7.7420824,7.7427848,7.7433297
1.0,168.0,168.0,-242874.14,0.94009837,0.20814767,5.0,31.0,0.0,242882.89,-4.0883463,0.06177007,0.36097086,0.39648462,0.87702295,0.26871686,0.029940333,-10.507228,0.017377059,1.3487931,-0.57388828,0.11745266,0.16720078,0.49910675,0.24479044,-0.016210993,0.0005845943,73895.641,7.6314553,0.010015733,0.18863249,-4.0660491,0.0080454723,-3.7102775,2.7986453e-05,0.57450292,0.017144993,0.024470731,2.8920603,2.8920603,0.99949832,0.0013713362,8.0291023e-05,2.8935119,0.99949832,1.6472492,1.2773536,-252.03187,-45.855058,1.9589647,0.49392843,0.49392843,0.49553386,0.49563516,0.49569441,0.49573645,0.49576906,7.5713609,7.5713609,7.6191482,7.6221632,7.6239269,7.6251783,7.6261489
1.0,169.0,169.0,-242876.83,0.92293772,0.20814767,4.0,15.0,0.0,242886.77,-7.2207536,0.048052352,0.65903754,0.35528184,-1.3845561,1.7300418,0.65514833,-13.730886,0.13589061,-1.6026748,-0.44655453,0.81882545,0.97726117,0.3206301,-0.25817111,-0.010209739,0.0011195045,99595.956,7.9475306,0.023003409,0.33559744,-7.1890853,1.133434,-6.5475589,8.7532141e-07,1.4242591,0.00075477919,0.0014336109,0.15321834,0.15321834,0.99965138,4.2890749e-05,1.0543453e-05,0.15327177,0.99965138,1.3779958,0.77246304,-254.86584,-46.557066,-1.0007996,0.49358129,0.49358129,0.49583358,0.49602752,0.49614098,0.49622148,0.49628393,7.8095102,7.8095102,7.8899157,7.8968388,7.900889,7.9037627,7.9059919
1.0,170.0,170.0,-242872.68,1.0,0.20814767,4.0,15.0,0.0,242886.54,-3.8651661,0.7875964,-0.37946479,0.33124697,0.063144417,1.2207179,0.83420089,-9.0513511,0.14851601,0.96252744,-0.72662658,0.054063695,-0.66422766,-0.18144416,0.1516487,-0.015266338,8.2358985e-05,91177.889,7.5396611,0.022413405,0.2359166,-4.1640312,1.018324,-3.1247909,0.00013524801,0.46648138,0.015544767,0.043946124,3.6928245,3.6928245,0.99818612,0.0066271526,8.3355295e-05,3.699535,0.99818612,0.83406482,1.1637513,-251.44458,-44.915325,-0.70000764,0.49589905,0.49589905,0.4961303,0.49614457,0.49615292,0.49615884,0.49616343,7.4051807,7.4051807,7.5145121,7.5212592,7.5252059,7.5280062,7.5301783
1.0,171.0,171.0,-242877.08,0.9108975,0.20814767,4.0,15.0,0.0,242885.15,-8.8207955,0.57794832,0.77425887,0.30195873,-0.19921983,0.6706272,0.79704175,-9.0020251,0.66070512,-0.72580832,-1.0857951,0.12816702,-1.233467,0.28144792,-0.45970967,-0.009833148,0.00011670554,1100599.8,7.7090891,0.059052332,0.19564605,-8.3733138,0.53451788,-7.8989521,7.6244108e-05,0.28826218,0.00023094896,0.00037113223,0.038839721,0.038839721,0.91223859,0.0037359613,5.9280356e-07,0.042576275,0.91223859,1.325047,0.63146695,-256.02217,-46.765223,-2.1346263,0.49713866,0.49713866,0.49733613,0.49735633,0.49736816,0.49737655,0.49738306,7.3547751,7.3547751,7.5283574,7.5461192,7.5565129,7.5638883,7.5696096
1.0,172.0,172.0,-242877.69,1.0,0.20814767,4.0,15.0,0.0,242886.69,-10.923658,2.0841868,-0.15170705,0.41681038,-0.52708609,0.31666174,0.51102132,-7.8260716,0.28149047,-1.1198946,-0.73907432,0.074994278,-0.49490303,-0.16484848,-0.29220088,-0.019712098,0.00025843347,165316.42,7.8697885,0.011467245,0.16729172,-11.239844,0.1618209,-11.297718,0.00029125504,0.46015623,1.3140079e-05,1.2401196e-05,0.0010493512,0.0010493512,0.068490196,0.014271497,3.405255e-07,0.015321188,0.068490196,0.84802219,0.74661854,-256.40365,-46.17459,-0.12137057,0.49417964,0.49417964,0.49455098,0.49459566,0.49462182,0.49464039,0.49465479,7.800985,7.800985,7.8296127,7.8330567,7.8350733,7.8365047,7.8376152
1.0,173.0,173.0,-242875.11,0.91349759,0.20814767,4.0,15.0,0.0,242884.54,-5.7476187,0.011164154,0.078360543,0.21072379,-0.11384145,0.76824493,0.19354326,-11.233005,0.30299259,0.29924217,-0.38441172,0.026022525,0.45817348,0.21201695,0.29636993,-0.00050026919,0.00095455265,32165.93,7.9301945,0.038347104,0.3590429,-5.7467438,0.14868863,-5.6220443,1.4485872e-05,0.68901731,0.0031931614,0.0036172388,0.36504845,0.36504845,0.99802614,0.00070980772,1.2172669e-05,0.36577043,0.99802614,1.2361688,1.3449676,-253.93938,-47.479544,-0.8980649,0.49657808,0.49657808,0.49870621,0.49887161,0.49896836,0.49903701,0.49909026,7.7001119,7.7001119,7.8486324,7.8601749,7.8669271,7.871718,7.8754341
1.0,174.0,174.0,-242871.72,0.98125912,0.20814767,5.0,31.0,0.0,242882.33,-4.5308561,0.19249309,1.4086958,0.27719123,0.92937148,1.2069708,2.2348556,-9.9977856,0.28980783,-0.28609198,-0.45910348,0.60007651,0.061764238,-0.26578371,0.20094923,-0.011323637,0.00020292615,674529.73,7.6528801,0.0059346225,0.16136577,-4.2596919,2.6974054,-1.3046728,4.1880202e-05,0.65570767,0.014126655,0.27126127,22.025712,22.025712,0.99987517,0.0020521299,0.0006976574,22.028461,0.99987517,0.76660492,1.2225627,-249.62785,-46.438897,2.4836525,0.49646827,0.49646827,0.49712856,0.49716373,0.49718429,0.49719889,0.49721021,7.6172723,7.6172723,7.6508194,7.6526059,7.653651,7.6543924,7.6549676
1.0,175.0,175.0,-242872.69,0.89323475,0.20814767,4.0,15.0,0.0,242879.49,-3.5506777,0.23295601,0.8567052,0.85340046,0.73582735,1.8544558,0.87469886,-12.896747,0.62430936,-0.42006915,-0.63059843,0.20350681,-0.72509196,-0.50271125,-0.28799551,-0.0065382619,0.00049442367,203352.66,7.663927,0.0036181279,0.16468344,-3.3511031,1.6220903,-1.1010573,1.9280521e-06,0.45925045,0.035045674,0.33251931,24.741204,24.741204,0.999974,9.4474552e-05,0.00054882463,24.741847,0.999974,0.60488843,0.74976496,-249.42445,-48.427247,2.7149342,0.49665781,0.49665781,0.49828098,0.49836665,0.49841677,0.49845233,0.49847991,7.6422182,7.6422182,7.6628532,7.6639424,7.6645795,7.6650315,7.6653822
1.0,176.0,176.0,-242872.82,0.95460664,0.20814767,4.0,31.0,0.0,242880.89,-7.9517233,1.216186,0.061921984,0.068992256,-0.76614081,0.56860853,-0.28268576,-11.650199,0.065015629,-0.22359363,-0.51317854,0.3624478,0.90660794,-0.46157486,0.31470568,-0.0071797553,0.00024234178,22045.408,8.1779762,0.14164818,0.29953098,-7.8764146,-0.16073753,-8.09001,8.591513e-06,0.83145301,0.00037959159,0.00030658671,0.02313877,0.02313877,0.98209178,0.00042098413,9.461718e-07,0.023560701,0.98209178,0.63029025,1.3698561,-256.36709,-46.193151,-1.6460764,0.49736807,0.49736807,0.49774233,0.49778426,0.4978088,0.49782622,0.49783973,7.3280872,7.3280872,7.7081118,7.7506883,7.77561,7.7932967,7.8070176
1.0,177.0,177.0,-242872.57,0.98875596,0.20814767,4.0,31.0,0.0,242880.95,-7.0897699,0.85879252,1.1722153,0.4584971,1.1929081,1.0014246,0.89978007,-12.712382,0.032337019,-0.38259992,-0.24984812,0.63611835,0.79446513,-0.64824338,0.26499834,-0.010559074,0.00025854681,19538.679,8.1959836,0.15421367,0.46270116,-6.0830802,0.90106187,-4.6350734,2.9765244e-06,1.2911402,0.0022811396,0.0097053947,0.68873821,0.68873821,0.99972593,0.00014584969,4.2961663e-05,0.68892702,0.99972593,0.52296362,1.3034288,-252.9571,-45.915076,-3.9289898,0.4964673,0.4964673,0.49708463,0.49712942,0.49715563,0.49717422,0.49718865,7.2707016,7.2707016,7.9103769,7.9567975,7.9839524,8.0032193,8.0181642
1.0,178.0,178.0,-242876.83,0.95334907,0.20814767,4.0,15.0,0.0,242888.11,-9.7606188,0.54026414,-0.74965586,0.62195932,0.42029089,0.51477414,-1.4040969,-6.1824144,0.26045918,0.7078205,-1.1647999,0.40756702,-0.41781263,-0.42539614,0.74211992,-0.017116244,0.0011096158,40396.123,8.4044107,0.21951618,0.37121017,-10.165631,-0.72279275,-10.62702,0.0024835754,0.26313539,3.8470032e-05,2.4251795e-05,0.001853988,0.001853988,0.015005882,0.12169519,1.5702929e-06,0.12355075,0.015005882,0.65351085,2.1003835,-254.30895,-47.533943,-5.0841041,0.49188917,0.49188917,0.49406164,0.49425384,0.49436628,0.49444607,0.49450796,7.0873136,7.0873136,7.8340672,7.9001293,7.9387779,7.9662008,7.9874723
1.0,179.0,179.0,-242871.81,0.8564567,0.20814767,4.0,15.0,0.0,242881.16,-10.907138,0.6938147,0.428327,0.27651879,0.33481109,0.74050028,-1.2589578,-10.884526,0.13463916,-0.11443449,-0.83962208,0.34659299,-0.73037742,-0.42628429,-0.13889412,0.0024328152,0.0017688134,33463.158,8.407092,0.11791989,0.50114121,-10.609959,-0.9322586,-11.449636,1.8459465e-05,0.33528788,2.4669109e-05,1.0653354e-05,0.00081416222,0.00081416222,0.47370711,0.00090451378,2.7833857e-08,0.0017187038,0.47370711,0.6529307,0.87032017,-258.58588,-45.834757,-2.829831,0.49449916,0.49449916,0.49608458,0.49638491,0.49656212,0.49668829,0.49678633,7.6995726,7.6995726,7.8831982,7.9179809,7.9385051,7.9531172,7.9644723
1.0,180.0,180.0,-242873.85,0.59052125,0.20814767,4.0,15.0,0.0,242877.39,-7.099127,0.39488347,0.35624491,0.76534492,-1.3927421,0.6898977,0.40318814,-13.05543,0.18790729,-0.0081093701,-0.72970169,0.42825277,-2.3016278,-0.23814854,0.15486395,0.0023493763,0.002001703,73417.325,8.5153023,0.15466129,0.41734889,-6.9584518,0.27815857,-7.7462213,2.1351922e-06,0.17989532,0.00095056711,0.00043237325,0.035497669,0.035497669,0.99705264,0.00010462442,3.0935657e-07,0.035602603,0.99705264,0.78808562,1.1674991,-256.05098,-47.541877,-4.0120733,0.49367404,0.49367404,0.49697141,0.49731792,0.49752071,0.49766461,0.49777624,7.5873345,7.5873345,8.0299564,8.0764679,8.1036871,8.1230025,8.1379862
1.0,181.0,181.0,-242874.95,0.42857147,0.20814767,3.0,7.0,0.0,242881.7,-8.680945,0.35122848,-0.2013956,1.0244774,-1.263376,0.51336481,0.35315664,-13.30562,0.077255636,-0.022649561,-0.68281435,0.51733453,-2.892039,-0.22829423,0.21419563,-0.00078821707,0.001320604,59831.709,8.411783,0.14640277,0.28599778,-8.7516808,0.18129819,-9.8646828,1.6621982e-06,0.11315848,0.0001581952,5.1978373e-05,0.0042844413,0.0042844413,0.98133917,8.1447714e-05,2.3862794e-08,0.0043659128,0.98133917,0.79589005,1.238865,-258.05363,-45.887549,-1.2815544,0.49524188,0.49524188,0.49672777,0.49695477,0.49708801,0.49718268,0.49725616,7.5333664,7.5333664,7.8195434,7.8632612,7.888923,7.9071551,7.9213075
1.0,182.0,182.0,-242877.0,0.98406939,0.20814767,4.0,31.0,0.0,242888.67,-7.2450445,0.99398356,-0.17910169,0.1360266,-0.49877107,1.4146383,1.1925919,-9.5170025,0.65206916,-0.84226809,-0.73447736,0.28710486,2.3852851,-1.4280063,-0.2261304,-0.014512058,0.00092975771,14012.184,7.6898408,0.0051787896,0.21454404,-7.4230686,1.6870862,-5.8038285,4.2490945e-05,0.951562,0.0005973134,0.0030159858,0.1781574,0.1781574,0.98840296,0.0020820563,8.28416e-06,0.18024774,0.98840296,0.2397865,0.79761409,-254.11087,-46.704484,2.319109,0.49316114,0.49316114,0.49506932,0.49523039,0.49532461,0.49539147,0.49544333,7.658768,7.658768,7.6772344,7.6787931,7.6797049,7.6803519,7.6808538
1.0,183.0,183.0,-242874.19,0.95789175,0.20814767,4.0,15.0,0.0,242887.95,-8.5004827,0.86355314,0.796893,1.2838895,1.4216135,1.0352668,3.0918622,-12.448469,0.62981123,0.08404361,-0.37132161,0.23948767,-0.7373498,-0.63055448,-0.17979071,-0.0016732206,0.00075105708,109351.55,7.7324383,0.025433514,0.20866423,-7.8123232,3.2009021,-2.7862264,4.1370099e-06,0.57815817,0.0004047167,0.061653429,4.3993702,4.3993702,0.999926,0.00020271349,0.00012286232,4.3996957,0.999926,0.53229657,0.83544504,-251.10907,-49.978314,1.5853988,0.49698767,0.49698767,0.49912913,0.49925927,0.49933541,0.49938942,0.49943132,7.5798372,7.5798372,7.705815,7.7134712,7.7179498,7.7211274,7.7235922
1.0,184.0,184.0,-242875.79,0.99801085,0.20814767,4.0,31.0,0.0,242883.55,-4.9544086,0.49792207,-0.86684513,0.068879819,-0.78790738,0.43193979,-0.98196043,-8.6857447,0.38574023,-0.027530961,-1.3498097,0.55995481,2.0436505,0.023705694,0.26886539,-0.010818225,0.0001611773,29047.585,7.6719838,0.0046658892,0.16132858,-5.38603,-0.42414779,-5.8644487,0.00016719254,0.81427447,0.0045801205,0.0028385876,0.26117145,0.26117145,0.96954786,0.0081924346,1.0594286e-05,0.26937447,0.96954786,1.0239889,1.308479,-254.12822,-45.55411,2.7263978,0.4967388,0.4967388,0.49708581,0.49711374,0.49713007,0.49714166,0.49715066,7.6439884,7.6439884,7.6614399,7.6628443,7.6636658,7.6642488,7.6647009
1.0,185.0,185.0,-242871.63,0.94082213,0.20814767,5.0,31.0,0.0,242889.19,-3.7854694,1.0934515,0.17963124,0.2981995,1.2909591,0.70567073,1.0621832,-10.073506,0.3854757,-0.26402867,-0.43327435,0.41272102,-1.7659514,-1.1533174,0.2347571,-0.016670432,0.00033354845,110682.69,7.8440311,0.031950246,0.29913828,-3.5890514,0.74955159,-2.4545364,3.8100533e-05,0.31282242,0.027624524,0.085903011,5.3478661,5.3478661,0.99963592,0.0018669261,8.0833522e-05,5.3498139,0.99963592,0.31558809,1.2646016,-250.77705,-45.446237,0.010949595,0.49468056,0.49468056,0.49564782,0.49570561,0.49573942,0.49576341,0.49578202,7.6523296,7.6523296,7.8132994,7.8229173,7.8285434,7.8325353,7.8356316
1.0,186.0,186.0,-242875.8,0.94295913,0.20814767,5.0,31.0,0.0,242884.93,-4.6963282,1.2087371,1.4098821,0.35774663,-0.93846179,0.9846368,-1.0154429,-10.366792,0.33992989,1.5220035,0.37431542,0.51565477,-0.65298034,1.0830127,0.21472839,-0.016105578,6.1629613e-05,107703.72,7.7166274,0.011066186,0.34569462,-2.9921514,-0.99984247,-4.3277254,5.2777927e-05,1.0383189,0.050179364,0.013197532,2.283829,2.283829,0.99881883,0.0025861184,0.00011466936,2.2865298,0.99881883,2.9535644,1.2395252,-252.64626,-44.894924,0.14477865,0.49576085,0.49576085,0.49592647,0.49593715,0.4959434,0.49594783,0.49595127,7.6502303,7.6502303,7.7018979,7.7052291,7.7071778,7.7085604,7.7096328
1.0,187.0,187.0,-242875.23,0.95743073,0.20814767,5.0,31.0,0.0,242882.87,-9.0941091,0.31701915,-0.11652461,0.77135243,2.2176312,1.1648066,2.6181006,-12.940566,0.74832102,-0.9877369,-1.3726438,0.2465015,0.6682806,-0.59615273,-0.17196973,-0.018459478,0.001338508,25503.221,7.6627637,0.007545809,0.24903237,-9.1310497,3.0495808,-4.3708936,1.145453e-06,0.29882068,0.0001082519,0.012639941,0.91183191,0.91183191,0.99992402,5.6127198e-05,1.3161752e-05,0.9119012,0.99992402,0.55092713,0.84200466,-252.69328,-48.116441,1.6785302,0.49076314,0.49076314,0.49405226,0.49428416,0.49441982,0.49451607,0.49459073,7.6174888,7.6174888,7.6497077,7.6519791,7.6533078,7.6542506,7.6549818
1.0,188.0,188.0,-242877.79,0.83915986,0.20814767,4.0,15.0,0.0,242887.7,-1.2609185,0.054762448,0.056241373,0.74750194,1.6950888,0.73293975,2.9458532,-14.397245,0.39103517,0.11318351,-0.54833677,0.61414411,-1.3597776,-0.58611446,0.26095659,-0.013503616,6.9762615e-05,68250.109,7.6290196,0.035315979,0.20132871,-1.2578385,2.1591329,2.1683765,5.8422122e-07,0.25071556,0.2842678,8.7440767,632.82968,632.82968,0.99998784,2.862684e-05,0.0076635443,632.83737,0.99998784,0.55648533,1.2981713,-246.16716,-45.102443,-0.28534598,0.49638321,0.49638321,0.49666877,0.49668085,0.49668792,0.49669294,0.49669683,7.4171238,7.4171238,7.6682589,7.6788901,7.6851089,7.6895212,7.6929437
1.0,189.0,189.0,-242881.4,0.63658681,0.20814767,5.0,31.0,0.0,242891.52,-10.794838,0.0075530407,0.68570689,0.30907575,1.4985918,0.33831382,-0.57502828,-11.265014,0.63393965,-0.23723553,-0.055713142,0.1649554,0.085414078,-0.30712427,-0.20569729,-0.0094468542,6.0087751e-06,53678.547,7.8360723,0.086631605,0.33590349,-10.789659,-0.19454002,-10.52102,1.102432e-05,0.95923074,2.0611553e-05,2.6963663e-05,0.002154221,0.002154221,0.79947708,0.0005401917,1.2483856e-07,0.0026945376,0.79947708,0.73555919,0.81407947,-258.35931,-45.927034,-1.7955981,0.49761755,0.49761755,0.4976236,0.49762463,0.49762523,0.49762566,0.49762599,7.3162826,7.3162826,7.4677229,7.4934641,7.508606,7.519373,7.5277345
1.0,190.0,190.0,-242878.09,0.9999079,0.20814767,4.0,31.0,0.0,242889.07,-4.1446298,0.0048931746,-0.98455321,0.81629384,0.47165557,0.53211452,0.11849875,-13.353892,0.30172562,0.12899961,-1.3769101,0.21513369,1.0039403,-0.27041442,0.26698999,-0.011993426,3.2934082e-05,445074.16,7.9588787,0.10914365,0.42650194,-4.1494474,0.063054904,-3.701383,1.6496139e-06,0.31319519,0.01577313,0.024689358,2.0010392,2.0010392,0.99994448,8.0831079e-05,3.0272602e-05,2.0011503,0.99994448,0.7630632,1.3060274,-252.02404,-45.925617,-2.7449943,0.49688793,0.49688793,0.49697535,0.49698106,0.49698439,0.49698676,0.4969886,7.3040167,7.3040167,7.8072877,7.8401426,7.8593617,7.8729979,7.883575
1.0,191.0,191.0,-242874.28,0.97929714,0.20814767,4.0,31.0,0.0,242890.48,-9.4547623,1.7860887,0.91308114,0.60097388,-0.63004785,0.66559529,0.62750698,-6.051288,0.49560119,0.34036534,0.36077511,0.57831229,-1.0174618,-0.36953499,-0.36712216,-0.011883006,0.0002080522,156400.47,7.819803,0.010742786,0.21603273,-7.8239184,0.41766569,-7.784895,0.0027875212,0.79641447,0.00040005104,0.000415971,0.03245586,0.03245586,0.19198868,0.13658854,6.5028159e-06,0.1690509,0.19198868,0.6910556,0.69272501,-254.06463,-45.461677,1.2882783,0.49631073,0.49631073,0.49673443,0.49677047,0.49679156,0.49680652,0.49681812,7.7553463,7.7553463,7.7933535,7.7965867,7.7984782,7.7998203,7.8008613
1.0,192.0,192.0,-242875.0,0.97727469,0.20814767,4.0,15.0,0.0,242882.67,-8.5316822,0.16227467,-0.14076599,0.3090747,1.4586998,0.1365928,-0.006527488,-6.9894285,0.47435445,0.56288888,0.24669216,0.27489651,-1.6682754,-0.57255815,0.11993917,-0.015874805,0.00012580911,38862.258,7.8834701,0.026902098,0.23134098,-8.5545249,-0.00089160786,-8.1045693,0.0012036224,0.80903676,0.0001926713,0.00030215533,0.021964089,0.021964089,0.27134669,0.058977496,3.1630168e-06,0.080944749,0.27134669,0.56408059,1.1274283,-254.81753,-45.006145,0.78032159,0.49559688,0.49559688,0.49582994,0.49585173,0.49586447,0.49587352,0.49588054,7.7220575,7.7220575,7.8086349,7.8167297,7.8214657,7.8248263,7.827433
1.0,193.0,193.0,-242881.41,0.9915814,0.20814767,4.0,15.0,0.0,242890.93,-8.6667118,1.6612076,-1.4645704,0.55085027,-0.63281287,1.6155747,-1.2135935,-11.82664,0.61725034,-0.20576322,-0.57149815,0.055358486,0.18828714,-0.17155477,-0.80071154,-0.018718495,2.36991e-05,135442.61,7.7408646,0.0065773013,0.17225948,-11.099667,-1.9606509,-13.408903,6.4357185e-06,0.57059542,1.5117354e-05,1.5017142e-06,0.00012671296,0.00012671296,0.28663204,0.0003153502,1.2183558e-08,0.00044207534,0.28663204,0.84235413,0.44900936,-259.51908,-45.071672,2.6917362,0.49523867,0.49523867,0.49525232,0.49525612,0.49525842,0.49526007,0.49526136,7.7014008,7.7014008,7.7079843,7.7098181,7.7109259,7.7117221,7.712344
1.0,194.0,194.0,-242878.4,0.96886977,0.20814767,4.0,15.0,0.0,242887.45,-5.6573882,0.07782632,1.7067689,0.19615597,0.3716596,0.077350177,1.2575726,-9.4237658,0.34156882,-0.37936516,-0.53929171,0.80209601,-0.22595041,-0.064927628,0.67679559,0.0037587537,0.001401604,8464.8054,7.9228755,0.078552572,0.26282401,-5.5245566,0.097273464,-5.3543799,7.0963487e-05,0.48649647,0.0039876363,0.0047274,0.41771156,0.41771156,0.99172099,0.0034772108,9.897329e-06,0.42119867,0.99172099,0.93713528,1.9675627,-253.6612,-48.389247,-0.59328481,0.4960988,0.4960988,0.49927305,0.49951591,0.49965798,0.49975878,0.49983697,7.4515601,7.4515601,7.7606119,7.7842566,7.7980884,7.8079023,7.8155147
1.0,195.0,195.0,-242880.77,0.87213532,0.20814767,4.0,15.0,0.0,242889.36,-7.9735414,1.7693308,-0.90807645,0.70481802,0.29830205,1.6888604,-1.064281,-12.741112,0.3746492,-0.95740204,-0.47163278,0.24936158,-2.750728,-0.26274245,-0.678207,-0.005135391,0.00060962449,90918.306,7.6621991,0.0045185427,0.16689913,-9.580229,-1.797422,-11.167402,2.045635e-06,0.31425244,6.9081126e-05,1.4127287e-05,0.0011484845,0.0011484845,0.91971499,0.00010023611,1.8954201e-08,0.0012487396,0.91971499,0.76893991,0.50752617,-259.0491,-45.786501,2.6864442,0.49661064,0.49661064,0.49710998,0.49721271,0.49727353,0.49731688,0.49735059,7.6350878,7.6350878,7.6415177,7.6428405,7.6436235,7.6441817,7.6446158
1.0,196.0,196.0,-242880.16,0.90309079,0.20814767,4.0,15.0,0.0,242893.34,-9.857984,0.26289036,1.0305281,0.07720481,0.094173984,0.032432963,-0.081773607,-3.9350173,0.62723253,-1.6223187,-0.54231431,0.36216206,1.0104509,-0.24821486,-0.12392154,-0.014921931,0.00069927306,26418.481,7.8093373,0.0028193684,0.21727227,-9.5870681,-0.0026521604,-9.5824496,0.0070650984,0.83830997,6.8610286e-05,6.8927898e-05,0.0056361016,0.0056361016,0.016018926,0.34618982,1.4246035e-05,0.35184017,0.016018926,0.78019229,0.88344915,-253.26499,-45.865879,1.1744364,0.49385462,0.49385462,0.49540669,0.49552784,0.49559872,0.495649,0.49568801,7.7924211,7.7924211,7.8032931,7.8041417,7.8046382,7.8049904,7.8052636
1.0,197.0,197.0,-242875.43,0.76853762,0.20814767,4.0,31.0,0.0,242889.5,-3.6695587,1.6601702,0.30953025,0.49253715,-0.56658459,1.7733041,0.91768843,-6.6234234,0.47092812,-0.49191089,-1.076824,0.59570242,0.1466891,-0.7325953,0.19428474,-0.010587802,0.00083348851,197960.72,7.5460936,0.0054623679,0.24536569,-3.1556858,1.6273407,-1.8074091,0.0010540894,0.37178448,0.042609171,0.1640787,11.352231,11.352231,0.99545293,0.051650379,0.00020478845,11.404086,0.99545293,0.48065992,1.214442,-250.12412,-47.305853,0.66877452,0.49447451,0.49447451,0.49704931,0.49719373,0.49727822,0.49733816,0.49738466,7.5133194,7.5133194,7.5426351,7.5442795,7.5452413,7.5459238,7.5464532
1.0,198.0,198.0,-242875.22,1.0,0.20814767,4.0,15.0,0.0,242883.24,-7.0682986,0.43932243,1.5621104,0.28838224,1.4406547,1.0466366,1.9748354,-16.417594,0.083416247,0.32394762,-0.78365962,0.18738078,-0.1584795,0.13376267,-0.16633701,-0.013242134,0.00016863765,40405.882,7.6076876,0.035741491,0.18859437,-6.3820285,2.0669349,-3.8996343,7.6149164e-08,0.44336779,0.0016916879,0.020249315,1.9644084,1.9644084,0.99997669,3.731309e-06,4.206862e-05,1.9644542,0.99997669,1.1431215,0.84676082,-252.2223,-45.158645,-1.2548446,0.49610709,0.49610709,0.49655391,0.49658313,0.49660022,0.49661235,0.49662176,7.3932387,7.3932387,7.5577584,7.5685175,7.5748112,7.5792767,7.5827404
1.0,199.0,199.0,-242874.97,0.55529621,0.20814767,4.0,15.0,0.0,242892.87,-7.7268574,0.32834873,1.4933677,0.32015277,1.2898364,2.5718173,2.411308,-16.224962,0.082877657,0.1005373,-0.80370268,0.21273608,0.2958702,-0.015896968,-0.27601168,-0.011970524,0.0001193471,54676.76,7.6629915,0.022646555,0.17324177,-7.236512,6.2014437,-0.62212364,9.0616509e-08,0.47675125,0.00071981811,0.53680325,48.493521,48.493521,0.99997688,4.440209e-06,0.0011167016,48.494642,0.99997688,0.98422872,0.75880406,-248.946,-45.348518,1.2229947,0.49659521,0.49659521,0.49700709,0.49702778,0.49703987,0.49704846,0.49705511,7.5271122,7.5271122,7.6628894,7.6697067,7.6736945,7.6765239,7.6787186
1.0,200.0,200.0,-242881.37,0.081682919,0.20814767,4.0,15.0,0.0,242894.49,-9.1967867,0.084756776,0.72884333,0.21985288,1.9608701,0.27111476,2.2248849,-17.547214,0.073404444,-0.44710367,-0.35266548,0.25192651,0.72973945,0.11757284,-0.21438952,-0.020512878,5.6634185e-05,45366.866,7.8824519,0.063559895,0.26290993,-9.1350122,0.60319913,-8.1007102,2.3178681e-08,0.8446569,0.00010782379,0.00030332365,0.029191889,0.029191889,0.9999203,1.1357554e-06,1.1910252e-06,0.029194216,0.9999203,1.1247636,0.80703397,-256.40465,-45.311038,0.5305665,0.49467637,0.49467637,0.49476686,0.49477666,0.4947824,0.49478647,0.49478962,7.5010926,7.5010926,7.6775228,7.6966331,7.7078178,7.715755,7.7219124
