{
  "type": "FeatureCollection",
  "features": [
    {
      "type": "Feature",
      "properties": {
        "kind": "hull_outline",
        "platform_id": "spirit_cruise_3000"
      },
      "geometry": {
        "type": "Polygon",
        "coordinates": [
          [
            [
              5.8,
              18.0
            ],
            [
              23.2,
              6.4799999999999995
            ],
            [
              63.8,
              2.16
            ],
            [
              159.5,
              1.44
            ],
            [
              237.79999999999998,
              2.88
            ],
            [
              278.4,
              7.92
            ],
            [
              287.1,
              18.0
            ],
            [
              278.4,
              28.080000000000002
            ],
            [
              237.79999999999998,
              33.120000000000005
            ],
            [
              159.5,
              34.56
            ],
            [
              63.8,
              33.839999999999996
            ],
            [
              23.2,
              29.52
            ],
            [
              5.8,
              18.0
            ]
          ]
        ]
      }
    },
    {
      "type": "Feature",
      "properties": {
        "kind": "hull_waterline",
        "platform_id": "spirit_cruise_3000"
      },
      "geometry": {
        "type": "Polygon",
        "coordinates": [
          [
            [
              17.458,
              18.0
            ],
            [
              33.46599999999998,
              7.4016
            ],
            [
              70.818,
              3.427199999999999
            ],
            [
              158.862,
              2.764800000000001
            ],
            [
              230.89799999999997,
              4.089599999999999
            ],
            [
              268.25,
              8.7264
            ],
            [
              276.254,
              18.0
            ],
            [
              268.25,
              27.273600000000002
            ],
            [
              230.89799999999997,
              31.910400000000003
            ],
            [
              158.862,
              33.235200000000006
            ],
            [
              70.818,
              32.5728
            ],
            [
              33.46599999999998,
              28.598399999999998
            ],
            [
              17.458,
              18.0
            ]
          ]
        ]
      }
    },
    {
      "type": "Feature",
      "properties": {
        "kind": "compartment",
        "zone_id": "MainDining_L",
        "deck": "4_Main",
        "room_type": "Dining"
      },
      "geometry": {
        "type": "Polygon",
        "coordinates": [
          [
            [
              49.30129142857143,
              21.624000000000002
            ],
            [
              65.45585142857144,
              21.624000000000002
            ],
            [
              68.39857142857143,
              24.566720000000004
            ],
            [
              68.39857142857143,
              32.05728
            ],
            [
              65.45585142857144,
              35.0
            ],
            [
              49.30129142857143,
              35.0
            ],
            [
              46.35857142857144,
              32.05728
            ],
            [
              46.35857142857144,
              24.566720000000004
            ],
            [
              49.30129142857143,
              21.624000000000002
            ]
          ]
        ]
      }
    },
    {
      "type": "Feature",
      "properties": {
        "kind": "compartment",
        "zone_id": "MainGalley",
        "deck": "4_Main",
        "room_type": "Dining"
      },
      "geometry": {
        "type": "Polygon",
        "coordinates": [
          [
            [
              3.439974525768661,
              23.909206701051545
            ],
            [
              16.834628069089593,
              23.909206701051545
            ],
            [
              19.274602594858255,
              26.349181226820203
            ],
            [
              19.274602594858255,
              32.56002547423134
            ],
            [
              16.834628069089593,
              35.0
            ],
            [
              3.439974525768661,
              35.0
            ],
            [
              1.0,
              32.56002547423134
            ],
            [
              1.0,
              26.349181226820203
            ],
            [
              3.439974525768661,
              23.909206701051545
            ]
          ]
        ]
      }
    },
    {
      "type": "Feature",
      "properties": {
        "kind": "compartment",
        "zone_id": "MainTheater",
        "deck": "4_Main",
        "room_type": "Free"
      },
      "geometry": {
        "type": "Polygon",
        "coordinates": [
          [
            [
              265.63379783704676,
              1.0
            ],
            [
              284.15264159361,
              1.0
            ],
            [
              289.0,
              5.847358406390022
            ],
            [
              289.0,
              18.1860888953828
            ],
            [
              284.15264159361,
              23.03344730177282
            ],
            [
              265.63379783704676,
              23.03344730177282
            ],
            [
              260.78643943065674,
              18.1860888953828
            ],
            [
              260.78643943065674,
              5.847358406390022
            ],
            [
              265.63379783704676,
              1.0
            ]
          ]
        ]
      }
    },
    {
      "type": "Feature",
      "properties": {
        "kind": "compartment",
        "zone_id": "Reception",
        "deck": "4_Main",
        "room_type": "Free"
      },
      "geometry": {
        "type": "Polygon",
        "coordinates": [
          [
            [
              140.10037448516726,
              23.340995582812397
            ],
            [
              149.89962551483274,
              23.340995582812397
            ],
            [
              152.464606486614,
              25.905976554593675
            ],
            [
              152.464606486614,
              32.435019028218726
            ],
            [
              149.89962551483274,
              35.0
            ],
            [
              140.10037448516726,
              35.0
            ],
            [
              137.535393513386,
              32.435019028218726
            ],
            [
              137.535393513386,
              25.905976554593675
            ],
            [
              140.10037448516726,
              23.340995582812397
            ]
          ]
        ]
      }
    },
    {
      "type": "Feature",
      "properties": {
        "kind": "compartment",
        "zone_id": "HD_4M_M_1",
        "deck": "4_Main",
        "room_type": "Sanitary"
      },
      "geometry": {
        "type": "Polygon",
        "coordinates": [
          [
            [
              116.63661299863023,
              1.302788775936
            ],
            [
              118.88443245137393,
              1.302788775936
            ],
            [
              119.47280538996208,
              1.8911617145241597
            ],
            [
              119.47280538996208,
              3.388838285475839
            ],
            [
              118.88443245137393,
              3.977211224063999
            ],
            [
              116.63661299863023,
              3.977211224063999
            ],
            [
              116.04824006004208,
              3.388838285475839
            ],
            [
              116.04824006004208,
              1.8911617145241597
            ],
            [
              116.63661299863023,
              1.302788775936
            ]
          ]
        ]
      }
    },
    {
      "type": "Feature",
      "properties": {
        "kind": "compartment",
        "zone_id": "HD_4M_M_2",
        "deck": "4_Main",
        "room_type": "Sanitary"
      },
      "geometry": {
        "type": "Polygon",
        "coordinates": [
          [
            [
              127.30485326291183,
              1.302788775936
            ],
            [
              129.55267271565552,
              1.302788775936
            ],
            [
              130.14104565424367,
              1.8911617145241597
            ],
            [
              130.14104565424367,
              3.388838285475839
            ],
            [
              129.55267271565552,
              3.977211224063999
            ],
            [
              127.30485326291183,
              3.977211224063999
            ],
            [
              126.71648032432368,
              3.388838285475839
            ],
            [
              126.71648032432368,
              1.8911617145241597
            ],
            [
              127.30485326291183,
              1.302788775936
            ]
          ]
        ]
      }
    },
    {
      "type": "Feature",
      "properties": {
        "kind": "compartment",
        "zone_id": "HD_4M_F_1",
        "deck": "4_Main",
        "room_type": "Sanitary"
      },
      "geometry": {
        "type": "Polygon",
        "coordinates": [
          [
            [
              120.28080794929144,
              1.3899999999999995
            ],
            [
              122.35239835694003,
              1.3899999999999995
            ],
            [
              122.89464285714287,
              1.9399999999999995
            ],
            [
              122.89464285714287,
              3.3399999999999994
            ],
            [
              122.35239835694003,
              3.8899999999999997
            ],
            [
              120.28080794929144,
              3.8899999999999997
            ],
            [
              119.7385634490886,
              3.3399999999999994
            ],
            [
              119.7385634490886,
              1.9399999999999995
            ],
            [
              120.28080794929144,
              1.3899999999999995
            ]
          ]
        ]
      }
    },
    {
      "type": "Feature",
      "properties": {
        "kind": "compartment",
        "zone_id": "HD_4M_F_2",
        "deck": "4_Main",
        "room_type": "Sanitary"
      },
      "geometry": {
        "type": "Polygon",
        "coordinates": [
          [
            [
              123.83688735734572,
              1.3899999999999995
            ],
            [
              125.9084777649943,
              1.3899999999999995
            ],
            [
              126.45072226519714,
              1.9399999999999995
            ],
            [
              126.45072226519714,
              3.3399999999999994
            ],
            [
              125.9084777649943,
              3.8899999999999997
            ],
            [
              123.83688735734572,
              3.8899999999999997
            ],
            [
              123.29464285714288,
              3.3399999999999994
            ],
            [
              123.29464285714288,
              1.9399999999999995
            ],
            [
              123.83688735734572,
              1.3899999999999995
            ]
          ]
        ]
      }
    },
    {
      "type": "Feature",
      "properties": {
        "kind": "compartment",
        "zone_id": "MainDining_U",
        "deck": "5_Lounge",
        "room_type": "Dining"
      },
      "geometry": {
        "type": "Polygon",
        "coordinates": [
          [
            [
              3.942719999999998,
              21.624000000000002
            ],
            [
              20.097279999999998,
              21.624000000000002
            ],
            [
              23.04,
              24.566720000000004
            ],
            [
              23.04,
              32.05728
            ],
            [
              20.097279999999998,
              35.0
            ],
            [
              3.942719999999998,
              35.0
            ],
            [
              0.9999999999999982,
              32.05728
            ],
            [
              0.9999999999999982,
              24.566720000000004
            ],
            [
              3.942719999999998,
              21.624000000000002
            ]
          ]
        ]
      }
    },
    {
      "type": "Feature",
      "properties": {
        "kind": "compartment",
        "zone_id": "SpecialtyA",
        "deck": "5_Lounge",
        "room_type": "Dining"
      },
      "geometry": {
        "type": "Polygon",
        "coordinates": [
          [
            [
              146.6741982028698,
              28.743948849313966
            ],
            [
              154.2298017971302,
              28.743948849313966
            ],
            [
              155.6061330502811,
              30.120280102464893
            ],
            [
              155.6061330502811,
              33.62366874684907
            ],
            [
              154.2298017971302,
              34.99999999999999
            ],
            [
              146.6741982028698,
              34.99999999999999
            ],
            [
              145.2978669497189,
              33.62366874684907
            ],
            [
              145.2978669497189,
              30.120280102464893
            ],
            [
              146.6741982028698,
              28.743948849313966
            ]
          ]
        ]
      }
    },
    {
      "type": "Feature",
      "properties": {
        "kind": "compartment",
        "zone_id": "SpecialtyB",
        "deck": "5_Lounge",
        "room_type": "Dining"
      },
      "geometry": {
        "type": "Polygon",
        "coordinates": [
          [
            [
              190.29019820286985,
              28.743948849313966
            ],
            [
              197.84580179713018,
              28.743948849313966
            ],
            [
              199.22213305028112,
              30.120280102464893
            ],
            [
              199.22213305028112,
              33.62366874684907
            ],
            [
              197.84580179713018,
              34.99999999999999
            ],
            [
              190.29019820286985,
              34.99999999999999
            ],
            [
              188.9138669497189,
              33.62366874684907
            ],
            [
              188.9138669497189,
              30.120280102464893
            ],
            [
              190.29019820286985,
              28.743948849313966
            ]
          ]
        ]
      }
    },
    {
      "type": "Feature",
      "properties": {
        "kind": "compartment",
        "zone_id": "Promenade",
        "deck": "5_Lounge",
        "room_type": "Free"
      },
      "geometry": {
        "type": "Polygon",
        "coordinates": [
          [
            [
              89.93120877896925,
              20.7206941345176
            ],
            [
              101.93279122103078,
              20.7206941345176
            ],
            [
              105.07423851143692,
              23.86214142492373
            ],
            [
              105.07423851143692,
              31.85855270959387
            ],
            [
              101.93279122103078,
              35.0
            ],
            [
              89.93120877896925,
              35.0
            ],
            [
              86.78976148856312,
              31.85855270959387
            ],
            [
              86.78976148856312,
              23.86214142492373
            ],
            [
              89.93120877896925,
              20.7206941345176
            ]
          ]
        ]
      }
    },
    {
      "type": "Feature",
      "properties": {
        "kind": "compartment",
        "zone_id": "PhotoShops",
        "deck": "5_Lounge",
        "room_type": "Free"
      },
      "geometry": {
        "type": "Polygon",
        "coordinates": [
          [
            [
              278.09244217162035,
              27.367389961487618
            ],
            [
              284.5075578283797,
              27.367389961487618
            ],
            [
              286.18673203685245,
              29.046564169960337
            ],
            [
              286.18673203685245,
              33.32082579152727
            ],
            [
              284.5075578283797,
              35.0
            ],
            [
              278.09244217162035,
              35.0
            ],
            [
              276.4132679631476,
              33.32082579152727
            ],
            [
              276.4132679631476,
              29.046564169960337
            ],
            [
              278.09244217162035,
              27.367389961487618
            ]
          ]
        ]
      }
    },
    {
      "type": "Feature",
      "properties": {
        "kind": "compartment",
        "zone_id": "HD_5L_M",
        "deck": "5_Lounge",
        "room_type": "Sanitary"
      },
      "geometry": {
        "type": "Polygon",
        "coordinates": [
          [
            [
              140.95558429759998,
              1.1890329599999998
            ],
            [
              143.39462450239998,
              1.1890329599999998
            ],
            [
              144.03304999999997,
              1.8274584575999997
            ],
            [
              144.03304999999997,
              3.452541542399999
            ],
            [
              143.39462450239998,
              4.090967039999999
            ],
            [
              140.95558429759998,
              4.090967039999999
            ],
            [
              140.3171588,
              3.452541542399999
            ],
            [
              140.3171588,
              1.8274584575999997
            ],
            [
              140.95558429759998,
              1.1890329599999998
            ]
          ]
        ]
      }
    },
    {
      "type": "Feature",
      "properties": {
        "kind": "compartment",
        "zone_id": "HD_5L_F_1",
        "deck": "5_Lounge",
        "room_type": "Sanitary"
      },
      "geometry": {
        "type": "Polygon",
        "coordinates": [
          [
            [
              148.8493143856,
              1.1890329599999998
            ],
            [
              151.2883545904,
              1.1890329599999998
            ],
            [
              151.926780088,
              1.8274584575999997
            ],
            [
              151.926780088,
              3.452541542399999
            ],
            [
              151.2883545904,
              4.090967039999999
            ],
            [
              148.8493143856,
              4.090967039999999
            ],
            [
              148.210888888,
              3.452541542399999
            ],
            [
              148.210888888,
              1.8274584575999997
            ],
            [
              148.8493143856,
              1.1890329599999998
            ]
          ]
        ]
      }
    },
    {
      "type": "Feature",
      "properties": {
        "kind": "compartment",
        "zone_id": "HD_5L_F_2",
        "deck": "5_Lounge",
        "room_type": "Sanitary"
      },
      "geometry": {
        "type": "Polygon",
        "coordinates": [
          [
            [
              144.856521813696,
              1.2470716415999998
            ],
            [
              147.198000410304,
              1.2470716415999998
            ],
            [
              147.810888888,
              1.8599601192959996
            ],
            [
              147.810888888,
              3.4200398807039996
            ],
            [
              147.198000410304,
              4.0329283583999995
            ],
            [
              144.856521813696,
              4.0329283583999995
            ],
            [
              144.243633336,
              3.4200398807039996
            ],
            [
              144.243633336,
              1.8599601192959996
            ],
            [
              144.856521813696,
              1.2470716415999998
            ]
          ]
        ]
      }
    },
    {
      "type": "Feature",
      "properties": {
        "kind": "compartment",
        "zone_id": "LidoBuffet",
        "deck": "10_Lido",
        "room_type": "Dining"
      },
      "geometry": {
        "type": "Polygon",
        "coordinates": [
          [
            [
              3.7526625063018546,
              22.48789769862794
            ],
            [
              18.86386969482256,
              22.48789769862794
            ],
            [
              21.61653220112442,
              25.24056020492979
            ],
            [
              21.61653220112442,
              32.247337493698154
            ],
            [
              18.86386969482256,
              35.0
            ],
            [
              3.7526625063018546,
              35.0
            ],
            [
              0.9999999999999982,
              32.247337493698154
            ],
            [
              0.9999999999999982,
              25.24056020492979
            ],
            [
              3.7526625063018546,
              22.48789769862794
            ]
          ]
        ]
      }
    },
    {
      "type": "Feature",
      "properties": {
        "kind": "compartment",
        "zone_id": "PizzaGrill",
        "deck": "10_Lido",
        "room_type": "Dining"
      },
      "geometry": {
        "type": "Polygon",
        "coordinates": [
          [
            [
              140.86162547585647,
              28.14683932772622
            ],
            [
              149.13837452414353,
              28.14683932772622
            ],
            [
              150.64606987204374,
              29.65453467562645
            ],
            [
              150.64606987204374,
              33.49230465209977
            ],
            [
              149.13837452414353,
              35.0
            ],
            [
              140.86162547585647,
              35.0
            ],
            [
              139.35393012795626,
              33.49230465209977
            ],
            [
              139.35393012795626,
              29.65453467562645
            ],
            [
              140.86162547585647,
              28.14683932772622
            ]
          ]
        ]
      }
    },
    {
      "type": "Feature",
      "properties": {
        "kind": "compartment",
        "zone_id": "MainPool",
        "deck": "10_Lido",
        "room_type": "Free"
      },
      "geometry": {
        "type": "Polygon",
        "coordinates": [
          [
            [
              272.8114202695357,
              19.734779922975235
            ],
            [
              285.64165158305457,
              19.734779922975235
            ],
            [
              289.0,
              23.09312833992069
            ],
            [
              289.0,
              31.641651583054546
            ],
            [
              285.64165158305457,
              35.0
            ],
            [
              272.8114202695357,
              35.0
            ],
            [
              269.45307185259026,
              31.641651583054546
            ],
            [
              269.45307185259026,
              23.09312833992069
            ],
            [
              272.8114202695357,
              19.734779922975235
            ]
          ]
        ]
      }
    },
    {
      "type": "Feature",
      "properties": {
        "kind": "compartment",
        "zone_id": "HD_10L_M",
        "deck": "10_Lido",
        "room_type": "Sanitary"
      },
      "geometry": {
        "type": "Polygon",
        "coordinates": [
          [
            [
              139.8651842976,
              1.1890329599999998
            ],
            [
              142.3042245024,
              1.1890329599999998
            ],
            [
              142.94265,
              1.8274584575999997
            ],
            [
              142.94265,
              3.452541542399999
            ],
            [
              142.3042245024,
              4.090967039999999
            ],
            [
              139.8651842976,
              4.090967039999999
            ],
            [
              139.2267588,
              3.452541542399999
            ],
            [
              139.2267588,
              1.8274584575999997
            ],
            [
              139.8651842976,
              1.1890329599999998
            ]
          ]
        ]
      }
    },
    {
      "type": "Feature",
      "properties": {
        "kind": "compartment",
        "zone_id": "HD_10L_F_1",
        "deck": "10_Lido",
        "room_type": "Sanitary"
      },
      "geometry": {
        "type": "Polygon",
        "coordinates": [
          [
            [
              147.7589143856,
              1.1890329599999998
            ],
            [
              150.1979545904,
              1.1890329599999998
            ],
            [
              150.836380088,
              1.8274584575999997
            ],
            [
              150.836380088,
              3.452541542399999
            ],
            [
              150.1979545904,
              4.090967039999999
            ],
            [
              147.7589143856,
              4.090967039999999
            ],
            [
              147.120488888,
              3.452541542399999
            ],
            [
              147.120488888,
              1.8274584575999997
            ],
            [
              147.7589143856,
              1.1890329599999998
            ]
          ]
        ]
      }
    },
    {
      "type": "Feature",
      "properties": {
        "kind": "compartment",
        "zone_id": "HD_10L_F_2",
        "deck": "10_Lido",
        "room_type": "Sanitary"
      },
      "geometry": {
        "type": "Polygon",
        "coordinates": [
          [
            [
              143.766121813696,
              1.2470716415999998
            ],
            [
              146.107600410304,
              1.2470716415999998
            ],
            [
              146.720488888,
              1.8599601192959996
            ],
            [
              146.720488888,
              3.4200398807039996
            ],
            [
              146.107600410304,
              4.0329283583999995
            ],
            [
              143.766121813696,
              4.0329283583999995
            ],
            [
              143.153233336,
              3.4200398807039996
            ],
            [
              143.153233336,
              1.8599601192959996
            ],
            [
              143.766121813696,
              1.2470716415999998
            ]
          ]
        ]
      }
    },
    {
      "type": "Feature",
      "properties": {
        "kind": "compartment",
        "zone_id": "SpecialtyC",
        "deck": "11_Spa",
        "room_type": "Dining"
      },
      "geometry": {
        "type": "Polygon",
        "coordinates": [
          [
            [
              4.922198202869821,
              28.743948849313966
            ],
            [
              12.477801797130176,
              28.743948849313966
            ],
            [
              13.854133050281103,
              30.120280102464893
            ],
            [
              13.854133050281103,
              33.62366874684907
            ],
            [
              12.477801797130176,
              34.99999999999999
            ],
            [
              4.922198202869821,
              34.99999999999999
            ],
            [
              3.545866949718895,
              33.62366874684907
            ],
            [
              3.545866949718895,
              30.120280102464893
            ],
            [
              4.922198202869821,
              28.743948849313966
            ]
          ]
        ]
      }
    },
    {
      "type": "Feature",
      "properties": {
        "kind": "compartment",
        "zone_id": "SpaFit",
        "deck": "11_Spa",
        "room_type": "Free"
      },
      "geometry": {
        "type": "Polygon",
        "coordinates": [
          [
            [
              125.61235539067995,
              24.903005991880555
            ],
            [
              134.0987557204311,
              24.903005991880555
            ],
            [
              136.32009440221736,
              27.12434467366683
            ],
            [
              136.32009440221736,
              32.77866131821372
            ],
            [
              134.0987557204311,
              35.0
            ],
            [
              125.61235539067995,
              35.0
            ],
            [
              123.3910167088937,
              32.77866131821372
            ],
            [
              123.3910167088937,
              27.12434467366683
            ],
            [
              125.61235539067995,
              24.903005991880555
            ]
          ]
        ]
      }
    },
    {
      "type": "Feature",
      "properties": {
        "kind": "compartment",
        "zone_id": "KidsClub",
        "deck": "11_Spa",
        "room_type": "Free"
      },
      "geometry": {
        "type": "Polygon",
        "coordinates": [
          [
            [
              217.72182661170683,
              27.8603470672588
            ],
            [
              223.72261783273763,
              27.8603470672588
            ],
            [
              225.2933414779407,
              29.43107071246186
            ],
            [
              225.2933414779407,
              33.42927635479693
            ],
            [
              223.72261783273763,
              35.0
            ],
            [
              217.72182661170683,
              35.0
            ],
            [
              216.15110296650377,
              33.42927635479693
            ],
            [
              216.15110296650377,
              29.43107071246186
            ],
            [
              217.72182661170683,
              27.8603470672588
            ]
          ]
        ]
      }
    },
    {
      "type": "Feature",
      "properties": {
        "kind": "compartment",
        "zone_id": "TeenZone",
        "deck": "11_Spa",
        "room_type": "Free"
      },
      "geometry": {
        "type": "Polygon",
        "coordinates": [
          [
            [
              278.6163645821983,
              28.61410028265398
            ],
            [
              283.98363541780174,
              28.61410028265398
            ],
            [
              285.3885333556179,
              30.0189982204701
            ],
            [
              285.3885333556179,
              33.59510206218387
            ],
            [
              283.98363541780174,
              35.0
            ],
            [
              278.6163645821983,
              35.0
            ],
            [
              277.21146664438214,
              33.59510206218387
            ],
            [
              277.21146664438214,
              30.0189982204701
            ],
            [
              278.6163645821983,
              28.61410028265398
            ]
          ]
        ]
      }
    },
    {
      "type": "Feature",
      "properties": {
        "kind": "compartment",
        "zone_id": "HD_11S_M",
        "deck": "11_Spa",
        "room_type": "Sanitary"
      },
      "geometry": {
        "type": "Polygon",
        "coordinates": [
          [
            [
              156.73875100444445,
              1.1285759999999998
            ],
            [
              159.27941788444446,
              1.1285759999999998
            ],
            [
              159.94444444444446,
              1.7936025599999996
            ],
            [
              159.94444444444446,
              3.4863974399999993
            ],
            [
              159.27941788444446,
              4.151424
            ],
            [
              156.73875100444445,
              4.151424
            ],
            [
              156.07372444444445,
              3.4863974399999993
            ],
            [
              156.07372444444445,
              1.7936025599999996
            ],
            [
              156.73875100444445,
              1.1285759999999998
            ]
          ]
        ]
      }
    },
    {
      "type": "Feature",
      "properties": {
        "kind": "compartment",
        "zone_id": "HD_11S_F",
        "deck": "11_Spa",
        "room_type": "Sanitary"
      },
      "geometry": {
        "type": "Polygon",
        "coordinates": [
          [
            [
              161.00947100444444,
              1.1285759999999998
            ],
            [
              163.55013788444444,
              1.1285759999999998
            ],
            [
              164.21516444444444,
              1.7936025599999996
            ],
            [
              164.21516444444444,
              3.4863974399999993
            ],
            [
              163.55013788444444,
              4.151424
            ],
            [
              161.00947100444444,
              4.151424
            ],
            [
              160.34444444444443,
              3.4863974399999993
            ],
            [
              160.34444444444443,
              1.7936025599999996
            ],
            [
              161.00947100444444,
              1.1285759999999998
            ]
          ]
        ]
      }
    },
    {
      "type": "Feature",
      "properties": {
        "kind": "compartment",
        "zone_id": "CrewMessMain",
        "deck": "1_Crew",
        "room_type": "Dining"
      },
      "geometry": {
        "type": "Polygon",
        "coordinates": [
          [
            [
              3.20704,
              24.968000000000004
            ],
            [
              15.322960000000002,
              24.968000000000004
            ],
            [
              17.53,
              27.175040000000003
            ],
            [
              17.53,
              32.79296000000001
            ],
            [
              15.322960000000002,
              35.00000000000001
            ],
            [
              3.20704,
              35.00000000000001
            ],
            [
              1.0,
              32.79296000000001
            ],
            [
              1.0,
              27.175040000000003
            ],
            [
              3.20704,
              24.968000000000004
            ]
          ]
        ]
      }
    },
    {
      "type": "Feature",
      "properties": {
        "kind": "compartment",
        "zone_id": "Laundry",
        "deck": "1_Crew",
        "room_type": "Free"
      },
      "geometry": {
        "type": "Polygon",
        "coordinates": [
          [
            [
              110.59468485023913,
              29.170497791406202
            ],
            [
              115.4943103650719,
              29.170497791406202
            ],
            [
              116.77680085096252,
              30.452988277296836
            ],
            [
              116.77680085096252,
              33.717509514109366
            ],
            [
              115.4943103650719,
              35.0
            ],
            [
              110.59468485023913,
              35.0
            ],
            [
              109.31219436434851,
              33.717509514109366
            ],
            [
              109.31219436434851,
              30.452988277296836
            ],
            [
              110.59468485023913,
              29.170497791406202
            ]
          ]
        ]
      }
    },
    {
      "type": "Feature",
      "properties": {
        "kind": "compartment",
        "zone_id": "CC_D1_F",
        "deck": "1_Crew",
        "room_type": "Cabin_Corridor"
      },
      "geometry": {
        "type": "Polygon",
        "coordinates": [
          [
            [
              195.42760774663932,
              30.680000000000003
            ],
            [
              210.65564584187743,
              30.680000000000003
            ],
            [
              214.64162679425837,
              31.6304
            ],
            [
              214.64162679425837,
              34.0496
            ],
            [
              210.65564584187743,
              35.0
            ],
            [
              195.42760774663932,
              35.0
            ],
            [
              191.44162679425838,
              34.0496
            ],
            [
              191.44162679425838,
              31.6304
            ],
            [
              195.42760774663932,
              30.680000000000003
            ]
          ]
        ]
      }
    },
    {
      "type": "Feature",
      "properties": {
        "kind": "compartment",
        "zone_id": "CC_D1_M",
        "deck": "1_Crew",
        "room_type": "Cabin_Corridor"
      },
      "geometry": {
        "type": "Polygon",
        "coordinates": [
          [
            [
              234.55679434951014,
              30.680000000000003
            ],
            [
              249.78483244474825,
              30.680000000000003
            ],
            [
              253.7708133971292,
              31.6304
            ],
            [
              253.7708133971292,
              34.0496
            ],
            [
              249.78483244474825,
              35.0
            ],
            [
              234.55679434951014,
              35.0
            ],
            [
              230.5708133971292,
              34.0496
            ],
            [
              230.5708133971292,
              31.6304
            ],
            [
              234.55679434951014,
              30.680000000000003
            ]
          ]
        ]
      }
    },
    {
      "type": "Feature",
      "properties": {
        "kind": "compartment",
        "zone_id": "CC_D1_A",
        "deck": "1_Crew",
        "room_type": "Cabin_Corridor"
      },
      "geometry": {
        "type": "Polygon",
        "coordinates": [
          [
            [
              269.785980952381,
              30.680000000000003
            ],
            [
              285.01401904761894,
              30.680000000000003
            ],
            [
              289.0,
              31.6304
            ],
            [
              289.0,
              34.0496
            ],
            [
              285.01401904761894,
              35.0
            ],
            [
              269.785980952381,
              35.0
            ],
            [
              265.79999999999995,
              34.0496
            ],
            [
              265.79999999999995,
              31.6304
            ],
            [
              269.785980952381,
              30.680000000000003
            ]
          ]
        ]
      }
    },
    {
      "type": "Feature",
      "properties": {
        "kind": "compartment",
        "zone_id": "HD_1C_M",
        "deck": "1_Crew",
        "room_type": "Sanitary"
      },
      "geometry": {
        "type": "Polygon",
        "coordinates": [
          [
            [
              57.46655536382776,
              1.1285759999999998
            ],
            [
              60.00722224382776,
              1.1285759999999998
            ],
            [
              60.67224880382776,
              1.7936025599999996
            ],
            [
              60.67224880382776,
              3.4863974399999993
            ],
            [
              60.00722224382776,
              4.151424
            ],
            [
              57.46655536382776,
              4.151424
            ],
            [
              56.80152880382776,
              3.4863974399999993
            ],
            [
              56.80152880382776,
              1.7936025599999996
            ],
            [
              57.46655536382776,
              1.1285759999999998
            ]
          ]
        ]
      }
    },
    {
      "type": "Feature",
      "properties": {
        "kind": "compartment",
        "zone_id": "HD_1C_F",
        "deck": "1_Crew",
        "room_type": "Sanitary"
      },
      "geometry": {
        "type": "Polygon",
        "coordinates": [
          [
            [
              61.737275363827756,
              1.1285759999999998
            ],
            [
              64.27794224382777,
              1.1285759999999998
            ],
            [
              64.94296880382775,
              1.7936025599999996
            ],
            [
              64.94296880382775,
              3.4863974399999993
            ],
            [
              64.27794224382777,
              4.151424
            ],
            [
              61.737275363827756,
              4.151424
            ],
            [
              61.072248803827755,
              3.4863974399999993
            ],
            [
              61.072248803827755,
              1.7936025599999996
            ],
            [
              61.737275363827756,
              1.1285759999999998
            ]
          ]
        ]
      }
    },
    {
      "type": "Feature",
      "properties": {
        "kind": "compartment",
        "zone_id": "CrewMessOff",
        "deck": "2_Crew",
        "room_type": "Dining"
      },
      "geometry": {
        "type": "Polygon",
        "coordinates": [
          [
            [
              5.32103135043842,
              29.4044177425401
            ],
            [
              12.078968649561578,
              29.4044177425401
            ],
            [
              13.309996746202756,
              30.63544583918128
            ],
            [
              13.309996746202756,
              33.76897190335882
            ],
            [
              12.078968649561578,
              35.0
            ],
            [
              5.32103135043842,
              35.0
            ],
            [
              4.090003253797243,
              33.76897190335882
            ],
            [
              4.090003253797243,
              30.63544583918128
            ],
            [
              5.32103135043842,
              29.4044177425401
            ]
          ]
        ]
      }
    },
    {
      "type": "Feature",
      "properties": {
        "kind": "compartment",
        "zone_id": "MedCenter",
        "deck": "2_Crew",
        "room_type": "Medical"
      },
      "geometry": {
        "type": "Polygon",
        "coordinates": [
          [
            [
              58.188613386026006,
              28.61410028265398
            ],
            [
              63.55588422162951,
              28.61410028265398
            ],
            [
              64.96078215944564,
              30.0189982204701
            ],
            [
              64.96078215944564,
              33.59510206218387
            ],
            [
              63.55588422162951,
              35.0
            ],
            [
              58.188613386026006,
              35.0
            ],
            [
              56.783715448209875,
              33.59510206218387
            ],
            [
              56.783715448209875,
              30.0189982204701
            ],
            [
              58.188613386026006,
              28.61410028265398
            ]
          ]
        ]
      }
    },
    {
      "type": "Feature",
      "properties": {
        "kind": "compartment",
        "zone_id": "IsolWard",
        "deck": "2_Crew",
        "room_type": "Medical"
      },
      "geometry": {
        "type": "Polygon",
        "coordinates": [
          [
            [
              111.49509997678085,
              31.313099079172318
            ],
            [
              114.59389523853018,
              31.313099079172318
            ],
            [
              115.40501344111226,
              32.12421728175441
            ],
            [
              115.40501344111226,
              34.188881797417906
            ],
            [
              114.59389523853018,
              35.0
            ],
            [
              111.49509997678085,
              35.0
            ],
            [
              110.68398177419877,
              34.188881797417906
            ],
            [
              110.68398177419877,
              32.12421728175441
            ],
            [
              111.49509997678085,
              31.313099079172318
            ]
          ]
        ]
      }
    },
    {
      "type": "Feature",
      "properties": {
        "kind": "compartment",
        "zone_id": "CC_D2_F",
        "deck": "2_Crew",
        "room_type": "Cabin_Corridor"
      },
      "geometry": {
        "type": "Polygon",
        "coordinates": [
          [
            [
              195.42760774663932,
              30.680000000000003
            ],
            [
              210.65564584187743,
              30.680000000000003
            ],
            [
              214.64162679425837,
              31.6304
            ],
            [
              214.64162679425837,
              34.0496
            ],
            [
              210.65564584187743,
              35.0
            ],
            [
              195.42760774663932,
              35.0
            ],
            [
              191.44162679425838,
              34.0496
            ],
            [
              191.44162679425838,
              31.6304
            ],
            [
              195.42760774663932,
              30.680000000000003
            ]
          ]
        ]
      }
    },
    {
      "type": "Feature",
      "properties": {
        "kind": "compartment",
        "zone_id": "CC_D2_M",
        "deck": "2_Crew",
        "room_type": "Cabin_Corridor"
      },
      "geometry": {
        "type": "Polygon",
        "coordinates": [
          [
            [
              234.55679434951014,
              30.680000000000003
            ],
            [
              249.78483244474825,
              30.680000000000003
            ],
            [
              253.7708133971292,
              31.6304
            ],
            [
              253.7708133971292,
              34.0496
            ],
            [
              249.78483244474825,
              35.0
            ],
            [
              234.55679434951014,
              35.0
            ],
            [
              230.5708133971292,
              34.0496
            ],
            [
              230.5708133971292,
              31.6304
            ],
            [
              234.55679434951014,
              30.680000000000003
            ]
          ]
        ]
      }
    },
    {
      "type": "Feature",
      "properties": {
        "kind": "compartment",
        "zone_id": "CC_D2_A",
        "deck": "2_Crew",
        "room_type": "Cabin_Corridor"
      },
      "geometry": {
        "type": "Polygon",
        "coordinates": [
          [
            [
              269.785980952381,
              30.680000000000003
            ],
            [
              285.01401904761894,
              30.680000000000003
            ],
            [
              289.0,
              31.6304
            ],
            [
              289.0,
              34.0496
            ],
            [
              285.01401904761894,
              35.0
            ],
            [
              269.785980952381,
              35.0
            ],
            [
              265.79999999999995,
              34.0496
            ],
            [
              265.79999999999995,
              31.6304
            ],
            [
              269.785980952381,
              30.680000000000003
            ]
          ]
        ]
      }
    },
    {
      "type": "Feature",
      "properties": {
        "kind": "compartment",
        "zone_id": "HD_2C_M",
        "deck": "2_Crew",
        "room_type": "Sanitary"
      },
      "geometry": {
        "type": "Polygon",
        "coordinates": [
          [
            [
              31.38043096191388,
              1.1285759999999998
            ],
            [
              33.921097841913884,
              1.1285759999999998
            ],
            [
              34.586124401913885,
              1.7936025599999996
            ],
            [
              34.586124401913885,
              3.4863974399999993
            ],
            [
              33.921097841913884,
              4.151424
            ],
            [
              31.38043096191388,
              4.151424
            ],
            [
              30.715404401913883,
              3.4863974399999993
            ],
            [
              30.715404401913883,
              1.7936025599999996
            ],
            [
              31.38043096191388,
              1.1285759999999998
            ]
          ]
        ]
      }
    },
    {
      "type": "Feature",
      "properties": {
        "kind": "compartment",
        "zone_id": "HD_2C_F",
        "deck": "2_Crew",
        "room_type": "Sanitary"
      },
      "geometry": {
        "type": "Polygon",
        "coordinates": [
          [
            [
              35.65115096191388,
              1.1285759999999998
            ],
            [
              38.19181784191388,
              1.1285759999999998
            ],
            [
              38.85684440191388,
              1.7936025599999996
            ],
            [
              38.85684440191388,
              3.4863974399999993
            ],
            [
              38.19181784191388,
              4.151424
            ],
            [
              35.65115096191388,
              4.151424
            ],
            [
              34.98612440191388,
              3.4863974399999993
            ],
            [
              34.98612440191388,
              1.7936025599999996
            ],
            [
              35.65115096191388,
              1.1285759999999998
            ]
          ]
        ]
      }
    },
    {
      "type": "Feature",
      "properties": {
        "kind": "compartment",
        "zone_id": "AftPool",
        "deck": "9_Cabins",
        "room_type": "Free"
      },
      "geometry": {
        "type": "Polygon",
        "coordinates": [
          [
            [
              4.686685521404039,
              21.425652286435458
            ],
            [
              12.71331447859596,
              21.425652286435458
            ],
            [
              14.81430673610818,
              23.526644543947675
            ],
            [
              14.81430673610818,
              28.874624835796965
            ],
            [
              12.71331447859596,
              30.975617093309182
            ],
            [
              4.686685521404039,
              30.975617093309182
            ],
            [
              2.5856932638918178,
              28.874624835796965
            ],
            [
              2.5856932638918178,
              23.526644543947675
            ],
            [
              4.686685521404039,
              21.425652286435458
            ]
          ]
        ]
      }
    },
    {
      "type": "Feature",
      "properties": {
        "kind": "compartment",
        "zone_id": "PC_D9_P_F",
        "deck": "9_Cabins",
        "room_type": "Cabin_Corridor"
      },
      "geometry": {
        "type": "Polygon",
        "coordinates": [
          [
            [
              12.995794843885703,
              1.24897024
            ],
            [
              26.46858835611429,
              1.24897024
            ],
            [
              29.995129199999994,
              2.0898233344
            ],
            [
              29.995129199999994,
              4.2301766656
            ],
            [
              26.46858835611429,
              5.07102976
            ],
            [
              12.995794843885703,
              5.07102976
            ],
            [
              9.469253999999998,
              4.2301766656
            ],
            [
              9.469253999999998,
              2.0898233344
            ],
            [
              12.995794843885703,
              1.24897024
            ]
          ]
        ]
      }
    },
    {
      "type": "Feature",
      "properties": {
        "kind": "compartment",
        "zone_id": "PC_D9_P_M",
        "deck": "9_Cabins",
        "room_type": "Cabin_Corridor"
      },
      "geometry": {
        "type": "Polygon",
        "coordinates": [
          [
            [
              137.38598095238095,
              1.0
            ],
            [
              152.61401904761905,
              1.0
            ],
            [
              156.6,
              1.9503999999999997
            ],
            [
              156.6,
              4.3696
            ],
            [
              152.61401904761905,
              5.32
            ],
            [
              137.38598095238095,
              5.32
            ],
            [
              133.4,
              4.3696
            ],
            [
              133.4,
              1.9503999999999997
            ],
            [
              137.38598095238095,
              1.0
            ]
          ]
        ]
      }
    },
    {
      "type": "Feature",
      "properties": {
        "kind": "compartment",
        "zone_id": "PC_D9_P_A",
        "deck": "9_Cabins",
        "room_type": "Cabin_Corridor"
      },
      "geometry": {
        "type": "Polygon",
        "coordinates": [
          [
            [
              269.785980952381,
              1.0
            ],
            [
              285.01401904761894,
              1.0
            ],
            [
              289.0,
              1.9503999999999997
            ],
            [
              289.0,
              4.3696
            ],
            [
              285.01401904761894,
              5.32
            ],
            [
              269.785980952381,
              5.32
            ],
            [
              265.79999999999995,
              4.3696
            ],
            [
              265.79999999999995,
              1.9503999999999997
            ],
            [
              269.785980952381,
              1.0
            ]
          ]
        ]
      }
    },
    {
      "type": "Feature",
      "properties": {
        "kind": "compartment",
        "zone_id": "PC_D9_S_F",
        "deck": "9_Cabins",
        "room_type": "Cabin_Corridor"
      },
      "geometry": {
        "type": "Polygon",
        "coordinates": [
          [
            [
              5.863603243885717,
              31.177940480000004
            ],
            [
              19.336396756114283,
              31.177940480000004
            ],
            [
              22.8629376,
              32.01879357440001
            ],
            [
              22.8629376,
              34.1591469056
            ],
            [
              19.336396756114283,
              35.0
            ],
            [
              5.863603243885717,
              35.0
            ],
            [
              2.3370624000000007,
              34.1591469056
            ],
            [
              2.3370624000000007,
              32.01879357440001
            ],
            [
              5.863603243885717,
              31.177940480000004
            ]
          ]
        ]
      }
    },
    {
      "type": "Feature",
      "properties": {
        "kind": "compartment",
        "zone_id": "PC_D9_S_M",
        "deck": "9_Cabins",
        "room_type": "Cabin_Corridor"
      },
      "geometry": {
        "type": "Polygon",
        "coordinates": [
          [
            [
              137.38598095238095,
              30.680000000000003
            ],
            [
              152.61401904761905,
              30.680000000000003
            ],
            [
              156.6,
              31.6304
            ],
            [
              156.6,
              34.0496
            ],
            [
              152.61401904761905,
              35.0
            ],
            [
              137.38598095238095,
              35.0
            ],
            [
              133.4,
              34.0496
            ],
            [
              133.4,
              31.6304
            ],
            [
              137.38598095238095,
              30.680000000000003
            ]
          ]
        ]
      }
    },
    {
      "type": "Feature",
      "properties": {
        "kind": "compartment",
        "zone_id": "PC_D9_S_A",
        "deck": "9_Cabins",
        "room_type": "Cabin_Corridor"
      },
      "geometry": {
        "type": "Polygon",
        "coordinates": [
          [
            [
              269.785980952381,
              30.680000000000003
            ],
            [
              285.01401904761894,
              30.680000000000003
            ],
            [
              289.0,
              31.6304
            ],
            [
              289.0,
              34.0496
            ],
            [
              285.01401904761894,
              35.0
            ],
            [
              269.785980952381,
              35.0
            ],
            [
              265.79999999999995,
              34.0496
            ],
            [
              265.79999999999995,
              31.6304
            ],
            [
              269.785980952381,
              30.680000000000003
            ]
          ]
        ]
      }
    },
    {
      "type": "Feature",
      "properties": {
        "kind": "compartment",
        "zone_id": "HD_9C_M",
        "deck": "9_Cabins",
        "room_type": "Sanitary"
      },
      "geometry": {
        "type": "Polygon",
        "coordinates": [
          [
            [
              1.7861665599999994,
              1.1285759999999998
            ],
            [
              4.32683344,
              1.1285759999999998
            ],
            [
              4.991859999999999,
              1.7936025599999996
            ],
            [
              4.991859999999999,
              3.4863974399999993
            ],
            [
              4.32683344,
              4.151424
            ],
            [
              1.7861665599999994,
              4.151424
            ],
            [
              1.1211399999999994,
              3.4863974399999993
            ],
            [
              1.1211399999999994,
              1.7936025599999996
            ],
            [
              1.7861665599999994,
              1.1285759999999998
            ]
          ]
        ]
      }
    },
    {
      "type": "Feature",
      "properties": {
        "kind": "compartment",
        "zone_id": "HD_9C_F",
        "deck": "9_Cabins",
        "room_type": "Sanitary"
      },
      "geometry": {
        "type": "Polygon",
        "coordinates": [
          [
            [
              5.991788297599999,
              1.1890329599999998
            ],
            [
              8.430828502399999,
              1.1890329599999998
            ],
            [
              9.069254,
              1.8274584575999997
            ],
            [
              9.069254,
              3.452541542399999
            ],
            [
              8.430828502399999,
              4.090967039999999
            ],
            [
              5.991788297599999,
              4.090967039999999
            ],
            [
              5.3533628,
              3.452541542399999
            ],
            [
              5.3533628,
              1.8274584575999997
            ],
            [
              5.991788297599999,
              1.1890329599999998
            ]
          ]
        ]
      }
    },
    {
      "type": "Feature",
      "properties": {
        "kind": "compartment",
        "zone_id": "SmallLounge",
        "deck": "6_Cabins",
        "room_type": "Free"
      },
      "geometry": {
        "type": "Polygon",
        "coordinates": [
          [
            [
              5.6996043894846125,
              19.7101735336294
            ],
            [
              11.700395610515384,
              19.7101735336294
            ],
            [
              13.27111925571845,
              21.28089717883246
            ],
            [
              13.27111925571845,
              25.27910282116754
            ],
            [
              11.700395610515384,
              26.8498264663706
            ],
            [
              5.6996043894846125,
              26.8498264663706
            ],
            [
              4.128880744281549,
              25.27910282116754
            ],
            [
              4.128880744281549,
              21.28089717883246
            ],
            [
              5.6996043894846125,
              19.7101735336294
            ]
          ]
        ]
      }
    },
    {
      "type": "Feature",
      "properties": {
        "kind": "compartment",
        "zone_id": "Casino",
        "deck": "6_Cabins",
        "room_type": "Free"
      },
      "geometry": {
        "type": "Polygon",
        "coordinates": [
          [
            [
              185.89716155034276,
              17.88292968361538
            ],
            [
              194.96950511632392,
              17.88292968361538
            ],
            [
              197.34421605553317,
              20.25764062282461
            ],
            [
              197.34421605553317,
              26.302359377175392
            ],
            [
              194.96950511632392,
              28.677070316384622
            ],
            [
              185.89716155034276,
              28.677070316384622
            ],
            [
              183.5224506111335,
              26.302359377175392
            ],
            [
              183.5224506111335,
              20.25764062282461
            ],
            [
              185.89716155034276,
              17.88292968361538
            ]
          ]
        ]
      }
    },
    {
      "type": "Feature",
      "properties": {
        "kind": "compartment",
        "zone_id": "ArtGallery",
        "deck": "6_Cabins",
        "room_type": "Free"
      },
      "geometry": {
        "type": "Polygon",
        "coordinates": [
          [
            [
              21.39463168702807,
              20.3652488957031
            ],
            [
              26.29425720186082,
              20.3652488957031
            ],
            [
              27.576747687751453,
              21.647739381593734
            ],
            [
              27.576747687751453,
              24.91226061840627
            ],
            [
              26.29425720186082,
              26.194751104296902
            ],
            [
              21.39463168702807,
              26.194751104296902
            ],
            [
              20.112141201137437,
              24.91226061840627
            ],
            [
              20.112141201137437,
              21.647739381593734
            ],
            [
              21.39463168702807,
              20.3652488957031
            ]
          ]
        ]
      }
    },
    {
      "type": "Feature",
      "properties": {
        "kind": "compartment",
        "zone_id": "PC_D6_P_F",
        "deck": "6_Cabins",
        "room_type": "Cabin_Corridor"
      },
      "geometry": {
        "type": "Polygon",
        "coordinates": [
          [
            [
              213.10820317460318,
              10.56
            ],
            [
              228.33624126984128,
              10.56
            ],
            [
              232.32222222222222,
              11.5104
            ],
            [
              232.32222222222222,
              13.9296
            ],
            [
              228.33624126984128,
              14.88
            ],
            [
              213.10820317460318,
              14.88
            ],
            [
              209.12222222222223,
              13.9296
            ],
            [
              209.12222222222223,
              11.5104
            ],
            [
              213.10820317460318,
              10.56
            ]
          ]
        ]
      }
    },
    {
      "type": "Feature",
      "properties": {
        "kind": "compartment",
        "zone_id": "PC_D6_P_M",
        "deck": "6_Cabins",
        "room_type": "Cabin_Corridor"
      },
      "geometry": {
        "type": "Polygon",
        "coordinates": [
          [
            [
              243.39709206349207,
              10.56
            ],
            [
              258.6251301587302,
              10.56
            ],
            [
              262.61111111111114,
              11.5104
            ],
            [
              262.61111111111114,
              13.9296
            ],
            [
              258.6251301587302,
              14.88
            ],
            [
              243.39709206349207,
              14.88
            ],
            [
              239.41111111111113,
              13.9296
            ],
            [
              239.41111111111113,
              11.5104
            ],
            [
              243.39709206349207,
              10.56
            ]
          ]
        ]
      }
    },
    {
      "type": "Feature",
      "properties": {
        "kind": "compartment",
        "zone_id": "PC_D6_P_A",
        "deck": "6_Cabins",
        "room_type": "Cabin_Corridor"
      },
      "geometry": {
        "type": "Polygon",
        "coordinates": [
          [
            [
              269.785980952381,
              10.56
            ],
            [
              285.01401904761894,
              10.56
            ],
            [
              289.0,
              11.5104
            ],
            [
              289.0,
              13.9296
            ],
            [
              285.01401904761894,
              14.88
            ],
            [
              269.785980952381,
              14.88
            ],
            [
              265.79999999999995,
              13.9296
            ],
            [
              265.79999999999995,
              11.5104
            ],
            [
              269.785980952381,
              10.56
            ]
          ]
        ]
      }
    },
    {
      "type": "Feature",
      "properties": {
        "kind": "compartment",
        "zone_id": "PC_D6_S_F",
        "deck": "6_Cabins",
        "room_type": "Cabin_Corridor"
      },
      "geometry": {
        "type": "Polygon",
        "coordinates": [
          [
            [
              213.10820317460318,
              30.680000000000003
            ],
            [
              228.33624126984128,
              30.680000000000003
            ],
            [
              232.32222222222222,
              31.6304
            ],
            [
              232.32222222222222,
              34.0496
            ],
            [
              228.33624126984128,
              35.0
            ],
            [
              213.10820317460318,
              35.0
            ],
            [
              209.12222222222223,
              34.0496
            ],
            [
              209.12222222222223,
              31.6304
            ],
            [
              213.10820317460318,
              30.680000000000003
            ]
          ]
        ]
      }
    },
    {
      "type": "Feature",
      "properties": {
        "kind": "compartment",
        "zone_id": "PC_D6_S_M",
        "deck": "6_Cabins",
        "room_type": "Cabin_Corridor"
      },
      "geometry": {
        "type": "Polygon",
        "coordinates": [
          [
            [
              243.39709206349207,
              30.680000000000003
            ],
            [
              258.6251301587302,
              30.680000000000003
            ],
            [
              262.61111111111114,
              31.6304
            ],
            [
              262.61111111111114,
              34.0496
            ],
            [
              258.6251301587302,
              35.0
            ],
            [
              243.39709206349207,
              35.0
            ],
            [
              239.41111111111113,
              34.0496
            ],
            [
              239.41111111111113,
              31.6304
            ],
            [
              243.39709206349207,
              30.680000000000003
            ]
          ]
        ]
      }
    },
    {
      "type": "Feature",
      "properties": {
        "kind": "compartment",
        "zone_id": "PC_D6_S_A",
        "deck": "6_Cabins",
        "room_type": "Cabin_Corridor"
      },
      "geometry": {
        "type": "Polygon",
        "coordinates": [
          [
            [
              269.785980952381,
              30.680000000000003
            ],
            [
              285.01401904761894,
              30.680000000000003
            ],
            [
              289.0,
              31.6304
            ],
            [
              289.0,
              34.0496
            ],
            [
              285.01401904761894,
              35.0
            ],
            [
              269.785980952381,
              35.0
            ],
            [
              265.79999999999995,
              34.0496
            ],
            [
              265.79999999999995,
              31.6304
            ],
            [
              269.785980952381,
              30.680000000000003
            ]
          ]
        ]
      }
    },
    {
      "type": "Feature",
      "properties": {
        "kind": "compartment",
        "zone_id": "HD_6C_M",
        "deck": "6_Cabins",
        "room_type": "Sanitary"
      },
      "geometry": {
        "type": "Polygon",
        "coordinates": [
          [
            [
              70.92023248592592,
              1.1285759999999998
            ],
            [
              73.46089936592593,
              1.1285759999999998
            ],
            [
              74.12592592592593,
              1.7936025599999996
            ],
            [
              74.12592592592593,
              3.4863974399999993
            ],
            [
              73.46089936592593,
              4.151424
            ],
            [
              70.92023248592592,
              4.151424
            ],
            [
              70.25520592592592,
              3.4863974399999993
            ],
            [
              70.25520592592592,
              1.7936025599999996
            ],
            [
              70.92023248592592,
              1.1285759999999998
            ]
          ]
        ]
      }
    },
    {
      "type": "Feature",
      "properties": {
        "kind": "compartment",
        "zone_id": "HD_6C_F",
        "deck": "6_Cabins",
        "room_type": "Sanitary"
      },
      "geometry": {
        "type": "Polygon",
        "coordinates": [
          [
            [
              75.19095248592593,
              1.1285759999999998
            ],
            [
              77.73161936592594,
              1.1285759999999998
            ],
            [
              78.39664592592594,
              1.7936025599999996
            ],
            [
              78.39664592592594,
              3.4863974399999993
            ],
            [
              77.73161936592594,
              4.151424
            ],
            [
              75.19095248592593,
              4.151424
            ],
            [
              74.52592592592593,
              3.4863974399999993
            ],
            [
              74.52592592592593,
              1.7936025599999996
            ],
            [
              75.19095248592593,
              1.1285759999999998
            ]
          ]
        ]
      }
    },
    {
      "type": "Feature",
      "properties": {
        "kind": "compartment",
        "zone_id": "Library",
        "deck": "7_Cabins",
        "room_type": "Free"
      },
      "geometry": {
        "type": "Polygon",
        "coordinates": [
          [
            [
              6.802383197839984,
              21.022243502943688
            ],
            [
              10.597616802160013,
              21.022243502943688
            ],
            [
              11.591029660864791,
              22.015656361648464
            ],
            [
              11.591029660864791,
              24.54434363835154
            ],
            [
              10.597616802160013,
              25.537756497056314
            ],
            [
              6.802383197839984,
              25.537756497056314
            ],
            [
              5.8089703391352066,
              24.54434363835154
            ],
            [
              5.8089703391352066,
              22.015656361648464
            ],
            [
              6.802383197839984,
              21.022243502943688
            ]
          ]
        ]
      }
    },
    {
      "type": "Feature",
      "properties": {
        "kind": "compartment",
        "zone_id": "PC_D7_P_F",
        "deck": "7_Cabins",
        "room_type": "Cabin_Corridor"
      },
      "geometry": {
        "type": "Polygon",
        "coordinates": [
          [
            [
              213.10820317460318,
              10.56
            ],
            [
              228.33624126984128,
              10.56
            ],
            [
              232.32222222222222,
              11.5104
            ],
            [
              232.32222222222222,
              13.9296
            ],
            [
              228.33624126984128,
              14.88
            ],
            [
              213.10820317460318,
              14.88
            ],
            [
              209.12222222222223,
              13.9296
            ],
            [
              209.12222222222223,
              11.5104
            ],
            [
              213.10820317460318,
              10.56
            ]
          ]
        ]
      }
    },
    {
      "type": "Feature",
      "properties": {
        "kind": "compartment",
        "zone_id": "PC_D7_P_M",
        "deck": "7_Cabins",
        "room_type": "Cabin_Corridor"
      },
      "geometry": {
        "type": "Polygon",
        "coordinates": [
          [
            [
              243.39709206349207,
              10.56
            ],
            [
              258.6251301587302,
              10.56
            ],
            [
              262.61111111111114,
              11.5104
            ],
            [
              262.61111111111114,
              13.9296
            ],
            [
              258.6251301587302,
              14.88
            ],
            [
              243.39709206349207,
              14.88
            ],
            [
              239.41111111111113,
              13.9296
            ],
            [
              239.41111111111113,
              11.5104
            ],
            [
              243.39709206349207,
              10.56
            ]
          ]
        ]
      }
    },
    {
      "type": "Feature",
      "properties": {
        "kind": "compartment",
        "zone_id": "PC_D7_P_A",
        "deck": "7_Cabins",
        "room_type": "Cabin_Corridor"
      },
      "geometry": {
        "type": "Polygon",
        "coordinates": [
          [
            [
              269.785980952381,
              10.56
            ],
            [
              285.01401904761894,
              10.56
            ],
            [
              289.0,
              11.5104
            ],
            [
              289.0,
              13.9296
            ],
            [
              285.01401904761894,
              14.88
            ],
            [
              269.785980952381,
              14.88
            ],
            [
              265.79999999999995,
              13.9296
            ],
            [
              265.79999999999995,
              11.5104
            ],
            [
              269.785980952381,
              10.56
            ]
          ]
        ]
      }
    },
    {
      "type": "Feature",
      "properties": {
        "kind": "compartment",
        "zone_id": "PC_D7_S_F",
        "deck": "7_Cabins",
        "room_type": "Cabin_Corridor"
      },
      "geometry": {
        "type": "Polygon",
        "coordinates": [
          [
            [
              213.10820317460318,
              30.680000000000003
            ],
            [
              228.33624126984128,
              30.680000000000003
            ],
            [
              232.32222222222222,
              31.6304
            ],
            [
              232.32222222222222,
              34.0496
            ],
            [
              228.33624126984128,
              35.0
            ],
            [
              213.10820317460318,
              35.0
            ],
            [
              209.12222222222223,
              34.0496
            ],
            [
              209.12222222222223,
              31.6304
            ],
            [
              213.10820317460318,
              30.680000000000003
            ]
          ]
        ]
      }
    },
    {
      "type": "Feature",
      "properties": {
        "kind": "compartment",
        "zone_id": "PC_D7_S_M",
        "deck": "7_Cabins",
        "room_type": "Cabin_Corridor"
      },
      "geometry": {
        "type": "Polygon",
        "coordinates": [
          [
            [
              243.39709206349207,
              30.680000000000003
            ],
            [
              258.6251301587302,
              30.680000000000003
            ],
            [
              262.61111111111114,
              31.6304
            ],
            [
              262.61111111111114,
              34.0496
            ],
            [
              258.6251301587302,
              35.0
            ],
            [
              243.39709206349207,
              35.0
            ],
            [
              239.41111111111113,
              34.0496
            ],
            [
              239.41111111111113,
              31.6304
            ],
            [
              243.39709206349207,
              30.680000000000003
            ]
          ]
        ]
      }
    },
    {
      "type": "Feature",
      "properties": {
        "kind": "compartment",
        "zone_id": "PC_D7_S_A",
        "deck": "7_Cabins",
        "room_type": "Cabin_Corridor"
      },
      "geometry": {
        "type": "Polygon",
        "coordinates": [
          [
            [
              269.785980952381,
              30.680000000000003
            ],
            [
              285.01401904761894,
              30.680000000000003
            ],
            [
              289.0,
              31.6304
            ],
            [
              289.0,
              34.0496
            ],
            [
              285.01401904761894,
              35.0
            ],
            [
              269.785980952381,
              35.0
            ],
            [
              265.79999999999995,
              34.0496
            ],
            [
              265.79999999999995,
              31.6304
            ],
            [
              269.785980952381,
              30.680000000000003
            ]
          ]
        ]
      }
    },
    {
      "type": "Feature",
      "properties": {
        "kind": "compartment",
        "zone_id": "HD_7C_M",
        "deck": "7_Cabins",
        "room_type": "Sanitary"
      },
      "geometry": {
        "type": "Polygon",
        "coordinates": [
          [
            [
              5.294306559999999,
              1.1285759999999998
            ],
            [
              7.834973439999999,
              1.1285759999999998
            ],
            [
              8.499999999999998,
              1.7936025599999996
            ],
            [
              8.499999999999998,
              3.4863974399999993
            ],
            [
              7.834973439999999,
              4.151424
            ],
            [
              5.294306559999999,
              4.151424
            ],
            [
              4.62928,
              3.4863974399999993
            ],
            [
              4.62928,
              1.7936025599999996
            ],
            [
              5.294306559999999,
              1.1285759999999998
            ]
          ]
        ]
      }
    },
    {
      "type": "Feature",
      "properties": {
        "kind": "compartment",
        "zone_id": "HD_7C_F",
        "deck": "7_Cabins",
        "room_type": "Sanitary"
      },
      "geometry": {
        "type": "Polygon",
        "coordinates": [
          [
            [
              9.56502656,
              1.1285759999999998
            ],
            [
              12.10569344,
              1.1285759999999998
            ],
            [
              12.770719999999999,
              1.7936025599999996
            ],
            [
              12.770719999999999,
              3.4863974399999993
            ],
            [
              12.10569344,
              4.151424
            ],
            [
              9.56502656,
              4.151424
            ],
            [
              8.9,
              3.4863974399999993
            ],
            [
              8.9,
              1.7936025599999996
            ],
            [
              9.56502656,
              1.1285759999999998
            ]
          ]
        ]
      }
    },
    {
      "type": "Feature",
      "properties": {
        "kind": "compartment",
        "zone_id": "Nightclub",
        "deck": "3_Crew",
        "room_type": "Free"
      },
      "geometry": {
        "type": "Polygon",
        "coordinates": [
          [
            [
              55.212108239853805,
              26.755838914722734
            ],
            [
              62.14122509347952,
              26.755838914722734
            ],
            [
              63.95494053224052,
              28.569554353483728
            ],
            [
              63.95494053224052,
              33.186284561239
            ],
            [
              62.14122509347952,
              34.99999999999999
            ],
            [
              55.212108239853805,
              34.99999999999999
            ],
            [
              53.398392801092804,
              33.186284561239
            ],
            [
              53.398392801092804,
              28.569554353483728
            ],
            [
              55.212108239853805,
              26.755838914722734
            ]
          ]
        ]
      }
    },
    {
      "type": "Feature",
      "properties": {
        "kind": "compartment",
        "zone_id": "CC_D3_F",
        "deck": "3_Crew",
        "room_type": "Cabin_Corridor"
      },
      "geometry": {
        "type": "Polygon",
        "coordinates": [
          [
            [
              4.985980952380955,
              30.680000000000003
            ],
            [
              20.214019047619043,
              30.680000000000003
            ],
            [
              24.2,
              31.6304
            ],
            [
              24.2,
              34.0496
            ],
            [
              20.214019047619043,
              35.0
            ],
            [
              4.985980952380955,
              35.0
            ],
            [
              1.0,
              34.0496
            ],
            [
              1.0,
              31.6304
            ],
            [
              4.985980952380955,
              30.680000000000003
            ]
          ]
        ]
      }
    },
    {
      "type": "Feature",
      "properties": {
        "kind": "compartment",
        "zone_id": "CC_D3_M",
        "deck": "3_Crew",
        "room_type": "Cabin_Corridor"
      },
      "geometry": {
        "type": "Polygon",
        "coordinates": [
          [
            [
              137.38598095238095,
              30.680000000000003
            ],
            [
              152.61401904761905,
              30.680000000000003
            ],
            [
              156.6,
              31.6304
            ],
            [
              156.6,
              34.0496
            ],
            [
              152.61401904761905,
              35.0
            ],
            [
              137.38598095238095,
              35.0
            ],
            [
              133.4,
              34.0496
            ],
            [
              133.4,
              31.6304
            ],
            [
              137.38598095238095,
              30.680000000000003
            ]
          ]
        ]
      }
    },
    {
      "type": "Feature",
      "properties": {
        "kind": "compartment",
        "zone_id": "CC_D3_A",
        "deck": "3_Crew",
        "room_type": "Cabin_Corridor"
      },
      "geometry": {
        "type": "Polygon",
        "coordinates": [
          [
            [
              269.785980952381,
              30.680000000000003
            ],
            [
              285.01401904761894,
              30.680000000000003
            ],
            [
              289.0,
              31.6304
            ],
            [
              289.0,
              34.0496
            ],
            [
              285.01401904761894,
              35.0
            ],
            [
              269.785980952381,
              35.0
            ],
            [
              265.79999999999995,
              34.0496
            ],
            [
              265.79999999999995,
              31.6304
            ],
            [
              269.785980952381,
              30.680000000000003
            ]
          ]
        ]
      }
    },
    {
      "type": "Feature",
      "properties": {
        "kind": "compartment",
        "zone_id": "HD_3C_M",
        "deck": "3_Crew",
        "room_type": "Sanitary"
      },
      "geometry": {
        "type": "Polygon",
        "coordinates": [
          [
            [
              55.27097322666666,
              1.1285759999999998
            ],
            [
              57.811640106666665,
              1.1285759999999998
            ],
            [
              58.47666666666667,
              1.7936025599999996
            ],
            [
              58.47666666666667,
              3.4863974399999993
            ],
            [
              57.811640106666665,
              4.151424
            ],
            [
              55.27097322666666,
              4.151424
            ],
            [
              54.60594666666666,
              3.4863974399999993
            ],
            [
              54.60594666666666,
              1.7936025599999996
            ],
            [
              55.27097322666666,
              1.1285759999999998
            ]
          ]
        ]
      }
    },
    {
      "type": "Feature",
      "properties": {
        "kind": "compartment",
        "zone_id": "HD_3C_F",
        "deck": "3_Crew",
        "room_type": "Sanitary"
      },
      "geometry": {
        "type": "Polygon",
        "coordinates": [
          [
            [
              59.54169322666666,
              1.1285759999999998
            ],
            [
              62.08236010666666,
              1.1285759999999998
            ],
            [
              62.747386666666664,
              1.7936025599999996
            ],
            [
              62.747386666666664,
              3.4863974399999993
            ],
            [
              62.08236010666666,
              4.151424
            ],
            [
              59.54169322666666,
              4.151424
            ],
            [
              58.87666666666666,
              3.4863974399999993
            ],
            [
              58.87666666666666,
              1.7936025599999996
            ],
            [
              59.54169322666666,
              1.1285759999999998
            ]
          ]
        ]
      }
    },
    {
      "type": "Feature",
      "properties": {
        "kind": "compartment",
        "zone_id": "SportsDeck",
        "deck": "12_Sports",
        "room_type": "Free"
      },
      "geometry": {
        "type": "Polygon",
        "coordinates": [
          [
            [
              139.44434687303107,
              21.77993161893631
            ],
            [
              150.55565312696893,
              21.77993161893631
            ],
            [
              153.464068170803,
              24.688346662770318
            ],
            [
              153.464068170803,
              32.09158495616599
            ],
            [
              150.55565312696893,
              35.0
            ],
            [
              139.44434687303107,
              35.0
            ],
            [
              136.535931829197,
              32.09158495616599
            ],
            [
              136.535931829197,
              24.688346662770318
            ],
            [
              139.44434687303107,
              21.77993161893631
            ]
          ]
        ]
      }
    },
    {
      "type": "Feature",
      "properties": {
        "kind": "compartment",
        "zone_id": "HD_12S_M",
        "deck": "12_Sports",
        "room_type": "Sanitary"
      },
      "geometry": {
        "type": "Polygon",
        "coordinates": [
          [
            [
              141.59430656,
              1.1285759999999998
            ],
            [
              144.13497344,
              1.1285759999999998
            ],
            [
              144.8,
              1.7936025599999996
            ],
            [
              144.8,
              3.4863974399999993
            ],
            [
              144.13497344,
              4.151424
            ],
            [
              141.59430656,
              4.151424
            ],
            [
              140.92928,
              3.4863974399999993
            ],
            [
              140.92928,
              1.7936025599999996
            ],
            [
              141.59430656,
              1.1285759999999998
            ]
          ]
        ]
      }
    },
    {
      "type": "Feature",
      "properties": {
        "kind": "compartment",
        "zone_id": "HD_12S_F",
        "deck": "12_Sports",
        "room_type": "Sanitary"
      },
      "geometry": {
        "type": "Polygon",
        "coordinates": [
          [
            [
              145.86502656,
              1.1285759999999998
            ],
            [
              148.40569344,
              1.1285759999999998
            ],
            [
              149.07072,
              1.7936025599999996
            ],
            [
              149.07072,
              3.4863974399999993
            ],
            [
              148.40569344,
              4.151424
            ],
            [
              145.86502656,
              4.151424
            ],
            [
              145.2,
              3.4863974399999993
            ],
            [
              145.2,
              1.7936025599999996
            ],
            [
              145.86502656,
              1.1285759999999998
            ]
          ]
        ]
      }
    },
    {
      "type": "Feature",
      "properties": {
        "kind": "compartment",
        "zone_id": "Engine_Room",
        "deck": "0_Engine",
        "room_type": "Free"
      },
      "geometry": {
        "type": "Polygon",
        "coordinates": [
          [
            [
              135.7405781217184,
              12.966552698227177
            ],
            [
              154.2594218782816,
              12.966552698227177
            ],
            [
              159.10678028467163,
              17.8139111046172
            ],
            [
              159.10678028467163,
              30.152641593609975
            ],
            [
              154.2594218782816,
              35.0
            ],
            [
              135.7405781217184,
              35.0
            ],
            [
              130.89321971532837,
              30.152641593609975
            ],
            [
              130.89321971532837,
              17.8139111046172
            ],
            [
              135.7405781217184,
              12.966552698227177
            ]
          ]
        ]
      }
    },
    {
      "type": "Feature",
      "properties": {
        "kind": "compartment",
        "zone_id": "HD_0E_M",
        "deck": "0_Engine",
        "room_type": "Sanitary"
      },
      "geometry": {
        "type": "Polygon",
        "coordinates": [
          [
            [
              143.6216,
              0.9999999999999993
            ],
            [
              146.3784,
              0.9999999999999993
            ],
            [
              147.1,
              1.7215999999999994
            ],
            [
              147.1,
              3.5584
            ],
            [
              146.3784,
              4.279999999999999
            ],
            [
              143.6216,
              4.279999999999999
            ],
            [
              142.9,
              3.5584
            ],
            [
              142.9,
              1.7215999999999994
            ],
            [
              143.6216,
              0.9999999999999993
            ]
          ]
        ]
      }
    },
    {
      "type": "Feature",
      "properties": {
        "kind": "compartment",
        "zone_id": "Bridge",
        "deck": "13_Bridge",
        "room_type": "Free"
      },
      "geometry": {
        "type": "Polygon",
        "coordinates": [
          [
            [
              142.7319141085047,
              29.602929683615375
            ],
            [
              147.2680858914953,
              29.602929683615375
            ],
            [
              148.4554413610999,
              30.79028515321999
            ],
            [
              148.4554413610999,
              33.812644530395374
            ],
            [
              147.2680858914953,
              35.0
            ],
            [
              142.7319141085047,
              35.0
            ],
            [
              141.5445586389001,
              33.812644530395374
            ],
            [
              141.5445586389001,
              30.79028515321999
            ],
            [
              142.7319141085047,
              29.602929683615375
            ]
          ]
        ]
      }
    },
    {
      "type": "Feature",
      "properties": {
        "kind": "compartment",
        "zone_id": "HD_13B_M",
        "deck": "13_Bridge",
        "room_type": "Sanitary"
      },
      "geometry": {
        "type": "Polygon",
        "coordinates": [
          [
            [
              143.6216,
              0.9999999999999993
            ],
            [
              146.3784,
              0.9999999999999993
            ],
            [
              147.1,
              1.7215999999999994
            ],
            [
              147.1,
              3.5584
            ],
            [
              146.3784,
              4.279999999999999
            ],
            [
              143.6216,
              4.279999999999999
            ],
            [
              142.9,
              3.5584
            ],
            [
              142.9,
              1.7215999999999994
            ],
            [
              143.6216,
              0.9999999999999993
            ]
          ]
        ]
      }
    },
    {
      "type": "Feature",
      "properties": {
        "kind": "compartment",
        "zone_id": "PC_D4_P_F",
        "deck": "4_Cabins",
        "room_type": "Cabin_Corridor"
      },
      "geometry": {
        "type": "Polygon",
        "coordinates": [
          [
            [
              4.985980952380955,
              1.0
            ],
            [
              20.214019047619043,
              1.0
            ],
            [
              24.2,
              1.9503999999999997
            ],
            [
              24.2,
              4.3696
            ],
            [
              20.214019047619043,
              5.32
            ],
            [
              4.985980952380955,
              5.32
            ],
            [
              1.0,
              4.3696
            ],
            [
              1.0,
              1.9503999999999997
            ],
            [
              4.985980952380955,
              1.0
            ]
          ]
        ]
      }
    },
    {
      "type": "Feature",
      "properties": {
        "kind": "compartment",
        "zone_id": "PC_D4_P_M",
        "deck": "4_Cabins",
        "room_type": "Cabin_Corridor"
      },
      "geometry": {
        "type": "Polygon",
        "coordinates": [
          [
            [
              137.38598095238095,
              1.0
            ],
            [
              152.61401904761905,
              1.0
            ],
            [
              156.6,
              1.9503999999999997
            ],
            [
              156.6,
              4.3696
            ],
            [
              152.61401904761905,
              5.32
            ],
            [
              137.38598095238095,
              5.32
            ],
            [
              133.4,
              4.3696
            ],
            [
              133.4,
              1.9503999999999997
            ],
            [
              137.38598095238095,
              1.0
            ]
          ]
        ]
      }
    },
    {
      "type": "Feature",
      "properties": {
        "kind": "compartment",
        "zone_id": "PC_D4_P_A",
        "deck": "4_Cabins",
        "room_type": "Cabin_Corridor"
      },
      "geometry": {
        "type": "Polygon",
        "coordinates": [
          [
            [
              269.785980952381,
              1.0
            ],
            [
              285.01401904761894,
              1.0
            ],
            [
              289.0,
              1.9503999999999997
            ],
            [
              289.0,
              4.3696
            ],
            [
              285.01401904761894,
              5.32
            ],
            [
              269.785980952381,
              5.32
            ],
            [
              265.79999999999995,
              4.3696
            ],
            [
              265.79999999999995,
              1.9503999999999997
            ],
            [
              269.785980952381,
              1.0
            ]
          ]
        ]
      }
    },
    {
      "type": "Feature",
      "properties": {
        "kind": "compartment",
        "zone_id": "PC_D4_S_F",
        "deck": "4_Cabins",
        "room_type": "Cabin_Corridor"
      },
      "geometry": {
        "type": "Polygon",
        "coordinates": [
          [
            [
              4.985980952380955,
              30.680000000000003
            ],
            [
              20.214019047619043,
              30.680000000000003
            ],
            [
              24.2,
              31.6304
            ],
            [
              24.2,
              34.0496
            ],
            [
              20.214019047619043,
              35.0
            ],
            [
              4.985980952380955,
              35.0
            ],
            [
              1.0,
              34.0496
            ],
            [
              1.0,
              31.6304
            ],
            [
              4.985980952380955,
              30.680000000000003
            ]
          ]
        ]
      }
    },
    {
      "type": "Feature",
      "properties": {
        "kind": "compartment",
        "zone_id": "PC_D4_S_M",
        "deck": "4_Cabins",
        "room_type": "Cabin_Corridor"
      },
      "geometry": {
        "type": "Polygon",
        "coordinates": [
          [
            [
              137.38598095238095,
              30.680000000000003
            ],
            [
              152.61401904761905,
              30.680000000000003
            ],
            [
              156.6,
              31.6304
            ],
            [
              156.6,
              34.0496
            ],
            [
              152.61401904761905,
              35.0
            ],
            [
              137.38598095238095,
              35.0
            ],
            [
              133.4,
              34.0496
            ],
            [
              133.4,
              31.6304
            ],
            [
              137.38598095238095,
              30.680000000000003
            ]
          ]
        ]
      }
    },
    {
      "type": "Feature",
      "properties": {
        "kind": "compartment",
        "zone_id": "PC_D4_S_A",
        "deck": "4_Cabins",
        "room_type": "Cabin_Corridor"
      },
      "geometry": {
        "type": "Polygon",
        "coordinates": [
          [
            [
              269.785980952381,
              30.680000000000003
            ],
            [
              285.01401904761894,
              30.680000000000003
            ],
            [
              289.0,
              31.6304
            ],
            [
              289.0,
              34.0496
            ],
            [
              285.01401904761894,
              35.0
            ],
            [
              269.785980952381,
              35.0
            ],
            [
              265.79999999999995,
              34.0496
            ],
            [
              265.79999999999995,
              31.6304
            ],
            [
              269.785980952381,
              30.680000000000003
            ]
          ]
        ]
      }
    },
    {
      "type": "Feature",
      "properties": {
        "kind": "compartment",
        "zone_id": "PC_D5_P_F",
        "deck": "5_Cabins",
        "room_type": "Cabin_Corridor"
      },
      "geometry": {
        "type": "Polygon",
        "coordinates": [
          [
            [
              4.985980952380955,
              1.0
            ],
            [
              20.214019047619043,
              1.0
            ],
            [
              24.2,
              1.9503999999999997
            ],
            [
              24.2,
              4.3696
            ],
            [
              20.214019047619043,
              5.32
            ],
            [
              4.985980952380955,
              5.32
            ],
            [
              1.0,
              4.3696
            ],
            [
              1.0,
              1.9503999999999997
            ],
            [
              4.985980952380955,
              1.0
            ]
          ]
        ]
      }
    },
    {
      "type": "Feature",
      "properties": {
        "kind": "compartment",
        "zone_id": "PC_D5_P_M",
        "deck": "5_Cabins",
        "room_type": "Cabin_Corridor"
      },
      "geometry": {
        "type": "Polygon",
        "coordinates": [
          [
            [
              137.38598095238095,
              1.0
            ],
            [
              152.61401904761905,
              1.0
            ],
            [
              156.6,
              1.9503999999999997
            ],
            [
              156.6,
              4.3696
            ],
            [
              152.61401904761905,
              5.32
            ],
            [
              137.38598095238095,
              5.32
            ],
            [
              133.4,
              4.3696
            ],
            [
              133.4,
              1.9503999999999997
            ],
            [
              137.38598095238095,
              1.0
            ]
          ]
        ]
      }
    },
    {
      "type": "Feature",
      "properties": {
        "kind": "compartment",
        "zone_id": "PC_D5_P_A",
        "deck": "5_Cabins",
        "room_type": "Cabin_Corridor"
      },
      "geometry": {
        "type": "Polygon",
        "coordinates": [
          [
            [
              269.785980952381,
              1.0
            ],
            [
              285.01401904761894,
              1.0
            ],
            [
              289.0,
              1.9503999999999997
            ],
            [
              289.0,
              4.3696
            ],
            [
              285.01401904761894,
              5.32
            ],
            [
              269.785980952381,
              5.32
            ],
            [
              265.79999999999995,
              4.3696
            ],
            [
              265.79999999999995,
              1.9503999999999997
            ],
            [
              269.785980952381,
              1.0
            ]
          ]
        ]
      }
    },
    {
      "type": "Feature",
      "properties": {
        "kind": "compartment",
        "zone_id": "PC_D5_S_F",
        "deck": "5_Cabins",
        "room_type": "Cabin_Corridor"
      },
      "geometry": {
        "type": "Polygon",
        "coordinates": [
          [
            [
              4.985980952380955,
              30.680000000000003
            ],
            [
              20.214019047619043,
              30.680000000000003
            ],
            [
              24.2,
              31.6304
            ],
            [
              24.2,
              34.0496
            ],
            [
              20.214019047619043,
              35.0
            ],
            [
              4.985980952380955,
              35.0
            ],
            [
              1.0,
              34.0496
            ],
            [
              1.0,
              31.6304
            ],
            [
              4.985980952380955,
              30.680000000000003
            ]
          ]
        ]
      }
    },
    {
      "type": "Feature",
      "properties": {
        "kind": "compartment",
        "zone_id": "PC_D5_S_M",
        "deck": "5_Cabins",
        "room_type": "Cabin_Corridor"
      },
      "geometry": {
        "type": "Polygon",
        "coordinates": [
          [
            [
              137.38598095238095,
              30.680000000000003
            ],
            [
              152.61401904761905,
              30.680000000000003
            ],
            [
              156.6,
              31.6304
            ],
            [
              156.6,
              34.0496
            ],
            [
              152.61401904761905,
              35.0
            ],
            [
              137.38598095238095,
              35.0
            ],
            [
              133.4,
              34.0496
            ],
            [
              133.4,
              31.6304
            ],
            [
              137.38598095238095,
              30.680000000000003
            ]
          ]
        ]
      }
    },
    {
      "type": "Feature",
      "properties": {
        "kind": "compartment",
        "zone_id": "PC_D5_S_A",
        "deck": "5_Cabins",
        "room_type": "Cabin_Corridor"
      },
      "geometry": {
        "type": "Polygon",
        "coordinates": [
          [
            [
              269.785980952381,
              30.680000000000003
            ],
            [
              285.01401904761894,
              30.680000000000003
            ],
            [
              289.0,
              31.6304
            ],
            [
              289.0,
              34.0496
            ],
            [
              285.01401904761894,
              35.0
            ],
            [
              269.785980952381,
              35.0
            ],
            [
              265.79999999999995,
              34.0496
            ],
            [
              265.79999999999995,
              31.6304
            ],
            [
              269.785980952381,
              30.680000000000003
            ]
          ]
        ]
      }
    },
    {
      "type": "Feature",
      "properties": {
        "kind": "compartment",
        "zone_id": "PC_D8_P_F",
        "deck": "8_Cabins",
        "room_type": "Cabin_Corridor"
      },
      "geometry": {
        "type": "Polygon",
        "coordinates": [
          [
            [
              4.985980952380955,
              1.0
            ],
            [
              20.214019047619043,
              1.0
            ],
            [
              24.2,
              1.9503999999999997
            ],
            [
              24.2,
              4.3696
            ],
            [
              20.214019047619043,
              5.32
            ],
            [
              4.985980952380955,
              5.32
            ],
            [
              1.0,
              4.3696
            ],
            [
              1.0,
              1.9503999999999997
            ],
            [
              4.985980952380955,
              1.0
            ]
          ]
        ]
      }
    },
    {
      "type": "Feature",
      "properties": {
        "kind": "compartment",
        "zone_id": "PC_D8_P_M",
        "deck": "8_Cabins",
        "room_type": "Cabin_Corridor"
      },
      "geometry": {
        "type": "Polygon",
        "coordinates": [
          [
            [
              137.38598095238095,
              1.0
            ],
            [
              152.61401904761905,
              1.0
            ],
            [
              156.6,
              1.9503999999999997
            ],
            [
              156.6,
              4.3696
            ],
            [
              152.61401904761905,
              5.32
            ],
            [
              137.38598095238095,
              5.32
            ],
            [
              133.4,
              4.3696
            ],
            [
              133.4,
              1.9503999999999997
            ],
            [
              137.38598095238095,
              1.0
            ]
          ]
        ]
      }
    },
    {
      "type": "Feature",
      "properties": {
        "kind": "compartment",
        "zone_id": "PC_D8_P_A",
        "deck": "8_Cabins",
        "room_type": "Cabin_Corridor"
      },
      "geometry": {
        "type": "Polygon",
        "coordinates": [
          [
            [
              269.785980952381,
              1.0
            ],
            [
              285.01401904761894,
              1.0
            ],
            [
              289.0,
              1.9503999999999997
            ],
            [
              289.0,
              4.3696
            ],
            [
              285.01401904761894,
              5.32
            ],
            [
              269.785980952381,
              5.32
            ],
            [
              265.79999999999995,
              4.3696
            ],
            [
              265.79999999999995,
              1.9503999999999997
            ],
            [
              269.785980952381,
              1.0
            ]
          ]
        ]
      }
    },
    {
      "type": "Feature",
      "properties": {
        "kind": "compartment",
        "zone_id": "PC_D8_S_F",
        "deck": "8_Cabins",
        "room_type": "Cabin_Corridor"
      },
      "geometry": {
        "type": "Polygon",
        "coordinates": [
          [
            [
              4.985980952380955,
              30.680000000000003
            ],
            [
              20.214019047619043,
              30.680000000000003
            ],
            [
              24.2,
              31.6304
            ],
            [
              24.2,
              34.0496
            ],
            [
              20.214019047619043,
              35.0
            ],
            [
              4.985980952380955,
              35.0
            ],
            [
              1.0,
              34.0496
            ],
            [
              1.0,
              31.6304
            ],
            [
              4.985980952380955,
              30.680000000000003
            ]
          ]
        ]
      }
    },
    {
      "type": "Feature",
      "properties": {
        "kind": "compartment",
        "zone_id": "PC_D8_S_M",
        "deck": "8_Cabins",
        "room_type": "Cabin_Corridor"
      },
      "geometry": {
        "type": "Polygon",
        "coordinates": [
          [
            [
              137.38598095238095,
              30.680000000000003
            ],
            [
              152.61401904761905,
              30.680000000000003
            ],
            [
              156.6,
              31.6304
            ],
            [
              156.6,
              34.0496
            ],
            [
              152.61401904761905,
              35.0
            ],
            [
              137.38598095238095,
              35.0
            ],
            [
              133.4,
              34.0496
            ],
            [
              133.4,
              31.6304
            ],
            [
              137.38598095238095,
              30.680000000000003
            ]
          ]
        ]
      }
    },
    {
      "type": "Feature",
      "properties": {
        "kind": "compartment",
        "zone_id": "PC_D8_S_A",
        "deck": "8_Cabins",
        "room_type": "Cabin_Corridor"
      },
      "geometry": {
        "type": "Polygon",
        "coordinates": [
          [
            [
              269.785980952381,
              30.680000000000003
            ],
            [
              285.01401904761894,
              30.680000000000003
            ],
            [
              289.0,
              31.6304
            ],
            [
              289.0,
              34.0496
            ],
            [
              285.01401904761894,
              35.0
            ],
            [
              269.785980952381,
              35.0
            ],
            [
              265.79999999999995,
              34.0496
            ],
            [
              265.79999999999995,
              31.6304
            ],
            [
              269.785980952381,
              30.680000000000003
            ]
          ]
        ]
      }
    },
    {
      "type": "Feature",
      "properties": {
        "kind": "compartment",
        "zone_id": "PC_D10_P_F",
        "deck": "10_Cabins",
        "room_type": "Cabin_Corridor"
      },
      "geometry": {
        "type": "Polygon",
        "coordinates": [
          [
            [
              4.985980952380955,
              1.0
            ],
            [
              20.214019047619043,
              1.0
            ],
            [
              24.2,
              1.9503999999999997
            ],
            [
              24.2,
              4.3696
            ],
            [
              20.214019047619043,
              5.32
            ],
            [
              4.985980952380955,
              5.32
            ],
            [
              1.0,
              4.3696
            ],
            [
              1.0,
              1.9503999999999997
            ],
            [
              4.985980952380955,
              1.0
            ]
          ]
        ]
      }
    },
    {
      "type": "Feature",
      "properties": {
        "kind": "compartment",
        "zone_id": "PC_D10_P_M",
        "deck": "10_Cabins",
        "room_type": "Cabin_Corridor"
      },
      "geometry": {
        "type": "Polygon",
        "coordinates": [
          [
            [
              137.38598095238095,
              1.0
            ],
            [
              152.61401904761905,
              1.0
            ],
            [
              156.6,
              1.9503999999999997
            ],
            [
              156.6,
              4.3696
            ],
            [
              152.61401904761905,
              5.32
            ],
            [
              137.38598095238095,
              5.32
            ],
            [
              133.4,
              4.3696
            ],
            [
              133.4,
              1.9503999999999997
            ],
            [
              137.38598095238095,
              1.0
            ]
          ]
        ]
      }
    },
    {
      "type": "Feature",
      "properties": {
        "kind": "compartment",
        "zone_id": "PC_D10_P_A",
        "deck": "10_Cabins",
        "room_type": "Cabin_Corridor"
      },
      "geometry": {
        "type": "Polygon",
        "coordinates": [
          [
            [
              269.785980952381,
              1.0
            ],
            [
              285.01401904761894,
              1.0
            ],
            [
              289.0,
              1.9503999999999997
            ],
            [
              289.0,
              4.3696
            ],
            [
              285.01401904761894,
              5.32
            ],
            [
              269.785980952381,
              5.32
            ],
            [
              265.79999999999995,
              4.3696
            ],
            [
              265.79999999999995,
              1.9503999999999997
            ],
            [
              269.785980952381,
              1.0
            ]
          ]
        ]
      }
    },
    {
      "type": "Feature",
      "properties": {
        "kind": "compartment",
        "zone_id": "PC_D10_S_F",
        "deck": "10_Cabins",
        "room_type": "Cabin_Corridor"
      },
      "geometry": {
        "type": "Polygon",
        "coordinates": [
          [
            [
              4.985980952380955,
              30.680000000000003
            ],
            [
              20.214019047619043,
              30.680000000000003
            ],
            [
              24.2,
              31.6304
            ],
            [
              24.2,
              34.0496
            ],
            [
              20.214019047619043,
              35.0
            ],
            [
              4.985980952380955,
              35.0
            ],
            [
              1.0,
              34.0496
            ],
            [
              1.0,
              31.6304
            ],
            [
              4.985980952380955,
              30.680000000000003
            ]
          ]
        ]
      }
    },
    {
      "type": "Feature",
      "properties": {
        "kind": "compartment",
        "zone_id": "PC_D10_S_M",
        "deck": "10_Cabins",
        "room_type": "Cabin_Corridor"
      },
      "geometry": {
        "type": "Polygon",
        "coordinates": [
          [
            [
              137.38598095238095,
              30.680000000000003
            ],
            [
              152.61401904761905,
              30.680000000000003
            ],
            [
              156.6,
              31.6304
            ],
            [
              156.6,
              34.0496
            ],
            [
              152.61401904761905,
              35.0
            ],
            [
              137.38598095238095,
              35.0
            ],
            [
              133.4,
              34.0496
            ],
            [
              133.4,
              31.6304
            ],
            [
              137.38598095238095,
              30.680000000000003
            ]
          ]
        ]
      }
    },
    {
      "type": "Feature",
      "properties": {
        "kind": "compartment",
        "zone_id": "PC_D10_S_A",
        "deck": "10_Cabins",
        "room_type": "Cabin_Corridor"
      },
      "geometry": {
        "type": "Polygon",
        "coordinates": [
          [
            [
              269.785980952381,
              30.680000000000003
            ],
            [
              285.01401904761894,
              30.680000000000003
            ],
            [
              289.0,
              31.6304
            ],
            [
              289.0,
              34.0496
            ],
            [
              285.01401904761894,
              35.0
            ],
            [
              269.785980952381,
              35.0
            ],
            [
              265.79999999999995,
              34.0496
            ],
            [
              265.79999999999995,
              31.6304
            ],
            [
              269.785980952381,
              30.680000000000003
            ]
          ]
        ]
      }
    },
    {
      "type": "Feature",
      "properties": {
        "kind": "compartment",
        "zone_id": "PC_D11_P_F",
        "deck": "11_Cabins",
        "room_type": "Cabin_Corridor"
      },
      "geometry": {
        "type": "Polygon",
        "coordinates": [
          [
            [
              4.985980952380955,
              1.0
            ],
            [
              20.214019047619043,
              1.0
            ],
            [
              24.2,
              1.9503999999999997
            ],
            [
              24.2,
              4.3696
            ],
            [
              20.214019047619043,
              5.32
            ],
            [
              4.985980952380955,
              5.32
            ],
            [
              1.0,
              4.3696
            ],
            [
              1.0,
              1.9503999999999997
            ],
            [
              4.985980952380955,
              1.0
            ]
          ]
        ]
      }
    },
    {
      "type": "Feature",
      "properties": {
        "kind": "compartment",
        "zone_id": "PC_D11_P_M",
        "deck": "11_Cabins",
        "room_type": "Cabin_Corridor"
      },
      "geometry": {
        "type": "Polygon",
        "coordinates": [
          [
            [
              137.38598095238095,
              1.0
            ],
            [
              152.61401904761905,
              1.0
            ],
            [
              156.6,
              1.9503999999999997
            ],
            [
              156.6,
              4.3696
            ],
            [
              152.61401904761905,
              5.32
            ],
            [
              137.38598095238095,
              5.32
            ],
            [
              133.4,
              4.3696
            ],
            [
              133.4,
              1.9503999999999997
            ],
            [
              137.38598095238095,
              1.0
            ]
          ]
        ]
      }
    },
    {
      "type": "Feature",
      "properties": {
        "kind": "compartment",
        "zone_id": "PC_D11_P_A",
        "deck": "11_Cabins",
        "room_type": "Cabin_Corridor"
      },
      "geometry": {
        "type": "Polygon",
        "coordinates": [
          [
            [
              269.785980952381,
              1.0
            ],
            [
              285.01401904761894,
              1.0
            ],
            [
              289.0,
              1.9503999999999997
            ],
            [
              289.0,
              4.3696
            ],
            [
              285.01401904761894,
              5.32
            ],
            [
              269.785980952381,
              5.32
            ],
            [
              265.79999999999995,
              4.3696
            ],
            [
              265.79999999999995,
              1.9503999999999997
            ],
            [
              269.785980952381,
              1.0
            ]
          ]
        ]
      }
    },
    {
      "type": "Feature",
      "properties": {
        "kind": "compartment",
        "zone_id": "PC_D11_S_F",
        "deck": "11_Cabins",
        "room_type": "Cabin_Corridor"
      },
      "geometry": {
        "type": "Polygon",
        "coordinates": [
          [
            [
              4.985980952380955,
              30.680000000000003
            ],
            [
              20.214019047619043,
              30.680000000000003
            ],
            [
              24.2,
              31.6304
            ],
            [
              24.2,
              34.0496
            ],
            [
              20.214019047619043,
              35.0
            ],
            [
              4.985980952380955,
              35.0
            ],
            [
              1.0,
              34.0496
            ],
            [
              1.0,
              31.6304
            ],
            [
              4.985980952380955,
              30.680000000000003
            ]
          ]
        ]
      }
    },
    {
      "type": "Feature",
      "properties": {
        "kind": "compartment",
        "zone_id": "PC_D11_S_M",
        "deck": "11_Cabins",
        "room_type": "Cabin_Corridor"
      },
      "geometry": {
        "type": "Polygon",
        "coordinates": [
          [
            [
              137.38598095238095,
              30.680000000000003
            ],
            [
              152.61401904761905,
              30.680000000000003
            ],
            [
              156.6,
              31.6304
            ],
            [
              156.6,
              34.0496
            ],
            [
              152.61401904761905,
              35.0
            ],
            [
              137.38598095238095,
              35.0
            ],
            [
              133.4,
              34.0496
            ],
            [
              133.4,
              31.6304
            ],
            [
              137.38598095238095,
              30.680000000000003
            ]
          ]
        ]
      }
    },
    {
      "type": "Feature",
      "properties": {
        "kind": "compartment",
        "zone_id": "PC_D11_S_A",
        "deck": "11_Cabins",
        "room_type": "Cabin_Corridor"
      },
      "geometry": {
        "type": "Polygon",
        "coordinates": [
          [
            [
              269.785980952381,
              30.680000000000003
            ],
            [
              285.01401904761894,
              30.680000000000003
            ],
            [
              289.0,
              31.6304
            ],
            [
              289.0,
              34.0496
            ],
            [
              285.01401904761894,
              35.0
            ],
            [
              269.785980952381,
              35.0
            ],
            [
              265.79999999999995,
              34.0496
            ],
            [
              265.79999999999995,
              31.6304
            ],
            [
              269.785980952381,
              30.680000000000003
            ]
          ]
        ]
      }
    },
    {
      "type": "Feature",
      "properties": {
        "kind": "hvac_path",
        "from": "MainDining_L",
        "to": "MainGalley"
      },
      "geometry": {
        "type": "LineString",
        "coordinates": [
          [
            57.37857142857143,
            28.312
          ],
          [
            10.137301297429127,
            29.454603350525772
          ]
        ]
      }
    },
    {
      "type": "Feature",
      "properties": {
        "kind": "hvac_path",
        "from": "MainDining_U",
        "to": "SpecialtyA"
      },
      "geometry": {
        "type": "LineString",
        "coordinates": [
          [
            12.019999999999998,
            28.312
          ],
          [
            150.452,
            31.87197442465698
          ]
        ]
      }
    },
    {
      "type": "Feature",
      "properties": {
        "kind": "hvac_path",
        "from": "SpecialtyA",
        "to": "SpecialtyB"
      },
      "geometry": {
        "type": "LineString",
        "coordinates": [
          [
            150.452,
            31.87197442465698
          ],
          [
            194.068,
            31.87197442465698
          ]
        ]
      }
    },
    {
      "type": "Feature",
      "properties": {
        "kind": "hvac_path",
        "from": "Promenade",
        "to": "PhotoShops"
      },
      "geometry": {
        "type": "LineString",
        "coordinates": [
          [
            95.93200000000002,
            27.8603470672588
          ],
          [
            281.3,
            31.183694980743805
          ]
        ]
      }
    },
    {
      "type": "Feature",
      "properties": {
        "kind": "hvac_path",
        "from": "MainTheater",
        "to": "Reception"
      },
      "geometry": {
        "type": "LineString",
        "coordinates": [
          [
            274.89321971532837,
            12.01672365088641
          ],
          [
            145.0,
            29.1704977914062
          ]
        ]
      }
    },
    {
      "type": "Feature",
      "properties": {
        "kind": "hvac_path",
        "from": "LidoBuffet",
        "to": "MainPool"
      },
      "geometry": {
        "type": "LineString",
        "coordinates": [
          [
            11.308266100562209,
            28.74394884931397
          ],
          [
            279.2265359262951,
            27.367389961487618
          ]
        ]
      }
    },
    {
      "type": "Feature",
      "properties": {
        "kind": "hvac_path",
        "from": "LidoBuffet",
        "to": "PizzaGrill"
      },
      "geometry": {
        "type": "LineString",
        "coordinates": [
          [
            11.308266100562209,
            28.74394884931397
          ],
          [
            145.0,
            31.57341966386311
          ]
        ]
      }
    },
    {
      "type": "Feature",
      "properties": {
        "kind": "hvac_path",
        "from": "SpaFit",
        "to": "KidsClub"
      },
      "geometry": {
        "type": "LineString",
        "coordinates": [
          [
            129.85555555555553,
            29.951502995940277
          ],
          [
            220.72222222222223,
            31.4301735336294
          ]
        ]
      }
    },
    {
      "type": "Feature",
      "properties": {
        "kind": "hvac_path",
        "from": "KidsClub",
        "to": "TeenZone"
      },
      "geometry": {
        "type": "LineString",
        "coordinates": [
          [
            220.72222222222223,
            31.4301735336294
          ],
          [
            281.3,
            31.807050141326986
          ]
        ]
      }
    },
    {
      "type": "Feature",
      "properties": {
        "kind": "hvac_path",
        "from": "SpecialtyC",
        "to": "SpaFit"
      },
      "geometry": {
        "type": "LineString",
        "coordinates": [
          [
            8.7,
            31.87197442465698
          ],
          [
            129.85555555555553,
            29.951502995940277
          ]
        ]
      }
    },
    {
      "type": "Feature",
      "properties": {
        "kind": "hvac_path",
        "from": "MedCenter",
        "to": "IsolWard"
      },
      "geometry": {
        "type": "LineString",
        "coordinates": [
          [
            60.87224880382776,
            31.807050141326986
          ],
          [
            113.04449760765552,
            33.15654953958616
          ]
        ]
      }
    },
    {
      "type": "Feature",
      "properties": {
        "kind": "hvac_path",
        "from": "CrewMessMain",
        "to": "Laundry"
      },
      "geometry": {
        "type": "LineString",
        "coordinates": [
          [
            9.265,
            29.984000000000005
          ],
          [
            113.04449760765552,
            32.0852488957031
          ]
        ]
      }
    },
    {
      "type": "Feature",
      "properties": {
        "kind": "hvac_path",
        "from": "CrewMessOff",
        "to": "MedCenter"
      },
      "geometry": {
        "type": "LineString",
        "coordinates": [
          [
            8.7,
            32.20220887127005
          ],
          [
            60.87224880382776,
            31.807050141326986
          ]
        ]
      }
    },
    {
      "type": "Feature",
      "properties": {
        "kind": "hvac_path",
        "from": "Nightclub",
        "to": "CC_D3_A"
      },
      "geometry": {
        "type": "LineString",
        "coordinates": [
          [
            58.67666666666666,
            30.877919457361365
          ],
          [
            277.4,
            32.84
          ]
        ]
      }
    },
    {
      "type": "Feature",
      "properties": {
        "kind": "hvac_path",
        "from": "ArtGallery",
        "to": "SmallLounge"
      },
      "geometry": {
        "type": "LineString",
        "coordinates": [
          [
            23.844444444444445,
            23.28
          ],
          [
            8.7,
            23.28
          ]
        ]
      }
    },
    {
      "type": "Feature",
      "properties": {
        "kind": "hvac_path",
        "from": "PC_D9_S_A",
        "to": "AftPool"
      },
      "geometry": {
        "type": "LineString",
        "coordinates": [
          [
            277.4,
            32.84
          ],
          [
            8.7,
            26.20063468987232
          ]
        ]
      }
    },
    {
      "type": "Feature",
      "properties": {
        "kind": "hvac_path",
        "from": "PC_D6_P_F",
        "to": "SmallLounge"
      },
      "geometry": {
        "type": "LineString",
        "coordinates": [
          [
            220.72222222222223,
            12.72
          ],
          [
            8.7,
            23.28
          ]
        ]
      }
    },
    {
      "type": "Feature",
      "properties": {
        "kind": "hvac_path",
        "from": "PC_D7_S_F",
        "to": "Library"
      },
      "geometry": {
        "type": "LineString",
        "coordinates": [
          [
            220.72222222222223,
            32.84
          ],
          [
            8.7,
            23.28
          ]
        ]
      }
    },
    {
      "type": "Feature",
      "properties": {
        "kind": "hvac_path",
        "from": "CC_D1_F",
        "to": "CrewMessMain"
      },
      "geometry": {
        "type": "LineString",
        "coordinates": [
          [
            203.04162679425838,
            32.84
          ],
          [
            9.265,
            29.984000000000005
          ]
        ]
      }
    },
    {
      "type": "Feature",
      "properties": {
        "kind": "hvac_path",
        "from": "CC_D1_A",
        "to": "Laundry"
      },
      "geometry": {
        "type": "LineString",
        "coordinates": [
          [
            277.4,
            32.84
          ],
          [
            113.04449760765552,
            32.0852488957031
          ]
        ]
      }
    },
    {
      "type": "Feature",
      "properties": {
        "kind": "hvac_path",
        "from": "CC_D2_M",
        "to": "MedCenter"
      },
      "geometry": {
        "type": "LineString",
        "coordinates": [
          [
            242.1708133971292,
            32.84
          ],
          [
            60.87224880382776,
            31.807050141326986
          ]
        ]
      }
    },
    {
      "type": "Feature",
      "properties": {
        "kind": "hvac_path",
        "from": "CC_D2_F",
        "to": "CrewMessOff"
      },
      "geometry": {
        "type": "LineString",
        "coordinates": [
          [
            203.04162679425838,
            32.84
          ],
          [
            8.7,
            32.20220887127005
          ]
        ]
      }
    },
    {
      "type": "Feature",
      "properties": {
        "kind": "hvac_path",
        "from": "PC_D4_P_F",
        "to": "PC_D4_P_M"
      },
      "geometry": {
        "type": "LineString",
        "coordinates": [
          [
            12.6,
            3.16
          ],
          [
            145.0,
            3.16
          ]
        ]
      }
    },
    {
      "type": "Feature",
      "properties": {
        "kind": "hvac_path",
        "from": "PC_D4_P_M",
        "to": "PC_D4_P_A"
      },
      "geometry": {
        "type": "LineString",
        "coordinates": [
          [
            145.0,
            3.16
          ],
          [
            277.4,
            3.16
          ]
        ]
      }
    },
    {
      "type": "Feature",
      "properties": {
        "kind": "hvac_path",
        "from": "PC_D4_S_F",
        "to": "PC_D4_S_M"
      },
      "geometry": {
        "type": "LineString",
        "coordinates": [
          [
            12.6,
            32.84
          ],
          [
            145.0,
            32.84
          ]
        ]
      }
    },
    {
      "type": "Feature",
      "properties": {
        "kind": "hvac_path",
        "from": "PC_D4_S_M",
        "to": "PC_D4_S_A"
      },
      "geometry": {
        "type": "LineString",
        "coordinates": [
          [
            145.0,
            32.84
          ],
          [
            277.4,
            32.84
          ]
        ]
      }
    },
    {
      "type": "Feature",
      "properties": {
        "kind": "hvac_path",
        "from": "PC_D4_P_M",
        "to": "PC_D4_S_M"
      },
      "geometry": {
        "type": "LineString",
        "coordinates": [
          [
            145.0,
            3.16
          ],
          [
            145.0,
            32.84
          ]
        ]
      }
    },
    {
      "type": "Feature",
      "properties": {
        "kind": "hvac_path",
        "from": "PC_D5_P_F",
        "to": "PC_D5_P_M"
      },
      "geometry": {
        "type": "LineString",
        "coordinates": [
          [
            12.6,
            3.16
          ],
          [
            145.0,
            3.16
          ]
        ]
      }
    },
    {
      "type": "Feature",
      "properties": {
        "kind": "hvac_path",
        "from": "PC_D5_P_M",
        "to": "PC_D5_P_A"
      },
      "geometry": {
        "type": "LineString",
        "coordinates": [
          [
            145.0,
            3.16
          ],
          [
            277.4,
            3.16
          ]
        ]
      }
    },
    {
      "type": "Feature",
      "properties": {
        "kind": "hvac_path",
        "from": "PC_D5_S_F",
        "to": "PC_D5_S_M"
      },
      "geometry": {
        "type": "LineString",
        "coordinates": [
          [
            12.6,
            32.84
          ],
          [
            145.0,
            32.84
          ]
        ]
      }
    },
    {
      "type": "Feature",
      "properties": {
        "kind": "hvac_path",
        "from": "PC_D5_S_M",
        "to": "PC_D5_S_A"
      },
      "geometry": {
        "type": "LineString",
        "coordinates": [
          [
            145.0,
            32.84
          ],
          [
            277.4,
            32.84
          ]
        ]
      }
    },
    {
      "type": "Feature",
      "properties": {
        "kind": "hvac_path",
        "from": "PC_D5_P_M",
        "to": "PC_D5_S_M"
      },
      "geometry": {
        "type": "LineString",
        "coordinates": [
          [
            145.0,
            3.16
          ],
          [
            145.0,
            32.84
          ]
        ]
      }
    },
    {
      "type": "Feature",
      "properties": {
        "kind": "hvac_path",
        "from": "PC_D6_P_F",
        "to": "PC_D6_P_M"
      },
      "geometry": {
        "type": "LineString",
        "coordinates": [
          [
            220.72222222222223,
            12.72
          ],
          [
            251.01111111111112,
            12.72
          ]
        ]
      }
    },
    {
      "type": "Feature",
      "properties": {
        "kind": "hvac_path",
        "from": "PC_D6_P_M",
        "to": "PC_D6_P_A"
      },
      "geometry": {
        "type": "LineString",
        "coordinates": [
          [
            251.01111111111112,
            12.72
          ],
          [
            277.4,
            12.72
          ]
        ]
      }
    },
    {
      "type": "Feature",
      "properties": {
        "kind": "hvac_path",
        "from": "PC_D6_S_F",
        "to": "PC_D6_S_M"
      },
      "geometry": {
        "type": "LineString",
        "coordinates": [
          [
            220.72222222222223,
            32.84
          ],
          [
            251.01111111111112,
            32.84
          ]
        ]
      }
    },
    {
      "type": "Feature",
      "properties": {
        "kind": "hvac_path",
        "from": "PC_D6_S_M",
        "to": "PC_D6_S_A"
      },
      "geometry": {
        "type": "LineString",
        "coordinates": [
          [
            251.01111111111112,
            32.84
          ],
          [
            277.4,
            32.84
          ]
        ]
      }
    },
    {
      "type": "Feature",
      "properties": {
        "kind": "hvac_path",
        "from": "PC_D6_P_M",
        "to": "PC_D6_S_M"
      },
      "geometry": {
        "type": "LineString",
        "coordinates": [
          [
            251.01111111111112,
            12.72
          ],
          [
            251.01111111111112,
            32.84
          ]
        ]
      }
    },
    {
      "type": "Feature",
      "properties": {
        "kind": "hvac_path",
        "from": "PC_D7_P_F",
        "to": "PC_D7_P_M"
      },
      "geometry": {
        "type": "LineString",
        "coordinates": [
          [
            220.72222222222223,
            12.72
          ],
          [
            251.01111111111112,
            12.72
          ]
        ]
      }
    },
    {
      "type": "Feature",
      "properties": {
        "kind": "hvac_path",
        "from": "PC_D7_P_M",
        "to": "PC_D7_P_A"
      },
      "geometry": {
        "type": "LineString",
        "coordinates": [
          [
            251.01111111111112,
            12.72
          ],
          [
            277.4,
            12.72
          ]
        ]
      }
    },
    {
      "type": "Feature",
      "properties": {
        "kind": "hvac_path",
        "from": "PC_D7_S_F",
        "to": "PC_D7_S_M"
      },
      "geometry": {
        "type": "LineString",
        "coordinates": [
          [
            220.72222222222223,
            32.84
          ],
          [
            251.01111111111112,
            32.84
          ]
        ]
      }
    },
    {
      "type": "Feature",
      "properties": {
        "kind": "hvac_path",
        "from": "PC_D7_S_M",
        "to": "PC_D7_S_A"
      },
      "geometry": {
        "type": "LineString",
        "coordinates": [
          [
            251.01111111111112,
            32.84
          ],
          [
            277.4,
            32.84
          ]
        ]
      }
    },
    {
      "type": "Feature",
      "properties": {
        "kind": "hvac_path",
        "from": "PC_D7_P_M",
        "to": "PC_D7_S_M"
      },
      "geometry": {
        "type": "LineString",
        "coordinates": [
          [
            251.01111111111112,
            12.72
          ],
          [
            251.01111111111112,
            32.84
          ]
        ]
      }
    },
    {
      "type": "Feature",
      "properties": {
        "kind": "hvac_path",
        "from": "PC_D8_P_F",
        "to": "PC_D8_P_M"
      },
      "geometry": {
        "type": "LineString",
        "coordinates": [
          [
            12.6,
            3.16
          ],
          [
            145.0,
            3.16
          ]
        ]
      }
    },
    {
      "type": "Feature",
      "properties": {
        "kind": "hvac_path",
        "from": "PC_D8_P_M",
        "to": "PC_D8_P_A"
      },
      "geometry": {
        "type": "LineString",
        "coordinates": [
          [
            145.0,
            3.16
          ],
          [
            277.4,
            3.16
          ]
        ]
      }
    },
    {
      "type": "Feature",
      "properties": {
        "kind": "hvac_path",
        "from": "PC_D8_S_F",
        "to": "PC_D8_S_M"
      },
      "geometry": {
        "type": "LineString",
        "coordinates": [
          [
            12.6,
            32.84
          ],
          [
            145.0,
            32.84
          ]
        ]
      }
    },
    {
      "type": "Feature",
      "properties": {
        "kind": "hvac_path",
        "from": "PC_D8_S_M",
        "to": "PC_D8_S_A"
      },
      "geometry": {
        "type": "LineString",
        "coordinates": [
          [
            145.0,
            32.84
          ],
          [
            277.4,
            32.84
          ]
        ]
      }
    },
    {
      "type": "Feature",
      "properties": {
        "kind": "hvac_path",
        "from": "PC_D8_P_M",
        "to": "PC_D8_S_M"
      },
      "geometry": {
        "type": "LineString",
        "coordinates": [
          [
            145.0,
            3.16
          ],
          [
            145.0,
            32.84
          ]
        ]
      }
    },
    {
      "type": "Feature",
      "properties": {
        "kind": "hvac_path",
        "from": "PC_D9_P_F",
        "to": "PC_D9_P_M"
      },
      "geometry": {
        "type": "LineString",
        "coordinates": [
          [
            19.732191599999997,
            3.16
          ],
          [
            145.0,
            3.16
          ]
        ]
      }
    },
    {
      "type": "Feature",
      "properties": {
        "kind": "hvac_path",
        "from": "PC_D9_P_M",
        "to": "PC_D9_P_A"
      },
      "geometry": {
        "type": "LineString",
        "coordinates": [
          [
            145.0,
            3.16
          ],
          [
            277.4,
            3.16
          ]
        ]
      }
    },
    {
      "type": "Feature",
      "properties": {
        "kind": "hvac_path",
        "from": "PC_D9_S_F",
        "to": "PC_D9_S_M"
      },
      "geometry": {
        "type": "LineString",
        "coordinates": [
          [
            12.6,
            33.08897024
          ],
          [
            145.0,
            32.84
          ]
        ]
      }
    },
    {
      "type": "Feature",
      "properties": {
        "kind": "hvac_path",
        "from": "PC_D9_S_M",
        "to": "PC_D9_S_A"
      },
      "geometry": {
        "type": "LineString",
        "coordinates": [
          [
            145.0,
            32.84
          ],
          [
            277.4,
            32.84
          ]
        ]
      }
    },
    {
      "type": "Feature",
      "properties": {
        "kind": "hvac_path",
        "from": "PC_D9_P_M",
        "to": "PC_D9_S_M"
      },
      "geometry": {
        "type": "LineString",
        "coordinates": [
          [
            145.0,
            3.16
          ],
          [
            145.0,
            32.84
          ]
        ]
      }
    },
    {
      "type": "Feature",
      "properties": {
        "kind": "hvac_path",
        "from": "PC_D10_P_F",
        "to": "PC_D10_P_M"
      },
      "geometry": {
        "type": "LineString",
        "coordinates": [
          [
            12.6,
            3.16
          ],
          [
            145.0,
            3.16
          ]
        ]
      }
    },
    {
      "type": "Feature",
      "properties": {
        "kind": "hvac_path",
        "from": "PC_D10_P_M",
        "to": "PC_D10_P_A"
      },
      "geometry": {
        "type": "LineString",
        "coordinates": [
          [
            145.0,
            3.16
          ],
          [
            277.4,
            3.16
          ]
        ]
      }
    },
    {
      "type": "Feature",
      "properties": {
        "kind": "hvac_path",
        "from": "PC_D10_S_F",
        "to": "PC_D10_S_M"
      },
      "geometry": {
        "type": "LineString",
        "coordinates": [
          [
            12.6,
            32.84
          ],
          [
            145.0,
            32.84
          ]
        ]
      }
    },
    {
      "type": "Feature",
      "properties": {
        "kind": "hvac_path",
        "from": "PC_D10_S_M",
        "to": "PC_D10_S_A"
      },
      "geometry": {
        "type": "LineString",
        "coordinates": [
          [
            145.0,
            32.84
          ],
          [
            277.4,
            32.84
          ]
        ]
      }
    },
    {
      "type": "Feature",
      "properties": {
        "kind": "hvac_path",
        "from": "PC_D10_P_M",
        "to": "PC_D10_S_M"
      },
      "geometry": {
        "type": "LineString",
        "coordinates": [
          [
            145.0,
            3.16
          ],
          [
            145.0,
            32.84
          ]
        ]
      }
    },
    {
      "type": "Feature",
      "properties": {
        "kind": "hvac_path",
        "from": "PC_D11_P_F",
        "to": "PC_D11_P_M"
      },
      "geometry": {
        "type": "LineString",
        "coordinates": [
          [
            12.6,
            3.16
          ],
          [
            145.0,
            3.16
          ]
        ]
      }
    },
    {
      "type": "Feature",
      "properties": {
        "kind": "hvac_path",
        "from": "PC_D11_P_M",
        "to": "PC_D11_P_A"
      },
      "geometry": {
        "type": "LineString",
        "coordinates": [
          [
            145.0,
            3.16
          ],
          [
            277.4,
            3.16
          ]
        ]
      }
    },
    {
      "type": "Feature",
      "properties": {
        "kind": "hvac_path",
        "from": "PC_D11_S_F",
        "to": "PC_D11_S_M"
      },
      "geometry": {
        "type": "LineString",
        "coordinates": [
          [
            12.6,
            32.84
          ],
          [
            145.0,
            32.84
          ]
        ]
      }
    },
    {
      "type": "Feature",
      "properties": {
        "kind": "hvac_path",
        "from": "PC_D11_S_M",
        "to": "PC_D11_S_A"
      },
      "geometry": {
        "type": "LineString",
        "coordinates": [
          [
            145.0,
            32.84
          ],
          [
            277.4,
            32.84
          ]
        ]
      }
    },
    {
      "type": "Feature",
      "properties": {
        "kind": "hvac_path",
        "from": "PC_D11_P_M",
        "to": "PC_D11_S_M"
      },
      "geometry": {
        "type": "LineString",
        "coordinates": [
          [
            145.0,
            3.16
          ],
          [
            145.0,
            32.84
          ]
        ]
      }
    },
    {
      "type": "Feature",
      "properties": {
        "kind": "hvac_path",
        "from": "CC_D1_F",
        "to": "CC_D1_M"
      },
      "geometry": {
        "type": "LineString",
        "coordinates": [
          [
            203.04162679425838,
            32.84
          ],
          [
            242.1708133971292,
            32.84
          ]
        ]
      }
    },
    {
      "type": "Feature",
      "properties": {
        "kind": "hvac_path",
        "from": "CC_D1_M",
        "to": "CC_D1_A"
      },
      "geometry": {
        "type": "LineString",
        "coordinates": [
          [
            242.1708133971292,
            32.84
          ],
          [
            277.4,
            32.84
          ]
        ]
      }
    },
    {
      "type": "Feature",
      "properties": {
        "kind": "hvac_path",
        "from": "CC_D2_F",
        "to": "CC_D2_M"
      },
      "geometry": {
        "type": "LineString",
        "coordinates": [
          [
            203.04162679425838,
            32.84
          ],
          [
            242.1708133971292,
            32.84
          ]
        ]
      }
    },
    {
      "type": "Feature",
      "properties": {
        "kind": "hvac_path",
        "from": "CC_D2_M",
        "to": "CC_D2_A"
      },
      "geometry": {
        "type": "LineString",
        "coordinates": [
          [
            242.1708133971292,
            32.84
          ],
          [
            277.4,
            32.84
          ]
        ]
      }
    },
    {
      "type": "Feature",
      "properties": {
        "kind": "hvac_path",
        "from": "CC_D3_F",
        "to": "CC_D3_M"
      },
      "geometry": {
        "type": "LineString",
        "coordinates": [
          [
            12.6,
            32.84
          ],
          [
            145.0,
            32.84
          ]
        ]
      }
    },
    {
      "type": "Feature",
      "properties": {
        "kind": "hvac_path",
        "from": "CC_D3_M",
        "to": "CC_D3_A"
      },
      "geometry": {
        "type": "LineString",
        "coordinates": [
          [
            145.0,
            32.84
          ],
          [
            277.4,
            32.84
          ]
        ]
      }
    }
  ]
}