chain__,iter__,draw__,lp__,accept_stat__,stepsize__,treedepth__,n_leapfrog__,divergent__,energy__,mu_log_hazard,sigma_port,z_port[1],sigma_visit,z_visit[1],sigma_time,z_time[1],mu_log_aboard,sigma_ship,z_ship[1],mu_log_r,sigma_r,z_r[1],log_crew_ratio,beta_repeat,ww_logit_base,ww_slope,ww_conc,conc_intercept,conc_slope,conc_sigma,log_lambda_port[1],fleet_time[1],log_lambda_visit[1],lambda_aboard[1],R_onboard[1],lambda_port[1],lambda_visit[1],imported_cases_visit[1],imported_cases[1],attribution_share[1],aboard_cases,secondary_cases,total_incidence,import_share,crew_hazard_ratio,repeat_hazard_ratio,loglik_clinical,loglik_wastewater,loglik_concentration,ww_expected_fraction[1],ww_expected_fraction[2],ww_expected_fraction[3],ww_expected_fraction[4],ww_expected_fraction[5],ww_expected_fraction[6],ww_expected_fraction[7]
1.0,1.0,1.0,-445.02207,0.8749065,0.21111834,4.0,31.0,0.0,455.93478,-7.6867212,1.1809578,0.57474212,0.23626605,2.1566421,1.1622262,0.71174756,-8.2835133,0.94667852,1.0933875,-0.91285343,0.077420398,-0.020809723,0.21925486,-0.23996766,-10.64955,0.11497407,597759.13,9.9048177,1.266665,0.47120102,-7.007975,0.8272117,-5.671222,0.0007112925,0.40073115,0.00090463865,0.0034436546,0.34882927,0.34882927,0.90914343,0.034853333,7.4265436e-06,0.38369003,0.90914343,1.2451486,0.7866533,-253.80499,-12.48318,0.0,4.8429806e-06,4.8429806e-06,1.3576836e-05,1.4702986e-05,1.5404588e-05,1.5922603e-05,1.6336378e-05
1.0,2.0,2.0,-453.74608,0.94475817,0.21111834,4.0,15.0,0.0,458.77053,-10.701735,0.38491859,-0.38210976,0.39784142,-2.6253399,0.27128533,-1.9409467,-6.2277246,0.18783872,-1.1199983,-0.24014675,0.4342368,-0.036611133,-0.58024601,0.010697032,-11.04352,0.035360499,512036.98,4.7657415,0.91610177,0.27351973,-10.848816,-0.52655036,-12.419835,0.0015994369,0.7741074,1.9427599e-05,4.0377005e-06,0.00029277345,0.00029277345,0.0037216276,0.078372407,2.9413404e-06,0.078668122,0.0037216276,0.55976064,1.0107544,-254.7549,-11.886578,0.0,9.8105434e-06,9.8105434e-06,1.273657e-05,1.3052453e-05,1.3240889e-05,1.3376244e-05,1.3482191e-05
1.0,3.0,3.0,-452.20844,0.97957737,0.21111834,5.0,31.0,0.0,466.63054,-8.0366676,0.83359498,0.064200736,0.47756616,0.49295564,0.30234439,1.4120993,-8.4345603,0.024193211,0.22263463,0.82842209,0.083618293,-0.83181683,0.095244107,-0.097867961,-11.031847,0.04697952,1514041.4,4.5533383,1.015203,0.25543117,-7.9831501,0.4269403,-7.3207909,0.0002184018,2.1358549,0.00034116301,0.0006616387,0.062985985,0.062985985,0.85468145,0.010701688,7.6020047e-06,0.073695275,0.85468145,1.0999273,0.90676862,-255.35191,-11.300974,0.0,8.453739e-06,8.453739e-06,1.1921315e-05,1.231571e-05,1.2552487e-05,1.2723253e-05,1.2857317e-05
1.0,4.0,4.0,-445.09375,0.99063882,0.21111834,4.0,15.0,0.0,457.33442,-4.1620556,0.35635427,1.2444887,0.50308958,-0.39335447,0.39127761,-0.88067397,-11.248316,0.10251531,-0.2026329,-1.7723597,0.60596344,-0.1877653,-0.1501295,0.081361855,-10.429363,0.20716529,289790.3,8.7113721,1.1201385,0.15892252,-3.7185768,-0.34458801,-4.2610573,1.276136e-05,0.15165628,0.024268483,0.014107379,1.2011735,1.2011735,0.99947237,0.00062530663,8.8034662e-06,1.2018076,0.99947237,0.86059653,1.0847634,-252.58269,-14.811414,0.0,1.6888565e-06,1.6888565e-06,1.3707913e-05,1.5824557e-05,1.7211168e-05,1.8268066e-05,1.9132355e-05
1.0,5.0,5.0,-448.03582,0.9677925,0.21111834,4.0,15.0,0.0,460.5393,-8.4556158,1.9080068,1.1496425,0.82849317,2.0354383,0.20227585,1.2434972,-13.953952,0.22541294,0.165384,0.54978554,0.25456991,0.60276461,0.81767607,0.081106283,-11.694263,0.044688133,1822941.7,8.2973455,0.97514591,0.77124949,-6.2620902,0.25152945,-4.3242141,9.0378643e-07,2.0202702,0.001907255,0.013243955,1.9089788,1.9089788,0.99987923,4.4285535e-05,0.00018628685,1.9092094,0.99987923,2.2652295,1.0844862,-252.64667,-10.784687,0.0,4.4989912e-06,4.4989912e-06,7.2154012e-06,7.4423931e-06,7.578472e-06,7.6765285e-06,7.7534619e-06
1.0,6.0,6.0,-448.05432,0.99703526,0.21111834,4.0,15.0,0.0,455.7555,-8.5038674,1.2314126,1.201814,0.991725,3.4369118,0.54660612,0.49641512,-15.727883,0.097903448,-0.085363386,-0.22022618,0.3176512,0.96442231,0.49323861,-0.064386537,-11.304029,0.088597335,2553896.8,9.0169,0.87435466,0.35760515,-7.0239384,0.27134354,-3.3441234,1.4650002e-07,1.0899412,0.0008903122,0.035291137,4.1565785,4.1565785,0.99994563,7.1785011e-06,0.00021882721,4.1568045,0.99994563,1.6376112,0.9376425,-251.66696,-11.011969,0.0,3.6235742e-06,3.6235742e-06,9.9035398e-06,1.0530777e-05,1.0915946e-05,1.1197743e-05,1.1421324e-05
1.0,7.0,7.0,-441.19548,0.93921012,0.21111834,4.0,15.0,0.0,456.65738,-2.7014482,1.3313504,1.0613624,0.31388514,-0.26700391,0.61876102,0.81743889,-11.759439,0.62237031,-0.82935427,-0.69130571,0.38364909,-0.027022393,0.50733547,-0.16247893,-11.608935,0.076193697,457240.8,8.2809235,0.83683477,0.18097953,-1.288403,0.50579932,-0.86641219,4.6641539e-06,0.4957553,0.27571075,0.42045737,49.931883,49.931883,0.99997148,0.00022854354,0.0011956631,49.933307,0.99997148,1.6608599,0.850034,-249.1903,-11.867616,0.0,3.1705885e-06,3.1705885e-06,9.0975214e-06,9.5909018e-06,9.8918233e-06,1.0111039e-05,1.0284418e-05
1.0,8.0,8.0,-444.07068,0.97070039,0.21111834,4.0,15.0,0.0,449.85782,-9.3627603,0.29068948,0.55486621,0.72391144,-0.05093428,0.73779899,1.7466448,-13.156585,0.41026889,0.13293612,-0.20716426,0.52082251,0.75459484,-0.67287289,0.003812957,-11.105091,0.088154187,382071.52,10.171404,1.2984225,0.15477947,-9.2014665,1.2886728,-7.9496656,2.0410513e-06,1.2042364,0.00010089134,0.00035278011,0.02484634,0.02484634,0.99593301,0.00010001151,1.4510432e-06,0.024947803,0.99593301,0.51024061,1.0038202,-256.25063,-11.752568,0.0,4.4482903e-06,4.4482903e-06,7.7069679e-06,8.1918662e-06,8.4897203e-06,8.7076491e-06,8.880558e-06
1.0,9.0,9.0,-447.17943,0.98027265,0.21111834,4.0,31.0,0.0,452.9568,-5.8823774,0.12696624,-0.21232389,0.45529629,1.9827618,0.58842416,-0.040583703,-10.674797,0.050011457,0.14736126,-1.1767891,0.20047903,-1.3608655,0.36422334,0.081024004,-10.214222,0.23817279,781676.34,8.6302746,0.87421803,1.0690558,-5.9093354,-0.023880431,-5.0304718,2.329137e-05,0.23466082,0.00271399,0.0065357266,0.71536546,0.71536546,0.99839585,0.0011412771,8.1212408e-06,0.71651485,0.99839585,1.4393957,1.0843969,-253.34897,-15.235914,0.0,1.3645272e-06,1.3645272e-06,1.3396134e-05,1.5800545e-05,1.7402448e-05,1.8636581e-05,1.9653814e-05
1.0,10.0,10.0,-453.50865,0.99615195,0.21111834,4.0,15.0,0.0,461.86663,-7.8879811,0.079675488,-1.6082945,0.75888442,0.92970687,0.52522037,-0.14206538,-11.168217,0.015502294,-1.7016941,-1.4721404,0.5809849,2.0361853,-0.18864223,-0.21376421,-10.540553,0.1075233,73429.622,8.1814436,1.5221798,0.12785752,-8.0161228,-0.074615629,-7.3851984,1.3748281e-05,0.74890176,0.0003300974,0.0006203676,0.051974071,0.051974071,0.98716857,0.00067366577,1.9044347e-06,0.052649641,0.98716857,0.82808272,0.80753877,-255.67711,-14.341403,0.0,5.9862356e-06,5.9862356e-06,1.267994e-05,1.366038e-05,1.4268858e-05,1.4716998e-05,1.5074298e-05
1.0,11.0,11.0,-448.92629,0.97909528,0.21111834,4.0,31.0,0.0,461.49434,-6.1347579,0.047392041,1.1795917,0.60510412,1.1399244,1.0158121,0.14559187,-12.016656,0.051369202,-1.1743765,-0.31446959,0.3941332,0.77000082,-0.75067942,0.11954309,-10.359352,0.21332566,2498982.5,11.366742,0.7204603,0.32500429,-6.0788546,0.14789399,-5.2411877,5.6889618e-06,0.98907343,0.0022907989,0.0052939655,0.36436205,0.36436205,0.99918779,0.00027875913,1.7420288e-05,0.36465823,0.99918779,0.47204572,1.1269818,-253.56195,-13.395275,0.0,1.6635501e-06,1.6635501e-06,1.114219e-05,1.2917575e-05,1.4084557e-05,1.4975953e-05,1.5706058e-05
1.0,12.0,12.0,-448.65097,0.98889282,0.21111834,4.0,31.0,0.0,457.64205,-7.6308712,0.010343575,-1.1685976,0.17087998,-0.6019254,0.19471879,-0.23968918,-11.106963,1.3411143,0.48346098,-0.72242111,0.21075345,-0.69681517,-0.13186498,0.21550575,-10.379038,0.14165512,242969.28,6.7832341,0.8042559,0.17550095,-7.6429587,-0.046671987,-7.7924877,2.8700761e-05,0.41925443,0.00047940793,0.00041282463,0.035425015,0.035425015,0.96179737,0.0014063373,7.4585919e-07,0.036832098,0.96179737,0.87645933,1.2404891,-256.03517,-12.536024,0.0,4.3904437e-06,4.3904437e-06,1.1219937e-05,1.2376319e-05,1.3107557e-05,1.3652524e-05,1.4090829e-05
1.0,13.0,13.0,-456.4892,0.99344025,0.21111834,4.0,15.0,0.0,462.91721,-4.5300168,0.002069333,-0.14571562,0.049454673,-1.6499309,0.27003186,2.6491152,-7.8375337,0.12766652,0.49594572,-0.52171396,0.099790355,-0.046967957,0.66135244,0.43843876,-10.996659,0.17596166,458829.54,8.0730132,1.3737234,0.5975558,-4.5303184,0.71534552,-3.8965696,0.00042043612,0.59072723,0.010777244,0.020311468,2.6480315,2.6480315,0.99225187,0.02060137,7.6144292e-05,2.668709,0.99225187,1.9374108,1.550285,-252.19877,-13.430885,0.0,1.4738079e-06,1.4738079e-06,1.0041748e-05,1.1344302e-05,1.2183232e-05,1.2815825e-05,1.3329039e-05
1.0,14.0,14.0,-451.92039,0.99396074,0.21111834,4.0,15.0,0.0,462.46239,-11.516598,0.00095118624,-0.10028968,0.039122566,0.10144508,0.70204036,-1.1262734,-6.9190534,0.62679439,0.99111775,-0.34556679,0.688841,-0.5283851,0.43600969,-0.3676868,-10.956176,0.09475615,832664.24,7.6327206,0.69436703,0.43157208,-11.516693,-0.79068936,-12.303414,0.0018403006,0.49187036,9.9623945e-06,4.5362328e-06,0.00051692187,0.00051692187,0.005699638,0.09017473,2.1546637e-06,0.090693807,0.005699638,1.5465238,0.69233399,-254.61515,-11.085803,0.0,4.71253e-06,4.71253e-06,9.6134163e-06,1.0265753e-05,1.0667746e-05,1.0962495e-05,1.1196726e-05
1.0,15.0,15.0,-448.0244,0.96070676,0.21111834,5.0,31.0,0.0,459.51283,-4.5660128,0.0086377565,0.37055132,0.16823554,-0.3507788,0.65018477,1.4529948,-12.540808,0.32621252,-0.82453584,-0.6874299,0.12580416,0.80645552,-0.38886455,0.36064873,-10.494778,0.32004807,334322.72,9.0432403,1.0722554,0.35197446,-4.562812,0.94471509,-3.6771104,2.7338985e-06,0.55656326,0.010432681,0.025295964,1.9596454,1.9596454,0.99990476,0.00013396103,5.2684545e-05,1.959832,0.99990476,0.67782608,1.4342596,-251.99973,-17.037252,0.0,3.3257326e-07,3.3257326e-07,9.8798746e-06,1.2333681e-05,1.4042649e-05,1.5396947e-05,1.6536746e-05
1.0,16.0,16.0,-454.76897,0.97778406,0.21111834,4.0,31.0,0.0,466.07708,-4.9235614,0.00030945556,-0.35358254,1.1712171,0.85969315,1.4565228,0.61163055,-12.96095,0.02640379,-1.2330031,-0.10904755,0.88033979,-0.46869893,0.33870618,0.3805709,-11.433639,0.016529705,678565.91,10.321728,1.1000681,0.78680613,-4.9236708,0.89085382,-3.0259297,2.2750569e-06,0.59353336,0.007272386,0.048512699,5.2360485,5.2360485,0.99995004,0.00011147779,0.00015011344,5.2363101,0.99995004,1.403131,1.4631196,-251.34879,-11.111988,0.0,8.6149266e-06,8.6149266e-06,1.0432196e-05,1.0552408e-05,1.0623369e-05,1.0674006e-05,1.0713449e-05
1.0,17.0,17.0,-454.59029,0.88657139,0.21111834,4.0,31.0,0.0,463.96084,-5.5667604,8.8661457e-05,-0.14838666,0.75498974,1.3810509,0.99145845,0.69257613,-12.102533,0.011023491,-0.035383446,-1.137499,0.51437851,0.24178667,0.17955005,0.27458678,-11.567473,0.015771887,552555.34,10.317295,1.1318478,0.080564081,-5.5667735,0.68666045,-3.8374339,5.5432853e-06,0.36308108,0.0038227946,0.021548828,2.1389476,2.1389476,0.99985549,0.00027162098,3.7516338e-05,2.1392568,0.99985549,1.1966788,1.3159868,-252.15987,-11.092074,0.0,7.6150983e-06,7.6150983e-06,9.0127549e-06,9.1118224e-06,9.1702777e-06,9.2119798e-06,9.2444572e-06
1.0,18.0,18.0,-458.77033,0.93436846,0.21111834,4.0,31.0,0.0,467.40196,-6.9311965,0.00040706222,1.2012356,0.78184854,2.4109733,0.31181694,0.82341173,-8.9725503,0.061308524,-1.19429,0.77843614,0.31492122,-1.7305392,-0.2006978,-0.092707975,-11.443792,0.042954509,721320.55,11.366969,1.1173235,1.1821327,-6.9307075,0.25675373,-4.7889378,0.0001178886,1.262953,0.00097730916,0.0083212916,0.69368538,0.69368538,0.99168095,0.0057765413,4.2669033e-05,0.69950459,0.99168095,0.81815964,0.91145963,-253.09712,-10.919746,0.0,5.9196285e-06,5.9196285e-06,8.9279527e-06,9.1977522e-06,9.3593423e-06,9.4757123e-06,9.5669732e-06
1.0,19.0,19.0,-448.07629,0.98421259,0.21111834,5.0,63.0,0.0,467.18344,-4.2293318,0.12724596,-0.58616224,0.12016205,-0.29431656,0.67051086,1.3823829,-13.231555,0.01363411,0.82208886,-0.61287321,0.2563667,0.26696683,0.4278908,-0.36350795,-11.09741,0.19627638,726430.07,6.679196,1.0718864,0.17652867,-4.3039186,0.92690274,-3.4123815,1.8133286e-06,0.58017134,0.013515494,0.032962606,3.7389082,3.7389082,0.99994821,8.8853104e-05,0.00010477868,3.7391018,0.99994821,1.5340185,0.6952332,-251.73514,-13.784995,0.0,1.0064617e-06,1.0064617e-06,9.143781e-06,1.0476344e-05,1.1344144e-05,1.2003114e-05,1.2540502e-05
1.0,20.0,20.0,-446.52992,0.96760868,0.21111834,4.0,31.0,0.0,453.81455,-6.2219714,0.15478756,-0.4960433,0.13438928,0.54406981,0.788923,1.7452815,-12.718456,0.015963791,0.34912208,-0.5829735,0.53568587,0.62377546,-0.45940764,-0.1997925,-10.77734,0.10166201,902105.37,6.0619253,0.93104887,0.26081699,-6.2987527,1.3768927,-4.8487428,3.0120718e-06,0.77971579,0.0018385966,0.0078382254,0.59201821,0.59201821,0.99971311,0.00014759152,2.2301865e-05,0.59218811,0.99971311,0.6316577,0.81890066,-253.17055,-12.167572,0.0,5.1225514e-06,5.1225514e-06,1.3319744e-05,1.4292129e-05,1.4893537e-05,1.5335534e-05,1.5687392e-05
1.0,21.0,21.0,-444.01701,0.62469239,0.21111834,4.0,15.0,0.0,458.25649,-6.6100901,0.32923991,1.0096735,0.60247984,0.53285519,0.96123732,0.74879555,-12.262749,0.036713743,0.90607214,-0.39656391,0.11540431,0.8583004,-0.44979108,-0.0039786128,-11.07692,0.086611174,588648.59,11.261758,1.1528499,0.79993557,-6.2776653,0.71977023,-5.2368606,4.8843041e-06,0.74266341,0.0018777795,0.0053169227,0.40294819,0.40294819,0.99937055,0.0002393309,1.4463075e-05,0.40320198,0.99937055,0.63776138,0.99602929,-253.55778,-11.368356,0.0,4.6739681e-06,4.6739681e-06,1.0204638e-05,1.0835965e-05,1.1223237e-05,1.1506381e-05,1.1730918e-05
1.0,22.0,22.0,-443.57388,0.95608257,0.21111834,4.0,15.0,0.0,453.83962,-6.9104923,0.91136113,0.21679164,0.51652278,0.19228092,1.0097825,1.046999,-14.236674,1.3088609,0.34043145,-0.21745096,1.033397,0.29923953,-0.077683044,0.017178753,-11.176339,0.11449713,476679.69,10.055735,0.94649214,0.20486436,-6.7129168,1.0572412,-5.5563581,1.0247143e-06,1.0961261,0.0012151147,0.0038628189,0.33939044,0.33939044,0.99979914,5.0210999e-05,1.7971566e-05,0.33945862,0.99979914,0.92525765,1.0173272,-253.87752,-12.006384,0.0,2.8786801e-06,2.8786801e-06,7.9237796e-06,8.5781886e-06,8.9857879e-06,9.2866823e-06,9.527001e-06
1.0,23.0,23.0,-445.7003,0.8881575,0.21111834,4.0,15.0,0.0,456.90744,-7.1822931,0.58666153,1.690379,0.55133436,-0.97922373,0.43592259,-0.26717521,-14.09391,0.10684723,-1.2633652,-1.1895874,0.52689517,0.28687587,0.25085351,0.045075406,-10.360078,0.093721283,112261.5,7.0802432,0.80311294,0.61349357,-6.1906128,-0.11646771,-6.8469602,6.6140687e-07,0.35400866,0.0020485711,0.0010626812,0.10942972,0.10942972,0.99968683,3.2408937e-05,1.8717131e-06,0.109464,0.99968683,1.2851218,1.0461067,-255.16383,-14.115805,0.0,8.6764839e-06,8.6764839e-06,1.7874624e-05,1.9073931e-05,1.9812549e-05,2.0353918e-05,2.0784018e-05
1.0,24.0,24.0,-446.76997,0.96025006,0.21111834,4.0,15.0,0.0,456.83113,-1.7227496,1.3553601,-0.36563732,0.40091723,0.92426109,1.0257265,1.7694255,-10.647793,0.61880854,0.77180502,-0.24551135,0.41294318,0.90476489,0.13828032,-0.37292435,-11.314092,0.086436745,5336159.9,9.8173603,1.3659358,0.23336405,-2.2183199,1.8149465,-0.032821143,3.8294907e-05,1.1366725,0.10879174,0.96771163,94.089141,94.089141,0.99992516,0.0018764505,0.0051658888,94.096183,0.99992516,1.1482974,0.68871733,-248.35757,-12.001402,0.0,3.6959866e-06,3.6959866e-06,1.2907404e-05,1.3704355e-05,1.4193162e-05,1.4550513e-05,1.4833885e-05
1.0,25.0,25.0,-446.74052,0.98474881,0.21111834,4.0,31.0,0.0,457.54749,-9.2252315,0.27073462,-0.27007045,0.65219554,0.91412203,0.47183938,1.0716674,-12.877555,0.40248075,-0.78218536,-0.59622673,0.071872407,0.57656023,-0.53625347,0.5885788,-11.092111,0.040349214,1389595.3,8.1483551,0.82267141,0.52085494,-9.2983489,0.50565486,-8.1965077,1.8647753e-06,0.574194,9.1575309e-05,0.00027561442,0.020276208,0.020276208,0.99548614,9.1373991e-05,5.6488448e-07,0.020368147,0.99548614,0.58493563,1.8014264,-256.49203,-11.090503,0.0,8.7228494e-06,8.7228494e-06,1.1126631e-05,1.1441654e-05,1.1630192e-05,1.1765882e-05,1.1872238e-05
1.0,26.0,26.0,-448.76873,0.85999233,0.21111834,4.0,31.0,0.0,456.31885,-9.4966191,0.26085293,-0.23492391,0.71297705,1.0274012,0.48148848,0.66718511,-13.002061,0.36923143,-0.7007693,-0.63908135,0.082354156,0.95129632,-0.52175922,0.60389029,-10.727971,0.049241694,1735832.9,8.1221421,0.79069435,0.50652067,-9.5578997,0.32124194,-8.5041443,1.7414254e-06,0.57078759,7.0641011e-05,0.00020262688,0.01497939,0.01497939,0.99430837,8.5329847e-05,4.1533363e-07,0.015065135,0.99430837,0.59347557,1.8292212,-256.79057,-12.912476,0.0,1.110316e-05,1.110316e-05,1.4723676e-05,1.523367e-05,1.554046e-05,1.5761959e-05,1.5935977e-05
1.0,27.0,27.0,-450.85607,0.99306803,0.21111834,4.0,15.0,0.0,461.21686,-3.4778946,1.3783296,2.0252891,0.33657272,0.76530133,0.76979498,0.82680304,-12.839488,0.38207447,1.0383512,-1.360339,0.15940146,0.71954556,-0.77303177,-0.77549325,-11.87492,0.14311055,178304.64,7.3685771,1.42277,0.05743024,-0.68637865,0.63646883,0.20766973,3.9461863e-06,0.28775599,0.50339575,1.2308066,84.172009,84.172009,0.9999838,0.00019336313,0.0011699157,84.173372,0.9999838,0.46161144,0.4604766,-248.11692,-15.345504,0.0,9.6410456e-07,9.6410456e-07,7.5233578e-06,8.3079127e-06,8.8042471e-06,9.1742827e-06,9.4719826e-06
1.0,28.0,28.0,-449.33862,0.94945936,0.21111834,4.0,15.0,0.0,465.33019,-10.334172,0.93085557,1.8142963,1.1402904,1.3300872,0.68279181,0.30868283,-12.959096,0.62291799,0.37238311,-1.6966718,1.0968924,-1.0467438,-0.40164544,0.03100229,-9.8396725,0.13769784,53228.393,7.3044919,1.0627791,0.79757277,-8.6453237,0.21076611,-6.9178719,2.9694567e-06,0.058143737,0.00017594771,0.00098993437,0.076331023,0.076331023,0.99809461,0.00014550338,2.1477939e-07,0.076476741,0.99809461,0.66921798,1.0314879,-255.23198,-15.687655,0.0,7.9523231e-06,7.9523231e-06,2.188977e-05,2.4080876e-05,2.5463183e-05,2.6491884e-05,2.7318376e-05
1.0,29.0,29.0,-451.55345,0.99197178,0.21111834,4.0,31.0,0.0,460.7702,-10.897098,0.47531248,-2.1796528,0.086358335,-1.6129202,1.0363802,-0.5637656,-12.523218,0.33393656,0.2942041,0.67564133,0.04933369,1.5881542,-0.28361098,-0.042828235,-8.8537718,0.27517103,2796588.7,9.0807461,0.85145836,0.82937882,-11.933114,-0.58427549,-12.656679,4.0170101e-06,2.1254655,6.5692301e-06,3.1862097e-06,0.00025689931,0.00025689931,0.56613261,0.0001968335,4.6581749e-08,0.00045377939,0.56613261,0.75305954,0.95807594,-259.57405,-11.25233,0.0,3.1902756e-06,3.1902756e-06,6.0542969e-06,7.2264885e-06,8.0412542e-06,8.6828144e-06,9.219299e-06
1.0,30.0,30.0,-446.37637,0.72433322,0.21111834,4.0,15.0,0.0,461.95888,-9.2984199,1.2256303,1.4244222,0.46840648,-0.27945799,0.38631214,-0.074757978,-8.2480809,0.68410871,0.49185247,-1.2439783,0.019826866,-0.29039448,0.56281312,-0.1511739,-9.6594417,0.29238502,145567.02,7.7480983,0.6665493,0.35226617,-7.5526048,-0.028879914,-7.7123847,0.00036646764,0.28658048,0.00052474149,0.00044725365,0.054893847,0.054893847,0.75350053,0.017956914,1.0084218e-06,0.07285177,0.75350053,1.7556043,0.85969818,-255.42972,-15.493043,0.0,1.1236916e-06,1.1236916e-06,9.5113848e-06,1.1647073e-05,1.3112587e-05,1.4263004e-05,1.5224445e-05
1.0,31.0,31.0,-446.23901,0.96315507,0.21111834,4.0,31.0,0.0,456.14713,-7.1222687,0.28934312,0.48778734,0.64688637,-0.20300426,1.4366564,0.95411174,-8.4953255,0.17664601,-0.50877814,-0.83497408,0.022096357,0.51312992,0.89380595,0.048755218,-10.865516,0.13889962,432888.25,7.1809885,1.5794822,0.44532106,-6.9811308,1.3707308,-5.7417207,0.00018685099,0.43883325,0.00092925178,0.0032092412,0.48673099,0.48673099,0.98151591,0.0091556985,1.0510987e-05,0.4958972,0.98151591,2.4444153,1.0499633,-254.00636,-12.308544,0.0,2.8039305e-06,2.8039305e-06,1.0094596e-05,1.1114718e-05,1.1758616e-05,1.2237972e-05,1.2623211e-05
1.0,32.0,32.0,-454.86782,0.934079,0.21111834,4.0,15.0,0.0,460.59588,-5.2514798,0.66279312,1.9381002,0.39630957,0.18694766,0.50039449,1.1036778,-9.7841809,0.30905649,-0.53861231,1.0589587,0.017248573,2.8338926,1.1938888,-0.20957436,-11.616796,0.046820314,724764.09,6.9707501,0.71924047,0.29700113,-3.9669204,0.55227431,-3.3405569,4.7696976e-05,3.0278091,0.018931646,0.035417228,6.6441069,6.6441069,0.99950219,0.0023371518,0.00097202939,6.6474161,0.99950219,3.299889,0.81092934,-251.6621,-11.059436,0.0,4.7202578e-06,4.7202578e-06,8.2085155e-06,8.4792755e-06,8.6417819e-06,8.758968e-06,8.8509613e-06
1.0,33.0,33.0,-444.16826,0.99649345,0.21111834,4.0,15.0,0.0,464.80596,-7.4822777,1.0911099,0.46934159,0.38309706,-0.32874341,0.27938102,0.496685,-12.726131,0.72741359,-1.1782919,-1.2383034,0.59203231,-1.9212202,-0.52710859,0.18689716,-9.6945718,0.26912663,236194.56,8.0841012,1.4657965,0.82445766,-6.9701744,0.13876436,-6.9573507,1.2614654e-06,0.092946816,0.00093948902,0.00095161435,0.07022247,0.07022247,0.99911606,6.1811807e-05,3.1553988e-07,0.070284597,0.99911606,0.59030933,1.2055033,-255.27289,-14.438587,0.0,1.4960308e-06,1.4960308e-06,1.0581808e-05,1.2750682e-05,1.4220342e-05,1.5364807e-05,1.6315625e-05
1.0,34.0,34.0,-441.72557,0.92497936,0.21111834,4.0,15.0,0.0,450.63829,-7.2794902,1.5122915,0.47084865,0.57292048,0.38994467,0.85137435,0.69028164,-11.713233,0.72943481,0.28908005,-1.3460134,0.49616958,-1.1435285,-0.59113283,-0.094596113,-10.141423,0.26480518,403989.46,9.4693689,1.3962578,0.26344633,-6.5674298,0.58768808,-5.7563344,1.010613e-05,0.14757814,0.0014054049,0.0031626834,0.22852091,0.22852091,0.99783059,0.00049520037,1.6324865e-06,0.22901774,0.99783059,0.55369968,0.90974029,-254.07424,-14.401479,0.0,1.0157912e-06,1.0157912e-06,9.5185978e-06,1.1436e-05,1.273208e-05,1.3739828e-05,1.4576123e-05
1.0,35.0,35.0,-442.29105,0.82777786,0.21111834,5.0,31.0,0.0,448.32379,-4.964391,0.26953463,0.28349207,0.36584942,-0.10163379,0.68240315,0.54091776,-11.601088,0.19915326,-0.45485912,0.22335692,0.29579043,0.88120447,0.68208659,0.090057596,-10.805891,0.12934572,578401.41,7.7188276,0.73734332,0.26640111,-4.8879801,0.36912398,-4.5560388,8.3631547e-06,1.6225659,0.0075366303,0.010503584,1.3872716,1.3872716,0.99962635,0.00040979458,0.00010875611,1.3877902,0.99962635,1.9780007,1.0942373,-252.87764,-12.620917,0.0,3.3961371e-06,3.3961371e-06,1.2789171e-05,1.3988715e-05,1.4741912e-05,1.5300787e-05,1.5748843e-05
1.0,36.0,36.0,-446.34817,0.99012459,0.21111834,4.0,15.0,0.0,453.30281,-9.7266011,0.7399918,-0.91166389,0.30825593,-0.37392082,0.92329504,0.21793294,-12.359492,0.11464075,-1.4965773,-0.54848188,0.59646632,-0.94669935,0.79836368,-0.074282833,-10.270116,0.13529003,622875.97,6.3602826,1.4969874,0.22753469,-10.401225,0.20121641,-10.315272,3.61268e-06,0.32852046,3.039523e-05,3.3123361e-05,0.0047141132,0.0047141132,0.96379242,0.00017702132,7.7612836e-08,0.0048912121,0.96379242,2.2219022,0.92840907,-258.38833,-11.336822,0.0,5.345677e-06,5.345677e-06,9.9783806e-06,1.0952011e-05,1.1566962e-05,1.202467e-05,1.2392379e-05
1.0,37.0,37.0,-446.59854,0.93396027,0.21111834,4.0,15.0,0.0,459.53692,-10.78552,0.89469466,-0.54619226,0.40162077,-0.54421652,0.39736413,0.77191237,-12.936028,0.055113546,-0.80398912,-0.20393322,0.6550564,-0.92243728,0.66259841,-0.21674638,-10.210284,0.17716897,733156.4,6.3970001,1.2556908,0.63076921,-11.274195,0.30673028,-11.186034,2.3052113e-06,0.44566771,1.2696357e-05,1.3866512e-05,0.0018092013,0.0018092013,0.94121484,0.00011295535,4.1377237e-08,0.0019221981,0.94121484,1.9398263,0.80513414,-259.04916,-11.79695,0.0,3.1821063e-06,3.1821063e-06,6.1232988e-06,6.9080575e-06,7.417032e-06,7.8019475e-06,8.1147459e-06
1.0,38.0,38.0,-445.80556,0.97218272,0.21111834,4.0,15.0,0.0,459.3823,-12.055525,0.89249399,0.78429017,0.47422606,0.95937947,1.0898707,-0.36011154,-8.3877359,0.18246072,-0.28057921,-0.88431442,0.2030029,1.1836263,-0.17981671,0.0027820683,-8.8527124,0.40364052,214780.07,9.7685868,0.85787426,0.13189342,-11.355551,-0.39247501,-11.293063,0.00021628131,0.52516917,1.1704337e-05,1.2459049e-05,0.0010476537,0.0010476537,0.089960305,0.010597784,2.9540414e-07,0.011645733,0.089960305,0.83542332,1.0027859,-256.68085,-16.565115,0.0,5.4134294e-07,5.4134294e-07,4.934467e-06,6.5219855e-06,7.6795218e-06,8.6238811e-06,9.4358853e-06
1.0,39.0,39.0,-446.75768,0.78324161,0.21111834,4.0,15.0,0.0,455.48097,-10.794114,1.3881572,-0.32091285,0.39638088,2.5680068,0.36718348,0.61840425,-8.9390721,0.37031808,-0.1875952,-1.2197047,0.33461632,0.14674739,-0.15061818,-0.17554637,-10.498269,0.1318133,140381.65,7.4315909,0.72648977,0.49600349,-11.239592,0.22706782,-9.9946153,0.00012236013,0.31018057,1.3143385e-05,4.5645053e-05,0.0038856444,0.0038856444,0.39322659,0.0059956463,1.4804365e-07,0.0098814387,0.39322659,0.86017607,0.83899849,-256.98056,-13.266545,0.0,4.4645546e-06,4.4645546e-06,8.9916335e-06,9.8486469e-06,1.03882e-05,1.0789097e-05,1.1110788e-05
1.0,40.0,40.0,-445.74525,0.95566995,0.21111834,5.0,31.0,0.0,457.22552,-8.0927921,0.17178156,-0.76914191,0.61165483,-0.62414313,0.34898788,0.049678606,-10.270357,0.456858,0.28455485,-1.7769089,0.42440823,1.92122,-0.051579897,0.44105122,-10.323563,0.19073533,786370.53,7.4014229,0.88902541,0.3448201,-8.2249165,0.017337231,-8.5893395,3.9454779e-05,0.38230855,0.00026789471,0.00018607896,0.016540292,0.016540292,0.89533214,0.0019332842,3.4113517e-07,0.018473917,0.89533214,0.94972777,1.5543403,-256.69461,-11.996397,0.0,2.355703e-06,2.355703e-06,7.3070101e-06,8.3377078e-06,9.0073415e-06,9.5149905e-06,9.9284501e-06
1.0,41.0,41.0,-447.60197,0.97928934,0.21111834,4.0,15.0,0.0,457.87948,-9.1758242,0.26807635,1.726483,0.51735405,0.40467095,1.1484392,0.81713885,-11.967048,0.075596814,-1.1265474,-0.63891534,0.58155032,-1.1357703,-0.50447451,-0.32205627,-9.5794717,0.3063578,3262029.6,5.8800552,1.320876,0.32623819,-8.7129949,0.93843432,-7.5652025,5.8316441e-06,0.2726891,0.00016443504,0.00051817244,0.038531592,0.038531592,0.99262551,0.00028575056,5.1127565e-07,0.038817854,0.99262551,0.6038228,0.72465741,-255.86594,-13.630907,0.0,1.0035547e-06,1.0035547e-06,7.7586303e-06,9.592311e-06,1.0860296e-05,1.1860506e-05,1.2699414e-05
1.0,42.0,42.0,-446.02106,0.65148418,0.21111834,4.0,15.0,0.0,460.31983,-9.1147213,0.3708595,-2.1617265,0.55243915,0.25109536,0.38704544,0.70735353,-13.355926,0.80164403,0.67478712,0.16168936,0.39520161,-1.3164724,-0.67553044,-0.32230896,-9.2733137,0.21332631,242269.02,9.1902538,0.88511635,0.67716161,-9.9164181,0.27377796,-9.5039252,2.7197048e-06,0.69866588,4.9357634e-05,7.4558594e-05,0.0052469291,0.0052469291,0.97519744,0.00013326554,1.8156371e-07,0.0053803762,0.97519744,0.50888641,0.72447432,-257.71877,-13.355901,0.0,4.9282305e-06,4.9282305e-06,1.3453688e-05,1.5582568e-05,1.6984909e-05,1.8056991e-05,1.893549e-05
1.0,43.0,43.0,-447.70547,0.74686738,0.21111834,4.0,15.0,0.0,460.98054,-5.5159854,0.11241868,-0.022426599,0.16841969,0.66136323,0.75632648,2.1513412,-11.435309,0.497228,0.22179062,-1.127293,0.6061701,1.3158298,-0.94004055,0.10373349,-11.093703,0.13793435,456849.27,10.372724,1.3534516,0.028287291,-5.5185065,1.6271163,-3.7800036,1.2067095e-05,0.71915648,0.004011835,0.022822609,1.4927288,1.4927288,0.99956932,0.00059128764,5.1872578e-05,1.493372,0.99956932,0.39061199,1.1093048,-252.10217,-12.484672,0.0,2.2618255e-06,2.2618255e-06,9.3961433e-06,1.0338811e-05,1.0933496e-05,1.1376065e-05,1.1731652e-05
1.0,44.0,44.0,-451.9903,0.92461748,0.21111834,4.0,15.0,0.0,460.9908,-8.4885664,0.045917853,-0.38560455,0.38597348,-0.050194817,0.065609646,-0.32963563,-11.461837,0.63449198,-1.6141398,0.17365638,0.3121632,1.3200027,-0.16127347,0.10861485,-10.896896,0.07586596,182546.26,8.3340105,0.39410732,0.032469895,-8.5062725,-0.021627277,-8.5472737,3.7792087e-06,1.7962706,0.0002021961,0.00019407349,0.016446659,0.016446659,0.98878007,0.00018518123,1.4430242e-06,0.016633283,0.98878007,0.8510593,1.1147329,-256.82207,-12.413123,0.0,6.4914173e-06,6.4914173e-06,1.0102578e-05,1.0646859e-05,1.0979044e-05,1.1221088e-05,1.1412542e-05
1.0,45.0,45.0,-453.15329,0.98227421,0.21111834,4.0,15.0,0.0,462.27628,-6.7993544,0.070948363,-0.044061849,0.068961894,-0.42437902,1.1631396,2.1347202,-8.7707185,0.37546782,1.9090736,-1.1651329,0.52454821,-1.2561458,0.027601092,0.05787278,-11.492004,0.19529516,2984217.4,9.0229495,0.43576771,0.73923786,-6.8024805,2.4829776,-4.3487689,0.0003178526,0.16137217,0.0011110159,0.012922712,1.1911561,1.1911561,0.98708572,0.015574777,9.4059049e-06,1.2067403,0.98708572,1.0279855,1.0595802,-252.64698,-14.867427,0.0,6.8756672e-07,6.8756672e-07,4.9537995e-06,5.6718677e-06,6.1392468e-06,6.4940344e-06,6.78329e-06
1.0,46.0,46.0,-450.29732,1.0,0.21111834,4.0,15.0,0.0,464.48981,-7.1422836,0.057700281,-0.37570761,0.38861936,0.34092975,0.020415529,-0.49704249,-11.037319,0.41152451,-0.84742288,0.12871847,0.33597507,1.7516193,-0.39299946,0.25258538,-11.396915,0.049838113,171904.7,8.6776028,1.5108718,0.12904908,-7.163962,-0.010147385,-7.0416175,1.1352703e-05,2.0487276,0.00077398194,0.00087471057,0.067659933,0.067659933,0.99174716,0.00055628243,6.75046e-06,0.068222965,0.99174716,0.67502912,1.2873494,-255.34513,-12.780134,0.0,5.6409396e-06,5.6409396e-06,8.0917337e-06,8.3759959e-06,8.5469241e-06,8.6703221e-06,8.7672696e-06
1.0,47.0,47.0,-448.74209,0.9928167,0.21111834,5.0,31.0,0.0,458.86544,-9.6063129,1.7923205,-1.7720372,0.2700509,-0.21678437,0.55688043,-0.065550847,-10.385745,0.42942371,-0.29057169,-0.70892008,0.43376009,-2.3017048,0.35111132,0.24790281,-10.520284,0.095974331,976480.22,6.6200534,1.3833385,0.90775632,-12.782372,-0.036503984,-12.877418,2.7248184e-05,0.18135338,2.8098722e-06,2.5551022e-06,0.00027765557,0.00027765557,0.17215419,0.001335161,1.4127723e-08,0.0016128307,0.17215419,1.4206455,1.2813354,-258.56629,-10.983102,0.0,7.1655544e-06,7.1655544e-06,1.0049083e-05,1.0725022e-05,1.1145251e-05,1.1454497e-05,1.1700756e-05
1.0,48.0,48.0,-447.10134,0.9944747,0.21111834,5.0,31.0,0.0,456.68598,-7.7890957,0.30018974,1.8165106,0.54950884,-0.35872626,0.95700544,0.49676141,-5.2531648,0.28288239,-0.83676551,-0.73295604,0.31153378,0.79189313,-0.68145406,-0.44905367,-10.799286,0.13530937,531530.69,9.7489634,0.78229259,0.22943273,-7.2437979,0.47540337,-6.9655177,0.0041283768,0.61492524,0.00071459267,0.00094387412,0.066304322,0.066304322,0.246849,0.20229046,7.9777683e-06,0.26860276,0.246849,0.50588087,0.63823184,-253.60575,-11.980506,0.0,3.148271e-06,3.148271e-06,1.0092255e-05,1.1084462e-05,1.1709527e-05,1.217429e-05,1.2547463e-05
1.0,49.0,49.0,-447.32112,0.97193568,0.21111834,5.0,31.0,0.0,458.4856,-7.6572098,0.90398696,-0.48591604,0.72355282,1.9794885,0.11198809,0.019699493,-15.716037,0.74806215,1.1475936,-0.29311038,0.10245406,-0.37005699,0.1643188,0.50534752,-10.651669,0.10648748,311110.9,7.2473249,1.1945494,0.18804401,-8.0964716,0.0022061086,-6.662001,3.5272887e-07,0.71818777,0.00030461205,0.0012785854,0.12594166,0.12594166,0.9998281,1.7283715e-05,4.3694677e-06,0.12596331,0.9998281,1.17859,1.6575615,-254.98013,-12.300267,0.0,5.4338994e-06,5.4338994e-06,1.2538695e-05,1.3498914e-05,1.4094417e-05,1.4532818e-05,1.488225e-05
1.0,50.0,50.0,-445.28756,0.88393973,0.21111834,4.0,15.0,0.0,454.56341,-3.6437305,0.41924315,1.2632792,0.44917229,-0.87509606,1.598176,0.084327729,-12.352926,0.30332706,-1.4119737,-0.40019657,0.77663546,0.68208096,-0.045911244,-0.14373799,-10.70836,0.093781516,506227.42,6.456826,0.99180396,0.50247474,-3.1141093,0.13477056,-3.3724077,2.8131206e-06,1.1382952,0.044418051,0.034306937,3.0572738,3.0572738,0.99989994,0.00013784291,0.00016810102,3.0575797,0.99989994,0.95512673,0.86611465,-251.69514,-13.936968,0.0,6.1196476e-06,6.1196476e-06,1.7235322e-05,1.8392875e-05,1.9105716e-05,1.9628179e-05,2.0043257e-05
1.0,51.0,51.0,-448.08257,0.92523282,0.21111834,4.0,15.0,0.0,459.03401,-9.387017,0.57585541,-0.97534991,0.5385151,1.726623,1.714953,2.684218,-7.450365,0.30830312,0.62895109,-0.54435845,0.062530364,-1.9983641,0.36662362,-0.08036229,-11.204823,0.070367574,596827.67,8.4345729,1.1637555,0.41564377,-9.9486775,4.6033077,-4.4155572,0.00070560326,0.51205825,4.7790796e-05,0.012087816,1.3248235,1.3248235,0.97454217,0.03457456,3.3622309e-05,1.3594317,0.97454217,1.4428548,0.92278197,-252.68132,-11.313412,0.0,5.1475364e-06,5.1475364e-06,1.0574306e-05,1.1102834e-05,1.142417e-05,1.1657787e-05,1.184228e-05
1.0,52.0,52.0,-448.19462,0.96406521,0.21111834,4.0,15.0,0.0,458.43338,-5.3078507,0.28785111,0.31565843,0.54877166,-0.7338247,0.28450448,-2.2419921,-11.440654,0.82465564,0.28494258,0.31096503,0.070266732,0.0036509816,-0.1376261,-0.096308075,-10.706803,0.16925348,2016726.6,10.339672,1.0693326,0.041771293,-5.216988,-0.63785678,-6.257547,1.3596825e-05,1.3650917,0.0054236404,0.0019159398,0.16400412,0.16400412,0.99588841,0.00066624445,1.0857724e-05,0.16468122,0.99588841,0.87142445,0.90818418,-254.5704,-11.8188,0.0,2.1605917e-06,2.1605917e-06,8.5398563e-06,9.6026156e-06,1.0284653e-05,1.0797768e-05,1.121335e-05
1.0,53.0,53.0,-449.56096,0.9395223,0.21111834,4.0,15.0,0.0,465.2537,-3.1788109,1.7161383,-0.89036108,0.29475396,-1.41472,1.2861756,1.6917686,-10.551873,0.28907627,-1.9831362,-0.35913355,0.26838897,1.4737281,0.19440281,-0.17445125,-10.954518,0.089220215,1730075.2,6.2257485,1.026971,0.45825025,-4.7067936,2.1759115,-2.9478764,1.4736974e-05,1.0370694,0.0090336965,0.05245097,5.2457573,5.2457573,0.99981228,0.00072211174,0.00026280723,5.2467422,0.99981228,1.2145854,0.8399178,-251.27051,-12.510068,0.0,5.0955332e-06,5.0955332e-06,1.4319716e-05,1.5233222e-05,1.5794373e-05,1.6205008e-05,1.6530864e-05
1.0,54.0,54.0,-444.33071,0.99481366,0.21111834,4.0,31.0,0.0,455.94528,-5.3456279,0.79203934,0.37723697,0.095634583,-2.1422768,0.50413901,0.22166243,-10.652148,0.4037186,-1.323798,-0.31752127,0.5235867,-0.066478576,0.17461375,-0.14267294,-11.511272,0.082746211,601807.9,9.626377,1.4478854,0.49483924,-5.0468414,0.11174868,-5.1399684,1.3858797e-05,0.70304908,0.0064296102,0.0058578746,0.58000586,0.58000586,0.99879663,0.00067908107,1.9719129e-05,0.58070466,0.99879663,1.1907862,0.8670376,-253.45955,-11.802603,0.0,3.1932966e-06,3.1932966e-06,6.9394905e-06,7.349114e-06,7.5998541e-06,7.7829304e-06,7.927969e-06
1.0,55.0,55.0,-444.89515,0.99191438,0.21111834,4.0,15.0,0.0,453.7088,-1.9890159,0.795116,-0.19969187,0.31215653,-1.6028279,1.5963468,0.38660673,-11.014338,0.3843342,0.018486048,-0.13751215,0.40262579,-0.8838821,0.5534375,-0.055816671,-10.863971,0.12012702,298565.17,8.8675349,1.2354923,0.75464435,-2.1477941,0.61715843,-2.0309688,1.6581334e-05,0.61055562,0.1167414,0.13120834,16.013624,16.013624,0.99991978,0.00081248538,0.00047227876,16.014908,0.99991978,1.7392213,0.9457125,-250.35404,-14.279195,0.0,3.6397666e-06,3.6397666e-06,1.6729629e-05,1.8182243e-05,1.9089755e-05,1.9760984e-05,2.0297846e-05
1.0,56.0,56.0,-449.32539,0.90934537,0.21111834,5.0,31.0,0.0,455.07759,-12.546315,0.74136195,0.49099326,0.58526331,1.9221409,0.052345916,0.66470469,-6.953412,0.46444365,0.75056791,-1.108599,0.22810826,1.1689395,-0.30214984,0.10819605,-10.898886,0.042918415,423155.22,8.1359724,1.151227,0.94416158,-12.182311,0.034794576,-11.022558,0.001353833,0.43086769,5.1202306e-06,1.6329162e-05,0.0013071094,0.0013071094,0.019322694,0.066337817,1.4077991e-06,0.067646334,0.019322694,0.73922729,1.1142662,-254.91153,-12.371418,0.0,1.0213137e-05,1.0213137e-05,1.3929533e-05,1.4349916e-05,1.4601738e-05,1.47831e-05,1.4925333e-05
1.0,57.0,57.0,-449.43421,0.99294903,0.21111834,5.0,31.0,0.0,460.45459,-7.4608576,0.92229102,1.0727271,0.28427057,0.26677777,0.39020501,1.1171809,-16.087105,0.05286148,-1.5005371,-1.3190894,0.38212542,-1.1937308,0.2797199,0.39211884,-11.475804,0.10341197,271558.18,10.01786,0.94253336,0.18951793,-6.471491,0.43592958,-5.9597244,9.5281896e-08,0.16944205,0.0015469175,0.0025806231,0.26981934,0.26981934,0.99997451,4.6688129e-06,2.2083267e-06,0.26982622,0.99997451,1.3227593,1.4801136,-254.28037,-13.384093,0.0,2.4868462e-06,2.4868462e-06,6.0604903e-06,6.5107885e-06,6.7895666e-06,6.9945769e-06,7.1578509e-06
1.0,58.0,58.0,-448.00519,0.98710955,0.21111834,5.0,31.0,0.0,459.17371,-4.3854779,0.46893487,0.89157458,0.10501712,0.22241225,0.21197812,0.80338479,-6.823023,0.62031708,1.5207504,0.52538626,0.41955135,1.1736899,0.13242741,-0.38984856,-11.041527,0.068473845,696764.6,7.3601613,0.91402841,0.5759985,-3.9673874,0.1703,-3.7737304,0.0027956921,2.7671265,0.018922805,0.022966231,2.2265081,2.2265081,0.94191384,0.13698891,0.00031589709,2.3638129,0.94191384,1.1415961,0.67715942,-251.9816,-11.830993,0.0,6.2212862e-06,6.2212862e-06,1.3018635e-05,1.3651411e-05,1.4035727e-05,1.431495e-05,1.4535359e-05
1.0,59.0,59.0,-456.12923,0.96990096,0.21111834,4.0,15.0,0.0,463.61335,-7.248924,1.944563,1.1515528,0.12006436,-1.871036,1.0772864,0.0041961074,-16.208376,0.17742295,-2.9195067,-1.100146,0.039324153,-1.8560129,-0.55755262,0.46180174,-11.288652,0.07446722,664934.97,8.8326422,0.95817883,0.1382895,-5.009657,0.0045204096,-5.2297814,5.4429271e-08,0.30939634,0.0066731916,0.0053546959,0.39115822,0.39115822,0.99997824,2.6670343e-06,5.8456407e-06,0.39116673,0.99997824,0.57260874,1.5869307,-253.55162,-11.162328,0.0,4.4729631e-06,4.4729631e-06,8.7333422e-06,9.1959186e-06,9.4777958e-06,9.6830186e-06,9.8452589e-06
1.0,60.0,60.0,-451.7774,0.95426615,0.21111834,4.0,31.0,0.0,472.06435,-3.9755877,1.6030154,2.3704928,0.016533034,-0.77745638,0.84882369,-0.46282839,-12.051539,0.11175819,-1.3161788,-1.3125499,0.078806759,-0.61687015,-0.0051338333,-0.064052125,-11.179839,0.12768416,4778238.6,9.9072455,1.5376016,0.6431806,-0.1756512,-0.3928597,-0.58136461,5.0373382e-06,0.25636235,0.83891054,0.55913484,50.761018,50.761018,0.99998275,0.00024682957,0.00062856213,50.761894,0.99998275,0.99487932,0.93795611,-248.90528,-13.596615,0.0,2.3908458e-06,2.3908458e-06,1.4015536e-05,1.5312493e-05,1.6126109e-05,1.6729464e-05,1.7212967e-05
1.0,61.0,61.0,-454.89681,0.44929791,0.21111834,4.0,31.0,0.0,469.98707,-4.7771,0.16880675,-1.7122966,0.015985477,0.32776575,1.6142376,3.3189151,-10.496195,0.18507818,2.7220716,-1.0572172,0.21665305,0.17941598,-0.022187604,0.19537109,-10.726278,0.023535598,84225.172,9.9282786,0.83061013,0.38150149,-5.0661472,5.3575176,0.29660991,4.5746344e-05,0.36119181,0.0063066717,1.3452904,121.18158,121.18158,0.99996406,0.0022415709,0.0021141903,121.18594,0.99996406,0.97805673,1.2157621,-248.02869,-15.088637,0.0,1.5864132e-05,1.5864132e-05,2.2432743e-05,2.2801696e-05,2.3020325e-05,2.3176716e-05,2.3298754e-05
1.0,62.0,62.0,-449.98058,0.99012122,0.21111834,5.0,31.0,0.0,466.41694,-5.9789846,1.3742271,2.75495,0.22688825,1.2640661,0.22035779,0.41118052,-13.28042,1.0302117,-1.9162224,-0.57640691,0.42381135,1.083602,0.030238635,-0.22639872,-11.704014,0.0039457786,4477537.1,9.2493409,0.87322112,0.34456698,-2.1930577,0.090606831,-1.8156491,2.3715902e-07,0.88943924,0.11157507,0.16273225,15.018465,15.018465,0.99995627,1.1620792e-05,0.00064521386,15.019121,0.99995627,1.0307005,0.7974001,-250.13883,-10.430852,0.0,7.8222806e-06,7.8222806e-06,8.2220755e-06,8.2445935e-06,8.2577942e-06,8.2671731e-06,8.2744554e-06
1.0,63.0,63.0,-446.94641,0.87776875,0.21111834,4.0,15.0,0.0,464.40776,-3.8939834,1.8326323,2.5225529,0.69058456,-0.12979171,0.29484612,-0.21799273,-12.283798,0.74862094,-1.0617637,0.37914348,0.70013007,-0.79467824,-0.085690742,-0.24106119,-11.821453,0.0043409873,335474.04,9.2181093,1.2707738,0.95154844,0.72892868,-0.064274311,0.57502222,2.0893522e-06,0.83758322,2.0728587,1.77717,155.59279,155.59279,0.99995889,0.00010237826,0.0062947613,155.59919,0.99995889,0.91787805,0.78579355,-247.75099,-11.80361,0.0,6.9176602e-06,6.9176602e-06,7.3821561e-06,7.4044019e-06,7.4174459e-06,7.4267147e-06,7.4339122e-06
1.0,64.0,64.0,-455.09218,0.96884403,0.21111834,4.0,15.0,0.0,464.22864,-2.4046381,1.4364422,3.505569,0.87738884,2.6947662,0.20368862,-2.2277952,-10.696542,0.61297016,-0.78323653,0.36071018,0.31151598,2.2855168,-0.16078448,0.06771717,-11.327577,0.0040599796,469697.02,9.7482917,1.1504169,0.18996942,2.6309092,-0.45377654,4.5414904,1.3997352e-05,2.9232184,13.88639,93.830544,7953.2621,7953.2621,0.99985874,0.00068587024,1.12297,7954.3857,0.99985874,0.85147556,1.0700626,-243.93997,-11.90641,0.0,1.1379706e-05,1.1379706e-05,1.2287528e-05,1.2322155e-05,1.2342456e-05,1.235688e-05,1.236808e-05
1.0,65.0,65.0,-450.89099,0.98367062,0.21111834,4.0,15.0,0.0,466.50555,-10.01338,0.72572171,1.1054016,0.27457436,1.1554507,0.28471496,1.6020781,-11.692717,0.42221097,1.6790952,-0.92346434,0.061884549,-0.42547268,-0.40158225,-0.10239869,-11.269993,0.0071997581,320478.07,6.3625043,0.89916162,0.13979535,-9.2111657,0.4561356,-8.437773,1.6974739e-05,0.3868205,9.99175e-05,0.00021653184,0.016696539,0.016696539,0.95252967,0.00083176221,3.2749964e-07,0.017528628,0.95252967,0.66926027,0.9026696,-256.66073,-12.066138,0.0,1.1542519e-05,1.1542519e-05,1.2041872e-05,1.2101995e-05,1.2137334e-05,1.2162479e-05,1.2182022e-05
1.0,66.0,66.0,-444.22248,0.99411257,0.21111834,4.0,31.0,0.0,458.80928,-6.5214607,0.36898797,1.2806578,0.47287625,0.7158129,0.81130957,0.6356944,-11.563204,0.76084163,1.5838441,-1.1678964,0.053826193,1.723968,-0.25829315,-0.075748415,-11.287481,0.05526253,560238.53,8.2634986,0.81751526,0.57382989,-6.0489133,0.51574495,-5.1946775,3.173314e-05,0.34126301,0.0023604256,0.0055460049,0.4516638,0.4516638,0.99655273,0.0015549239,7.4706534e-06,0.4532262,0.99655273,0.77236878,0.92704941,-253.51086,-11.145912,0.0,5.8389076e-06,5.8389076e-06,9.6718577e-06,1.0049492e-05,1.0277201e-05,1.0441887e-05,1.0571444e-05
1.0,67.0,67.0,-445.88357,0.93332591,0.21111834,5.0,31.0,0.0,454.64596,-8.4927161,0.86897227,0.53123434,0.48009556,-0.15856818,0.11768999,0.86569355,-11.004252,0.037795432,-1.5524349,0.46180818,0.31880954,-1.710324,-0.20098491,0.051447026,-8.8858343,0.35604056,423785.51,8.7700007,1.1402026,0.49788455,-8.0310882,0.10188347,-8.0053326,1.5683104e-05,0.91992842,0.00032519415,0.00033367851,0.027813052,0.027813052,0.97306974,0.00076847209,1.2699919e-06,0.028582794,0.97306974,0.81792477,1.0527934,-256.26589,-14.904236,0.0,1.0108515e-06,1.0108515e-06,9.766011e-06,1.2495756e-05,1.443488e-05,1.5990931e-05,1.7312679e-05
1.0,68.0,68.0,-447.19739,0.98042905,0.21111834,4.0,15.0,0.0,456.72261,-10.422108,0.10147832,-0.55540153,0.36455863,0.15969256,1.2918362,0.19059292,-8.6066521,1.248532,1.3696832,-1.3046158,0.53764657,1.5434113,1.0224698,-0.048919522,-10.322258,0.17309779,438613.68,7.0496313,1.0057391,0.70530619,-10.478469,0.24621483,-10.174037,0.0010112595,0.62200575,2.8135762e-05,3.8148009e-05,0.0063234982,0.0063234982,0.1131684,0.049551715,1.6787078e-06,0.055876891,0.1131684,2.7800526,0.95225776,-255.17695,-12.319597,0.0,3.0096234e-06,3.0096234e-06,1.0179791e-05,1.1476594e-05,1.2310698e-05,1.2939084e-05,1.3448538e-05
1.0,69.0,69.0,-447.03092,0.7568602,0.21111834,4.0,15.0,0.0,459.3309,-8.2463142,0.050979025,-0.022642302,0.38002587,-1.3194905,0.18546729,-0.27350492,-9.1722413,0.035803787,-0.62091045,-0.17123484,0.26084698,-0.51937494,-0.13690756,0.22799008,-9.662674,0.29906468,348561.5,10.530719,1.0406989,0.58413859,-8.2474685,-0.050726216,-8.7996352,0.00010159947,0.73586234,0.00026192077,0.00015078807,0.0129114,0.0129114,0.72169392,0.0049783739,6.3586211e-07,0.017890409,0.72169392,0.87205084,1.2560729,-256.58478,-14.399221,0.0,1.0213286e-06,1.0213286e-06,5.9682164e-06,7.3399634e-06,8.2850845e-06,9.0288369e-06,9.6515356e-06
1.0,70.0,70.0,-447.3021,0.96814014,0.21111834,5.0,31.0,0.0,455.80644,-11.25128,0.23644746,-0.34116022,0.2172719,1.2225927,1.560504,0.41458536,-10.311398,1.3579217,0.46468732,-0.42059637,0.30219451,0.39209499,-0.15008521,-0.11696958,-8.6546953,0.28085813,432857.77,5.2165349,1.1255276,0.68681841,-11.331947,0.6469621,-10.419349,6.2497164e-05,0.73925865,1.1983899e-05,2.9849292e-05,0.0025415673,0.0025415673,0.45351696,0.0030623611,2.0010158e-07,0.0056041285,0.45351696,0.86063464,0.88961225,-257.55208,-14.179743,0.0,3.598846e-06,3.598846e-06,1.3655578e-05,1.6570124e-05,1.8561131e-05,2.0118946e-05,2.1417545e-05
1.0,71.0,71.0,-452.7146,0.95114259,0.21111834,4.0,15.0,0.0,459.30794,-9.1097362,0.18988438,-1.8609728,0.094795205,0.65129846,0.31739169,-1.5943666,-11.380232,0.14554303,0.88473627,-1.9681291,0.089820441,0.56189052,-0.57237354,0.18330422,-8.5838474,0.37606402,149826.57,7.1013364,1.2824001,0.18333571,-9.4631058,-0.50603871,-9.9074045,1.2988263e-05,0.14695044,7.7665004e-05,4.9804534e-05,0.0036205784,0.0036205784,0.85049328,0.00063642489,3.0215961e-08,0.0042570335,0.85049328,0.56418473,1.2011798,-257.9104,-15.880427,0.0,1.0368069e-06,1.0368069e-06,5.5810844e-06,7.2275733e-06,8.4120483e-06,9.369797e-06,1.0187802e-05
1.0,72.0,72.0,-454.13639,0.8868318,0.21111834,4.0,15.0,0.0,464.56636,-6.1281233,0.15476187,2.346452,0.619378,-0.37062485,0.010225269,1.5111723,-10.746377,0.84140194,-1.2642084,0.85360892,0.050038801,-0.069676204,0.55935137,-0.040894968,-10.788715,0.098156025,963744.14,9.2336068,0.89905787,0.11740539,-5.7649821,0.015452143,-5.9790868,7.4292615e-06,2.3399332,0.0031354516,0.0025311367,0.31001506,0.31001506,0.99871425,0.00036403381,3.5079829e-05,0.31041417,0.99871425,1.7495373,0.95992995,-254.2968,-11.793707,0.0,5.3159632e-06,5.3159632e-06,1.2552926e-05,1.3436592e-05,1.3982093e-05,1.438252e-05,1.4701008e-05
1.0,73.0,73.0,-455.37443,0.95525399,0.21111834,4.0,15.0,0.0,468.0807,-5.5886317,0.39304029,-2.0158673,0.13407842,2.7570856,0.067772031,-1.3094569,-12.821926,0.22967348,1.2256907,-1.8721505,1.0782535,0.23864116,-0.34502427,-0.060853545,-11.064258,0.081604591,261430.44,7.5113305,1.0551545,0.13955599,-6.3809488,-0.088744554,-6.1000277,3.5790364e-06,0.19892353,0.0016935154,0.0022428057,0.17660868,0.17660868,0.99899838,0.00017537279,1.6985987e-06,0.17678576,0.99899838,0.70820317,0.94096104,-254.41878,-12.045386,0.0,5.0725211e-06,5.0725211e-06,9.8973579e-06,1.0473204e-05,1.0825491e-05,1.1082615e-05,1.1286259e-05
1.0,74.0,74.0,-448.01031,0.95624556,0.21111834,4.0,15.0,0.0,466.9827,-5.6995281,0.30203075,-1.6797824,0.15847235,1.2735108,0.14051158,-0.18830476,-14.661711,0.79444692,-0.42753715,-1.4644985,0.8384121,-1.0194425,-0.15941241,0.23662929,-10.990023,0.095994963,868037.76,6.7355211,0.90251285,0.43455431,-6.206874,-0.026458999,-6.0315168,3.0548452e-07,0.098351115,0.0020155282,0.0024018482,0.20370333,0.20370333,0.99992177,1.4968741e-05,9.6776707e-07,0.20371926,0.99992177,0.85264464,1.2669714,-254.35191,-11.166292,0.0,4.4783904e-06,4.4783904e-06,9.9659665e-06,1.0651517e-05,1.1074229e-05,1.1384292e-05,1.1630765e-05
1.0,75.0,75.0,-446.27777,0.98771677,0.21111834,4.0,15.0,0.0,457.83034,-5.0432672,0.26455246,0.67436837,0.6662043,0.64816566,0.95974504,0.46691425,-15.520576,0.29060352,-0.91551829,0.81974211,0.24350771,1.5592059,-0.12895442,0.32375339,-10.69067,0.13092768,127026.11,9.1047253,1.2472106,0.62513344,-4.8648614,0.44811863,-3.984932,1.3930098e-07,3.3181943,0.0077128971,0.018593708,1.5975452,1.5975452,0.99983548,6.8257482e-06,0.00025604622,1.5978081,0.99983548,0.87901403,1.3823064,-252.30756,-14.121651,0.0,3.7284949e-06,3.7284949e-06,1.4535872e-05,1.5916691e-05,1.6784459e-05,1.7428698e-05,1.7945412e-05
1.0,76.0,76.0,-451.15096,0.88550391,0.21111834,4.0,15.0,0.0,459.39071,-3.8940734,0.20257248,1.470856,0.5318362,0.22340861,0.72507373,0.35624733,-15.060575,0.19623513,-2.1624015,0.7262737,0.35796854,1.7702897,0.04367007,0.38769649,-11.040302,0.086060078,112848.26,10.782969,1.1210146,0.85948172,-3.5961184,0.25830558,-3.218996,1.8835933e-07,3.8961221,0.027429988,0.039995192,3.7145447,3.7145447,0.99980936,9.2296071e-06,0.00069903801,3.7152529,0.99980936,1.0446376,1.4735825,-251.54184,-13.633786,0.0,4.8853433e-06,4.8853433e-06,1.2848144e-05,1.3637868e-05,1.4122143e-05,1.4476138e-05,1.4756831e-05
1.0,77.0,77.0,-442.88677,0.99745729,0.21111834,4.0,15.0,0.0,456.13869,-8.3576484,0.74490455,-0.5855557,0.56412448,1.3318774,0.56503954,-0.30875555,-13.228586,0.90597549,1.0392671,-1.0039233,0.27939008,-0.40546906,-0.55456028,-0.02902433,-10.104934,0.17353669,1030974.5,6.3648666,1.0655626,0.18928987,-8.7938315,-0.1744591,-8.216946,4.6111376e-06,0.32719226,0.00015166574,0.00027003851,0.019745658,0.019745658,0.98867103,0.00022594574,3.1562943e-07,0.01997192,0.98867103,0.57432475,0.97139283,-256.50207,-11.731366,0.0,3.7175886e-06,3.7175886e-06,1.0553863e-05,1.1900311e-05,1.27669e-05,1.341996e-05,1.394952e-05
1.0,78.0,78.0,-445.31389,0.52109572,0.21111834,4.0,31.0,0.0,458.51282,-8.2486341,0.5221665,0.38582861,0.23954888,-1.5308482,0.65583937,0.64876213,-6.9077665,0.14345172,-1.3905977,-0.39448527,0.58180988,0.4131391,0.60224597,-0.0016937012,-10.171969,0.19523061,194961.75,6.8193439,0.86261348,0.26716611,-8.0471673,0.42548375,-7.9883965,0.00081914444,0.85717185,0.00032000713,0.00033937784,0.042660156,0.042660156,0.51520893,0.040138077,3.4280764e-06,0.082801661,0.51520893,1.8262158,0.99830773,-255.07855,-13.60845,0.0,2.5762348e-06,2.5762348e-06,1.0995176e-05,1.2587709e-05,1.3624365e-05,1.4411317e-05,1.5052925e-05
1.0,79.0,79.0,-452.75619,0.93074152,0.21111834,4.0,15.0,0.0,458.00832,-9.545441,0.59890002,1.3173042,0.37613798,-0.51515086,0.3073937,1.1668382,-6.1455657,0.13492205,-3.1961841,-0.28562304,0.29339417,1.4212067,0.68842396,-0.37714471,-10.626691,0.082197938,109053.62,7.6817144,0.9967909,0.39939243,-8.7565075,0.35867872,-8.5915966,0.0013922956,1.1403677,0.00015743349,0.00018565943,0.024619218,0.024619218,0.26515953,0.068222483,5.1138681e-06,0.092846815,0.26515953,1.9905758,0.68581683,-254.77088,-13.498003,0.0,7.7928371e-06,7.7928371e-06,1.4491693e-05,1.534099e-05,1.5860774e-05,1.6240237e-05,1.6540827e-05
1.0,80.0,80.0,-452.35179,0.9991965,0.21111834,4.0,31.0,0.0,463.30578,-9.365878,0.4656249,0.8232489,0.27989743,-0.077164207,0.29953269,1.0759546,-7.2396619,0.11843897,-2.9230905,-0.27962903,0.19270959,1.0499413,0.82394272,-0.079504339,-10.599728,0.061082985,58762.084,7.4873106,0.992054,0.25287061,-8.9825529,0.32228357,-8.6818674,0.00050757316,0.92561651,0.00012558184,0.00016963401,0.024552439,0.024552439,0.49675416,0.024871085,2.2096644e-06,0.049425733,0.49675416,2.2794695,0.92357401,-255.61194,-14.51008,0.0,1.0717519e-05,1.0717519e-05,1.6352921e-05,1.7059634e-05,1.7487242e-05,1.7797157e-05,1.8041342e-05
1.0,81.0,81.0,-447.79274,0.93585552,0.21111834,4.0,15.0,0.0,460.89277,-7.7692926,0.82615929,-1.1446603,0.48478802,1.2534593,0.8216426,-0.62748433,-6.5444636,0.32908289,0.3163162,-0.68539636,0.26372416,-1.5170301,0.73540191,-0.22924191,-11.033012,0.040917309,1350594.4,6.9604436,0.75394744,0.74382246,-8.7149643,-0.51556786,-8.6228701,0.0015958171,0.3377417,0.00016411153,0.00017994305,0.024584801,0.024584801,0.23919477,0.078195039,1.6766953e-06,0.10278152,0.23919477,2.0863203,0.79513616,-254.65319,-11.5944,0.0,9.1815445e-06,9.1815445e-06,1.2555623e-05,1.2916689e-05,1.3132726e-05,1.3288203e-05,1.3410072e-05
1.0,82.0,82.0,-448.41661,0.99600381,0.21111834,4.0,15.0,0.0,456.81628,-8.1853631,0.90728453,-1.0549697,0.42542775,1.3628111,0.88784372,-0.64254733,-6.5045093,0.39287114,0.13901776,-0.9391284,0.29454113,-1.3959473,0.79924866,-0.23200974,-11.10087,0.043387489,1524116.8,6.8996709,0.62446924,0.79931039,-9.1425208,-0.57048161,-9.1332248,0.0015806909,0.2591645,0.00010701722,0.00010801669,0.015381849,0.015381849,0.16568686,0.077453853,1.1621229e-06,0.092836864,0.16568686,2.2238694,0.7929384,-254.70329,-11.137413,0.0,8.2913464e-06,8.2913464e-06,1.1503683e-05,1.1854759e-05,1.2065106e-05,1.2216619e-05,1.2335455e-05
1.0,83.0,83.0,-447.78114,0.9318483,0.21111834,5.0,31.0,0.0,456.58592,-9.5618073,0.90965503,0.18355186,0.35327787,-1.2318847,0.64711498,0.92694221,-8.9103613,0.79733736,1.3571295,-1.0410749,0.63993817,1.9646038,-0.3200616,-0.096264877,-10.674031,0.042945271,213703.17,9.5735183,1.5035412,0.3384397,-9.3948384,0.59983818,-9.2301979,0.00039831348,1.2412887,8.3152155e-05,9.8033837e-05,0.0077933353,0.0077933353,0.28534125,0.019517361,1.6374464e-06,0.027312333,0.28534125,0.72610431,0.90822342,-255.91956,-13.623855,0.0,1.2783508e-05,1.2783508e-05,1.6773178e-05,1.7279304e-05,1.7582589e-05,1.7801044e-05,1.7972381e-05
1.0,84.0,84.0,-450.65691,0.93570733,0.21111834,4.0,31.0,0.0,465.93781,-8.1824077,0.39547088,-0.31786423,0.2793272,0.96472119,0.83424809,-1.615687,-5.1429752,0.54741291,0.84066418,-0.070419861,0.031764952,-0.20505307,-0.08361799,-0.0050130895,-11.738054,0.024342375,886294.88,7.4706038,0.48400783,0.15166951,-8.3081138,-1.3478838,-9.3865247,0.0092532102,0.92595155,0.00024650858,8.384634e-05,0.0073475275,0.0073475275,0.015946005,0.4534073,2.0607233e-05,0.46077543,0.015946005,0.91978255,0.99499946,-252.99607,-11.013306,0.0,5.7038915e-06,5.7038915e-06,7.1267362e-06,7.2479945e-06,7.3198826e-06,7.3713208e-06,7.4114689e-06
1.0,85.0,85.0,-453.82091,0.97764782,0.21111834,4.0,15.0,0.0,458.97036,-7.2131977,0.64989168,-1.0195531,0.28123293,0.84832165,0.79688972,-1.8784674,-6.1547127,1.0698681,1.012268,0.13620478,0.019119253,-0.62883096,0.16295173,-0.05374852,-11.720297,0.021486594,1693479.9,6.8848128,0.4238042,0.19411626,-7.8757967,-1.4969314,-9.1341521,0.0062716265,1.1322219,0.00037982623,0.00010791657,0.010622569,0.010622569,0.033409594,0.3073097,1.7387122e-05,0.31794965,0.033409594,1.1769799,0.9476704,-253.37668,-10.674704,0.0,6.0397304e-06,6.0397304e-06,7.2933712e-06,7.4027939e-06,7.4675647e-06,7.5138647e-06,7.5499762e-06
1.0,86.0,86.0,-450.35643,0.98476129,0.21111834,4.0,15.0,0.0,463.79519,-12.463999,1.1110565,0.27269005,0.87961621,-0.15463825,0.63338561,-0.11516457,-9.7392058,0.29741332,0.72894815,-0.41231317,0.19091826,1.5167888,-0.10029959,-0.50667906,-11.202397,0.032569268,316654.09,8.9522925,0.36447938,0.7697599,-12.161025,-0.072943583,-12.369991,7.319328e-05,0.88450202,5.2303881e-06,4.2440568e-06,0.00036919809,0.00036919809,0.093329936,0.0035864707,1.689975e-07,0.0039558378,0.093329936,0.90456638,0.60249311,-257.71686,-11.650508,0.0,8.6984395e-06,8.6984395e-06,1.0039805e-05,1.026698e-05,1.0402764e-05,1.0500339e-05,1.0576717e-05
1.0,87.0,87.0,-446.93919,0.9469312,0.21111834,4.0,15.0,0.0,459.91985,-5.9177857,0.19795354,-0.24532895,0.19519429,-0.25993841,0.65397835,0.17379554,-7.4993195,0.83936363,0.381165,-0.59370075,0.68286845,-1.3868598,-0.016379962,0.56189888,-10.003955,0.36006774,946642.97,7.618223,1.2319851,0.30734166,-5.9663495,0.11365852,-5.9034295,0.00076213755,0.21422177,0.0025635828,0.0027300661,0.24657314,0.24657314,0.86845742,0.03734474,2.9377705e-06,0.28392082,0.86845742,0.98375346,1.754,-253.97849,-16.242954,0.0,3.1255824e-07,3.1255824e-07,7.0776441e-06,9.0837578e-06,1.0511512e-05,1.1658667e-05,1.2634015e-05
1.0,88.0,88.0,-452.90568,0.93331023,0.21111834,4.0,15.0,0.0,462.30936,-9.8799212,0.16031799,-1.2048022,0.90577695,0.63852234,0.20461859,0.38321677,-11.967914,0.14641199,0.68842132,-0.051453112,0.084947968,-1.162856,-1.1533911,-0.15170657,-9.5040738,0.17860328,105690.82,7.3600225,0.42529129,0.076606943,-10.073073,0.078413274,-9.4163006,7.0173802e-06,0.86050542,4.2200745e-05,8.1386544e-05,0.0050666154,0.0050666154,0.93640804,0.00034385163,2.2487951e-07,0.0054106919,0.93640804,0.31556483,0.85924037,-257.59308,-13.991159,0.0,6.3213631e-06,6.3213631e-06,1.4668978e-05,1.6588804e-05,1.7829879e-05,1.8767399e-05,1.9528881e-05
1.0,89.0,89.0,-451.75676,0.95435776,0.21111834,5.0,31.0,0.0,473.71737,-6.2522533,1.2061817,1.8716625,0.16778043,0.32084553,1.2088894,0.031984096,-10.043993,0.0079961151,0.079622119,-0.99627413,0.79105503,1.1311435,1.3443067,0.091470744,-11.520354,0.089890727,2956849.8,8.9462262,1.4731039,0.098805721,-3.9946882,0.038665234,-3.9021914,4.3473613e-05,0.9035016,0.018413186,0.020197602,4.2433569,4.2433569,0.99945463,0.002130207,0.0001852755,4.2456724,0.99945463,3.8355265,1.0957847,-252.22276,-11.101025,0.0,2.8670032e-06,2.8670032e-06,7.9667775e-06,8.4789494e-06,8.793683e-06,9.0240505e-06,9.2068875e-06
1.0,90.0,90.0,-450.04349,0.92676321,0.21111834,4.0,31.0,0.0,466.63169,-6.504094,0.54441143,-0.82677376,0.011063731,-1.2341556,0.54647492,0.69444384,-10.372286,0.76809311,-0.59591286,-0.044418728,0.098592848,-0.58252457,-0.74892543,-0.1400477,-9.557091,0.1687,121970.77,9.5829699,0.71222468,0.77241587,-6.9541991,0.37949614,-6.5883573,1.9796549e-05,0.90316368,0.0009546182,0.0013762989,0.094772944,0.094772944,0.98982521,0.00097003088,4.1767156e-06,0.095747151,0.98982521,0.47287442,0.86931676,-254.89286,-17.155801,0.0,6.8739309e-06,6.8739309e-06,2.4683774e-05,2.7744394e-05,2.9708091e-05,3.1185174e-05,3.2381332e-05
1.0,91.0,91.0,-448.22989,0.93232435,0.21111834,5.0,31.0,0.0,456.1406,-5.0415291,0.70695097,1.389263,0.0043849165,0.20216889,1.0009867,0.25734731,-10.611888,0.37057008,0.39922613,-0.80932536,0.4187581,0.94912352,-0.74477113,-0.052355662,-10.410578,0.14953627,613475.11,8.1131863,1.5615151,0.17005938,-4.0593883,0.25760123,-3.8009006,2.8547338e-05,0.66240893,0.017259573,0.022350634,1.5409288,1.5409288,0.99906108,0.0013988196,4.9347408e-05,1.542377,0.99906108,0.47484297,0.94899129,-252.12231,-15.383546,0.0,3.8152597e-06,3.8152597e-06,1.7952761e-05,1.9913347e-05,2.1158039e-05,2.2088068e-05,2.2837523e-05
1.0,92.0,92.0,-456.61684,0.99716862,0.21111834,4.0,15.0,0.0,464.89801,-6.427674,0.93045579,0.23083944,0.0077741724,-0.062692865,0.37004884,-1.6686988,-14.074515,0.099851433,-0.35793428,-1.4323207,0.41941854,-1.3617114,-1.1487117,-0.38820021,-10.309351,0.11803329,7273622.5,6.4662336,0.94326614,0.30414804,-6.2128881,-0.61750005,-6.8308755,7.4472194e-07,0.13486949,0.002003443,0.0010799122,0.06729569,0.06729569,0.99945153,3.6491375e-05,4.3862957e-07,0.06733262,0.99945153,0.31704497,0.67827653,-255.14776,-13.383787,0.0,6.5238411e-06,6.5238411e-06,1.5308353e-05,1.6612722e-05,1.7426849e-05,1.8028618e-05,1.8509683e-05
1.0,93.0,93.0,-449.84137,0.99687148,0.21111834,4.0,15.0,0.0,464.52008,-5.7647129,1.2059762,1.7192039,0.0093473979,-1.5421333,0.081291332,0.88929427,-11.196188,0.47291508,-0.55724658,0.28932835,0.25448268,0.81052612,-0.56457056,0.23664114,-10.974485,0.023170492,103061.12,9.1434584,1.2080965,0.3052801,-3.691394,0.072291916,-3.633517,1.0546477e-05,1.6414717,0.024937215,0.02642309,1.9257513,1.9257513,0.99965246,0.00051677737,0.00015272554,1.9264208,0.99965246,0.56860428,1.2669864,-251.95586,-13.623303,0.0,1.2439804e-05,1.2439804e-05,1.5895331e-05,1.6152671e-05,1.6305134e-05,1.641418e-05,1.6499267e-05
1.0,94.0,94.0,-450.78768,0.96732896,0.21111834,5.0,31.0,0.0,463.46557,-4.877976,0.85081584,-0.079087072,0.0030580658,1.4460702,1.8178193,-0.66298662,-10.993313,0.44750479,0.59944619,-1.2063583,0.44148669,-0.83587823,0.40214015,-0.40591322,-10.829733,0.10891093,3656124.5,7.8186274,1.004054,0.19893984,-4.9452645,-1.2051899,-6.1460322,2.198703e-05,0.20692737,0.007117032,0.0021419638,0.23945201,0.23945201,0.99551091,0.0010773645,2.4040726e-06,0.24053178,0.99551091,1.4950209,0.66636799,-254.45607,-11.211102,0.0,4.3978361e-06,4.3978361e-06,1.1097699e-05,1.196777e-05,1.2508051e-05,1.2906125e-05,1.3223604e-05
1.0,95.0,95.0,-450.32893,0.88145611,0.21111834,4.0,31.0,0.0,461.53953,-10.293986,1.5347474,2.745508,0.00923113,-0.044384841,0.033786254,0.60127095,-11.087344,0.68269909,0.62728478,-1.2048933,0.4631622,-0.23798221,-0.28482322,-0.1005758,-10.337354,0.17939953,1988918.0,8.5887271,1.2730277,0.18140221,-6.0803252,0.020314693,-6.0604203,2.3486206e-05,0.26844273,0.0022874326,0.00233342,0.18805074,0.18805074,0.99390458,0.0011508241,2.4532279e-06,0.18920402,0.99390458,0.75214721,0.90431656,-254.37087,-12.684368,0.0,2.7173506e-06,2.7173506e-06,1.1956918e-05,1.3539827e-05,1.4561295e-05,1.5332464e-05,1.5958657e-05
1.0,96.0,96.0,-448.45344,0.96255767,0.21111834,5.0,31.0,0.0,460.1431,-4.7765012,0.50298321,-0.077672721,0.7246213,0.38452307,0.12827722,2.4285101,-12.135088,0.046682206,-0.99382336,-0.11212208,0.28825064,0.49167662,0.36393695,0.36929511,-11.476728,0.017874952,660770.38,8.6718315,1.0570358,0.11438635,-4.8155693,0.31152252,-4.2254131,5.1244777e-06,1.0300466,0.0081026082,0.014619294,1.5998961,1.5998961,0.99979333,0.0002510994,7.9611963e-05,1.6002268,0.99979333,1.4389835,1.4467145,-252.54762,-11.020635,0.0,8.0996676e-06,8.0996676e-06,9.7533453e-06,9.8749368e-06,9.9467655e-06,9.9980456e-06,1.0038004e-05
1.0,97.0,97.0,-451.47761,0.99690372,0.21111834,4.0,15.0,0.0,457.41474,-4.8844891,0.68901443,0.40397351,0.93010018,0.67136731,0.096506304,2.3628929,-10.921101,0.04246248,-1.4406178,-0.0036892167,0.70002654,0.39752255,0.41375448,0.34024687,-11.589844,0.0097277562,995179.06,9.6769908,0.92942143,0.066723421,-4.6061456,0.22803406,-3.7536726,1.7000402e-05,1.3159872,0.0099902511,0.023431532,2.6366191,2.6366191,0.99962062,0.00083301972,0.00016764777,2.6376198,0.99962062,1.5124857,1.4052945,-252.07567,-10.78496,0.0,8.0951489e-06,8.0951489e-06,9.0000813e-06,9.0609704e-06,9.0967792e-06,9.1222719e-06,9.1420951e-06
1.0,98.0,98.0,-450.80924,0.87873229,0.21111834,4.0,15.0,0.0,463.65149,-5.3048148,0.64010788,0.2440547,0.21018602,-0.38388817,0.58500227,0.76763815,-12.000395,1.4392475,1.512359,-1.2892379,0.18734186,0.72755571,-0.43226962,0.11500025,-11.847449,0.015376045,185339.88,5.0915759,1.2435571,0.17628654,-5.1485935,0.44907006,-4.7802113,5.4150881e-05,0.31570841,0.0058075676,0.008394225,0.64013892,0.64013892,0.9958569,0.0026533932,9.8020826e-06,0.64280212,0.9958569,0.64903436,1.1218737,-253.09603,-13.036664,0.0,5.7870795e-06,5.7870795e-06,6.6953948e-06,6.7671306e-06,6.8094501e-06,6.839637e-06,6.8631441e-06
1.0,99.0,99.0,-450.12179,0.91126664,0.21111834,4.0,15.0,0.0,466.79822,-4.6405366,0.67208834,1.6085443,1.0588063,1.9631448,0.13902682,-0.37813546,-9.3999198,0.024820606,0.36642373,-0.95287475,0.51494688,-0.1965131,-0.64010155,-0.17737328,-12.045092,0.0075040484,427988.4,8.9872784,0.73662819,0.20131195,-3.5594527,-0.052570973,-1.5334335,8.348656e-05,0.3485169,0.028454394,0.21579348,15.352418,15.352418,0.99971678,0.0040908415,0.00025851031,15.356768,0.99971678,0.52723888,0.83746711,-249.85624,-12.191177,0.0,5.2948834e-06,5.2948834e-06,5.8223613e-06,5.8527245e-06,5.8705591e-06,5.883246e-06,5.8931056e-06
1.0,100.0,100.0,-443.88428,0.97366399,0.21111834,5.0,31.0,0.0,458.64035,-5.0345587,0.88713028,1.3464783,0.25928891,-1.2826859,0.34180517,0.21400738,-12.284765,0.085584294,-0.35237841,-0.15153287,0.11578294,0.19982958,0.27617326,0.22434129,-11.338997,0.02815561,317208.81,7.9905766,1.0277797,0.21146882,-3.840057,0.073148828,-4.0994944,4.4843251e-06,0.87950502,0.021492376,0.016581056,1.7303858,1.7303858,0.99983056,0.00021973193,7.3518718e-05,1.730679,0.99983056,1.3180762,1.2514981,-252.42183,-11.668586,0.0,8.064904e-06,8.064904e-06,1.083054e-05,1.1043978e-05,1.1170777e-05,1.1261624e-05,1.1332601e-05
1.0,101.0,101.0,-443.54339,0.991091,0.21111834,4.0,31.0,0.0,451.9673,-5.6311065,0.56219684,0.24249223,0.75416231,0.85619314,1.3393269,1.6893644,-12.156335,0.54090139,0.41888719,-0.56712152,0.051729326,1.390769,-0.7821676,-0.00090706058,-11.369128,0.19254528,783352.16,7.6555929,0.99360728,0.25171809,-5.4947781,2.2626112,-2.5864583,6.5913083e-06,0.60946242,0.0041081678,0.075286209,5.135375,5.135375,0.99990768,0.00032297411,0.00015118473,5.1358492,0.99990768,0.45741345,0.99909335,-250.90931,-14.019964,0.0,8.0756686e-07,8.0756686e-07,7.4787904e-06,8.5465809e-06,9.2405435e-06,9.7668296e-06,1.0195607e-05
1.0,102.0,102.0,-446.02855,0.89258958,0.21111834,4.0,31.0,0.0,455.87356,-5.8732282,0.9026315,0.63907682,0.45807492,0.36123863,0.17293215,-0.010090735,-12.033484,0.07953764,-0.53790915,-0.31440693,0.18185266,-1.2769173,0.48079819,-0.0041450959,-11.638416,0.0040062904,225951.05,9.1084462,0.95956215,0.25390434,-5.2963773,-0.0017450125,-5.1326479,5.6930295e-06,0.57890451,0.0050097099,0.0059009145,0.68998995,0.68998995,0.99956792,0.00027895845,1.9301309e-05,0.69028821,0.99956792,1.6173649,0.99586348,-253.45364,-12.113417,0.0,8.3456236e-06,8.3456236e-06,8.6712191e-06,8.6953307e-06,8.7094664e-06,8.7195099e-06,8.7273083e-06
1.0,103.0,103.0,-450.94726,0.95773884,0.21111834,5.0,31.0,0.0,458.0346,-7.2243397,0.33350923,1.018445,0.98999079,1.6979882,1.7346437,1.4176584,-12.365203,0.29379152,0.1749351,-0.5202334,0.93639041,0.5077427,0.42137489,-0.54012582,-10.645838,0.0027605267,29901.217,8.6074861,0.85731719,0.75577459,-6.8846788,2.4591323,-2.7445539,4.4893249e-06,0.95620018,0.0010233448,0.064276966,7.2639612,7.2639612,0.99992354,0.00021997692,0.00033550347,7.2645167,0.99992354,1.5240555,0.58267494,-251.06746,-16.001345,0.0,2.2908584e-05,2.2908584e-05,2.3674051e-05,2.3719392e-05,2.3745956e-05,2.3764821e-05,2.3779464e-05
1.0,104.0,104.0,-452.7877,0.8781485,0.21111834,5.0,31.0,0.0,467.59946,-4.0542677,1.5305473,0.4888204,0.69026179,-0.048931355,0.040618396,0.53613559,-9.5175285,0.79117705,-0.17292857,-0.20919114,0.029724279,-0.53470821,0.34209345,0.50857681,-11.391186,0.22327094,10846097.0,8.3163264,1.3787491,0.62593832,-3.3061049,0.021776968,-3.3181034,6.4146206e-05,0.79844839,0.036658684,0.036221464,3.9166797,3.9166797,0.9991596,0.0031431641,0.0001511732,3.9199741,0.9991596,1.4078919,1.6629229,-251.63917,-15.029589,0.0,5.1670759e-07,5.1670759e-07,6.4262354e-06,7.5018229e-06,8.212632e-06,8.7574417e-06,9.2048015e-06
1.0,105.0,105.0,-444.0195,0.88478674,0.21111834,4.0,31.0,0.0,462.80686,-10.242514,0.68789015,-0.48722885,0.56663858,-0.024688091,0.45129559,1.7448009,-9.0065247,0.44045503,0.21532691,0.64757267,0.062466687,1.072539,-0.023959106,-0.0075501218,-9.6563256,0.25033662,644459.73,7.8932667,1.1334442,0.35008232,-10.577674,0.78742095,-9.8042424,0.00013480478,2.0433092,2.5478537e-05,5.5216848e-05,0.0049698298,0.0049698298,0.42930678,0.0066054343,1.1424219e-06,0.011576406,0.42930678,0.97632563,0.99247831,-256.86128,-12.491315,0.0,2.0150717e-06,2.0150717e-06,7.9228202e-06,9.4190824e-06,1.0423503e-05,1.1200874e-05,1.1843756e-05
1.0,106.0,106.0,-441.61039,0.97793711,0.21111834,4.0,15.0,0.0,448.33442,-9.8617119,0.47236663,0.64538464,0.31802264,0.52719341,0.81112481,0.88562756,-10.220839,0.56682741,0.36193106,0.32561844,0.065426141,0.18358716,0.04020611,-0.1819803,-9.6962439,0.26065842,389522.75,9.4385921,0.99048063,0.38502158,-9.5568537,0.71835449,-8.6708398,4.4693329e-05,1.4016216,7.0714938e-05,0.00017151501,0.015903397,0.015903397,0.87890317,0.0021899731,1.2249314e-06,0.018094595,0.87890317,1.0410253,0.83361776,-256.73576,-13.220877,0.0,1.678895e-06,1.678895e-06,7.8437089e-06,9.393638e-06,1.0439555e-05,1.1251814e-05,1.1925259e-05
1.0,107.0,107.0,-446.98338,0.81836666,0.21111834,4.0,15.0,0.0,453.42712,-5.7062892,0.28119507,-0.2447925,0.66645331,0.12232799,0.35729389,-1.2160153,-8.7592477,0.36651386,-2.1564667,-1.1587066,0.37535194,0.14623866,-0.86659495,0.11394178,-10.426499,0.14843554,1513002.1,6.7035249,1.0643786,0.19007328,-5.7751236,-0.43447485,-6.1280726,7.1228136e-05,0.3316034,0.0031038139,0.0021807802,0.14536205,0.14536205,0.97653709,0.0034901787,2.3841623e-06,0.14885461,0.97653709,0.42038053,1.1206869,-254.41629,-12.314062,0.0,3.8125384e-06,3.8125384e-06,1.2536238e-05,1.3894393e-05,1.4756178e-05,1.5399875e-05,1.5918453e-05
1.0,108.0,108.0,-444.83351,0.99596326,0.21111834,4.0,31.0,0.0,456.4776,-5.1476779,1.2196561,-0.70715304,0.37915648,2.3969469,1.3381051,2.1453083,-11.668583,0.68751372,1.6802513,-0.3715132,0.63849731,0.6376977,-0.20451983,0.29208447,-11.297032,0.11632072,349415.9,9.3824894,1.182819,0.80292563,-6.0101614,2.8706481,-2.2306954,2.7170281e-05,1.0362983,0.002453692,0.10745368,8.9435442,8.9435442,0.99980112,0.0013313438,0.00044773457,8.9453233,0.99980112,0.81503858,1.3392161,-250.55349,-12.641345,0.0,2.4879175e-06,2.4879175e-06,1.0182167e-05,1.1037119e-05,1.1570138e-05,1.196386e-05,1.2278462e-05
1.0,109.0,109.0,-443.86952,0.9352215,0.21111834,4.0,15.0,0.0,451.94333,-6.4572429,0.85126852,2.0287765,0.2313055,-0.41405997,1.0744064,0.56398844,-11.596317,0.39770808,-0.5390155,-0.84327767,0.19734132,-0.8913363,-0.62337824,0.0096899896,-11.223601,0.053937139,150880.54,6.4663957,0.85688415,0.1105862,-4.7302093,0.6059528,-4.2200309,7.4247793e-06,0.3608925,0.0088246238,0.014698191,1.0511774,1.0511774,0.99963659,0.00036381419,1.8330136e-05,1.0515595,0.99963659,0.5361302,1.0097371,-252.54207,-12.741845,0.0,6.3390815e-06,6.3390815e-06,1.0855784e-05,1.1269306e-05,1.1518469e-05,1.1698587e-05,1.1840237e-05
1.0,110.0,110.0,-442.14721,0.94303089,0.21111834,4.0,15.0,0.0,453.3555,-4.6283406,0.88518635,1.8216531,0.23636027,0.16265153,0.72551537,1.1175063,-12.036501,0.4065006,-0.83745852,-0.57839319,0.17670956,-0.68842395,-0.60696056,0.11270646,-10.974895,0.062330648,236076.14,6.9248888,0.77301831,0.58328519,-3.0158381,0.81076798,-2.1666258,4.2147174e-06,0.49656331,0.049004747,0.11456353,8.2359955,8.2359955,0.99995094,0.00020652115,0.00019754368,8.2363996,0.99995094,0.54500486,1.1193033,-250.48962,-12.934459,0.0,7.2389671e-06,7.2389671e-06,1.5324418e-05,1.6000995e-05,1.6410533e-05,1.6707446e-05,1.6941445e-05
1.0,111.0,111.0,-444.59563,0.82794068,0.21111834,4.0,15.0,0.0,457.02009,-7.4503085,1.4537294,0.63461944,0.64139796,0.14129904,0.43247812,0.3877551,-10.898286,0.53821214,0.73651266,-0.41618044,0.017386353,0.77069649,-0.31124972,-0.1111456,-11.343494,0.040826265,1234702.2,11.164841,0.99021404,0.57939317,-6.5277436,0.16769559,-6.2694191,2.7484575e-05,0.66845858,0.0014623017,0.0018933281,0.15102378,0.15102378,0.99112938,0.0013467442,4.9196814e-06,0.15237544,0.99112938,0.73253092,0.89480846,-254.57492,-10.666656,0.0,6.7394185e-06,6.7394185e-06,9.3588199e-06,9.6273786e-06,9.78805e-06,9.9036764e-06,9.9943057e-06
1.0,112.0,112.0,-452.06471,0.97295278,0.21111834,4.0,15.0,0.0,457.47188,-1.3785783,0.49186034,0.79375112,0.14674967,-2.8340145,0.26675113,-0.079587132,-14.820817,0.52180348,-0.86880936,-0.41775252,0.055348118,0.10308698,1.0330026,-0.19221257,-11.355245,0.051052505,238860.6,8.2200603,1.1440331,0.44284981,-0.98816359,-0.021229957,-1.4252842,2.3254899e-07,0.66229324,0.37225968,0.24044011,40.153146,40.153146,0.99996773,1.1394901e-05,0.0012844924,40.154442,0.99996773,2.8094889,0.82513145,-249.74898,-12.16604,0.0,5.7831206e-06,5.7831206e-06,1.1589373e-05,1.2006822e-05,1.2257951e-05,1.2439308e-05,1.2581827e-05
1.0,113.0,113.0,-444.05634,0.99899226,0.21111834,4.0,31.0,0.0,459.58593,-6.291326,0.84047111,0.65966247,0.72414171,1.084859,0.6561692,1.0423901,-10.83849,0.49675458,0.58705887,-1.040304,0.25957929,-2.3166055,-0.42567141,0.1705443,-11.451325,0.040924179,2256145.4,10.378733,0.98006326,0.29449951,-5.7368988,0.68398427,-4.2673229,2.6275693e-05,0.19366085,0.0032247534,0.014019264,1.0716312,1.0716312,0.99879065,0.0012875089,1.003622e-05,1.0729287,0.99879065,0.65333099,1.1859502,-252.58798,-10.468969,0.0,6.0423393e-06,6.0423393e-06,9.0955864e-06,9.3572792e-06,9.5138385e-06,9.6265058e-06,9.7148158e-06
1.0,114.0,114.0,-445.75131,0.99189165,0.21111834,4.0,15.0,0.0,454.15282,-1.751453,0.9030256,-0.011690219,0.56276766,1.7643163,0.88406774,2.3290266,-11.615818,0.57117368,0.5621212,-0.18742908,0.045469847,0.12404168,0.12610516,0.018508418,-11.542046,0.038980887,175854.29,7.4468057,0.71776943,0.24616142,-1.7620096,2.0590173,1.2899078,1.2438067e-05,0.83377731,0.17169948,3.6324517,351.05779,351.05779,0.99995799,0.00060946526,0.014138098,351.07254,0.99995799,1.1344015,1.0186808,-247.04,-12.538238,0.0,5.6684625e-06,5.6684625e-06,1.0487798e-05,1.0775033e-05,1.0946688e-05,1.1070135e-05,1.1166846e-05
1.0,115.0,115.0,-445.69452,0.9501568,0.21111834,4.0,31.0,0.0,455.42265,-3.1007847,1.3937262,1.584245,0.30595289,1.9328414,1.2003843,1.6820576,-11.889525,0.47472999,-0.12905001,-0.41937033,0.054076423,0.48568875,0.02963989,0.29688115,-11.704962,0.027150224,205166.57,7.8092876,0.70868292,0.089828706,-0.89278086,2.0191155,1.717693,6.454138e-06,0.67495719,0.40951536,5.57166,514.06089,514.06089,0.99996678,0.00031625276,0.016759173,514.07797,0.99996678,1.0300835,1.3456554,-246.61547,-12.356836,0.0,5.6714712e-06,5.6714712e-06,8.7965258e-06,8.9636345e-06,9.0628546e-06,9.1339178e-06,9.1894227e-06
1.0,116.0,116.0,-447.91102,0.99329967,0.21111834,5.0,31.0,0.0,455.61307,-7.3922126,0.52998486,1.6155226,0.26175975,-1.2761423,0.57595963,-0.72212868,-11.801161,0.47745149,0.098077447,-0.58513885,0.84506853,-0.080384456,-0.48511747,-0.34018309,-11.290572,0.0042346933,1040045.9,9.7823928,0.91766937,0.46764937,-6.5360101,-0.41591696,-7.2859698,7.8552093e-06,0.52044596,0.0014502634,0.00068508355,0.051282782,0.051282782,0.99252542,0.00038490526,1.2988416e-06,0.051668986,0.99252542,0.61562488,0.71164002,-255.58917,-11.775099,0.0,1.1780226e-05,1.1780226e-05,1.2132681e-05,1.2168321e-05,1.2189224e-05,1.2204078e-05,1.2215613e-05
1.0,117.0,117.0,-445.55201,0.68389625,0.21111834,4.0,15.0,0.0,459.33145,-6.1177771,0.7966435,2.1110389,0.21585481,-0.57098809,0.61486223,0.78755342,-12.018903,0.73698477,-0.67364506,-1.0143154,0.47303444,0.22130568,-0.23293905,-0.38011201,-11.419854,0.0039999262,123628.87,9.3124566,1.0158698,0.29323196,-4.4360316,0.48423685,-4.0750453,3.6698142e-06,0.40267311,0.011842842,0.016991445,1.3979282,1.3979282,0.99985194,0.0001798209,2.719286e-05,1.3981353,0.99985194,0.79220186,0.68378481,-252.39744,-12.986692,0.0,1.0385237e-05,1.0385237e-05,1.0820251e-05,1.0850291e-05,1.0867902e-05,1.0880415e-05,1.089013e-05
1.0,118.0,118.0,-450.06361,0.93906633,0.21111834,4.0,15.0,0.0,457.59687,-6.5225063,0.63340412,0.54409191,0.48195882,0.14143302,1.1078612,0.33152437,-13.643561,0.032555863,0.91864581,-1.0306944,0.51538715,0.11181236,-1.1071942,0.44341122,-11.63609,0.0029706157,226684.97,10.285032,0.87621251,0.58445722,-6.1778763,0.36728298,-5.7424284,1.2236729e-06,0.3779219,0.0020748296,0.0032069711,0.20165552,0.20165552,0.9996845,5.9959974e-05,3.6821614e-06,0.20171916,0.9996845,0.33048495,1.5580129,-254.06317,-12.108709,0.0,8.4856077e-06,8.4856077e-06,8.6980238e-06,8.7159488e-06,8.7264522e-06,8.7339124e-06,8.7397034e-06
1.0,119.0,119.0,-453.85618,0.96231044,0.21111834,5.0,31.0,0.0,462.46532,-2.5368814,1.507286,-0.18277319,0.5550378,0.95878306,1.9885343,3.325845,-13.053122,0.047586357,-1.6936294,-0.43681701,0.26296634,1.1736485,-0.54985754,0.61325021,-11.94732,0.0056701493,441358.33,9.8843421,0.579017,0.37049473,-2.8123728,6.6135568,4.3333448,1.9774248e-06,0.87968889,0.060062305,76.19873,5580.4402,5580.4402,0.99995749,9.6893814e-05,0.23711504,5580.6774,0.99995749,0.57703201,1.8464229,-244.1008,-11.737515,0.0,5.9885439e-06,5.9885439e-06,6.6527676e-06,6.6789659e-06,6.6943387e-06,6.7052673e-06,6.7137566e-06
1.0,120.0,120.0,-450.74607,0.9143712,0.21111834,5.0,31.0,0.0,462.69215,-10.773353,0.75778546,-1.2638236,0.69940332,1.0245014,0.44271578,0.57939802,-11.375092,0.041070601,-1.6499964,-0.46072275,0.041809671,1.1391591,-0.31919374,0.69772053,-8.2293209,0.32596696,553953.47,9.6878769,0.81648149,0.10044531,-11.731061,0.25650865,-10.758012,1.0725804e-05,0.6615995,8.0401685e-06,2.1274271e-05,0.0016917908,0.0016917908,0.76295252,0.00052556441,7.0858503e-08,0.0022174261,0.76295252,0.72673474,2.0091676,-258.5064,-12.982373,0.0,2.9528967e-06,2.9528967e-06,1.0304408e-05,1.2870905e-05,1.4672077e-05,1.6104895e-05,1.7313763e-05
1.0,121.0,121.0,-442.77072,0.90163439,0.21111834,5.0,31.0,0.0,456.88135,-6.3639154,0.87433507,0.70140546,0.34635824,1.1500312,0.91167556,0.86435103,-10.789535,0.15532353,1.0172161,-0.63798193,0.096856389,-1.2946696,0.16539391,-0.51490892,-11.165454,0.086559262,355122.18,7.4893478,0.85505156,0.39148457,-5.750652,0.7880077,-4.5643216,2.4142477e-05,0.46608887,0.0031807062,0.010416944,1.0266318,1.0266318,0.99882655,0.0011829814,2.3139028e-05,1.0278379,0.99882655,1.1798578,0.59755502,-252.88439,-11.85977,0.0,4.281021e-06,4.281021e-06,1.0130512e-05,1.0756901e-05,1.1141124e-05,1.1422032e-05,1.1644791e-05
1.0,122.0,122.0,-444.94974,0.92108613,0.21111834,4.0,15.0,0.0,452.97189,-5.8954724,1.1322809,0.87196511,0.58401581,-1.4113857,0.75800732,0.49809339,-10.902943,0.94759267,0.50309721,-0.72111951,0.47143553,-0.51014752,0.82152009,-0.0091660312,-11.153329,0.02880745,2040016.5,10.13925,1.1564863,0.74751807,-4.908163,0.37755843,-5.3548761,2.964517e-05,0.38227265,0.0073860444,0.004725055,0.68279909,0.68279909,0.99785865,0.0014526133,1.2634284e-05,0.68426434,0.99785865,2.2739538,0.99087585,-253.67034,-11.60818,0.0,9.6232541e-06,9.6232541e-06,1.266861e-05,1.29241e-05,1.3075938e-05,1.318475e-05,1.3269775e-05
1.0,123.0,123.0,-445.86931,0.98759351,0.21111834,5.0,31.0,0.0,452.1312,-7.8642964,0.65591649,-0.10687013,0.64130493,-0.65707911,0.39938695,-0.59663637,-14.30779,1.1730324,0.74841236,-0.77707832,0.4619546,-0.20236258,0.68304378,0.039137375,-10.544001,0.10668623,1664603.6,10.607969,1.4580512,0.75025401,-7.9343942,-0.23828878,-8.5940711,1.4705435e-06,0.41871673,0.0003582089,0.00018520058,0.024475292,0.024475292,0.99704442,7.2056629e-05,4.9646248e-07,0.024547845,0.99704442,1.9798949,1.0399133,-256.87854,-11.378929,0.0,6.035017e-06,6.035017e-06,1.1716579e-05,1.2614499e-05,1.3171671e-05,1.3581954e-05,1.3909019e-05
1.0,124.0,124.0,-441.77212,1.0,0.21111834,4.0,15.0,0.0,449.52532,-8.0871972,0.50802137,0.087194593,0.44022785,-0.0099203461,0.66482643,1.2984221,-11.580503,0.19472414,0.18424106,-0.62030544,0.324954,0.04100714,0.5155819,-0.014683196,-11.118003,0.058099044,967962.54,9.1320092,0.75187469,0.14758276,-8.0429005,0.86322531,-7.1840424,9.6879567e-06,0.54499427,0.00032137545,0.0007585951,0.090525985,0.090525985,0.99475726,0.00047470988,2.395511e-06,0.09100309,0.99475726,1.6746127,0.98542408,-255.48677,-10.917104,0.0,6.6514389e-06,6.6514389e-06,1.0300175e-05,1.0723268e-05,1.0978816e-05,1.1163828e-05,1.1309485e-05
1.0,125.0,125.0,-449.42004,0.89089921,0.21111834,4.0,15.0,0.0,457.27563,-13.486263,1.1509894,1.0995446,0.23941269,0.094100386,0.80165353,-1.0455704,-10.033497,0.76328549,1.6806095,-0.83490108,0.57193413,1.9375541,0.38487763,-0.0088123465,-10.298835,0.16861911,3256736.2,6.6500304,1.3732378,0.99393237,-12.220699,-0.83818522,-13.036356,0.00015834844,1.3142317,4.9273997e-06,2.1796297e-06,0.00024132043,0.00024132043,0.030161653,0.0077590736,5.0786098e-07,0.0080009019,0.030161653,1.4694345,0.99122637,-257.02453,-10.984774,0.0,3.2776059e-06,3.2776059e-06,7.7471461e-06,8.7031708e-06,9.3174063e-06,9.7796797e-06,1.0154142e-05
1.0,126.0,126.0,-447.72098,0.93344857,0.21111834,4.0,15.0,0.0,457.23487,-7.3116168,0.63632791,-0.71321975,0.85107884,-0.83280751,0.63744338,1.3129134,-11.572269,0.37126898,-0.81359868,-0.79232041,0.33234771,-2.2381461,-0.66770218,-0.0088949778,-8.4244226,0.47047336,186445.43,9.7424043,0.73713147,0.068204625,-7.7654584,0.83690797,-7.6373353,6.9669482e-06,0.21520523,0.00042413515,0.00048211143,0.034008719,0.034008719,0.99005144,0.00034138046,3.5706094e-07,0.034350457,0.99005144,0.51288575,0.99114447,-255.93414,-17.550972,0.0,3.2997382e-07,3.2997382e-07,7.2045821e-06,9.9790364e-06,1.2074952e-05,1.3824223e-05,1.5353918e-05
1.0,127.0,127.0,-447.9571,0.30380255,0.21111834,4.0,15.0,0.0,457.81552,-8.943994,0.62042461,-0.33022241,0.88776522,-1.0782198,0.72473277,1.098847,-11.923119,0.29768768,-0.59783776,-1.1745237,0.20476734,-2.5047834,-0.64654662,0.064422747,-8.4442434,0.40929104,272284.98,10.13813,0.70330877,0.14830938,-9.1488721,0.79637043,-9.3097077,5.5534708e-06,0.18499592,0.00010633968,9.0541004e-05,0.0064285718,0.0064285718,0.95938069,0.00027212007,5.9874696e-08,0.0067007517,0.95938069,0.52385171,1.0665432,-257.5146,-15.35605,0.0,7.5329509e-07,7.5329509e-07,5.6555194e-06,7.4995325e-06,8.8489186e-06,9.9521738e-06,1.0902276e-05
1.0,128.0,128.0,-450.47811,0.81154235,0.21111834,5.0,31.0,0.0,461.31768,-5.0998527,0.368372,0.71626594,0.057503227,1.5840989,1.1294491,-0.52277204,-12.567394,0.17054196,0.76066071,0.19089219,0.63026637,2.7304841,-0.11593092,-0.090975828,-11.503171,0.097419165,972737.65,7.5965113,0.69059032,0.16763102,-4.8360003,-0.5904444,-5.3353539,3.9663288e-06,6.7654208,0.0079387429,0.0048182044,0.41630511,0.41630511,0.99920685,0.00019435011,0.00013610399,0.41663557,0.99920685,0.89053674,0.91303978,-253.65626,-11.900377,0.0,2.6285733e-06,2.6285733e-06,6.3463514e-06,6.7896522e-06,7.0631959e-06,7.2639412e-06,7.4235866e-06
1.0,129.0,129.0,-454.38557,0.9506196,0.21111834,5.0,63.0,0.0,465.28134,-4.7174875,0.047003386,-0.095909418,0.0047520285,0.011652626,0.16719522,0.24261706,-12.560752,0.17625738,0.65404834,0.24658503,0.5029811,2.3596435,-0.23590149,-0.1033855,-10.108603,0.22525027,560924.91,6.4868741,0.62106999,0.39003235,-4.7219956,0.040564413,-4.6813758,3.9355043e-06,4.1931034,0.0088974055,0.0092662569,0.76144591,0.76144591,0.99954437,0.00019283971,0.00015425746,0.76179301,0.99954437,0.78985848,0.90177927,-253.00326,-16.088125,0.0,1.8129549e-06,1.8129549e-06,1.5941735e-05,1.8635385e-05,2.0417434e-05,2.1784256e-05,2.2907211e-05
1.0,130.0,130.0,-454.83086,1.0,0.21111834,4.0,15.0,0.0,462.81771,-7.989723,0.01813446,-0.051482401,0.0036533017,0.63887185,0.43515578,-0.043794199,-12.050222,0.014953665,-0.5261486,-1.0459752,0.31317794,-2.6523319,0.14434227,0.18235624,-10.822333,0.087043042,435983.85,10.084185,1.3775275,0.27949026,-7.9906567,-0.019057299,-8.00738,5.797467e-06,0.15310565,0.00033861166,0.00033299604,0.032474352,0.032474352,0.99132083,0.00028407588,2.4225669e-07,0.032758671,0.99132083,1.1552795,1.2000416,-256.2961,-11.499642,0.0,5.9932115e-06,5.9932115e-06,1.0558975e-05,1.121491e-05,1.1617528e-05,1.191198e-05,1.2145527e-05
1.0,131.0,131.0,-458.37493,0.98853074,0.21111834,4.0,15.0,0.0,465.77998,-7.9451455,0.0160243,-1.922237,0.001909193,0.8251255,1.7361523,-0.5376933,-8.5346067,0.0091192215,-0.53249143,-0.79377626,0.67213789,-0.91920945,-0.049738281,0.054570325,-10.953941,0.088779298,700224.27,11.502193,0.90666461,0.77664296,-7.975948,-0.93351746,-8.9078901,0.00019559535,0.2437501,0.000343629,0.00013531704,0.012038087,0.012038087,0.55673855,0.0095841721,2.545701e-07,0.021622514,0.55673855,0.95147841,1.0560867,-256.31923,-11.045292,0.0,5.1296261e-06,5.1296261e-06,8.8098079e-06,9.3680201e-06,9.7110541e-06,9.9621016e-06,1.016132e-05
1.0,132.0,132.0,-460.45283,0.99520129,0.21111834,4.0,15.0,0.0,469.27108,-3.0632279,0.018012584,1.4386224,0.007725064,-1.7747591,0.41543518,2.7951826,-11.052967,0.011939645,0.93211927,0.23105702,0.28108303,-0.29420611,0.25020292,-0.22880885,-10.396994,0.10745879,36771.463,7.1746611,1.0771025,0.205806,-3.0373146,1.1612172,-1.8898075,1.6017354e-05,1.1599312,0.047963517,0.15110089,15.554327,15.554327,0.99989352,0.00078485037,0.00087149902,15.555984,0.99989352,1.284286,0.79548058,-250.21289,-16.799629,0.0,6.9165129e-06,6.9165129e-06,2.6982501e-05,2.9068964e-05,3.0363478e-05,3.1316764e-05,3.2076764e-05
1.0,133.0,133.0,-449.04797,0.94519761,0.21111834,5.0,31.0,0.0,470.17606,-7.1741645,0.80097128,-0.089506391,0.3052043,2.315091,0.026664786,0.85040468,-12.346964,0.060850004,0.16970854,-0.90585114,0.35501573,-0.4626131,-0.28502143,-0.48469046,-9.8335966,0.23715934,899108.24,8.9853885,1.5730374,0.65380444,-7.2458565,0.022675859,-6.5166049,4.3879991e-06,0.34297899,0.00071312308,0.0014786808,0.1191579,0.1191579,0.99818228,0.00021501196,1.9775835e-06,0.11937489,0.99818228,0.75199814,0.61588781,-254.83267,-14.194211,0.0,2.0247264e-06,2.0247264e-06,1.2870451e-05,1.5169236e-05,1.6700046e-05,1.7879034e-05,1.8850581e-05
1.0,134.0,134.0,-447.64178,0.96577852,0.21111834,5.0,31.0,0.0,459.32533,-5.7402287,0.061157745,0.13836664,0.3886519,-0.99843009,0.17736612,-0.65786979,-10.1871,0.71336101,-0.82459772,-0.16461027,0.21011641,-0.10175293,-0.26026358,0.67001601,-11.244312,0.071542822,586570.61,7.0795377,0.60736174,0.50627955,-5.7317665,-0.11668381,-6.236492,2.0908897e-05,0.83028171,0.0032413465,0.0019567076,0.15922832,0.15922832,0.99356691,0.001024536,6.4267701e-06,0.16025928,0.99356691,0.77084838,1.9542686,-254.54586,-11.187692,0.0,4.8685356e-06,4.8685356e-06,8.6866292e-06,9.1281523e-06,9.396784e-06,9.5921696e-06,9.7465206e-06
1.0,135.0,135.0,-447.33375,0.96080394,0.21111834,5.0,31.0,0.0,458.25386,-2.8862779,0.016790911,-0.86268324,0.4723526,0.002006349,0.5464406,0.90781067,-11.364107,0.060007085,-0.73790039,-0.14183432,0.8090551,0.3036142,-0.47304687,-0.34679227,-11.406304,0.040694027,300405.06,7.8452541,1.0206029,0.36065482,-2.9007632,0.49606461,-2.4037509,1.1101988e-05,1.1093855,0.054981244,0.09037832,6.7937597,6.7937597,0.99986636,0.00054399743,0.00036407343,6.7946678,0.99986636,0.62310086,0.70695216,-250.72662,-11.715235,0.0,6.3407113e-06,6.3407113e-06,1.0265569e-05,1.0559247e-05,1.0734917e-05,1.0861328e-05,1.0960404e-05
1.0,136.0,136.0,-445.16171,0.9631348,0.21111834,4.0,15.0,0.0,457.73881,-8.342062,0.10061326,1.1185576,0.64374585,0.85776311,0.23081013,1.1804879,-12.363785,0.20814908,0.4717918,-1.055846,0.073148026,-0.39858744,-0.33097339,0.34099666,-9.801552,0.29217623,1019210.0,9.1207073,0.91297724,0.38779252,-8.2295202,0.27246858,-7.4048702,4.7111347e-06,0.33790115,0.00026666424,0.00060828307,0.048154984,0.048154984,0.99521282,0.0002308456,7.897132e-07,0.04838662,0.99521282,0.71822428,1.4063485,-255.71067,-13.69696,0.0,9.776474e-07,9.776474e-07,7.3322306e-06,8.9768715e-06,1.0105383e-05,1.0991219e-05,1.1731513e-05
1.0,137.0,137.0,-447.04706,0.9850024,0.21111834,4.0,31.0,0.0,454.18703,-9.7186048,0.19895031,0.51308119,1.0256699,0.93866946,0.23570139,-0.025292123,-11.872253,0.8280429,1.4033628,-0.88677444,0.073653347,-1.3803474,0.45616296,0.31297814,-9.990332,0.23507943,462697.33,7.9621557,1.1813067,0.068508276,-9.6165271,-0.0059613885,-8.6597235,2.231595e-05,0.37215619,6.6618575e-05,0.00017343225,0.01999263,0.01999263,0.94812505,0.0010934815,3.7903846e-07,0.021086491,0.94812505,1.5780075,1.3674916,-256.83245,-12.907123,0.0,1.7814622e-06,1.7814622e-06,7.4158926e-06,8.7259035e-06,9.5976732e-06,1.0268723e-05,1.0821464e-05
1.0,138.0,138.0,-447.16055,0.38332767,0.21111834,5.0,31.0,0.0,459.19433,-10.092882,1.0474876,-2.3166243,0.078855362,0.098258854,1.047047,-0.056836959,-9.6455869,0.33880708,1.4268804,-0.40724542,0.30260985,0.76812436,0.56802037,-0.12816157,-6.8313894,0.54698772,172290.53,8.5472869,0.94757423,1.0209314,-12.519518,-0.059510967,-12.57128,0.00010493707,0.83962205,3.6546228e-06,3.4702622e-06,0.00042725986,0.00042725986,0.076715571,0.0051419164,2.2585844e-07,0.0055694021,0.076715571,1.76477,0.87971124,-257.40051,-16.896267,0.0,5.6394753e-07,5.6394753e-07,7.545739e-06,1.0998205e-05,1.3718079e-05,1.6049393e-05,1.8128531e-05
1.0,139.0,139.0,-446.38503,0.53341669,0.21111834,4.0,15.0,0.0,456.12271,-10.047417,0.89838343,-2.2064309,0.066992942,0.056034099,1.3361429,0.14559246,-10.428864,0.29463961,1.2198431,-0.32703684,0.32095639,0.72613208,0.59920586,-0.081510265,-6.6583971,0.49044361,183458.42,9.1064955,0.94720231,0.71865355,-12.029638,0.19453233,-11.831352,4.2353908e-05,0.91030087,5.9647829e-06,7.2729274e-06,0.0009125214,0.0009125214,0.30539597,0.0020753415,1.3137331e-07,0.0029879942,0.30539597,1.8206724,0.92172325,-258.12356,-16.084037,0.0,1.4643085e-06,1.4643085e-06,1.1081938e-05,1.5506961e-05,1.8893388e-05,2.1741745e-05,2.4246486e-05
1.0,140.0,140.0,-452.1941,0.60154242,0.21111834,4.0,15.0,0.0,461.87789,-13.951154,1.9127714,-0.94177105,0.062559604,-0.047400232,1.2491778,-1.15265,-11.87302,0.13263937,1.1134363,0.58788308,0.1898219,1.6297014,0.5496416,0.045317276,-6.9682254,0.38807952,950359.33,8.1889426,1.2628312,0.49283371,-15.752547,-1.4398649,-17.195377,8.0863373e-06,2.4528144,1.4413049e-07,3.4052003e-08,4.1465309e-06,4.1465309e-06,0.010355338,0.00039623053,4.7434619e-08,0.00040042449,0.010355338,1.7326319,1.0463598,-259.50584,-12.792649,0.0,4.4183398e-06,4.4183398e-06,1.044119e-05,1.3369756e-05,1.5530623e-05,1.7298753e-05,1.8820037e-05
1.0,141.0,141.0,-446.24422,0.63151557,0.21111834,4.0,15.0,0.0,458.83309,-10.475595,0.61737251,-1.1107991,0.12688245,-0.86711705,0.59578118,-1.468314,-12.172852,0.16432142,0.83925788,-0.64364417,1.0369693,-0.50460864,0.24182418,-0.43963755,-7.8838466,0.34600366,175326.65,9.1803506,1.095937,0.44653158,-11.161372,-0.87479388,-12.146188,5.933218e-06,0.31132813,1.4212739e-05,5.3085721e-06,0.00054407529,0.00054407529,0.65173116,0.00029072768,1.2553472e-08,0.00083481553,0.65173116,1.2735703,0.64426989,-259.30338,-13.477435,0.0,3.1627551e-06,3.1627551e-06,8.6039713e-06,1.0830065e-05,1.2420059e-05,1.3697135e-05,1.4781733e-05
1.0,142.0,142.0,-446.91913,0.64356678,0.21111834,4.0,15.0,0.0,459.26349,-10.325618,0.78248722,2.6086176,0.59251229,0.6743494,0.8030427,-0.88155107,-14.031957,0.44535137,0.94126509,0.55876722,0.12474276,-0.090637253,-0.067531919,0.11129921,-8.2660297,0.42838897,1226045.9,8.0391285,1.0352812,0.5955673,-8.2844083,-0.70792315,-8.5927712,1.2247626e-06,1.7288577,0.00025242198,0.00018544148,0.016366567,0.016366567,0.99626338,6.0013367e-05,1.3717278e-06,0.016427952,0.99626338,0.93469789,1.1177293,-256.87856,-15.315307,0.0,6.9147231e-07,6.9147231e-07,8.3590736e-06,1.1241854e-05,1.3371503e-05,1.5123621e-05,1.6639627e-05
1.0,143.0,143.0,-445.64177,0.067260751,0.21111834,4.0,15.0,0.0,463.18436,-10.900695,1.2512903,1.6407119,0.62981947,0.39826639,0.63358184,-0.58737904,-13.052139,0.67166233,0.52420026,0.64403365,0.14077288,-0.019066044,-0.046603042,0.025137487,-7.7795368,0.46322924,514058.21,7.7014006,1.5290844,0.74161494,-8.8476885,-0.37215269,-8.9690053,3.0509625e-06,1.8990422,0.00014371354,0.00012729475,0.011340381,0.011340381,0.98689827,0.00014949716,1.0539296e-06,0.011490932,0.98689827,0.95446621,1.0254561,-257.22478,-15.764084,0.0,6.9504725e-07,6.9504725e-07,8.7252034e-06,1.2016899e-05,1.4495034e-05,1.6558554e-05,1.835995e-05
1.0,144.0,144.0,-446.62361,0.67968474,0.21111834,4.0,15.0,0.0,458.87065,-11.874104,0.91252735,-0.049091545,0.55724623,0.74990244,2.1730459,-1.2277482,-10.752677,0.69505223,-0.9583927,-0.56852039,0.096556813,0.24417862,-0.15448987,0.4305099,-8.1084253,0.34979743,1589685.9,8.618949,1.2180279,0.1859978,-11.918901,-2.6679532,-14.168974,1.098687e-05,0.57987467,6.6632619e-06,7.0225147e-07,5.9682802e-05,5.9682802e-05,0.099794641,0.00053835663,1.6750412e-08,0.00059805618,0.099794641,0.85685218,1.5380416,-259.27746,-11.896922,0.0,2.397563e-06,2.397563e-06,5.9128737e-06,7.4341873e-06,8.5275296e-06,9.408342e-06,1.0157827e-05
1.0,145.0,145.0,-444.31769,1.0,0.21111834,4.0,15.0,0.0,454.06459,-9.1446587,0.97489929,0.58202936,0.31101956,-0.98595063,0.46552159,0.40216364,-9.9250138,0.34739109,-1.5201401,-0.76537656,0.083408081,-0.17922139,-0.27941516,0.23769974,-7.2926197,0.54502427,174338.94,9.6604326,1.0433111,0.64510512,-8.5772386,0.18721585,-8.6966727,2.8858762e-05,0.45825702,0.00018834435,0.00016714101,0.013498557,0.013498557,0.90515573,0.0014140793,3.3008445e-07,0.014912966,0.90515573,0.75622589,1.2683283,-256.83121,-17.915196,0.0,3.6535053e-07,3.6535053e-07,8.2598726e-06,1.204072e-05,1.5013976e-05,1.7560002e-05,1.9829116e-05
1.0,146.0,146.0,-443.49647,0.61532976,0.21111834,4.0,15.0,0.0,455.6557,-9.7525906,1.2172021,0.75944772,0.42086249,-1.0216428,0.50700578,0.30657162,-10.268697,0.40938754,-1.1296229,-0.70838363,0.090962995,-0.41095833,-0.30851872,0.22694525,-7.6099353,0.48011186,131800.19,9.4302135,1.0776805,0.75579114,-8.8281893,0.15543358,-9.1027268,2.1853466e-05,0.47437097,0.00014654335,0.00011136173,0.0088922829,0.0088922829,0.892501,0.0010708198,2.2828335e-07,0.009963331,0.892501,0.7345342,1.2547612,-257.20392,-16.985104,0.0,6.5219229e-07,6.5219229e-07,8.3866546e-06,1.1684349e-05,1.4189804e-05,1.6288263e-05,1.8128034e-05
1.0,147.0,147.0,-449.77235,0.30267503,0.21111834,4.0,15.0,0.0,457.46094,-9.5240015,0.40649407,-0.42769741,0.67755862,1.5714574,0.323593,1.8620858,-12.140429,0.74204689,-0.20181083,-0.076301082,0.07982597,-1.3627556,-0.39336701,0.16445182,-9.2916153,0.2439198,507414.92,7.5063973,1.2280252,0.0047780214,-9.697858,0.60255792,-8.0305456,4.5966548e-06,0.83103417,6.1414906e-05,0.00032537065,0.025164427,0.025164427,0.99108904,0.00022523609,1.0191482e-06,0.025390683,0.99108904,0.67478105,1.1787468,-256.32204,-14.53499,0.0,3.1709001e-06,3.1709001e-06,1.4571109e-05,1.725109e-05,1.9042934e-05,2.0426376e-05,2.156846e-05
1.0,148.0,148.0,-449.67384,0.99910318,0.21111834,4.0,15.0,0.0,459.12864,-7.2007926,0.25724436,-0.12900222,0.54596706,0.86113305,0.49156614,-1.5477572,-11.811799,0.29934652,-0.15287323,-1.0402566,0.93022356,1.239687,-0.55544053,0.31988933,-10.020642,0.18849455,988037.49,8.1572331,0.89829932,0.0012922578,-7.2339777,-0.76082503,-7.5246525,7.0847845e-06,1.1195529,0.00072164466,0.00053961618,0.039446167,0.039446167,0.99122246,0.00034715444,2.1518716e-06,0.039795473,0.99122246,0.57381942,1.3769754,-255.82399,-12.40674,0.0,3.2894385e-06,3.2894385e-06,1.1632292e-05,1.3254299e-05,1.4306446e-05,1.5103351e-05,1.5751985e-05
1.0,149.0,149.0,-454.79381,0.95673524,0.21111834,4.0,15.0,0.0,460.23981,-9.0687634,0.24493764,1.1060843,0.71466995,0.11076803,0.11171928,1.9016286,-9.979853,0.40459027,-0.34696563,-0.63670104,0.21406427,0.2701299,-1.1978002,0.053903098,-9.2403018,0.28397736,189507.51,8.913141,1.2048854,4.0060797e-05,-8.7978417,0.21244857,-8.5062306,4.0256786e-05,0.56052811,0.00015105875,0.00020220458,0.012471577,0.012471577,0.86341053,0.0019725825,3.9106704e-07,0.014444551,0.86341053,0.3018575,1.0553823,-256.62399,-14.137412,0.0,1.9192119e-06,1.9192119e-06,9.6564671e-06,1.175153e-05,1.318348e-05,1.4304562e-05,1.5239605e-05
1.0,150.0,150.0,-460.91596,0.97782948,0.21111834,5.0,31.0,0.0,469.92578,-11.182762,0.05675977,2.0327639,0.50176866,-0.40774981,0.091511579,1.1019148,-6.7000977,0.36423227,-0.51394278,0.52494497,0.56598441,0.28459614,-1.1258665,-0.084447816,-9.2226836,0.305145,61932.379,9.7337995,0.88184023,0.00021747103,-11.067383,0.10083796,-11.171141,0.0010206738,1.9858002,1.5613374e-05,1.4074572e-05,0.00088140026,0.00088140026,0.01731655,0.050013017,4.8816567e-06,0.050899299,0.01731655,0.32437127,0.91901961,-255.19094,-17.087923,0.0,1.4580377e-06,1.4580377e-06,1.2143773e-05,1.5001906e-05,1.6976873e-05,1.8534077e-05,1.9839761e-05
1.0,151.0,151.0,-459.76933,0.64685904,0.21111834,4.0,15.0,0.0,472.64627,-11.792544,0.03331572,0.73291459,0.36712659,-1.5859563,0.052591116,-0.31827863,-10.689581,0.28081759,-1.2833764,0.5605713,0.35678707,-0.021758247,-0.85070274,-0.12786236,-7.41129,0.48841294,205420.23,10.148643,1.4149702,0.00079896224,-11.768126,-0.016738628,-12.367111,1.5887542e-05,1.7381272,7.7476107e-06,4.2562954e-06,0.00028491137,0.00028491137,0.2679022,0.00077848958,8.9277116e-08,0.0010634902,0.2679022,0.42711468,0.87997449,-258.8829,-17.078507,0.0,7.0931594e-07,7.0931594e-07,3.2595559e-06,4.5233574e-06,5.4937315e-06,6.3108123e-06,7.0296629e-06
1.0,152.0,152.0,-452.69539,0.62733086,0.21111834,4.0,15.0,0.0,470.52526,-11.103769,0.043199454,0.49591434,0.30131147,0.016732055,0.22103657,-0.29285144,-10.034996,0.10334768,-0.87701579,0.26927191,0.51105659,-1.1661664,-0.62478013,0.40128871,-9.3004381,0.3097552,2327338.5,9.6629275,1.2082017,0.01410271,-11.082346,-0.064730876,-11.142035,4.0039928e-05,0.72129642,1.5381488e-05,1.4490241e-05,0.0010358483,0.0010358483,0.34552357,0.0019619565,1.0444283e-07,0.0029979092,0.34552357,0.53537913,1.4937485,-258.03877,-13.570391,0.0,1.2657249e-06,1.2657249e-06,4.5491457e-06,5.6245641e-06,6.3719115e-06,6.9628587e-06,7.459273e-06
1.0,153.0,153.0,-447.37323,0.99159648,0.21111834,5.0,47.0,0.0,458.02375,-6.681417,0.3396986,-0.4758438,0.20695029,-0.84638647,1.5190426,0.20590471,-10.683007,1.0087619,0.56080134,-0.98958445,0.37722576,-0.17012395,-0.69177379,0.20522242,-9.9038712,0.2872093,174351.38,6.8105179,0.94292859,1.6168669,-6.8430605,0.31277802,-6.7054424,4.0375309e-05,0.3486246,0.0010668334,0.001224231,0.085731506,0.085731506,0.97742748,0.0019783901,1.476958e-06,0.087711373,0.97742748,0.50068717,1.2277981,-254.99135,-15.398427,0.0,9.4525113e-07,9.4525113e-07,8.1257459e-06,9.9148523e-06,1.1139076e-05,1.209836e-05,1.2899007e-05
1.0,154.0,154.0,-452.6196,1.0,0.21111834,4.0,15.0,0.0,458.84823,-7.7305938,0.98796239,-0.639753,0.34476898,-1.8907556,0.13315465,-0.95775853,-13.053325,0.041820405,-0.83137728,0.14044266,0.40983317,1.469625,-0.58764503,0.033330096,-9.2988673,0.20773405,384934.13,10.326172,0.68319273,0.01623878,-8.3626457,-0.12753,-9.1420496,2.0697272e-06,2.1016941,0.00023342594,0.00010706766,0.0077449143,0.0077449143,0.98697445,0.00010141663,7.9652179e-07,0.0078471275,0.98697445,0.55563425,1.0338918,-257.39413,-13.835827,0.0,5.1897533e-06,5.1897533e-06,1.4915841e-05,1.7214742e-05,1.8723471e-05,1.9874359e-05,2.0815972e-05
1.0,155.0,155.0,-451.98137,0.89860175,0.21111834,4.0,31.0,0.0,462.73666,-7.2196971,1.6496328,-0.084446231,0.77567554,-1.8342873,0.13498896,0.1988595,-14.654233,0.27610795,-0.28719388,0.31088158,0.28949337,1.644476,-0.066601121,-0.022437025,-9.0006065,0.24035624,672017.68,7.6158846,0.75810704,0.054749147,-7.3590024,0.026843838,-8.7549703,3.9930932e-07,2.1966786,0.00063683347,0.00015767568,0.013921796,0.013921796,0.9984906,1.9566157e-05,1.4792217e-06,0.013942841,0.9984906,0.93556831,0.97781281,-257.03939,-16.099669,0.0,4.4560172e-06,4.4560172e-06,1.7344746e-05,2.0480382e-05,2.2573595e-05,2.418797e-05,2.5519616e-05
1.0,156.0,156.0,-454.61497,0.93927672,0.21111834,4.0,15.0,0.0,466.69284,-8.969002,1.2450388,-0.82862442,0.48998389,-1.4875508,0.13898461,2.0773984,-13.813391,0.31952183,-0.97319197,0.57497055,0.30850262,1.3748036,-0.83996192,0.33692567,-10.069629,0.13173455,1677684.7,8.1640251,0.67246233,0.029139288,-10.000672,0.28872641,-10.440821,7.3430057e-07,2.7158393,4.5369453e-05,2.9215212e-05,0.0019612912,0.0019612912,0.98185626,3.5980728e-05,2.6200092e-07,0.0019975339,0.98185626,0.43172696,1.400635,-258.56219,-11.326004,0.0,6.8612811e-06,6.8612811e-06,1.1217972e-05,1.2271025e-05,1.2937378e-05,1.3433487e-05,1.3832022e-05
1.0,157.0,157.0,-446.59445,0.96184895,0.21111834,4.0,15.0,0.0,463.84029,-8.3089311,0.50291794,1.8362598,0.44505771,0.86754432,0.92365072,-1.6807068,-11.960386,0.1420478,0.41755194,-0.83033173,0.51046733,-1.5587925,-0.2080319,-0.26414459,-9.3907263,0.33330042,288610.58,10.187679,1.467364,0.56426921,-7.3854431,-1.552386,-8.5517218,6.7831209e-06,0.19670614,0.0006202158,0.00019321214,0.016058171,0.016058171,0.97971236,0.00033237293,1.5573019e-07,0.0163907,0.97971236,0.81218113,0.76786251,-256.8116,-15.049217,0.0,8.3532699e-07,8.3532699e-07,5.8032213e-06,7.3077893e-06,8.3638227e-06,9.2047197e-06,9.9149122e-06
1.0,158.0,158.0,-445.48683,0.98703008,0.21111834,5.0,31.0,0.0,455.96526,-4.5273137,0.96472807,2.0121229,0.6596886,-0.51890268,0.4243575,-0.65931272,-11.018726,0.12810679,-0.30485877,-0.77957501,0.02511005,-0.058612035,0.56998164,-0.18517575,-11.37152,0.11987914,361830.1,11.027705,1.0911944,0.41544416,-2.5861622,-0.27978429,-3.2082607,1.5764019e-05,0.45792642,0.075308502,0.040426866,4.9832521,4.9832521,0.9998229,0.00077243693,0.00011023954,4.9841347,0.9998229,1.7682346,0.83095823,-251.53075,-12.692738,0.0,2.1985469e-06,2.1985469e-06,8.7581887e-06,9.5170188e-06,9.991031e-06,1.0341598e-05,1.062197e-05
1.0,159.0,159.0,-443.49429,0.97689998,0.21111834,4.0,31.0,0.0,453.68416,-7.6286449,0.54244103,0.14287049,0.16294936,0.90730095,1.0090158,1.1195445,-11.267809,0.15307406,0.42326561,-0.15266154,0.47484393,-0.064682878,-0.98559023,0.17222234,-10.548904,0.16611247,601119.17,6.1129657,1.1477798,0.12534694,-7.5511461,1.1296381,-6.2736639,1.3632985e-05,0.83245525,0.00052550749,0.0018853083,0.12193268,0.12193268,0.9945113,0.00066801626,4.9296417e-06,0.12260562,0.9945113,0.37321888,1.1879419,-254.58634,-12.162934,0.0,2.6423687e-06,2.6423687e-06,9.6943496e-06,1.0876986e-05,1.1634679e-05,1.2204098e-05,1.2664912e-05
1.0,160.0,160.0,-442.88555,0.98435989,0.21111834,4.0,15.0,0.0,449.71968,-7.3823225,0.51002326,0.98784303,0.17865388,-0.68721351,1.017603,1.1408622,-11.20502,0.29041559,0.54645275,0.051366805,0.49758873,-0.23465553,-0.6944579,0.20656751,-10.953329,0.11063052,1063606.9,8.1957857,1.429695,0.074077184,-6.8784995,1.1609448,-5.8403281,1.5945688e-05,0.93669726,0.0010296879,0.0029078884,0.2034722,0.2034722,0.99612959,0.00078133873,9.2412425e-06,0.20426278,0.99612959,0.49934507,1.2294507,-254.1558,-11.199394,0.0,3.795291e-06,3.795291e-06,9.5440709e-06,1.0304589e-05,1.0777291e-05,1.1125782e-05,1.1403842e-05
1.0,161.0,161.0,-447.33643,0.95928316,0.21111834,4.0,15.0,0.0,457.82824,-6.3535984,1.7840017,2.2941774,0.11509498,0.41975683,2.0552326,2.2516032,-8.4308251,0.65037725,1.0562518,0.20087779,0.37436955,2.1983776,0.13688491,-0.29949345,-11.788877,0.079659707,505688.95,6.3338239,0.83858177,0.58151272,-2.2607821,4.6275682,2.415098,0.00043339414,2.7839852,0.10426891,11.190867,1087.3185,1087.3185,0.99984602,0.021236313,0.14621561,1087.486,0.99984602,1.1466962,0.74119358,-245.92946,-12.148984,0.0,2.5246235e-06,2.5246235e-06,9.713756e-06,1.0265188e-05,1.0602155e-05,1.0847925e-05,1.1042482e-05
1.0,162.0,162.0,-444.00015,0.8900598,0.21111834,4.0,15.0,0.0,454.86976,-3.8520394,1.412217,1.707391,0.23355746,1.3490638,0.70128948,1.3589473,-11.63462,0.48591427,0.31540769,-1.6426508,0.29243936,-0.7817728,0.60487783,0.17180449,-11.45747,0.042492191,656520.43,6.2237926,1.1540896,0.30504324,-1.4408327,0.95301543,-0.17273339,1.0320697e-05,0.15392775,0.23673054,0.8413619,105.93015,105.93015,0.99998779,0.00050571414,0.00078758986,105.93145,0.99998779,1.8310285,1.1874456,-248.49775,-11.184431,0.0,5.87663e-06,5.87663e-06,1.0922116e-05,1.1248589e-05,1.1444069e-05,1.1584821e-05,1.1695188e-05
1.0,163.0,163.0,-445.57772,0.85161173,0.21111834,4.0,31.0,0.0,458.73012,-6.3002846,0.85990737,0.46634849,1.0780562,-0.23893443,1.2118749,1.7987869,-10.552197,0.46659596,-0.95670572,-0.02100631,0.76361306,1.779457,-1.1858374,-0.24448825,-10.734059,0.16601133,574155.09,7.7306983,0.8809402,0.44064389,-5.8992681,2.1799048,-3.9769481,1.6725232e-05,3.81069,0.0027414505,0.018742753,1.1588755,1.1588755,0.99910942,0.00081953638,0.00021345629,1.1599085,0.99910942,0.30549024,0.78310519,-252.29869,-13.061399,0.0,2.1988134e-06,2.1988134e-06,1.1704297e-05,1.3131599e-05,1.4045909e-05,1.4732983e-05,1.5289007e-05
1.0,164.0,164.0,-449.24067,0.73074479,0.21111834,5.0,31.0,0.0,462.03623,-11.130761,0.28852188,0.40389084,0.27635828,-1.4644511,0.68466242,-1.0208502,-10.06959,0.64707086,0.46968756,-0.57181662,0.30385551,-1.9986303,-0.86129716,0.44558134,-8.0896967,0.43591158,338233.48,9.6441207,0.5187958,0.54320862,-11.014229,-0.69893777,-12.11788,5.7388356e-05,0.30755189,1.646573e-05,5.4609911e-06,0.00036451989,0.00036451989,0.11475171,0.0028120295,4.7188431e-08,0.0031765965,0.11475171,0.42261353,1.5613976,-257.90957,-15.396245,0.0,7.4339484e-07,7.4339484e-07,4.611931e-06,6.218149e-06,7.4120309e-06,8.3976312e-06,9.2524191e-06
1.0,165.0,165.0,-448.16095,0.92256651,0.21111834,4.0,15.0,0.0,457.7448,-8.6349577,0.36299223,-0.61976895,0.41604475,0.08830083,1.102729,-1.4700574,-13.065515,0.34206148,-0.57828883,-1.5182732,0.17218988,-0.9155825,-1.3969401,0.033061113,-7.2657846,0.46430417,191710.12,8.3659156,0.79405396,0.27605539,-8.859929,-1.621075,-10.444267,1.7370444e-06,0.18713458,0.00014196514,2.9114713e-05,0.0017290882,0.0017290882,0.95307538,8.5115177e-05,1.6398402e-08,0.0018142198,0.95307538,0.24735267,1.0336137,-258.53726,-15.094004,0.0,1.1446807e-06,1.1446807e-06,6.1988704e-06,8.4998634e-06,1.0239376e-05,1.1690475e-05,1.2958561e-05
1.0,166.0,166.0,-447.40313,0.23948058,0.21111834,4.0,31.0,0.0,460.95953,-7.8158461,0.30676257,-0.83249644,0.36400146,0.23655019,1.0705792,-1.1334009,-13.068058,0.29286173,-0.32954894,-1.4727904,0.15967608,-0.81951704,-1.1675006,0.095422177,-7.3125182,0.51025832,232971.94,8.5603536,0.72883363,0.19688679,-8.0712248,-1.2133954,-9.1985156,1.9173436e-06,0.2011614,0.00031240041,0.00010118949,0.0062806328,0.0062806328,0.98525223,9.3949838e-05,6.1938108e-08,0.0063746445,0.98525223,0.31114364,1.1001232,-257.44803,-16.227217,0.0,5.7897997e-07,5.7897997e-07,6.9690599e-06,9.9067034e-06,1.2175792e-05,1.4096321e-05,1.579317e-05
1.0,167.0,167.0,-447.23957,0.1615948,0.21111834,5.0,31.0,0.0,455.09606,-7.7605415,0.22392797,-1.1993686,0.35683261,0.16066183,0.45924676,-1.6882148,-12.198721,0.16563587,-0.46982446,-1.3390448,0.31347452,-0.51356833,-1.0788554,0.0030522111,-7.7145861,0.53702293,328074.96,8.3413153,1.0503355,0.49546783,-8.0291137,-0.77530718,-8.7470915,4.6597858e-06,0.22312227,0.00032583687,0.00015892288,0.010056536,0.010056536,0.97778893,0.00022832951,1.1084167e-07,0.010284976,0.97778893,0.33998444,1.0030569,-257.00633,-17.371938,0.0,2.67584e-07,2.67584e-07,4.7373482e-06,6.865004e-06,8.5313997e-06,9.9545629e-06,1.1220422e-05
1.0,168.0,168.0,-453.98331,0.99054333,0.21111834,4.0,15.0,0.0,463.98947,-9.3646522,1.7096028,-0.51146815,0.035635801,-0.97640827,0.70138649,0.97717016,-11.503796,1.0263325,-0.78854959,0.65182127,0.62647661,1.0761071,0.017445355,0.36531168,-8.0488075,0.23938225,22640.728,10.404562,0.7720199,0.37122761,-10.23906,0.68537395,-9.5884808,4.4924609e-06,3.7658636,3.5746449e-05,6.851343e-05,0.0062853627,0.0062853627,0.96598664,0.00022013058,1.1833314e-06,0.0065066766,0.96598664,1.0175984,1.4409631,-257.77158,-18.657963,0.0,1.1698999e-05,1.1698999e-05,3.776993e-05,4.454666e-05,4.9072278e-05,5.2562729e-05,5.5441799e-05
1.0,169.0,169.0,-450.17762,0.89799194,0.21111834,4.0,15.0,0.0,465.61128,-10.414985,0.24356292,0.49518403,0.060404777,-1.0013473,1.0911706,0.79871342,-10.069561,0.22595295,-0.13139166,-0.72689956,0.526568,-2.2739816,0.1377108,0.23003905,-7.9028942,0.44339239,62736.806,9.0025646,0.53554248,0.64158191,-10.294377,0.87153259,-9.4833303,4.1110422e-05,0.1459771,3.3822757e-05,7.6110049e-05,0.0073979752,0.0073979752,0.78597745,0.0020144107,6.6366053e-08,0.0094124523,0.78597745,1.1476436,1.2586492,-257.32617,-18.242702,0.0,8.0809417e-07,8.0809417e-07,8.3357889e-06,1.1321932e-05,1.3546602e-05,1.5386614e-05,1.6984844e-05
1.0,170.0,170.0,-446.24742,0.85550888,0.21111834,4.0,15.0,0.0,457.46484,-8.4153369,0.43866171,0.67342557,0.088751222,-1.4599415,0.33349969,-0.68322098,-11.953135,0.3228698,0.3651579,-0.69965671,0.14418571,-0.010625234,-0.63252303,0.38836418,-9.2179397,0.36551145,404419.63,9.5252295,1.453552,0.1759664,-8.1199309,-0.22785398,-8.4773565,7.2447285e-06,0.49599536,0.00029754921,0.00020812816,0.014842137,0.014842137,0.97661747,0.0003549917,3.6408324e-07,0.015197493,0.97661747,0.53124975,1.4745667,-256.73953,-15.33566,0.0,6.362542e-07,6.362542e-07,5.1860344e-06,6.6774302e-06,7.7426046e-06,8.6002421e-06,9.3305393e-06
1.0,171.0,171.0,-447.87291,0.99950601,0.21111834,4.0,15.0,0.0,452.38766,-10.019156,0.68416535,1.2601145,0.17298718,-1.5196442,0.32184538,-1.0416971,-11.933958,0.18028728,0.81682121,-1.4590117,0.1866849,0.35784456,-0.73158309,0.38549325,-9.767512,0.24967365,505817.07,8.2759969,1.1355046,1.0581261,-9.1570298,-0.33526538,-9.7551741,7.6050703e-06,0.24852608,0.00010547572,5.799382e-05,0.0040136456,0.0040136456,0.91503155,0.00037264844,5.2653985e-08,0.0043863467,0.91503155,0.48114669,1.4703394,-257.8703,-13.083939,0.0,1.8196202e-06,1.8196202e-06,5.6043095e-06,6.6539616e-06,7.3594335e-06,7.9056477e-06,8.3574311e-06
1.0,172.0,172.0,-454.73936,0.99291989,0.21111834,4.0,31.0,0.0,464.9282,-6.5300705,1.2748186,0.85914498,0.43330289,2.3384462,0.50980923,1.6150868,-12.971355,0.065903423,2.6569085,-1.2809184,1.1024663,-0.96803485,-0.83986801,-0.47968863,-10.720742,0.23171178,622006.44,6.641043,0.88508942,0.1116587,-5.4348165,0.82338618,-3.5981748,2.7711283e-06,0.095546319,0.0043620354,0.027373639,1.8377083,1.8377083,0.9999215,0.00013578528,8.4817243e-06,1.8378526,0.9999215,0.43176751,0.61897609,-251.92082,-14.536463,0.0,8.9902118e-07,8.9902118e-07,1.0319159e-05,1.2116979e-05,1.3310544e-05,1.4228037e-05,1.4983033e-05
1.0,173.0,173.0,-453.39102,0.97753796,0.21111834,4.0,15.0,0.0,464.3983,-6.8785666,0.39111894,-0.11087963,0.58945578,-1.4551796,0.67919952,-0.54449243,-12.358972,1.2704524,-2.2466496,0.28069261,0.031532192,1.8607172,-0.41384223,0.68522935,-10.706926,0.087969859,1596033.2,8.2053964,1.283021,0.36096074,-6.9219337,-0.36981899,-8.1495167,2.4715907e-07,1.4040559,0.00098592162,0.00028887494,0.022175895,0.022175895,0.9993864,1.2110794e-05,1.5047495e-06,0.022189511,0.9993864,0.66110525,1.9842269,-256.45175,-11.169075,0.0,6.6407815e-06,6.6407815e-06,1.1374767e-05,1.2088757e-05,1.2527319e-05,1.2848187e-05,1.3102762e-05
1.0,174.0,174.0,-450.6123,0.90492792,0.21111834,4.0,15.0,0.0,468.63122,-6.5800618,0.23754735,1.2351761,0.78275036,0.87105686,0.40537979,0.16046474,-11.862573,0.27528743,-1.4220998,1.2009968,0.046841214,-0.63294833,-0.57787345,-0.040535271,-9.9770295,0.14996928,59475.511,11.043256,1.062424,0.67264798,-6.286649,0.065049164,-5.5397798,4.7657329e-06,3.2263412,0.0018609856,0.0039273915,0.28499427,0.28499427,0.9990256,0.00023352091,4.4449175e-05,0.28527224,0.9990256,0.56109028,0.96027529,-253.86002,-15.876016,0.0,5.8507689e-06,5.8507689e-06,2.1470939e-05,2.3822628e-05,2.5316021e-05,2.6432066e-05,2.7331555e-05
1.0,175.0,175.0,-459.37781,0.97261643,0.21111834,4.0,15.0,0.0,465.74769,-8.9129593,0.10004165,-0.051988862,0.16924138,-0.9479949,1.5257198,1.688721,-10.328649,0.80364182,2.8083285,-1.8990285,0.061708631,2.9134757,-0.18204071,-0.036957083,-10.841076,0.15753735,7346733.8,5.1576715,0.9378472,0.46141977,-8.9181604,2.5765151,-6.5020852,0.00031223353,0.17920196,0.00013393441,0.0015003074,0.12604057,0.12604057,0.89174662,0.015299443,1.2234026e-06,0.14134124,0.89174662,0.83356741,0.96371749,-254.63276,-11.506846,0.0,2.2210343e-06,2.2210343e-06,7.792318e-06,8.6911629e-06,9.2643433e-06,9.6938211e-06,1.0040623e-05
1.0,176.0,176.0,-451.42998,0.95844256,0.21111834,4.0,15.0,0.0,471.12697,-7.6476816,0.15530064,-0.0047024075,0.38824597,-1.8668436,1.075995,-0.97050178,-10.362017,0.56252652,1.5766645,-1.0506138,0.097701407,2.6614495,-0.49556583,0.22161747,-10.570476,0.11914278,1376087.1,6.2869443,1.4953417,0.3971213,-7.6484119,-1.044255,-9.4174615,7.6738921e-05,0.4535787,0.00047680073,8.1292121e-05,0.0060633757,0.0060633757,0.61721299,0.0037602071,2.1522073e-07,0.0098237981,0.61721299,0.60922609,1.2480939,-257.03966,-10.856866,0.0,4.9481362e-06,4.9481362e-06,9.310493e-06,1.0109026e-05,1.0608309e-05,1.0977668e-05,1.1273098e-05
1.0,177.0,177.0,-449.62969,0.89403899,0.21111834,4.0,31.0,0.0,459.44644,-5.8940478,0.013803146,0.090664511,0.48433155,0.72261998,0.21558629,1.3773308,-9.8155772,0.3211135,-1.1083194,0.029978856,0.11075805,-2.3348606,0.034055594,-0.16637633,-10.410213,0.1950467,159192.98,8.4085973,0.65266256,0.28916379,-5.8927964,0.29693363,-5.2458751,3.8245926e-05,0.79562623,0.0027592501,0.0052692088,0.48716454,0.48716454,0.99612961,0.0018740504,1.8793763e-05,0.48905738,0.99612961,1.0346421,0.84672752,-253.56048,-14.489329,0.0,2.0352644e-06,2.0352644e-06,1.2264372e-05,1.4039615e-05,1.5194951e-05,1.6071897e-05,1.6786826e-05
1.0,178.0,178.0,-452.49712,0.50582103,0.21111834,5.0,31.0,0.0,463.20872,-5.2348457,0.0032637026,0.93980506,0.63363162,0.21949708,0.96389073,2.8384465,-10.660574,0.59669259,-1.2331885,-0.63278848,0.19004249,-0.56544064,-0.032135001,-0.40887182,-12.024722,0.13716307,1021768.6,9.7296601,0.63299658,0.3400308,-5.2317784,2.7359523,-2.3567459,1.1235766e-05,0.47699645,0.0053440128,0.094727977,8.4944268,8.4944268,0.99991215,0.00055055253,0.00019572166,8.4951731,0.99991215,0.96837584,0.66439939,-250.67965,-14.696941,0.0,9.0105394e-07,9.0105394e-07,4.7134851e-06,5.1836058e-06,5.480056e-06,5.700617e-06,5.8777936e-06
1.0,179.0,179.0,-448.54365,0.99500981,0.21111834,4.0,15.0,0.0,457.34176,-6.4766227,0.011880701,-0.69801984,0.18257612,0.55270624,0.629966,-0.46815371,-8.95836,0.4006644,1.3866828,-0.50128379,0.76675005,0.30500741,0.078724496,0.070790066,-11.038609,0.026026058,217172.62,8.028177,1.5331464,0.31295564,-6.4849157,-0.29492092,-6.6789256,0.0002242463,0.76535206,0.0015262895,0.0012571279,0.11872323,0.11872323,0.91525444,0.010988069,4.7951323e-06,0.1297161,0.91525444,1.0819062,1.0733559,-254.83381,-12.618633,0.0,1.1215836e-05,1.1215836e-05,1.3769441e-05,1.4020022e-05,1.4168729e-05,1.4275198e-05,1.4358336e-05
1.0,180.0,180.0,-450.46973,0.96673451,0.21111834,4.0,31.0,0.0,460.07333,-6.9133317,0.19263919,1.0769823,0.045087053,-1.2309615,0.18450487,1.522826,-7.5019084,0.69934947,-0.51670226,0.17717273,0.26987455,0.02850647,0.18954156,0.35433175,-11.020411,0.024085635,188065.73,8.6844401,0.75106867,0.74752259,-6.7058627,0.28096883,-6.4803943,0.00038461647,1.2030571,0.0012237166,0.001533206,0.15296062,0.15296062,0.8902541,0.018846207,9.9836232e-06,0.17181681,0.8902541,1.2086954,1.4252279,-254.57647,-12.845262,0.0,1.1732143e-05,1.1732143e-05,1.4281014e-05,1.4521382e-05,1.4663872e-05,1.4765821e-05,1.484539e-05
1.0,181.0,181.0,-450.71071,0.98313363,0.21111834,5.0,31.0,0.0,461.7299,-5.8354344,0.15088553,2.6356305,0.038645537,-0.67806022,0.47312121,1.6250042,-10.231693,0.35625661,-0.30224824,0.089689503,0.25414291,0.70346427,0.020708771,-0.043575579,-11.76222,0.012371601,663569.83,7.7314298,0.5551147,0.50018765,-5.4377559,0.76882397,-4.6951359,3.2334645e-05,1.3079617,0.0043492326,0.0091396252,0.83973813,0.83973813,0.99805372,0.0015843976,5.3151934e-05,0.84137568,0.99805372,1.0209247,0.95736019,-253.01391,-11.123477,0.0,6.5690169e-06,6.5690169e-06,7.411245e-06,7.475069e-06,7.5126589e-06,7.5394441e-06,7.5602866e-06
1.0,182.0,182.0,-447.73326,0.80343258,0.21111834,4.0,29.0,1.0,460.40165,-6.0393883,0.32339137,-0.012453502,0.22214949,-1.1152809,0.24507262,-2.1316748,-7.4326999,0.65343482,0.2452308,-0.94386385,0.68667849,-0.49878947,-0.35202697,-0.058924486,-11.216157,0.080016042,537550.15,10.63447,1.3974751,0.21313895,-6.0434156,-0.52241514,-6.8135899,0.00069440336,0.27627132,0.0023734383,0.0010987415,0.086291825,0.086291825,0.71719084,0.034025765,1.6055597e-06,0.1203192,0.71719084,0.70326116,0.94277796,-254.64348,-11.345107,0.0,4.4543723e-06,4.4543723e-06,8.3188637e-06,8.7931394e-06,9.0830478e-06,9.2945301e-06,9.4619586e-06
1.0,183.0,183.0,-445.43067,0.93007747,0.21111834,5.0,31.0,0.0,454.77118,-8.3558343,0.44606567,-1.1824239,0.70954442,-1.267108,0.069779128,-0.57172818,-9.2128771,0.44437724,0.92478585,-0.26275607,0.21906176,-1.05147,0.33684407,-0.14821212,-10.198384,0.13166242,576115.74,10.199215,0.86016889,0.36137031,-8.883273,-0.039894694,-9.8222371,0.00015044345,0.61073451,0.00013868949,5.4232125e-05,0.005847409,0.005847409,0.44233115,0.007371729,3.8995736e-07,0.013219528,0.44233115,1.4005207,0.8622482,-256.78911,-12.10167,0.0,6.0383872e-06,6.0383872e-06,1.2624144e-05,1.3827067e-05,1.4584081e-05,1.5146453e-05,1.5597668e-05
1.0,184.0,184.0,-446.19601,0.96585594,0.21111834,4.0,31.0,0.0,453.55404,-10.129527,0.87453744,1.1950379,0.17441232,0.11408273,0.39294439,0.79584625,-6.4672376,0.57385466,-0.40598507,-0.66512799,0.075570976,1.226524,-0.40496272,0.28794417,-10.908719,0.15879377,415593.29,6.4231024,1.0655871,0.5861579,-9.0844215,0.31272332,-8.7518007,0.0012306485,0.56414816,0.00011341902,0.00015817623,0.012181796,0.012181796,0.16805827,0.060301776,1.9751236e-06,0.072485547,0.16805827,0.66700168,1.3336828,-254.89806,-12.896848,0.0,2.0400463e-06,2.0400463e-06,6.5023125e-06,7.2584835e-06,7.7410543e-06,8.1028087e-06,8.3950242e-06
1.0,185.0,185.0,-447.53077,0.98795254,0.21111834,4.0,15.0,0.0,453.5791,-8.8402082,0.29326003,-1.1281757,0.15306016,-0.49031543,0.45384644,-0.41952589,-6.8307143,0.43966587,-0.93402774,-0.88561528,0.26348105,0.7679553,-0.26415986,0.46146293,-10.9127,0.10836589,222108.64,5.516593,0.91280053,0.22298628,-9.1710571,-0.19040034,-9.4365052,0.00071632655,0.50496124,0.00010400651,7.9758665e-05,0.0064803702,0.0064803702,0.15584787,0.035100001,1.0141634e-06,0.041581385,0.15584787,0.76785078,1.5863931,-255.45148,-12.534101,0.0,4.0782854e-06,4.0782854e-06,8.4703521e-06,9.1305062e-06,9.540425e-06,9.8424243e-06,1.0083261e-05
1.0,186.0,186.0,-450.73132,0.9737137,0.21111834,5.0,31.0,0.0,462.10852,-5.241245,0.81346653,0.75779661,0.086397266,-1.1682416,0.47189698,-1.258366,-10.603961,0.68217679,-0.80688747,-0.82843066,0.35814802,1.1673497,-1.0064023,0.41082151,-11.627115,0.02270213,118757.02,6.700304,1.3633866,0.14783011,-4.6248029,-0.5938191,-5.3195548,1.4312163e-05,0.66342021,0.0098055879,0.0048949322,0.3150003,0.3150003,0.99774664,0.00070129596,1.0116424e-05,0.31571171,0.99774664,0.36553169,1.5080562,-253.63838,-13.567258,0.0,6.5191732e-06,6.5191732e-06,7.9555035e-06,8.0816655e-06,8.1563947e-06,8.2098356e-06,8.2515294e-06
1.0,187.0,187.0,-455.23522,0.91382227,0.21111834,4.0,15.0,0.0,461.85495,-4.7603026,1.8303893,2.4769597,1.0420831,1.4583711,1.6556936,3.090067,-12.771331,0.01111419,0.75433845,-0.27017683,0.30717001,-1.0097611,0.7173739,-0.41198496,-11.102384,0.00892538,2221501.6,10.276146,0.77832193,0.19269229,-0.22650211,5.1162041,6.4094459,2.8649845e-06,0.55970516,0.79731766,607.55691,82056.573,82056.573,0.99997296,0.00014038424,2.2183712,82058.792,0.99997296,2.0490451,0.66233424,-243.54965,-13.822781,0.0,1.3327171e-05,1.3327171e-05,1.610882e-05,1.6208786e-05,1.626755e-05,1.6309373e-05,1.6341887e-05
1.0,188.0,188.0,-454.59634,0.17659491,0.21111834,4.0,15.0,0.0,468.49286,-6.2536362,0.80238799,2.0975593,0.92760914,1.0449717,0.19908415,0.21167741,-11.839294,0.0078380836,0.39112533,-0.21646354,0.17494866,-0.28215747,0.83769622,-0.63543579,-12.187475,0.0041661559,153594.36,9.4184856,1.1329617,0.30829455,-4.5705798,0.042141617,-3.5591129,7.237547e-06,0.76657203,0.010351956,0.028464064,4.1575621,4.1575621,0.99987769,0.0003546398,0.00015395375,4.1580707,0.99987769,2.3110367,0.5297046,-251.88166,-14.478723,0.0,4.8089208e-06,4.8089208e-06,5.0417486e-06,5.0563288e-06,5.0648773e-06,5.0709513e-06,5.0756677e-06
1.0,189.0,189.0,-452.86587,0.98399045,0.21111834,4.0,15.0,0.0,461.96772,-1.3986612,1.0523428,0.2497951,0.49986275,1.1780867,0.67315221,-0.25169881,-12.147699,0.007016843,1.2216588,-0.65287742,0.25829885,-1.4554893,0.57351424,0.23087613,-11.797615,0.0027539918,156299.97,6.3712135,1.087818,0.54785062,-1.1357911,-0.16943161,-0.71634105,5.3461875e-06,0.35742539,0.32116794,0.48853652,60.348266,60.348266,0.9999784,0.00026196319,0.0010418702,60.349569,0.9999784,1.7744921,1.2597032,-249.04044,-13.02705,0.0,7.2415902e-06,7.2415902e-06,7.5267402e-06,7.5411217e-06,7.5495472e-06,7.5555308e-06,7.5601754e-06
1.0,190.0,190.0,-452.71675,0.95137522,0.21111834,4.0,15.0,0.0,463.19127,-9.33024,0.16051757,-0.45831727,0.48732653,1.5757211,1.0089848,1.3761982,-11.649663,0.0093706013,1.1384543,0.11082217,0.20497795,0.51378793,0.46471345,-0.13623047,-11.898467,0.003958575,658032.36,8.8082698,1.1061583,0.056931451,-9.403808,1.3885631,-7.2473542,8.8155383e-06,1.2412729,8.2409655e-05,0.00071205583,0.08248842,0.08248842,0.99473101,0.00043196138,4.9715303e-06,0.082925353,0.99473101,1.5915581,0.87264149,-255.54997,-11.373094,0.0,6.4388322e-06,6.4388322e-06,6.6311395e-06,6.6493516e-06,6.6600301e-06,6.6676176e-06,6.6735092e-06
1.0,191.0,191.0,-447.85459,0.9585677,0.21111834,5.0,31.0,0.0,460.82273,-2.4083212,0.061992829,0.51308346,0.26865436,-0.24120204,0.75234467,0.9173832,-11.34481,0.53727703,-1.4104544,-0.28032183,0.45644273,-0.56216835,-0.20192045,0.22404652,-11.830871,0.13866611,188323.55,8.3777759,0.97557149,0.045471077,-2.3765137,0.69018836,-1.7511254,5.5449974e-06,0.58454619,0.092873797,0.1735785,14.462685,14.462685,0.99995298,0.00027170487,0.00040835459,14.463365,0.99995298,0.81715993,1.2511292,-250.07427,-15.412328,0.0,1.0713241e-06,1.0713241e-06,6.1437131e-06,6.7635268e-06,7.1546913e-06,7.4458716e-06,7.6798665e-06
1.0,192.0,192.0,-445.14942,0.97817683,0.21111834,4.0,31.0,0.0,454.32985,-5.6316103,0.094687815,0.99193346,0.65180786,0.12503405,1.2744276,0.52644995,-10.255544,0.33300773,-0.91394321,0.14841734,0.77059459,0.82772425,0.0048445012,0.50944992,-10.865267,0.084504861,685029.64,7.0765764,1.0537126,0.13860927,-5.5376863,0.67092236,-4.7852658,2.5935597e-05,2.1951649,0.0039356221,0.0083519038,0.76172672,0.76172672,0.99822856,0.0012708443,8.090062e-05,0.76307847,0.99822856,1.0048563,1.6643754,-253.10441,-12.098276,0.0,5.946243e-06,5.946243e-06,1.3443544e-05,1.4254459e-05,1.4751314e-05,1.511431e-05,1.540202e-05
1.0,193.0,193.0,-445.19282,0.99207411,0.21111834,4.0,31.0,0.0,453.39499,-5.3823124,0.73917608,-0.34031312,0.32596073,0.25218725,0.084014871,-0.17421899,-12.585476,0.23963775,0.97005054,-0.94848153,0.1435052,-0.84673224,0.72142011,-0.25761031,-11.328493,0.086159723,356432.18,10.527222,1.1194454,0.19478614,-5.6338637,-0.014636986,-5.5662976,4.3167176e-06,0.34301126,0.0035747367,0.0038246145,0.51788653,0.51788653,0.99957518,0.00021151916,8.5838448e-06,0.51810663,0.99957518,2.0573528,0.77289636,-253.88659,-11.997209,0.0,3.6571116e-06,3.6571116e-06,8.1257815e-06,8.6258086e-06,8.9324597e-06,9.1566237e-06,9.3343675e-06
1.0,194.0,194.0,-447.11442,0.97694374,0.21111834,4.0,15.0,0.0,456.22019,-5.7270038,0.55037827,-0.33584667,0.37390521,-0.41964228,0.044774645,0.53520971,-9.8840984,0.71695453,0.74838641,-0.1104929,1.0097583,-0.022066865,-0.17266111,0.21525044,-10.598662,0.24553377,3313649.7,9.2101706,0.70757106,0.36224911,-5.9118465,0.023963825,-6.0447892,8.7179672e-05,0.87566201,0.0027071833,0.0023701805,0.19990044,0.19990044,0.97903604,0.0042718039,8.6356443e-06,0.20418088,0.97903604,0.84142272,1.2401724,-254.32924,-13.802236,0.0,8.3918316e-07,8.3918316e-07,6.496257e-06,7.70128e-06,8.5073569e-06,9.1299621e-06,9.6441164e-06
1.0,195.0,195.0,-450.31266,0.96173434,0.21111834,5.0,31.0,0.0,460.56157,-6.7891466,0.87643446,1.8500683,1.5361294,3.2851588,0.75696188,0.15527331,-9.1350873,0.30033802,-0.87522306,-0.7817904,0.089735633,0.052685712,0.18595077,-0.15380968,-10.808282,0.045288273,84440.134,7.4674753,1.4482295,0.0306533,-5.167683,0.11753598,-0.0037179953,8.2893819e-05,0.45975451,0.0056977554,0.99628891,99.213682,99.213682,0.99993686,0.0040617971,0.0022033164,99.219947,0.99993686,1.204363,0.85743519,-248.32853,-14.6634,0.0,1.0821523e-05,1.0821523e-05,2.0887655e-05,2.1553734e-05,2.1953168e-05,2.2241053e-05,2.2466952e-05
1.0,196.0,196.0,-446.27172,0.89062012,0.21111834,4.0,15.0,0.0,465.5374,-6.2363356,1.462046,2.5962906,0.68119597,1.8415001,0.44799339,-0.66157922,-11.059258,0.80321614,0.18272743,0.052477058,0.45035922,0.3217073,0.03547606,0.75610136,-11.928296,0.037407348,573890.11,8.1488963,0.98887373,0.18925157,-2.4404393,-0.29638312,-1.4824,1.8229146e-05,1.2181836,0.087122568,0.22709202,21.009813,21.009813,0.99989865,0.00089322815,0.0012362746,21.011943,0.99989865,1.0361128,2.1299561,-249.80563,-11.822373,0.0,3.9369599e-06,3.9369599e-06,6.3950993e-06,6.5630835e-06,6.6633863e-06,6.7354806e-06,6.7919389e-06
1.0,197.0,197.0,-445.12855,0.99864076,0.21111834,4.0,15.0,0.0,452.43567,-6.1448608,2.2767265,2.3153494,1.1393962,0.078922135,0.28395829,0.1295168,-10.017354,0.43980558,-0.25168204,-0.88283087,0.68417832,-1.1622916,0.036076324,0.40525633,-11.165111,0.032772609,1227366.6,8.5149704,0.92757418,0.43229904,-0.87344343,0.036777368,-0.74674248,3.9943481e-05,0.18673859,0.4175114,0.47390781,43.856788,43.856788,0.99994635,0.0019572306,0.00039559591,43.859141,0.99994635,1.036735,1.4996869,-249.07044,-12.137635,0.0,9.0035628e-06,9.0035628e-06,1.4108154e-05,1.4432301e-05,1.4625356e-05,1.4763895e-05,1.4872258e-05
1.0,198.0,198.0,-449.45896,0.59618145,0.21111834,4.0,15.0,0.0,459.38256,-2.2072892,1.3085636,1.7381099,0.14809563,0.95559651,1.0155675,1.2509748,-10.424908,0.96712063,-0.024270417,-0.75710805,0.32087979,0.10664682,-0.33709134,0.34404444,-12.569912,0.016627317,129448.21,8.6418538,1.0269516,0.58929198,0.067138204,1.2704493,1.4791072,2.8995196e-05,0.48534891,1.0694433,4.3890255,346.65152,346.65152,0.99997246,0.0014207646,0.0081266297,346.66107,0.99997246,0.71384363,1.4106413,-246.85071,-16.849415,0.0,2.7617952e-06,2.7617952e-06,3.5899072e-06,3.6315207e-06,3.6560863e-06,3.6736166e-06,3.6872721e-06
1.0,199.0,199.0,-446.4669,0.95989827,0.21111834,4.0,15.0,0.0,458.80168,-2.4896878,1.2506796,0.98923455,0.4100486,1.8059246,1.1721547,0.38271415,-13.604558,0.6864549,0.051798755,-0.049833699,0.22177323,-0.12388172,-0.4010412,0.0073012869,-10.649142,0.014186478,100325.37,9.7584981,0.88073571,0.43893636,-1.2524724,0.44860018,-0.063355354,1.2795518e-06,0.92560533,0.28579732,0.93860988,72.389483,72.389483,0.99995443,6.2698036e-05,0.0032364077,72.392782,0.99995443,0.66962247,1.007328,-248.38771,-15.845065,0.0,1.9498843e-05,1.9498843e-05,2.3852294e-05,2.4087992e-05,2.4226945e-05,2.432602e-05,2.4403148e-05
1.0,200.0,200.0,-444.20367,0.98435719,0.21111834,5.0,31.0,0.0,450.79764,-7.6268446,0.89092522,1.0840094,0.57748519,-0.89701486,2.0825057,0.63429468,-9.6174867,0.42462437,-0.076568605,-1.1509143,0.5059655,0.032125024,0.36000594,-0.097701825,-10.54203,0.13403699,3658706.1,7.2370627,1.0941302,0.30302858,-6.6610733,1.3209223,-5.8581637,6.4425593e-05,0.32153137,0.0012797721,0.0028564841,0.31192861,0.31192861,0.98996558,0.0031568541,4.8934286e-06,0.31509036,0.98996558,1.4333379,0.90691928,-254.15681,-12.54689,0.0,4.144106e-06,4.144106e-06,1.3423935e-05,1.4730718e-05,1.555338e-05,1.6164795e-05,1.6655555e-05
