chain__,iter__,draw__,lp__,accept_stat__,stepsize__,treedepth__,n_leapfrog__,divergent__,energy__,mu_log_hazard,sigma_port,z_port[1],z_port[2],z_port[3],z_port[4],sigma_visit,z_visit[1],z_visit[2],z_visit[3],z_visit[4],sigma_time,z_time[1],z_time[2],mu_log_aboard,sigma_ship,z_ship[1],mu_log_r,sigma_r,z_r[1],log_crew_ratio,beta_repeat,ww_logit_base,ww_slope,ww_conc,conc_intercept,conc_slope,conc_sigma,log_lambda_port[1],log_lambda_port[2],log_lambda_port[3],log_lambda_port[4],fleet_time[1],fleet_time[2],log_lambda_visit[1],log_lambda_visit[2],log_lambda_visit[3],log_lambda_visit[4],lambda_aboard[1],R_onboard[1],lambda_port[1],lambda_port[2],lambda_port[3],lambda_port[4],lambda_visit[1],lambda_visit[2],lambda_visit[3],lambda_visit[4],imported_cases_visit[1],imported_cases_visit[2],imported_cases_visit[3],imported_cases_visit[4],imported_cases[1],imported_cases[2],imported_cases[3],imported_cases[4],attribution_share[1],attribution_share[2],attribution_share[3],attribution_share[4],aboard_cases,secondary_cases,total_incidence,import_share,crew_hazard_ratio,repeat_hazard_ratio,loglik_clinical,loglik_wastewater,loglik_concentration
1.0,1.0,1.0,-55.477921,0.97131625,0.23862036,4.0,15.0,0.0,77.175543,-8.6414814,0.38611313,-1.9005507,-1.5871755,-2.0509001,-0.10353919,0.21648709,0.18405064,-0.33747181,-0.59411619,-1.0403992,0.52403015,0.012087037,-1.4374724,-12.926208,0.1453143,-0.12246552,-1.3103182,0.22739882,0.99330102,-0.10383086,-0.027236333,-6.2411518,0.62613061,31239.453,6.0960041,0.87033658,0.65553868,-9.375309,-9.2543107,-9.4333609,-8.6814593,0.0063339716,-0.7532789,-10.088743,-10.080648,-10.315258,-8.9003583,2.3905091e-06,0.33809013,8.4792029e-05,9.5698233e-05,8.0009844e-05,0.00016970324,4.1544587e-05,4.1882273e-05,3.3123808e-05,0.00013634007,0.10280571,0.12101,0.1264813,1.5365526,0.10280571,0.12101,0.1264813,1.5365526,0.038195345,0.044958776,0.046991525,0.57087448,0.23040204,0.57432529,2.6915769,0.70102012,0.90137774,0.97313123,-35.417858,0.0,0.0
1.0,2.0,2.0,-59.199502,0.9898257,0.23862036,4.0,15.0,0.0,71.521265,-8.3695728,0.51770692,0.88055496,-1.0397581,0.95557276,-0.22168345,0.083936025,-0.78590043,1.0057064,3.4397314,-0.20949846,0.71872255,-0.77028625,-1.4745394,-13.046814,1.0495143,-0.38294573,-0.62486266,0.65687157,-0.91007943,-0.69987103,-0.18821972,-6.6764019,1.8877698,32971.471,9.758903,1.1480778,0.3849377,-7.9137034,-8.9078627,-7.8748661,-8.4843398,-0.5536221,-1.0597847,-9.0394534,-9.8832324,-8.6459335,-9.0555464,1.4430946e-06,0.29444355,0.00036569776,0.00013532074,0.00038017985,0.0002066798,0.00011863566,5.1023083e-05,0.00017584046,0.00011674174,0.28704424,0.14308385,0.64866276,1.3156795,0.28704424,0.14308385,0.64866276,1.3156795,0.090652756,0.045187964,0.20485715,0.41551075,0.13908835,0.6328563,3.166415,0.75620863,0.49664935,0.82843266,-36.44818,0.0,0.0
1.0,3.0,3.0,-59.532998,0.97819536,0.23862036,4.0,15.0,0.0,71.07452,-9.1697294,0.49927834,0.55589293,-1.327501,1.4191682,-0.10257526,0.10463249,0.87164532,0.041595005,2.9220909,0.41103165,0.69602727,-0.23410371,-1.9773027,-12.395724,0.20799169,-0.32853152,-0.86948728,0.41697448,-2.4297369,-0.7778634,-0.32960132,-8.3045663,1.0121624,171978.73,10.086842,1.2416431,0.60850862,-8.8921841,-9.8325219,-8.4611695,-9.220943,-0.16294257,-1.3762566,-10.177238,-11.204426,-9.5316804,-9.3408783,3.8630408e-06,0.15218999,0.00013745911,5.367722e-05,0.00021152456,9.8945339e-05,3.8026081e-05,1.3613804e-05,7.2517661e-05,8.7762321e-05,0.091813082,0.03807061,0.2666477,0.98908136,0.091813082,0.03807061,0.2666477,0.98908136,0.046996197,0.019487135,0.13648848,0.5062793,0.3723276,0.19568754,1.9536279,0.70925111,0.45938649,0.71921041,-36.212427,0.0,0.0
1.0,4.0,4.0,-53.537174,0.99663376,0.23862036,4.0,15.0,0.0,71.694324,-9.2129586,0.3374117,-0.55510615,0.42464071,1.0897005,-0.027969893,0.63414462,1.7900571,-1.1787061,-1.9854997,0.89423143,0.22420641,-0.33870693,-1.00831,-14.437936,0.22975727,-0.81176491,-1.0480033,0.56023956,-0.16390656,0.18558335,0.14989083,-5.3494,1.2867788,235403.19,10.689255,0.91955963,0.47962907,-9.4002579,-9.0696799,-8.8452809,-9.222396,-0.075940266,-0.22606956,-8.4911724,-10.04322,-10.330444,-8.7312642,4.4533224e-07,0.31987331,8.270273e-05,0.00011510338,0.00014405996,9.8801675e-05,0.00020527246,4.3479563e-05,3.2624584e-05,0.00016145821,0.51641073,0.12838747,0.12773355,1.819634,0.51641073,0.12838747,0.12773355,1.819634,0.15911967,0.039559542,0.039358053,0.56067691,0.042922012,0.61033573,3.2454235,0.79871417,1.2039205,1.1617074,-35.313411,0.0,0.0
1.0,5.0,5.0,-56.518136,0.79764636,0.23862036,4.0,15.0,0.0,68.976269,-9.1612564,0.76269387,0.58093445,-1.0472392,-0.44405744,-0.34496787,0.11941322,0.92294711,0.29806104,-1.7211339,-0.63743869,0.51681737,0.084700501,-1.276893,-11.748376,0.073551329,1.2239251,-0.38591653,0.13146342,0.079440999,0.26655574,0.087443668,-8.4823642,1.0685558,5093.3156,11.18993,0.69433437,0.57659113,-8.7181812,-9.9599793,-9.4999362,-9.4243612,0.04377469,-0.65992049,-9.2678896,-10.584307,-10.365383,-9.4567052,8.6465078e-06,0.6869643,0.00016358445,4.7253716e-05,7.4856602e-05,8.0733154e-05,9.440754e-05,2.5310093e-05,3.1504414e-05,7.8163705e-05,0.2388079,0.075275929,0.12437147,0.88090495,0.2388079,0.075275929,0.12437147,0.88090495,0.062869813,0.019817534,0.032742682,0.23191164,0.83336772,1.6457229,3.7984509,0.34734166,1.3054604,1.0913808,-37.040406,0.0,0.0
1.0,6.0,6.0,-54.600451,0.96543078,0.23862036,4.0,15.0,0.0,70.950902,-10.493732,0.49866162,-0.96982415,0.30126842,-0.36637054,0.63855159,0.65733201,0.57071906,-0.87760566,0.16970793,0.17401134,1.4106441,1.671375,0.51208318,-12.636159,0.14272698,-2.311363,-1.2635858,0.43789811,-1.2212443,-0.28817946,-0.099918263,-6.1134583,0.83520244,862936.36,5.2854687,1.2205342,0.1669592,-10.977347,-10.343501,-10.676427,-10.175311,2.3577152,0.72236711,-9.8798275,-10.198013,-9.8425058,-7.7032128,2.3383778e-06,0.16556916,1.708437e-05,3.2201373e-05,2.3082694e-05,3.8099428e-05,5.1197108e-05,3.7244263e-05,5.3143976e-05,0.00045137467,0.12563511,0.10642257,0.20034645,5.0869925,0.12563511,0.10642257,0.20034645,5.0869925,0.019753097,0.016732388,0.031499658,0.79980716,0.22537753,0.61549959,6.3602738,0.86779231,0.74962705,0.90491138,-34.077893,0.0,0.0
1.0,7.0,7.0,-57.433939,0.67081392,0.23862036,4.0,31.0,0.0,71.827545,-9.4306422,1.0390922,0.33792823,-0.095721266,-1.3413523,0.68232182,0.12214731,-0.86366097,0.30484249,-1.2667717,-1.7214425,0.33062064,1.1805884,0.68048449,-16.02274,0.34345394,0.092013238,-0.35890969,0.50845366,0.42371065,0.16128713,0.24567295,-5.4404724,0.50042916,1138346.7,7.3414678,0.91065086,0.074809509,-9.0795037,-9.5301055,-10.824431,-8.721647,0.39032691,0.22498222,-8.9600153,-9.2678875,-10.754181,-8.5415897,1.1353695e-07,0.86634466,0.00011397816,7.2631964e-05,1.9907163e-05,0.00016301848,0.00012844429,9.4407735e-05,2.1355923e-05,0.00019517974,0.32262675,0.27819644,0.083416386,2.1996757,0.32262675,0.27819644,0.083416386,2.1996757,0.052572722,0.045332706,0.013592879,0.35844188,0.010942918,3.2419127,6.136771,0.46994019,1.1750223,1.2784814,-36.423629,0.0,0.0
1.0,8.0,8.0,-62.416101,0.91356557,0.23862036,4.0,15.0,0.0,73.055761,-10.082682,1.0793324,0.6596012,0.59602606,-0.96521443,0.43106462,0.053136682,-1.3090665,-1.9915625,-1.1776871,-0.27871492,0.15289538,0.5835924,0.11515635,-17.113008,0.24409465,1.8290249,-0.17981615,0.67434292,-0.76804061,0.53397566,0.028681669,-5.4975694,0.47386704,479452.2,8.3432345,0.774266,0.12780592,-9.370753,-9.4393717,-11.124469,-9.6174199,0.089228584,0.017606874,-9.4227055,-9.5275898,-11.169441,-9.5430013,5.778405e-08,0.4977094,8.5179228e-05,7.9530364e-05,1.4747025e-05,6.6559125e-05,8.0866935e-05,7.281491e-05,1.409852e-05,7.1701327e-05,0.20895816,0.22268234,0.057463089,0.80807395,0.20895816,0.22268234,0.057463089,0.80807395,0.11072193,0.11799405,0.030448316,0.42817905,0.0055693423,0.58448685,1.8872337,0.68734334,1.7057001,1.0290969,-36.871498,0.0,0.0
1.0,9.0,9.0,-62.49429,0.99424987,0.23862036,4.0,15.0,0.0,77.685056,-9.2575148,0.54708252,0.56437794,0.39959286,0.36374249,1.165522,0.59132033,-2.819411,0.63255839,-0.96120903,-0.81655257,0.17396044,0.072631973,-0.59710273,-15.751569,0.37691314,-1.8454388,-0.19481258,0.45616632,-1.3254018,-0.39465785,-0.45886293,-9.229966,1.2454651,3065.7948,9.138889,1.3332803,0.04250883,-8.9487535,-9.0389046,-9.0585177,-8.6198782,0.01263509,-0.10387225,-10.719801,-8.7687322,-9.7307724,-9.0900872,7.1961175e-08,0.44959134,0.00012989897,0.00011870079,0.00011639538,0.00018048224,2.210292e-05,0.00015552063,5.9426376e-05,0.00011277823,0.054011842,0.44191516,0.22259049,1.2710107,0.054011842,0.44191516,0.22259049,1.2710107,0.018850758,0.15423351,0.077686658,0.44359745,0.006935762,0.86877052,2.8652345,0.69436837,0.67391058,0.63200187,-36.318098,0.0,0.0
1.0,10.0,10.0,-64.429113,0.92918649,0.23862036,4.0,15.0,0.0,80.446906,-9.3081813,0.9617232,-0.70185771,0.84968694,0.2686908,0.69731236,0.28116241,-2.1879893,-1.1021566,-0.50978066,0.68612409,0.23638757,-0.2119317,0.17029049,-16.462511,0.73920267,-1.5046556,-0.90954412,0.15344866,-0.6253447,-0.77820923,-0.71775972,-7.3418745,0.89557835,5424.4314,12.178915,0.60308684,0.11210814,-9.9831742,-8.4910177,-9.0497751,-8.6375598,-0.05009802,0.040254555,-10.5581,-8.7606481,-9.1528517,-8.4947456,2.3301303e-08,0.36586077,4.6170285e-05,0.00020530422,0.00011741744,0.00017731906,2.5982172e-05,0.00015678296,0.00010591732,0.0002045403,0.062732785,0.4384338,0.389453,2.3051691,0.062732785,0.4384338,0.389453,2.3051691,0.014859182,0.10384949,0.092247664,0.54601317,0.0022458262,1.0237851,4.2218197,0.7569695,0.45922764,0.48784394,-35.469315,0.0,0.0
1.0,11.0,11.0,-61.494267,0.91415807,0.23862036,4.0,15.0,0.0,75.472278,-10.177052,0.26733161,0.66985633,-1.1660044,-0.41598407,0.23564865,0.060735372,0.2267805,0.57567079,-1.1466893,-0.67924413,1.3765843,0.99561889,-1.900453,-10.226901,0.11797098,1.8480774,-0.70185133,0.71293234,-0.47330367,0.70631889,0.71705397,-7.5185498,1.389262,875967.41,6.7837236,0.75445731,0.75880987,-9.9979781,-10.488762,-10.288258,-10.114056,1.3705534,-2.6161338,-12.600338,-13.069932,-12.974036,-8.7847563,4.4998494e-05,0.35370756,4.5491815e-05,2.7847657e-05,3.4030356e-05,4.0506197e-05,3.3708746e-06,2.1076606e-06,2.3197851e-06,0.0001530484,0.0088573316,0.006587638,0.0096931889,1.7248555,0.0088573316,0.006587638,0.0096931889,1.7248555,0.0011065157,0.00082297076,0.0012109365,0.21548021,4.3370448,1.9176664,8.0047049,0.21862063,2.0265177,2.0483897,-37.419395,0.0,0.0
1.0,12.0,12.0,-65.456693,0.98547464,0.23862036,4.0,15.0,0.0,76.407593,-10.176499,1.7150051,-1.4339334,0.22663983,-1.6498899,0.018506755,0.63949856,0.12552527,-0.67919149,1.4428475,1.045512,0.077109664,-1.2548686,-0.095382444,-16.419953,0.1901274,-1.8785721,-1.0873526,0.083270837,0.044078812,-0.69270479,-0.77640344,-5.6269339,0.7996566,15019.413,9.9145673,0.79862146,0.22184052,-12.635702,-9.7878102,-13.006068,-10.144759,-0.096762497,-0.0073549082,-12.562783,-10.229507,-12.090724,-9.5729186,5.1735506e-08,0.33834738,3.2537519e-06,5.6131679e-05,2.2466549e-06,3.9281398e-05,3.4998744e-06,3.6089554e-05,5.6113221e-06,6.9587988e-05,0.0084698014,0.10123288,0.020706176,0.78425662,0.0084698014,0.10123288,0.020706176,0.78425662,0.007261493,0.086790916,0.017752217,0.67237397,0.0049863715,0.24674759,1.1663994,0.7841786,0.50022125,0.46005767,-36.550985,0.0,0.0
1.0,13.0,13.0,-59.981942,0.99838124,0.23862036,4.0,15.0,0.0,76.210337,-7.4583474,0.76556616,-0.24494351,-0.50938648,-1.9397749,-0.23362201,0.57734611,-0.32647929,0.015078924,0.81539344,0.80906468,0.092323829,-0.76376209,1.2692086,-17.25498,0.74358639,0.2709485,-1.0970907,0.13101773,0.72223981,-0.67783503,-0.30341367,-5.9614041,0.62370037,84315.411,8.6623278,0.74884973,0.44663964,-7.6458679,-7.8483165,-8.9433735,-7.6372005,-0.070513441,0.1171782,-7.7171813,-7.7224325,-8.3554311,-7.2406036,3.9242475e-08,0.36697391,0.00047801526,0.00039040867,0.00013059972,0.0004821764,0.0004451135,0.00044278221,0.00023511612,0.00071687889,1.0776417,1.2427215,0.86815892,8.0792251,1.0776417,1.2427215,0.86815892,8.0792251,0.073503813,0.084763579,0.059215406,0.551068,0.0037822682,3.3895017,14.661031,0.7685508,0.50771499,0.73829363,-38.537824,0.0,0.0
1.0,14.0,14.0,-63.926563,1.0,0.23862036,4.0,15.0,0.0,81.192082,-8.6566893,0.082153408,-0.43811634,-0.99205726,0.059032912,-1.3652986,0.36599056,1.955021,-0.71937037,-1.6367784,0.4010986,0.059043457,1.4073856,-1.5294131,-11.033003,0.47425246,-0.32100397,-0.29208966,0.32801474,0.31472899,1.058369,0.48803432,-7.8850703,1.8318988,18142.078,5.8328156,0.96920565,0.2908282,-8.6926821,-8.7381902,-8.6518396,-8.7688532,0.083096909,-0.090301837,-8.0674647,-9.0917748,-9.3411869,-8.538958,1.3877526e-05,0.82790745,0.00016780935,0.00016034382,0.00017480499,0.0001555018,0.0003135773,0.00011258807,8.7735246e-05,0.00019569406,0.86042687,0.37212047,0.39060902,2.2054721,0.86042687,0.37212047,0.39060902,2.2054721,0.082636603,0.035738971,0.037514638,0.21181663,1.3375437,5.246004,10.412176,0.36770684,2.8816671,1.6291108,-38.827852,0.0,0.0
1.0,15.0,15.0,-61.4686,0.99660945,0.23862036,4.0,15.0,0.0,77.364974,-10.534975,0.098683198,0.12718864,-1.3102344,0.27975473,0.18186175,0.056312495,1.1146335,-1.0185287,-1.2605809,-0.020797606,0.04120036,-0.42634532,-2.5941174,-13.018531,0.43378616,0.02080051,-0.19898389,0.23885171,-1.0755323,-0.19425485,-0.14430722,-7.6163053,0.88586418,501113.45,9.3814679,1.2742977,1.1324508,-10.522423,-10.664273,-10.507368,-10.517028,-0.017565581,-0.10687857,-10.566534,-10.828507,-10.685233,-10.535765,2.2389411e-06,0.63389204,2.6925861e-05,2.3364965e-05,2.7334316e-05,2.7071527e-05,2.5763955e-05,1.9826179e-05,2.2880337e-05,2.6569017e-05,0.063482099,0.056959106,0.086796634,0.29943282,0.063482099,0.056959106,0.086796634,0.29943282,0.051540914,0.046244917,0.07046991,0.24310855,0.21579362,0.50921933,1.2316836,0.4113643,0.82344802,0.86562177,-38.741981,0.0,0.0
1.0,16.0,16.0,-59.88493,0.5562469,0.23862036,4.0,31.0,0.0,81.771282,-11.599821,0.090595501,-0.35383792,0.29267927,1.3055741,-0.85833628,0.067731564,0.10623607,-0.094823902,-1.1709243,0.32548563,0.066666176,-1.4202881,-1.8777941,-11.93763,1.0250869,0.51817938,-0.51818556,0.31932944,-1.2255777,0.37638602,-0.38548765,-7.8434073,1.3564205,195792.09,8.9446454,0.81468111,0.72194637,-11.631878,-11.573306,-11.481542,-11.677583,-0.094685175,-0.12518535,-11.749867,-11.704914,-11.686036,-11.750222,1.1123491e-05,0.40270597,8.8785032e-06,9.4140621e-06,1.0318808e-05,8.4818425e-06,7.8903711e-06,8.2531637e-06,8.4104449e-06,7.8875706e-06,0.020121656,0.024808779,0.033610182,0.088892921,0.020121656,0.024808779,0.033610182,0.088892921,0.011672731,0.014391768,0.019497531,0.051567484,1.0721043,0.48427946,1.7238173,0.097129515,1.4570095,0.6801189,-38.776861,0.0,0.0
1.0,17.0,17.0,-55.800499,0.99718281,0.23862036,4.0,31.0,0.0,71.53786,-9.1693913,0.39946515,0.86889195,0.9400548,-0.14994035,-0.62452616,0.058762747,0.72266488,0.03221745,-0.13371282,-0.19901604,0.95322626,-0.14289879,1.1822412,-11.193308,0.40432315,-0.20270471,-0.74633508,0.082723041,0.77085505,-0.50220487,0.12729937,-4.5448345,1.0589561,31675.076,7.7857844,0.71688823,0.32781052,-8.8222992,-8.7938721,-9.2292872,-9.4188677,-0.13621488,1.1269433,-7.6528901,-7.6650356,-8.1102012,-9.5667773,1.2682764e-05,0.50531787,0.00014740904,0.00015165958,9.8123151e-05,8.1177884e-05,0.0004746703,0.00046894005,0.00030045841,7.0016662e-05,1.155493,1.3257362,1.1188057,0.78908778,1.155493,1.3257362,1.1188057,0.78908778,0.13536746,0.15531167,0.1310695,0.092442631,1.2223901,2.92446,8.5359727,0.51419126,0.60519481,1.135757,-40.826637,0.0,0.0
1.0,18.0,18.0,-57.839179,0.99691925,0.23862036,4.0,15.0,0.0,69.171021,-13.553889,0.85492948,-1.0799435,-0.52023672,0.48428583,-0.19714609,1.1737897,0.61930141,-0.92290975,0.87919904,-0.12073958,0.21279905,0.48258005,-0.84945594,-10.856928,0.38107627,-0.47998903,-0.76577598,0.61976436,-1.4342668,0.59066853,-0.068836893,-10.715659,0.99292304,156396.46,7.7396458,1.5654151,0.4163075,-14.477164,-13.998655,-13.139859,-13.722435,0.10269258,-0.18076342,-13.930998,-15.26272,-12.288627,-13.761465,1.6049376e-05,0.19115256,5.1599722e-07,8.326482e-07,1.9653137e-06,1.0975448e-06,8.9093155e-07,2.3522578e-07,4.6038056e-06,1.0555325e-06,0.0023142005,0.00072428156,0.018910879,0.011895851,0.0023142005,0.00072428156,0.018910879,0.011895851,0.0012598113,0.00039428654,0.01029476,0.0064758984,1.5468709,0.25622602,1.8369422,0.018424757,1.8051948,0.93347892,-38.5192,0.0,0.0
1.0,19.0,19.0,-59.808322,0.82302911,0.23862036,4.0,15.0,0.0,73.30291,-9.2845985,0.54265072,1.0368968,-0.71621066,1.6497774,-0.64264163,0.019772783,-1.7567014,0.55069141,-1.069639,0.29999328,0.42060842,1.3778836,-0.99440768,-12.310497,1.0278542,0.74297914,-0.67413938,0.23712379,0.67794722,-0.77010231,0.083650089,-8.285313,1.4493236,17842.34,10.409541,0.51379439,0.58251245,-8.7219258,-9.6732508,-8.3893456,-9.6333285,0.57954946,-0.41825625,-9.1749169,-10.080618,-8.8287516,-9.0478473,9.6667117e-06,0.59846815,0.00016297304,6.2944903e-05,0.00022727595,6.5508642e-05,0.00010360584,4.1883512e-05,0.00014646096,0.00011764401,0.2502043,0.11715751,0.53870525,1.325848,0.2502043,0.11715751,0.53870525,1.325848,0.047704083,0.022337313,0.10270983,0.25278688,0.93169701,2.0813121,5.2449242,0.4255381,0.4629657,1.0872484,-37.188737,0.0,0.0
1.0,20.0,20.0,-58.021512,0.99474655,0.23862036,4.0,15.0,0.0,73.849528,-9.4124685,0.76133696,-0.71387876,1.1010783,-0.079687246,1.2561869,0.076160977,-0.13048916,1.0922209,0.069182107,0.30381289,1.6559214,0.1295827,-1.4843075,-12.216802,0.050243484,0.97075447,-1.1093862,0.71802761,-2.4717652,0.23306524,-0.1601445,-4.3004886,0.907499,207335.14,5.2268424,1.1125748,0.098527431,-9.9559708,-8.574177,-9.4731374,-8.456087,0.21457877,-2.4578967,-12.423806,-10.948889,-11.925765,-8.2183695,5.193886e-06,0.055900504,4.744351e-05,0.00018892188,7.6889797e-05,0.00021260236,4.0217008e-06,1.7577533e-05,6.6176843e-06,0.00026965437,0.010149547,0.05211945,0.026033894,3.0390048,0.010149547,0.05211945,0.026033894,3.0390048,0.0027078495,0.013905215,0.0069457158,0.81079164,0.50059712,0.12028971,3.7481945,0.83435042,1.2624638,0.85202066,-33.96691,0.0,0.0
1.0,21.0,21.0,-61.292782,0.6920608,0.23862036,4.0,15.0,0.0,74.413579,-10.486609,0.57180986,0.05327274,-1.1133096,-0.2517993,-0.45901945,1.5158,1.140825,-1.1373479,0.31144101,0.6340238,0.28904438,0.71066935,0.12943982,-13.973288,0.019825494,-1.6656023,-0.76582709,0.1007839,1.9990292,-0.26242669,0.16933993,-9.7939957,1.3145574,23167.74,9.7110826,0.68833254,0.2298998,-10.456147,-11.123211,-10.63059,-10.749081,0.20541498,0.037413851,-8.6894709,-12.809789,-10.121094,-9.5826127,8.262992e-07,0.56872564,2.8770867e-05,1.4765598e-05,2.4165358e-05,2.1465126e-05,0.00016834908,2.7338802e-06,4.0222087e-05,6.8916654e-05,0.41356783,0.0078230757,0.15188417,0.77669069,0.41356783,0.0078230757,0.15188417,0.77669069,0.19203128,0.0036324759,0.070524127,0.36063952,0.079640369,0.72404219,2.1536483,0.62682739,0.76918275,1.1845227,-36.985253,0.0,0.0
1.0,22.0,22.0,-63.313933,0.99665233,0.23862036,4.0,31.0,0.0,80.388106,-9.9471335,0.223458,0.80614759,1.1097355,0.54431535,2.1156204,0.025102929,2.2337268,1.0830536,0.86079625,-0.29479232,0.59712633,0.82060884,-0.85785685,-12.49758,1.5572978,-1.4839346,-1.4168176,0.26110602,0.086645013,0.56923036,0.21552306,-9.4146544,0.89544981,838202.38,9.1863033,0.75476867,1.0525717,-9.7669934,-9.6991542,-9.8255019,-9.4743812,0.49000714,-0.51224891,-10.223169,-10.184215,-10.316142,-8.9917742,3.7046469e-07,0.24803285,5.7312411e-05,6.1335351e-05,5.4055359e-05,7.6794219e-05,3.6319013e-05,3.7761696e-05,3.3094539e-05,0.00012442913,0.094149752,0.11596807,0.13553571,1.4023163,0.094149752,0.11596807,0.13553571,1.4023163,0.044683634,0.055038646,0.064325481,0.66554174,0.035706128,0.32335389,2.1070299,0.8295895,1.7669067,1.2405106,-35.446447,0.0,0.0
1.0,23.0,23.0,-60.349262,1.0,0.23862036,4.0,15.0,0.0,73.483856,-8.1208491,0.32176618,-0.2383435,1.3261952,0.02151421,1.2497778,0.028181712,1.3749873,1.7503263,0.24115985,-1.8169134,0.48742786,-0.35775619,-0.79517266,-10.8998,0.056402991,-1.7362209,-1.11908,0.12688002,-0.47373086,0.22504727,-0.26646464,-5.420646,0.74056452,192304.35,7.5219341,0.80643562,0.36392994,-8.19754,-7.6941244,-8.1139266,-7.7187129,-0.17438033,-0.38758931,-8.5463798,-8.0323865,-8.4947196,-7.944297,1.6739696e-05,0.30752867,0.00027533004,0.00045549565,0.00029934117,0.00044443225,0.00019424704,0.00032477222,0.0002045456,0.00035467915,0.48995395,0.96230014,0.80402013,3.997234,0.48995395,0.96230014,0.80402013,3.997234,0.049450594,0.097124054,0.081149001,0.40343709,1.6134054,2.0410351,9.9079486,0.63116074,1.2523819,0.76608309,-37.596959,0.0,0.0
1.0,24.0,24.0,-54.322705,0.88402296,0.23862036,4.0,15.0,0.0,70.295144,-10.145685,1.7035096,0.79039224,-1.6332982,-1.641922,0.59660198,0.26244819,-0.4029206,-0.086632001,0.38477313,1.4519561,0.99053408,0.92256736,-0.85569006,-13.382078,1.0417462,0.66625735,-0.40195309,0.56525726,-0.02132838,-0.2150598,-0.0090118722,-10.522137,1.5346882,82150.054,10.183676,1.3830337,0.69116123,-8.799244,-12.928024,-12.942715,-9.1293676,0.91383441,-0.84759017,-9.75258,-13.79835,-13.689322,-7.8344699,3.0879379e-06,0.66099493,0.00015084706,2.4290172e-06,2.3935939e-06,0.00010843414,5.8144457e-05,1.0173082e-06,1.1344963e-06,0.00039585208,0.14313323,0.0029190272,0.0042975604,4.461253,0.14313323,0.0029190272,0.0042975604,4.461253,0.017144523,0.00034964158,0.00051476254,0.53436966,0.29762163,3.4394025,8.348627,0.55237859,0.80649321,0.99102861,-35.791699,0.0,0.0
1.0,25.0,25.0,-56.330102,0.98329394,0.23862036,4.0,15.0,0.0,67.320391,-12.019336,1.1350568,0.077985407,-2.3464583,-1.4392082,1.7046518,0.14561821,-0.21368446,0.29211725,0.45245447,-1.0309347,1.311298,1.1647134,-0.0011998618,-16.040721,0.11337399,-1.4314258,-0.65141691,0.31061791,-1.1143456,-0.10366378,-0.076584203,-8.548485,1.417906,59687.828,8.4135738,0.96449042,0.43011713,-11.930818,-14.6827,-13.652919,-10.08446,1.5272864,-0.0015733764,-11.963508,-14.641735,-13.588607,-8.7072961,9.1859375e-08,0.36878089,6.5843278e-06,4.2013085e-07,1.1765557e-06,4.1722934e-05,6.3725679e-06,4.3769855e-07,1.2547088e-06,0.00016537481,0.015769607,0.0012646516,0.004791092,1.8637742,0.015769607,0.0012646516,0.004791092,1.8637742,0.0064914989,0.00052058904,0.0019722349,0.76721557,0.0088535903,0.5348174,2.4292705,0.77619989,0.90152836,0.92627492,-34.670253,0.0,0.0
1.0,26.0,26.0,-56.870002,0.88949894,0.23862036,4.0,15.0,0.0,73.435513,-10.156721,0.55918518,-0.6084058,-0.59825988,-0.80153282,1.0395238,0.10776522,-0.8728215,-0.050102831,0.12320644,-1.8030132,1.5468895,0.79566943,0.39092544,-15.572847,0.073072581,-1.1518323,-1.6158314,0.16952314,1.2090056,0.10842785,0.068999183,-5.7143877,1.2462077,1033053.9,8.2479452,0.73035743,0.21812829,-10.496933,-10.491259,-10.604927,-9.575435,1.2308127,0.60471846,-9.9862741,-9.8919402,-9.9869307,-8.5389244,1.5857884e-07,0.24392926,2.7621039e-05,2.7778191e-05,2.4793562e-05,6.9413098e-05,4.602738e-05,5.0580714e-05,4.5997169e-05,0.00019570064,0.11523301,0.14840635,0.1787748,2.2055462,0.11523301,0.14840635,0.1787748,2.2055462,0.036813842,0.047411828,0.057113728,0.70461257,0.015284145,0.46691,3.1301545,0.84595197,1.1145245,1.0714353,-34.736033,0.0,0.0
1.0,27.0,27.0,-64.116295,0.92865567,0.23862036,4.0,15.0,0.0,78.714858,-9.4425204,1.2556688,-1.7043925,-0.45762033,-1.6057266,0.42644512,0.014218187,-0.4057447,1.449025,-0.26477983,-2.2018494,1.4599641,0.43328178,0.50457735,-17.808453,0.17137967,-1.2010886,-1.3068786,0.23869428,0.89650333,-0.16907971,-0.050325899,-6.5696811,1.4152523,3120583.4,9.0143809,1.192352,0.091436483,-11.582673,-10.01714,-11.458781,-8.9070466,0.63257583,0.7366648,-10.851777,-9.2598726,-10.725881,-8.305777,1.5013812e-08,0.33524676,9.3262941e-06,4.4628408e-05,1.055637e-05,0.00013543123,1.9370157e-05,9.5167444e-05,2.1968938e-05,0.00024708527,0.047783156,0.2738284,0.083486826,2.784651,0.047783156,0.2738284,0.083486826,2.784651,0.011867165,0.068006534,0.020734334,0.6915808,0.0014470612,0.8353049,4.0265014,0.79218883,0.84444159,0.95091947,-34.579728,0.0,0.0
1.0,28.0,28.0,-62.660974,0.92047447,0.23862036,4.0,15.0,0.0,74.896656,-11.895128,0.2030292,1.3304761,0.26635792,0.36052507,0.11060972,0.47066343,-0.58456995,-1.6637055,-0.20547392,1.7988411,0.29067687,0.33877242,-1.907442,-11.24659,0.035828475,0.12391914,-0.827302,0.56225032,-1.4048697,0.11488721,0.051578669,-8.7799661,0.98236759,963.65397,8.516332,0.91243399,1.0094844,-11.625002,-11.841049,-11.821931,-11.872671,0.098473304,-0.55444925,-12.454587,-13.178544,-12.473089,-10.927549,1.3109806e-05,0.19845549,8.9397561e-06,7.202738e-06,7.3417697e-06,6.9785406e-06,3.8997925e-06,1.8907369e-06,3.8283029e-06,1.7956673e-05,0.009767255,0.0055503846,0.014888113,0.20237171,0.009767255,0.0055503846,0.014888113,0.20237171,0.0056117308,0.0031889476,0.008553896,0.11627172,1.2635493,0.24437991,1.7405067,0.13362629,1.1217469,1.052932,-37.88852,0.0,0.0
1.0,29.0,29.0,-54.252289,0.92711594,0.23862036,4.0,15.0,0.0,75.959699,-7.9299787,0.06252878,-1.1381966,0.066106608,0.99852911,0.64989435,0.3028741,-0.89761034,0.3999825,0.25019658,-1.069461,1.4292634,0.20966561,-1.9381628,-11.777251,0.7354388,0.58633628,-0.57003711,0.35115081,-0.4278336,0.62486078,0.24844209,-7.0630728,1.2344912,407132.89,5.9304881,1.2681473,0.15594199,-8.0011487,-7.9258451,-7.8675419,-7.8893416,0.29966738,-2.7701451,-11.043157,-10.574846,-10.561909,-7.9135862,1.181623e-05,0.48662026,0.0003350775,0.0003612844,0.00038297461,0.00037471622,1.5996242e-05,2.5550699e-05,2.5883395e-05,0.0003657406,0.041686943,0.07900984,0.10684033,4.1218965,0.041686943,0.07900984,0.10684033,4.1218965,0.0052458944,0.0099426164,0.013444811,0.5187004,1.1388719,2.4582788,7.9465844,0.54733373,1.8679859,1.2820266,-35.767961,0.0,0.0
1.0,30.0,30.0,-54.259535,0.92586379,0.23862036,4.0,15.0,0.0,65.25406,-8.3893783,0.022482069,0.59105838,-1.8123406,-0.31822158,-1.1312713,0.62317924,-1.0413454,-1.0978665,0.41097312,0.37583107,0.98649587,-0.6917561,-0.68807781,-12.725808,0.28379522,-1.3771241,-0.69800873,0.32300011,-0.66585727,0.40849643,0.1348918,-7.8867722,1.445078,62149.538,6.9548893,0.7245083,0.74697539,-8.3760901,-8.4301235,-8.3965326,-8.4148117,-0.68241454,-0.67878592,-9.7038209,-9.793077,-8.8192086,-8.8630161,2.0115007e-06,0.40128607,0.00023030867,0.00021819454,0.00022564838,0.00022156121,6.1049786e-05,5.5836822e-05,0.00014786533,0.00014152756,0.15608106,0.16840142,0.59315546,1.5950156,0.15608106,0.16840142,0.59315546,1.5950156,0.041978266,0.045291846,0.15953016,0.42898215,0.19387246,1.0116138,3.7181399,0.67578242,1.5045539,1.1444129,-36.169645,0.0,0.0
1.0,31.0,31.0,-55.903008,0.94297437,0.23862036,4.0,15.0,0.0,69.338879,-7.7287941,0.037773035,-1.3376259,0.8192111,0.40915808,1.2440329,0.31886788,-0.15114746,-0.49841804,-1.0887552,-1.3822223,0.29795739,-0.76586434,-0.85632273,-12.669878,0.61232952,-0.64682037,-1.9755938,0.41042014,-0.045299091,0.19331343,0.059784977,-5.1812617,1.2007902,205561.51,9.970394,1.3288047,0.56448839,-7.7793202,-7.69785,-7.7133389,-7.6818032,-0.22819494,-0.25514768,-8.082664,-8.1119272,-8.3156557,-8.3507444,2.1160804e-06,0.13612449,0.00041829642,0.00045380182,0.00044682707,0.00046114264,0.00030884717,0.00029994028,0.00024465643,0.00023622061,0.77736949,0.88625912,0.95862363,2.6622063,0.77736949,0.88625912,0.95862363,2.6622063,0.12866219,0.14668448,0.1586615,0.44062095,0.20395206,0.55353159,6.0419422,0.87462911,1.213263,1.0616083,-36.516318,0.0,0.0
1.0,32.0,32.0,-58.663426,0.8175839,0.23862036,4.0,15.0,0.0,75.173662,-9.01516,0.11839798,-0.39950641,-1.5863221,0.29330395,1.7914045,0.068572924,-0.81630999,-0.5260155,-1.4792114,-1.4603653,0.67895972,1.0647882,-1.4324554,-13.618816,0.39709439,-0.855639,-0.98971127,0.34529265,-0.19951433,-0.96225791,0.1818265,-7.5962536,1.2951513,456377.1,8.3566159,0.34604022,0.42934615,-9.0624607,-9.2029773,-8.9804334,-8.8030613,0.72294832,-0.97257949,-10.091017,-10.211627,-10.054447,-8.1802545,8.6668925e-07,0.34694046,0.00011593733,0.00010073902,0.00012584829,0.00015027234,4.1450235e-05,3.6740633e-05,4.299414e-05,0.00028013063,0.099644541,0.10214727,0.15702532,3.1570722,0.099644541,0.10214727,0.15702532,3.1570722,0.021796238,0.022343685,0.034347704,0.6905777,0.083533244,0.97221683,4.5716394,0.76906532,0.38202932,1.1994061,-34.49282,0.0,0.0
1.0,33.0,33.0,-55.271853,0.50232525,0.23862036,4.0,15.0,0.0,69.779811,-9.2360516,0.32612831,-0.088712446,0.42663524,0.45856385,0.86448706,1.1256995,-1.8796744,-0.081195245,-0.57945096,1.9812944,0.90340332,-1.1067348,-0.68464991,-12.310447,0.48476169,0.42593667,-0.6802082,0.073071554,-0.35942991,0.59232576,0.14592237,-3.013529,1.1559145,832433.76,8.9482272,0.78836599,0.67310091,-9.2649833,-9.0969138,-9.086501,-8.9541179,-0.99982794,-0.618515,-11.999447,-9.8068302,-10.357304,-7.7236039,5.5374919e-06,0.49338163,9.4682321e-05,0.00011201096,0.00011318341,0.00012920401,6.147613e-06,5.5074142e-05,3.1759978e-05,0.00044226387,0.015970968,0.16961292,0.1304897,4.9843138,0.015970968,0.16961292,0.1304897,4.9843138,0.0018851464,0.020020401,0.015402459,0.58832759,0.53371454,2.6379022,8.4720042,0.6256356,1.8081889,1.1571064,-35.623645,0.0,0.0
1.0,34.0,34.0,-59.975716,0.10569821,0.23862036,4.0,15.0,0.0,74.283125,-9.5433009,0.19376846,-0.30082844,0.22554521,0.65958411,-0.093942992,0.25685858,-1.6127081,-0.56743839,-0.31078733,2.1092581,0.74056973,-1.4063527,-0.82475989,-11.675522,0.95952774,0.8334172,-0.73760188,0.090257691,-0.025477327,0.77009505,0.086858165,-2.196032,2.0617066,358046.22,7.6549037,0.85720439,0.83918044,-9.6015919,-9.4995973,-9.4154943,-9.5615041,-1.0415022,-0.61079222,-10.626622,-10.256141,-10.106115,-10.061225,1.8909717e-05,0.47716096,6.7621002e-05,7.4881977e-05,8.1452195e-05,7.0386853e-05,2.4261445e-05,3.5141037e-05,4.0829125e-05,4.2703689e-05,0.064189868,0.11082056,0.17234753,0.48127057,0.064189868,0.11082056,0.17234753,0.48127057,0.016286012,0.028116976,0.043727366,0.12210616,1.8225564,1.2902263,3.9414112,0.21023651,2.1599715,1.090742,-37.676096,0.0,0.0
1.0,35.0,35.0,-59.444706,0.67250572,0.23862036,4.0,15.0,0.0,76.410298,-8.9196542,1.4368823,0.080019887,0.2944498,0.342644,-0.432579,0.93038442,-0.53208025,0.053290244,-0.46319058,0.78743151,0.34943899,0.039106591,-1.3725838,-12.499357,0.11562365,0.230867,-0.41992683,0.25426933,-1.4294375,0.27865838,0.012167369,-7.3815575,0.36399459,93272.414,12.247473,0.29478913,0.059451474,-8.8046751,-8.4965645,-8.4273151,-9.5412193,0.013665367,-0.4796343,-9.7793485,-8.9266184,-9.3378947,-8.79494,3.8299329e-06,0.45685513,0.00015003003,0.00020416859,0.00021880818,7.1829209e-05,5.6608662e-05,0.00013280637,8.8024557e-05,0.00015149772,0.1433164,0.39542893,0.34794645,1.7073793,0.1433164,0.39542893,0.34794645,1.7073793,0.033621584,0.092766402,0.081627161,0.4005459,0.36913659,1.2994231,4.2626308,0.60856105,1.3213559,1.0122417,-36.203572,0.0,0.0
1.0,36.0,36.0,-54.102425,0.98500138,0.23862036,4.0,15.0,0.0,68.173221,-9.8473024,0.20203176,-0.18214998,-1.2037067,-0.21776411,1.1256354,0.27840868,-0.61751079,-0.052911821,-0.31451,-0.21059347,0.8652443,1.3594433,0.76099814,-11.966833,0.18653185,-0.89689986,-1.2341984,0.67746864,0.40074517,-0.16793184,0.21686508,-8.098717,0.55841471,979718.68,5.2551429,1.3677588,0.3540573,-9.8841025,-10.090489,-9.8912977,-9.6198883,1.1762506,0.6584493,-9.3975735,-9.4467712,-9.3204107,-8.5022687,5.3729486e-06,0.38185814,5.097871e-05,4.1472111e-05,5.0613225e-05,6.6395035e-05,8.2925037e-05,7.894405e-05,8.9577117e-05,0.00020300728,0.20457407,0.22716438,0.34044067,2.2878921,0.20457407,0.22716438,0.34044067,2.2878921,0.043018319,0.047768662,0.071588667,0.48110334,0.51785553,1.1775839,4.7555106,0.64347899,0.84541146,1.2421765,-35.597852,0.0,0.0
1.0,37.0,37.0,-56.445512,0.84176666,0.23862036,4.0,15.0,0.0,67.456294,-9.5441746,2.0911354,0.0062643491,-0.48394369,0.90656387,0.99820135,0.37140805,-0.32706513,-0.72824628,-0.35845281,-0.56775014,0.20667899,0.23187264,-0.19675319,-12.923293,0.9708553,-0.080612556,-1.0078699,0.21121447,-1.8745595,0.47942941,-0.55023559,-7.8612386,0.37992097,77792.183,6.6951519,0.7681349,0.43646294,-9.531075,-10.556166,-7.6484268,-7.4568004,0.047923204,-0.040664751,-9.6932144,-10.867308,-7.8222238,-7.6197442,2.2568147e-06,0.2456607,7.256158e-05,2.6032459e-05,0.00047679364,0.00057750099,6.1700757e-05,1.9071649e-05,0.00040072956,0.00049066735,0.15867342,0.057962214,1.6216919,5.529821,0.15867342,0.057962214,1.6216919,5.529821,0.017531853,0.0064042549,0.17918102,0.61099086,0.21751632,1.464914,9.0505789,0.81410799,1.6151526,0.5768139,-36.116442,0.0,0.0
1.0,38.0,38.0,-56.865679,0.41247116,0.23862036,4.0,15.0,0.0,72.196336,-10.285856,0.84826982,0.29180569,-0.49739869,1.0876965,0.62520451,0.87231354,-0.43850546,-0.98054993,-0.53592113,-0.56192615,0.21164182,-0.12120853,-0.99597129,-12.511323,0.73885937,0.31273807,-0.8096485,0.28773665,-1.962814,0.12730666,-0.57952187,-6.1532725,0.3758834,317379.85,6.0643808,0.80756962,0.37945767,-10.038326,-10.707785,-9.3631963,-9.7555143,-0.025652794,-0.21078918,-10.63163,-11.773921,-10.041477,-10.271343,4.6425201e-06,0.25298578,4.3692833e-05,2.2370113e-05,8.5825333e-05,5.7974093e-05,2.4140252e-05,7.7028444e-06,4.3555404e-05,3.4610865e-05,0.060506674,0.022634891,0.16958056,0.39006445,0.060506674,0.022634891,0.16958056,0.39006445,0.045787524,0.017128616,0.12832756,0.29517546,0.44745537,0.23122445,1.3214664,0.48641916,1.1357653,0.56016613,-37.945795,0.0,0.0
1.0,39.0,39.0,-56.625472,1.0,0.23862036,4.0,31.0,0.0,62.412431,-10.135899,0.65321877,0.133865,-0.48005917,1.2754931,0.86703587,0.68419323,-0.46579566,-1.0768957,-0.4442102,-0.57378486,0.25274234,-0.22856818,-1.1099873,-12.604236,0.72599847,0.53305507,-0.82721071,0.26169346,-1.914026,0.20689875,-0.58906244,-6.0461848,0.39189244,366432.75,5.9371759,0.85895539,0.38782324,-10.048456,-10.449483,-9.302723,-9.5695349,-0.057768855,-0.28054078,-10.647691,-11.466828,-9.8871894,-10.019883,4.9444783e-06,0.26498057,4.3252485e-05,2.8963253e-05,9.1175624e-05,6.9823852e-05,2.3755633e-05,1.0471762e-05,5.0821586e-05,4.4506138e-05,0.059846632,0.030978303,0.19940127,0.50158417,0.059846632,0.030978303,0.19940127,0.50158417,0.038566645,0.019963182,0.12849909,0.3232332,0.47655871,0.28340272,1.5517718,0.51026212,1.229858,0.55484724,-37.493249,0.0,0.0
1.0,40.0,40.0,-60.195853,0.97144631,0.23862036,4.0,15.0,0.0,71.436802,-10.213526,0.30566387,0.14508062,0.57252201,-0.13559305,-0.78822609,0.31096669,0.83993639,0.28425311,-0.51956034,0.74745258,0.27685301,1.5939498,-0.22129409,-12.516397,0.086162131,0.95867861,-0.83577347,0.092968932,1.7569115,-0.75114096,0.82370517,-8.9387624,1.3214028,11393.28,10.931987,0.98556392,0.60755085,-10.16918,-10.038526,-10.254971,-10.454458,0.44128981,-0.061265937,-9.9692534,-10.011399,-10.477803,-9.7807351,3.9817273e-06,0.51046394,3.8333757e-05,4.3684104e-05,3.5182159e-05,2.8819515e-05,4.6817506e-05,4.4885356e-05,2.81545e-05,5.6530224e-05,0.11311899,0.12563788,0.10363629,0.63709562,0.11311899,0.12563788,0.10363629,0.63709562,0.055305254,0.061425891,0.050669047,0.31148383,0.38376684,0.68210137,2.045357,0.47888402,0.47182791,2.278928,-37.210571,0.0,0.0
1.0,41.0,41.0,-60.182657,0.96168298,0.23862036,4.0,15.0,0.0,72.958001,-8.696767,0.72468655,1.4161614,0.25244742,-0.16870622,-0.29323609,1.0390219,0.79039713,-0.61517532,-0.1686071,-1.0825979,0.35279516,1.8099429,-0.016463659,-11.931051,0.1514257,0.8847792,-0.10119882,0.15054852,1.9497933,-0.38701474,0.28235871,-8.2015076,0.79901963,9487.464,9.0442851,1.4184302,0.46653491,-7.6704939,-8.5138217,-8.8190261,-8.9092712,0.63853911,-0.0058082991,-6.8550623,-9.1588106,-9.0000209,-9.395575,7.5265555e-06,1.2120822,0.00046638743,0.00020067543,0.00014789232,0.00013513028,0.001054106,0.00010528805,0.00012340723,8.309093e-05,2.5766093,0.29929255,0.46244464,0.93643478,2.5766093,0.29929255,0.46244464,0.93643478,0.20684759,0.024026902,0.037124587,0.075176035,0.72542448,7.4563541,12.45656,0.34317511,0.67908108,1.3262544,-41.237534,0.0,0.0
1.0,42.0,42.0,-67.08942,0.64668564,0.23862036,4.0,15.0,0.0,79.141352,-14.898601,0.42884287,-2.1261425,1.5670377,-0.69677985,0.64621408,0.048819949,0.40124755,0.48524011,-1.7144977,-0.78330085,0.35993928,0.89552184,-0.76692321,-10.360787,0.16706157,-0.45611839,-0.81882331,0.082736798,-2.7988134,-0.09906415,-0.32902395,-4.143314,0.76096537,40541.898,7.7689064,0.75483559,0.64644059,-15.810382,-14.226588,-15.19741,-14.621477,0.32233348,-0.27604579,-16.066839,-14.478945,-15.557158,-14.337384,2.9327457e-05,0.34980194,1.3603112e-07,6.6293548e-07,2.511011e-07,4.4665614e-07,1.052593e-07,5.1507951e-07,1.7523154e-07,5.9340777e-07,0.00026053498,0.0014886796,0.00066935278,0.0066877056,0.00026053498,0.0014886796,0.00066935278,0.0066877056,6.9100477e-05,0.00039483555,0.00017752932,0.001773749,2.826639,0.93463357,3.7703788,0.0024152143,0.90568461,0.71962578,-38.145384,0.0,0.0
1.0,43.0,43.0,-66.805605,0.94264737,0.23862036,4.0,15.0,0.0,85.111074,-16.014087,0.35302849,0.11103966,-0.31593149,-1.309191,0.14776054,1.0470465,-0.56571739,0.7445789,-2.8385992,0.12522273,0.62089256,1.1799925,0.18514296,-8.8434482,0.45991762,-2.5560533,-1.8956187,0.58740917,0.129074,-0.43723688,0.24863647,-5.4038225,0.69848341,228511.94,8.8635908,1.185577,0.52192084,-15.974887,-16.12562,-16.476268,-15.961923,0.73264857,0.11495389,-16.452265,-15.231057,-19.33346,-15.09816,4.4544489e-05,0.16205824,1.153971e-07,9.9250432e-08,6.9895228e-08,1.1690279e-07,7.1593243e-08,2.4279292e-07,4.0140708e-09,2.773015e-07,0.00017467544,0.00068846892,1.4999225e-05,0.0031251879,0.00017467544,0.00068846892,1.4999225e-05,0.0031251879,3.5826909e-05,0.00014120883,3.076425e-06,0.00064099352,4.2932869,0.57824719,4.8755375,0.00082110568,0.64581843,1.2822758,-37.942858,0.0,0.0
1.0,44.0,44.0,-66.269338,0.96527128,0.23862036,4.0,15.0,0.0,81.435763,-7.6521139,0.051041599,-0.37894466,0.47958799,0.35482757,0.10607296,0.092920757,-1.2124431,0.18157404,1.4553016,-2.0509942,0.41160194,-1.0969355,0.65808428,-12.584078,0.603028,1.3612186,-0.33502988,0.14762062,-0.32154832,0.49284264,-0.2707129,-6.2358587,1.5600337,8613.5544,9.2522617,0.64067725,0.30785248,-7.6714558,-7.627635,-7.6340029,-7.6466998,-0.45150077,0.27086877,-7.5132482,-7.3398942,-7.2279064,-8.2887805,7.7856744e-06,0.68215591,0.000465939,0.00048681083,0.00048372068,0.00047761779,0.00054580533,0.0006491192,0.00072603929,0.00025132077,1.4052451,1.9757645,2.9432385,2.8323851,1.4052451,1.9757645,2.9432385,2.8323851,0.077056376,0.10834071,0.16139198,0.15531335,0.75039887,8.3295525,18.236584,0.50210242,1.6369629,0.76283548,-44.824641,0.0,0.0
1.0,45.0,45.0,-61.3723,1.0,0.23862036,4.0,15.0,0.0,81.790102,-10.811376,0.01118102,-0.64316192,-0.66954711,0.14399045,0.6030361,0.12183364,-0.23795627,1.24909,1.5073394,-0.28021897,0.52283285,-1.1494823,-0.28207319,-11.852459,0.27922696,0.60070463,-1.1340994,0.26432903,-1.2401746,0.006474756,-0.0057755935,-9.407487,1.5626462,46872.039,11.655599,0.73033513,1.1660203,-10.818567,-10.818862,-10.809766,-10.804633,-0.60098712,-0.14747713,-10.995035,-10.814158,-10.773598,-11.43976,8.4214678e-06,0.23179231,2.0024244e-05,2.0018338e-05,2.0201259e-05,2.030521e-05,1.6784831e-05,2.0112727e-05,2.0945261e-05,1.0759083e-05,0.041775487,0.058555471,0.080682794,0.12125486,0.041775487,0.058555471,0.080682794,0.12125486,0.031242674,0.043791937,0.060340319,0.090682992,0.81167791,0.22318253,1.3371291,0.22605792,1.0064958,0.99424105,-38.979068,0.0,0.0
1.0,46.0,46.0,-64.064218,0.89172623,0.23862036,4.0,31.0,0.0,79.210666,-12.329705,0.030551232,-0.21506041,0.24444932,0.38834074,0.67052386,0.17317988,0.73600465,-0.062851517,1.3980351,-0.39756114,0.47398355,1.0156858,-1.3424508,-11.819174,1.0739956,0.93907056,-0.95715223,0.50743931,-0.98712474,-0.18112282,-0.37475555,-11.023219,1.1027438,88890.238,12.779086,0.49002138,0.67864059,-12.336275,-12.322237,-12.317841,-12.309219,0.48141836,-0.63629959,-12.845114,-12.969421,-12.712029,-11.896651,2.0184076e-05,0.23268769,4.3895882e-06,4.4516464e-06,4.4712591e-06,4.5099727e-06,2.638992e-06,2.3305162e-06,3.0146448e-06,6.8131861e-06,0.0065063536,0.0067007233,0.011446566,0.076784608,0.0065063536,0.0067007233,0.011446566,0.076784608,0.0026469146,0.0027259881,0.0046566916,0.031237513,1.9453816,0.41126985,2.4580897,0.041267107,0.83433288,0.6874573,-38.00742,0.0,0.0
1.0,47.0,47.0,-54.76672,0.97501346,0.23862036,4.0,15.0,0.0,75.291627,-9.4587186,0.29531564,0.41108828,0.43991853,-1.0079292,0.30260929,0.83953894,0.60660436,-1.5321803,-0.87453769,1.3626437,0.46049815,0.40974219,-0.94223733,-12.075384,0.14940782,1.2167533,-0.31867112,0.42995192,-0.363583,-0.26159423,0.081740953,-8.9350062,1.3145955,1640869.3,5.9387498,1.5972666,0.32528313,-9.3373178,-9.3288037,-9.7563758,-9.3693533,0.18868552,-0.43389855,-9.2619483,-11.049027,-10.924483,-8.0366753,6.834064e-06,0.62188858,8.8075359e-05,8.8828436e-05,5.792417e-05,8.5298533e-05,9.4970112e-05,1.590261e-05,1.8011812e-05,0.0003233823,0.23331269,0.04550791,0.068018788,3.6445185,0.23331269,0.04550791,0.068018788,3.6445185,0.030666068,0.0059814521,0.0089402286,0.4790269,0.65868075,2.9581323,7.608171,0.52461464,0.76982333,1.0851747,-35.879492,0.0,0.0
1.0,48.0,48.0,-58.889893,0.9986274,0.23862036,4.0,15.0,0.0,69.828864,-8.9837774,1.1214668,-0.54317359,-2.6309047,-0.015422034,-0.79085502,0.33287754,-0.14642573,-0.56494551,0.1270322,-0.61920955,0.82108998,-0.3808173,1.4122387,-11.527831,0.48680696,-0.48113774,-1.2284021,0.49612165,-0.26915011,0.49943039,0.40380301,-8.5545066,0.9519442,266638.22,10.612617,0.52984173,0.19429179,-9.5929285,-11.93425,-9.0010727,-9.870695,-0.31268527,1.1595751,-8.4820953,-10.962732,-7.7992115,-10.389501,7.7948089e-06,0.25616504,6.8209376e-05,6.5617736e-06,0.00012327749,5.1666807e-05,0.00020714422,1.733588e-05,0.00041005819,3.075367e-05,0.53362389,0.052805685,1.6637252,0.34659386,0.53362389,0.052805685,1.6637252,0.34659386,0.12800806,0.012667262,0.39910176,0.083142469,0.75127927,0.82064623,4.1686741,0.62291955,1.6477824,1.4975089,-40.10094,0.0,0.0
1.0,49.0,49.0,-57.347399,0.89723849,0.23862036,4.0,15.0,0.0,85.79296,-9.2723071,0.83470354,-0.29886496,-2.4514748,-0.23451425,-0.66032047,0.27535834,-0.33213686,-0.4018801,0.25248581,-1.0332481,0.65468174,-0.79524731,1.3143218,-11.243074,0.53284745,-0.71765129,-1.3119356,0.32299569,0.2675723,0.22717511,0.55754261,-7.9620743,1.2149142,118539.26,9.9928596,0.52494793,0.22605948,-9.5217707,-11.318562,-9.468057,-9.8234789,-0.5206339,0.86046251,-8.7527649,-10.56876,-8.5380704,-10.628626,8.9355493e-06,0.29360765,7.3239861e-05,1.2145379e-05,7.7281421e-05,5.416482e-05,0.0001580238,2.5706663e-05,0.00019586784,2.4212868e-05,0.39864456,0.076183248,0.77007713,0.27287902,0.39864456,0.076183248,0.77007713,0.27287902,0.13182791,0.025193067,0.25465709,0.090238465,0.86122611,0.64496673,3.0239768,0.50191654,1.2550496,1.7463757,-39.218759,0.0,0.0
1.0,50.0,50.0,-67.2694,0.82038439,0.23862036,4.0,15.0,0.0,80.138342,-13.139505,0.48884793,-0.71088123,1.8556497,-0.1388342,2.7255756,0.35700232,-0.20157146,0.40829152,1.7186862,-0.061358193,0.35649112,0.72571231,0.55902324,-12.403659,0.20014566,0.76377917,-0.10920555,0.52263767,-1.2835056,0.36058882,-0.44137938,-5.9614569,1.0827823,1778.8749,9.9904583,1.4266256,0.028930543,-13.487018,-12.232375,-13.207374,-11.807113,0.25870999,0.19928682,-13.359693,-11.887327,-12.394512,-11.570308,4.7813281e-06,0.45839962,1.3888727e-06,4.8702035e-06,1.8370048e-06,7.451365e-06,1.5774628e-06,6.8770073e-06,4.1412522e-06,9.4423247e-06,0.004017873,0.020639112,0.016519188,0.106415,0.004017873,0.020639112,0.016519188,0.106415,0.0045280061,0.023259577,0.018616563,0.11992608,0.46083397,0.2789131,0.88733824,0.16633023,1.4341736,0.64314866,-39.71299,0.0,0.0
1.0,51.0,51.0,-64.426591,0.48387097,0.23862036,5.0,31.0,0.0,84.495528,-12.660775,0.3499114,-1.4908805,-0.34961348,-0.3335813,-0.81672279,0.030906449,-0.5299955,-0.068922541,1.7053204,0.59115342,0.13507166,-0.57796568,-0.26816863,-9.5141841,1.1022594,-0.92037284,-1.1795079,0.52346215,-0.23387657,1.2501903,0.053180726,-8.5780189,0.88871688,24306.493,11.165243,0.82369705,0.045407855,-13.182451,-12.783109,-12.777499,-12.946556,-0.078066785,-0.036221982,-13.235053,-12.821461,-12.761015,-13.006352,2.675809e-05,0.27200537,1.883364e-06,2.8078017e-06,2.8235973e-06,2.3844178e-06,1.7868553e-06,2.7021554e-06,2.8705256e-06,2.2460176e-06,0.0050510416,0.0092768009,0.013339684,0.025312618,0.0050510416,0.0092768009,0.013339684,0.025312618,0.0015439936,0.0028357164,0.0040776513,0.0077375171,2.5789982,0.63943513,3.2714135,0.016194879,3.4910074,1.0546202,-38.031511,0.0,0.0
1.0,52.0,52.0,-59.81381,0.91675888,0.23862036,4.0,15.0,0.0,75.312784,-9.572838,1.2509792,1.7242048,0.38744363,-0.46854803,0.96880617,1.2139756,-1.105727,-0.21389597,1.0332922,-0.20071685,0.50595724,-0.21086714,0.93309678,-11.915317,0.32555161,-0.49840096,-1.276412,0.4158028,-0.75465386,-1.5289491,0.1584796,-8.4592611,1.535511,161199.11,7.28703,0.82748908,0.010927824,-7.4158936,-9.0881541,-10.158982,-8.3608816,-0.10668976,0.47210707,-8.2861122,-8.8757115,-8.4324832,-8.7112367,5.68561e-06,0.20388499,0.00060161455,0.00011299646,3.8726678e-05,0.00023383809,0.00025199226,0.00013974217,0.00021768027,0.00016472441,0.60011448,0.38366496,0.78351059,1.8564441,0.60011448,0.38366496,0.78351059,1.8564441,0.12416153,0.079378899,0.16210552,0.3840916,0.54799046,0.66161231,4.8333369,0.74973754,0.21676335,1.171728,-36.48568,0.0,0.0
1.0,53.0,53.0,-65.840623,0.98355581,0.23862036,4.0,31.0,0.0,79.852008,-9.1675246,0.61400919,-2.1086579,0.23514382,-1.6466751,1.793929,0.21573581,-0.27143663,-0.19663953,-0.57531873,1.5977648,0.02272849,-1.0693173,-1.726767,-13.196832,0.52180437,0.3616355,-1.0805307,0.058459905,-0.13328842,1.3644777,-0.092012714,-1.7040251,0.55335992,552581.42,8.0925868,1.0666523,0.16556267,-10.46226,-9.0231442,-10.178598,-8.0660357,-0.024303968,-0.039246807,-10.560065,-9.1048131,-10.341962,-7.7456446,2.2420287e-06,0.33678091,2.8595536e-05,0.00012058639,3.7974401e-05,0.0003140257,2.5931157e-05,0.00011112964,3.2250986e-05,0.00043262268,0.074792207,0.39138441,0.15423638,4.8756576,0.074792207,0.39138441,0.15423638,4.8756576,0.010359548,0.054211071,0.021363445,0.67533253,0.21609121,1.507478,7.2196398,0.7612666,3.9136785,0.91209355,-34.912432,0.0,0.0
1.0,54.0,54.0,-62.63829,0.98150723,0.23862036,4.0,15.0,0.0,81.519296,-9.7637478,0.22263038,2.2207983,-0.49738794,1.7176338,0.028093657,0.06614909,0.37183382,-0.045489082,-0.099017194,0.25786721,0.013073322,1.2982702,-0.14562283,-13.331091,0.81494344,-0.35147405,-0.70821131,0.37174525,-0.25879327,-1.4652071,0.099055265,-9.4701515,0.93107894,21113.831,7.9346914,1.4343471,0.40158551,-9.2693306,-9.8744815,-9.3813503,-9.7574933,0.016972704,-0.0019037741,-9.2466379,-9.8793943,-9.389804,-9.7234629,1.218948e-06,0.44734889,9.4271595e-05,5.1471543e-05,8.4281317e-05,5.7859477e-05,9.6435329e-05,5.1219292e-05,8.3571834e-05,5.9862343e-05,0.2298459,0.14077706,0.30118701,0.6746486,0.2298459,0.14077706,0.30118701,0.6746486,0.11048785,0.067672102,0.14478181,0.32430631,0.11748464,0.61633885,2.0802821,0.64724808,0.23103015,1.1041273,-37.499652,0.0,0.0
1.0,55.0,55.0,-57.755254,0.46924667,0.23862036,4.0,15.0,0.0,73.662175,-9.4215199,0.64714848,1.2081909,-0.67867045,1.9406848,-0.15880782,0.70884626,0.98566873,-0.87512831,-1.6012561,1.3625164,0.019112799,0.36408274,-0.55967035,-11.75128,0.17338634,-1.8473541,-0.81180579,0.25967346,-0.64234251,-0.21177621,0.076911564,-7.1050405,0.60339613,80018.244,7.3082485,0.76422306,1.027823,-8.639641,-9.8607204,-8.1656087,-9.5242921,0.0069586402,-0.010696867,-7.9516503,-10.491749,-9.3113499,-8.5515188,5.7197477e-06,0.37583499,0.00017695041,5.218474e-05,0.00028426358,7.3055426e-05,0.00035208065,2.77646e-05,9.0392442e-05,0.00019325136,0.866838,0.079682197,0.34249033,2.1779429,0.866838,0.079682197,0.34249033,2.1779429,0.16648054,0.015303362,0.06577697,0.41828475,0.55128072,1.1886085,5.2068426,0.66584562,0.80914575,1.0799466,-35.901464,0.0,0.0
1.0,56.0,56.0,-57.886015,0.94941216,0.23862036,4.0,15.0,0.0,69.870871,-9.372263,0.866115,-1.1237875,1.0721502,0.27525203,1.760884,0.35860975,0.23903943,1.4907338,-0.14732167,0.69659135,0.044816003,-1.2272129,0.29286389,-14.017655,0.77248408,2.2157914,-0.97342038,0.67697285,-0.86886683,0.3625225,-0.012296702,-5.8098663,1.5163675,68009.578,5.939241,0.73382588,0.18411356,-10.345592,-8.4436576,-9.1338631,-7.8471349,-0.054998776,0.013124989,-10.246745,-7.8959409,-9.1735691,-7.6523292,4.5245541e-06,0.209796,3.2134119e-05,0.00021526137,0.00010794777,0.00039087024,3.5472765e-05,0.00037225148,0.00010374557,0.0004749366,0.090364213,1.1174094,0.41392657,5.3525355,0.090364213,1.1174094,0.41392657,5.3525355,0.010545641,0.13040338,0.04830586,0.62464903,0.43608557,1.1585474,8.5688686,0.81390391,1.4369495,0.98777859,-35.774499,0.0,0.0
1.0,57.0,57.0,-59.527363,0.82343528,0.23862036,4.0,15.0,0.0,71.98201,-9.0360052,0.1955333,0.42995741,-1.0488127,0.23265962,-0.96504391,0.70936681,-0.58516576,-1.7363304,-0.75980869,0.17815898,0.031848341,0.80572975,-0.49836219,-10.88009,1.446995,-2.3141518,-0.70133631,0.073474297,0.5853239,-0.065535858,0.16691457,-8.8265655,1.1240536,149168.97,11.116015,0.90187496,0.83200642,-8.9519342,-9.241083,-8.9905125,-9.2247034,0.025661156,-0.015872009,-9.3829034,-10.48865,-9.5453676,-9.0726622,6.6156614e-07,0.51771517,0.00012948646,9.6972511e-05,0.00012458623,9.857396e-05,8.4150525e-05,2.7850763e-05,7.1531862e-05,0.00011476062,0.20864053,0.080674713,0.27394564,1.2933521,0.20864053,0.080674713,0.27394564,1.2933521,0.072625686,0.028082062,0.095357743,0.45020297,0.063763068,0.95244401,2.8728201,0.64626846,0.93656546,1.1816533,-36.096271,0.0,0.0
1.0,58.0,58.0,-58.097768,1.0,0.23862036,4.0,15.0,0.0,74.787219,-9.152979,0.87881252,-0.51416024,0.9371783,0.25179223,0.1442519,0.75284662,0.95232626,0.48443694,-1.1938843,1.2729321,2.4329949,0.17865903,0.082494998,-13.267829,0.21963389,0.22934674,-0.78116117,1.1208648,-1.4114718,-0.25063484,-0.31755883,-1.9414581,1.1469039,150834.37,9.8249786,0.75114506,0.24995807,-9.6048294,-8.329375,-8.9317008,-9.0262086,0.43467651,0.20070991,-8.6871639,-7.7639583,-9.6298026,-7.6332094,1.8185771e-06,0.09411571,6.7402434e-05,0.00024132284,0.0001321331,0.00012021742,0.0001687379,0.00042477186,6.5740023e-05,0.00048410466,0.4147324,1.2163106,0.24843536,5.4558595,0.4147324,1.2163106,0.24843536,5.4558595,0.052007201,0.15252464,0.03115365,0.6841616,0.17527809,0.46390283,7.9745188,0.91984708,0.77830653,0.72792385,-35.246365,0.0,0.0
1.0,59.0,59.0,-56.272873,0.64654181,0.23862036,4.0,15.0,0.0,76.295182,-9.2779111,0.88163298,-1.1566833,1.3557171,0.70892698,-0.28443775,0.7196736,0.005556579,-0.24528052,-1.1900774,-0.51498634,1.1289537,0.48315915,-0.33073988,-13.517881,0.23813632,0.93167377,-0.42299069,0.83693287,-0.76532267,-0.084146419,0.16416472,-1.3765064,0.64909062,686277.21,9.8360602,1.1386846,0.14655155,-10.297681,-8.0826662,-8.6528977,-9.5286808,0.54546431,-0.37339001,-10.667072,-8.6325781,-9.882755,-9.3538385,1.6811791e-06,0.34524037,3.3711174e-05,0.00030884649,0.00017462012,7.2735515e-05,2.3299648e-05,0.00017820462,5.1047448e-05,8.6632239e-05,0.057713796,0.51555528,0.19521437,0.97634533,0.057713796,0.51555528,0.19521437,0.97634533,0.023018395,0.20562251,0.077858708,0.38940261,0.16203541,0.60042596,2.5072902,0.69590222,0.91929664,1.1784084,-36.81918,0.0,0.0
1.0,60.0,60.0,-53.427089,0.1990188,0.23862036,4.0,15.0,0.0,75.104786,-8.4454871,0.2920176,-1.0151142,0.43575936,-0.074908555,0.66727724,0.24932479,-0.42807233,-1.465164,-1.8429991,-0.36713724,0.50162756,0.99899028,-0.65422556,-13.73398,0.12704911,-0.041807475,-0.72132176,0.52352361,-0.51277492,-0.43543986,0.51413923,-5.1587559,0.89865887,1577458.0,8.6830896,1.0393339,0.47042145,-8.7419183,-8.3182377,-8.4673617,-8.2506304,0.50112106,-0.32817757,-9.1768249,-9.0117169,-9.2550446,-7.8410457,1.0791989e-06,0.37166159,0.00015974716,0.00024402554,0.0002102188,0.00026109392,0.00010340835,0.00012197226,9.5628028e-05,0.00039325759,0.25231526,0.34589696,0.35736515,4.432013,0.25231526,0.34589696,0.35736515,4.432013,0.035244835,0.048316861,0.049918804,0.61908887,0.10401535,1.6673229,7.1589286,0.75256937,0.64698002,1.6721985,-35.241644,0.0,0.0
1.0,61.0,61.0,-53.711735,0.99172754,0.23862036,4.0,15.0,0.0,62.949891,-9.5745093,0.24101982,-1.246961,0.75469751,0.35267697,0.47812632,0.70198816,-0.069260299,-0.58563778,-0.90974883,-0.58235356,1.4459476,0.45766713,0.1624273,-14.17334,0.11034916,1.4776625,-0.044294032,0.2376033,0.24908025,-0.10924315,-0.46372066,-6.7553482,0.79426893,292408.25,6.7628588,1.0214542,0.5100652,-9.8750516,-9.3926123,-9.4895072,-9.4592714,0.66176269,0.23486136,-9.6888102,-9.5688617,-9.8932787,-9.206314,8.2302367e-07,1.0149996,5.1442204e-05,8.3337472e-05,7.5641371e-05,7.7963374e-05,6.1973097e-05,6.9870873e-05,5.0513056e-05,0.00010040345,0.15331684,0.20180578,0.19280247,1.1315468,0.15331684,0.20180578,0.19280247,1.1315468,0.033525792,0.044128869,0.042160116,0.24743534,0.079324667,2.8143045,4.5731011,0.36725012,0.89651241,0.62893922,-37.257708,0.0,0.0
1.0,62.0,62.0,-56.468101,0.85977395,0.23862036,4.0,15.0,0.0,67.651082,-8.4263285,0.21449339,-0.20475444,-0.84652071,-0.023399635,1.0237305,0.16793302,-0.44331165,-0.67087993,-1.7317095,0.41516721,0.95004568,-0.0035183393,-1.0852915,-14.234863,0.97017447,1.8198549,-1.8722953,0.25329846,-0.48335552,-0.067058553,-0.028893573,-5.4339884,0.68707885,29983.016,9.305424,0.45659684,0.82823157,-8.470247,-8.6079016,-8.4313476,-8.2067451,-0.0033425831,-1.0310765,-9.5757702,-9.751641,-9.7532353,-8.1403674,3.8428869e-06,0.13605059,0.00020961312,0.00018265679,0.00021792761,0.00027280724,6.9389834e-05,5.8199078e-05,5.8106367e-05,0.00029153007,0.17202983,0.16856662,0.22250351,3.2855439,0.17202983,0.16856662,0.22250351,3.2855439,0.037438635,0.036684941,0.04842316,0.71502879,0.37038512,0.37595228,4.5949813,0.83757553,0.93514044,0.97151985,-34.387088,0.0,0.0
1.0,63.0,63.0,-58.146685,0.99291963,0.23862036,4.0,31.0,0.0,68.486285,-11.484245,0.31888375,0.97085614,1.2483095,-1.7744821,0.60453776,0.4112451,0.30993557,-0.28602106,0.23864315,0.7251021,0.65504135,2.1074394,1.8569744,-10.835364,0.14770432,-1.2907151,-0.61176482,0.46226368,0.28174053,-0.36516432,0.010007847,-5.8389248,1.7354499,75780.277,8.7365893,1.7287377,0.2299945,-11.174655,-11.086179,-12.050099,-11.291468,1.3804599,1.216395,-9.8308003,-9.9874092,-10.735563,-9.6128132,1.6272927e-05,0.6178396,1.40252e-05,1.5322634e-05,5.8439793e-06,1.2478944e-05,5.3769706e-05,4.5975164e-05,2.1757267e-05,6.686645e-05,0.13154195,0.13083416,0.081635582,0.75358489,0.13154195,0.13083416,0.081635582,0.75358489,0.029437179,0.029278786,0.018268858,0.16864136,1.5684173,1.8025513,4.4685652,0.24562618,0.69408259,1.0100581,-37.363313,0.0,0.0
1.0,64.0,64.0,-54.647841,0.9180908,0.23862036,4.0,31.0,0.0,72.93549,-10.341166,0.37849598,1.1846937,0.39217233,-1.1946175,0.24189743,0.13197395,0.33931567,-0.68506734,-0.027821083,0.38307377,0.76474254,2.5124473,1.5421643,-10.031114,0.30949058,-1.4772256,-0.99678202,0.48930354,-0.47823177,-0.14599656,-0.16006554,-6.1409863,1.6916273,55807.031,9.5245325,1.2171525,0.23478348,-9.8927639,-10.19273,-10.793324,-10.249608,1.9213754,1.1793586,-8.6686244,-9.1037824,-9.6176366,-8.2776773,2.7860482e-05,0.29206394,5.0539069e-05,3.7441531e-05,2.0536155e-05,3.5371348e-05,0.0001718954,0.00011124424,6.6544703e-05,0.00025412676,0.42450012,0.32054735,0.2533045,2.8640086,0.42450012,0.32054735,0.2533045,2.8640086,0.052410806,0.039576301,0.03127418,0.35360414,2.685249,1.5518675,8.0994771,0.47686543,0.86416068,0.85208794,-36.805351,0.0,0.0
1.0,65.0,65.0,-56.596379,0.98857836,0.23862036,4.0,15.0,0.0,68.431169,-8.8383603,0.59978859,0.32566347,-1.4892043,0.023065369,0.72439733,0.25811405,0.12010479,0.19365963,-0.58859402,0.22131748,0.10761561,-2.3221892,-2.5537562,-15.463112,0.1550186,0.95903365,-0.52890277,0.28584094,0.30084876,-0.33849332,0.024697991,-7.6119195,0.81856572,175557.58,7.2782014,1.1150175,0.29767938,-8.6430311,-9.7315681,-8.824526,-8.4038751,-0.24990381,-0.27482404,-8.8868544,-9.9564058,-9.2512744,-8.5966537,2.2336819e-07,0.64216636,0.00017635155,5.937911e-05,0.00014708116,0.00022399763,0.00013819368,4.7422876e-05,9.5989245e-05,0.00018472289,0.33842895,0.13514083,0.36073813,2.081827,0.33842895,0.13514083,0.36073813,2.081827,0.068446893,0.027332089,0.072958901,0.42104728,0.021528673,2.0067384,4.944402,0.58978516,0.71284354,1.0250055,-36.012833,0.0,0.0
1.0,66.0,66.0,-54.306126,0.84803981,0.23862036,4.0,15.0,0.0,75.656353,-9.5191332,1.0290877,-0.48692206,0.44546663,-1.985804,-0.17148996,0.33869306,0.36126392,0.15080362,-1.5642849,-0.63203627,0.87059548,1.6265082,-0.31363235,-10.220017,0.2819048,-1.4097632,-1.3108642,0.11547202,0.11610632,0.59488396,-0.10979354,-7.4341985,1.1640234,48902.159,7.9093097,0.51448494,0.67802076,-10.020219,-9.060709,-11.5627,-9.6956114,1.4160307,-0.27304691,-10.170908,-9.2826797,-12.365559,-8.493647,2.4485334e-05,0.27322569,4.4491219e-05,0.00011614061,9.5144417e-06,6.1553034e-05,3.8267559e-05,9.3021516e-05,4.2629077e-06,0.00020476512,0.099439921,0.28657067,0.017520988,2.3077029,0.099439921,0.28657067,0.017520988,2.3077029,0.016073584,0.046321615,0.0028321128,0.37301977,2.3599454,1.1153632,6.1865432,0.43824708,1.8128206,0.8960191,-36.057802,0.0,0.0
1.0,67.0,67.0,-52.095863,0.99654468,0.23862036,4.0,15.0,0.0,61.82936,-9.2962545,0.51010761,0.28491339,-1.7429688,0.65858664,-0.077096302,0.76118825,0.047509376,0.24194415,0.066496345,0.71273844,0.92407814,0.35357282,-0.017724985,-14.191771,0.10400907,0.40085178,-0.30397086,0.80100231,-1.1272807,-0.41602087,0.13401785,-4.5494257,1.2419051,519878.09,11.053824,1.3405919,0.20896198,-9.150918,-10.185356,-8.9603044,-9.3355819,0.32672892,-0.016379271,-9.1311337,-10.01757,-8.9260675,-8.4663249,7.1564689e-07,0.29911556,0.00010612234,3.7718641e-05,0.00012840716,8.8228378e-05,0.0001082428,4.4609204e-05,0.00013287955,0.00021043687,0.26429803,0.12662456,0.4971148,2.3716235,0.26429803,0.12662456,0.4971148,2.3716235,0.064240718,0.030777576,0.12082955,0.57645074,0.068975479,0.78554604,4.1141824,0.79229858,0.6596665,1.1434132,-35.227918,0.0,0.0
1.0,68.0,68.0,-54.851028,0.78788496,0.23862036,4.0,15.0,0.0,72.250395,-9.204181,0.15965639,0.92604911,-1.3509471,-0.58280456,-0.059108657,0.64101647,0.16970819,-0.91731929,-0.030698881,-0.26489653,1.1981435,1.0058289,-0.60134444,-14.485235,0.51063615,0.79405664,0.016441419,0.61390123,-0.42738565,0.14575191,0.15330778,-6.3623674,0.92600885,1715951.3,10.339293,1.7438907,0.24540524,-9.0563313,-9.4198683,-9.2972295,-9.2136181,1.2051275,-0.72049696,-9.6680425,-10.728382,-10.037405,-8.1782936,7.6778092e-07,0.78197606,0.00011665014,8.1096697e-05,9.1677878e-05,9.9672768e-05,6.327359e-05,2.1914061e-05,4.3733118e-05,0.00028068047,0.15877493,0.064492007,0.17056838,3.163269,0.15877493,0.064492007,0.17056838,3.163269,0.022263986,0.0090432989,0.023917706,0.44356484,0.074000261,3.5003646,7.1314691,0.49878983,1.1569091,1.1656837,-36.077003,0.0,0.0
1.0,69.0,69.0,-52.513209,0.99327545,0.23862036,4.0,15.0,0.0,63.625858,-9.3841896,0.32220279,-0.75861476,1.0491687,-0.032819414,0.067988919,0.7614081,-0.13241503,0.62800353,-0.073426031,0.76133428,0.32472752,0.050668149,0.43070945,-12.599076,0.91154925,-0.95408546,-1.638783,0.26845927,-0.15446945,-0.15748055,-0.029541339,-6.932026,1.6714098,5803.19,6.3229278,0.6828359,0.53567854,-9.6286174,-9.0461445,-9.3947641,-9.3622834,0.016453342,0.13986321,-9.5895761,-8.4281143,-9.3108081,-8.766144,1.414447e-06,0.18632706,6.5817987e-05,0.00011784451,8.3158335e-05,8.5903723e-05,6.8438428e-05,0.00021863337,9.0441432e-05,0.00015592367,0.16891863,0.62953329,0.34398258,1.7572598,0.16891863,0.62953329,0.34398258,1.7572598,0.048639479,0.18127173,0.099048482,0.5059963,0.13632723,0.43684931,3.4728708,0.83495599,0.85429343,0.97089074,-35.862825,0.0,0.0
1.0,70.0,70.0,-62.177031,0.41044971,0.23862036,4.0,15.0,0.0,74.521282,-10.425372,0.60127044,0.75594812,-0.38906999,0.63625865,0.79828302,0.18091694,-0.34400024,-0.9250628,0.50272974,0.25785296,1.0800768,0.72823484,-1.6775105,-13.020269,0.0038868544,1.3842348,-0.60904595,0.31148767,-0.65472168,0.45230572,0.1011535,-6.7960034,0.30007797,2691001.0,10.658464,0.33281572,0.35950543,-9.9708431,-10.659309,-10.042809,-9.9453883,0.78654952,-1.8118401,-11.844919,-12.638508,-11.763697,-9.1121889,2.2269246e-06,0.44353273,4.6743139e-05,2.3481243e-05,4.3497425e-05,4.7948246e-05,7.1749221e-06,3.2446332e-06,7.7820046e-06,0.00011031299,0.018409292,0.009831582,0.031384968,1.2432274,0.018409292,0.009831582,0.031384968,1.2432274,0.0087645102,0.0046807341,0.014942121,0.5918902,0.21463544,0.5829472,2.1004359,0.62027756,1.5719325,1.1064465,-35.556983,0.0,0.0
1.0,71.0,71.0,-53.753825,0.94907664,0.23862036,4.0,15.0,0.0,78.431809,-9.3329132,0.46137942,-0.5341065,0.61846625,0.071404549,-0.50740271,0.030274319,1.0417951,0.16077889,-0.45458239,-0.43054371,0.42342099,1.748581,0.0066382049,-13.296642,0.29063959,-0.43587224,-0.9861257,0.13861518,-0.041239961,0.32377312,-0.28970144,-7.500691,2.3592549,202791.36,7.8693869,0.91948034,0.43769487,-9.5793389,-9.0475656,-9.2999686,-9.5670183,0.74038592,0.0028107553,-9.5449885,-9.0398873,-9.31092,-8.8396668,1.4802142e-06,0.37089281,6.9142643e-05,0.00011767717,9.1427106e-05,6.999979e-05,7.1558983e-05,0.0001185842,9.0431312e-05,0.00014487101,0.18175963,0.35460115,0.35922453,1.6326962,0.18175963,0.35460115,0.35922453,1.6326962,0.05130254,0.1000879,0.10139287,0.46083646,0.142666,0.87194975,3.5428973,0.71361977,1.3823336,0.748487,-35.978923,0.0,0.0
1.0,72.0,72.0,-69.021028,0.63006492,0.23862036,4.0,15.0,0.0,80.846703,-5.4542038,0.45336035,0.084570191,-0.42298919,-2.3576694,-0.60456946,0.0033874614,-0.29962676,1.1640916,1.8686775,0.8424385,1.4484152,-1.3918972,-2.9639366,-11.627355,0.19287158,0.014523399,-0.52235577,0.96798269,-1.2114132,-0.10689456,0.30197619,-5.2192449,0.073501156,220793.18,9.2470504,0.66747713,0.47040669,-5.415863,-5.6459703,-6.5230776,-5.7282916,-2.0160451,-4.2930109,-9.7098889,-9.935038,-10.809758,-7.741483,8.9437624e-06,0.18360239,0.0044454996,0.0035317198,0.0014691407,0.0032526292,6.0680452e-05,4.8447106e-05,2.0201404e-05,0.00043442685,0.15013633,0.13994965,0.07712004,4.8959907,0.15013633,0.13994965,0.07712004,4.8959907,0.021825529,0.020344678,0.011211049,0.71173704,0.86201771,0.75371757,6.878932,0.76511829,0.89862042,1.352529,-34.48811,0.0,0.0
1.0,73.0,73.0,-56.937205,0.9744274,0.23862036,4.0,15.0,0.0,82.3273,-8.3048892,2.1224217,-1.1744149,-0.59503458,-1.9349546,0.45792437,0.11839456,-0.75316265,-1.1391519,0.81312032,-0.58204077,0.72083099,-0.88455652,-2.4427447,-13.400711,0.76037391,0.41035966,-1.0166053,0.35775328,-1.1705025,-0.16057989,0.35944167,-6.774573,0.46922696,459940.88,8.5073688,1.3429453,0.77276555,-10.797493,-9.5678035,-12.411679,-7.3329806,-0.63761575,-1.7608061,-12.647469,-11.463479,-14.076216,-8.0395068,2.0685044e-06,0.23803052,2.0450709e-05,6.9944847e-05,4.070768e-06,0.00065362251,3.2156873e-06,1.0506893e-05,7.7050788e-07,0.00032246796,0.0079357514,0.030247732,0.0029298777,3.6342139,0.0079357514,0.030247732,0.0029298777,3.6342139,0.0017632507,0.0067207669,0.00065099178,0.80748877,0.1993666,0.62594321,4.500637,0.81662378,0.85164978,1.4325294,-33.90363,0.0,0.0
1.0,74.0,74.0,-53.216486,0.9858913,0.23862036,4.0,31.0,0.0,68.644991,-10.682539,0.16094323,1.2090068,0.29617419,1.5445322,0.76292446,0.3505813,-0.37491566,0.4628486,-1.6507147,1.3334501,0.84991536,1.5931239,1.1449127,-12.547208,0.71774139,-0.45234282,-0.97582251,0.15047831,0.19435201,0.095695699,-0.25380676,-5.8190472,0.83230139,34325.212,9.3781139,1.1456769,0.2172505,-10.487958,-10.634872,-10.433957,-10.559751,1.3540205,0.97307889,-9.6463171,-9.4995268,-10.039588,-8.7382483,2.5693106e-06,0.3880672,2.7870061e-05,2.4062119e-05,2.9416436e-05,2.5939297e-05,6.4663279e-05,7.4887257e-05,4.3637756e-05,0.0001603345,0.16176539,0.21950122,0.16940769,1.8069698,0.16176539,0.21950122,0.16940769,1.8069698,0.046728545,0.063406472,0.048936147,0.5219724,0.24763529,0.8565316,3.461811,0.68104356,1.1004242,0.77584171,-35.458889,0.0,0.0
1.0,75.0,75.0,-54.43983,0.95029601,0.23862036,4.0,15.0,0.0,63.332286,-11.964272,1.1855851,-0.45472499,0.040416548,1.458917,0.87293422,1.0682491,0.52494941,0.52330716,-1.18992,0.3363754,1.262835,0.24925113,1.4458224,-10.421345,0.33370262,-0.37174951,-0.62193529,0.64853091,0.73011356,0.23322956,-0.006644429,-7.4825905,1.5324013,81494.759,8.0663727,1.083431,0.18870528,-12.503388,-11.916355,-10.234602,-10.929335,0.31476305,1.8258351,-10.116776,-9.5314976,-9.6798978,-10.255239,2.6314275e-05,0.86205683,3.7140503e-06,6.6802502e-06,3.5906148e-05,1.7924635e-05,4.0396165e-05,7.2530921e-05,6.2527894e-05,3.5172755e-05,0.10194874,0.21506586,0.24598816,0.39639695,0.10194874,0.21506586,0.24598816,0.39639695,0.013289254,0.028034331,0.032065125,0.051671259,2.5362224,4.1758951,7.6715173,0.12505997,1.2626713,0.9933776,-39.52543,0.0,0.0
1.0,76.0,76.0,-55.560686,0.87746642,0.23862036,4.0,15.0,0.0,69.975639,-11.914131,1.2804311,-0.96787315,0.97557013,1.4214745,0.87702158,0.94605556,0.49599959,-0.2891862,-2.1657623,0.65944587,0.95594018,0.22915419,1.5389338,-11.134043,0.72235231,-0.036823555,-0.82425595,0.30759866,-0.48158028,-0.20171391,0.24239299,-6.5698875,1.4081263,564017.9,8.2476974,0.81223529,0.10610863,-13.153426,-10.664981,-10.094031,-10.791165,0.2190577,1.4711286,-11.213054,-9.4674383,-10.671834,-9.9482352,1.4223103e-05,0.37817834,1.93883e-06,2.3348431e-05,4.1325493e-05,2.0580524e-05,1.3496852e-05,7.7329246e-05,2.3188971e-05,4.7811936e-05,0.033244862,0.22206168,0.087922032,0.53884052,0.033244862,0.22206168,0.087922032,0.53884052,0.010882668,0.072691639,0.028781177,0.17638883,1.3708511,0.80192469,3.0548449,0.28874431,0.81732873,1.2742949,-37.345944,0.0,0.0
1.0,77.0,77.0,-61.27402,0.35517798,0.23862036,4.0,15.0,0.0,74.150851,-12.536189,0.33588865,-1.0038426,0.70300522,1.2787035,0.58789066,0.12782675,0.68974075,0.00093534662,-1.2471664,-0.132293,1.857834,1.6693263,1.3972811,-10.439758,0.32691615,0.25211282,-0.59371506,0.49533108,0.36647457,-0.32946894,0.35767372,-6.5917769,2.134493,302764.8,9.0381692,0.61983578,0.062690966,-12.873368,-12.300057,-12.106687,-12.338723,3.1013311,2.5959164,-10.189285,-9.7040215,-9.6701918,-9.2543026,3.1758882e-05,0.66219923,2.5654716e-06,4.551483e-06,5.5224612e-06,4.3788557e-06,3.7570756e-05,6.1037537e-05,6.3137744e-05,9.5699015e-05,0.092041799,0.17402133,0.23740914,1.0785279,0.092041799,0.17402133,0.23740914,1.0785279,0.011173835,0.021126114,0.028821368,0.13093282,3.0609846,3.5942767,8.2372614,0.19205414,0.71930562,1.429999,-38.587004,0.0,0.0
1.0,78.0,78.0,-61.55225,0.92770586,0.23862036,4.0,31.0,0.0,78.97468,-8.3828296,0.35580221,0.24292631,-0.65288091,-1.3464517,-0.48707112,1.0920014,-1.1049219,-0.23093333,-1.2609978,-0.50143,0.097692247,0.79678202,-0.61866183,-15.060955,0.45378021,-0.96151701,-1.7591131,0.023284682,-0.14793243,-0.30301863,0.017922171,-6.762786,0.15243667,291929.5,9.4428936,1.3471509,0.059993731,-8.2963958,-8.615126,-8.8619001,-8.5561305,0.077839426,-0.060438464,-9.5634105,-8.927744,-10.29935,-9.0258534,1.8604596e-07,0.17160539,0.00024941414,0.00018134196,0.0001416856,0.00019236219,7.0252792e-05,0.00013265696,3.3654967e-05,0.00012026014,0.17229129,0.37874927,0.1267563,1.3553317,0.17229129,0.37874927,0.1267563,1.3553317,0.074807718,0.16445038,0.05503673,0.58847591,0.017931482,0.25206178,2.3031218,0.88277074,0.73858534,1.0180837,-35.799577,0.0,0.0
1.0,79.0,79.0,-56.035042,0.9831744,0.23862036,4.0,15.0,0.0,71.077237,-11.315104,1.0470269,-0.63579908,0.9272287,0.38432666,0.62648939,0.57668069,-1.1889079,-0.52377589,0.1838772,0.61304767,2.0812054,0.54945041,-0.81350886,-11.200153,0.27750949,0.48610329,-0.20271452,1.1931617,-0.83857337,0.28784382,-0.010704119,-8.6629938,0.28805602,54657.845,7.8865049,1.048162,1.1283493,-11.980803,-10.344271,-10.912704,-10.659153,1.1435192,-1.6930791,-14.359502,-12.339402,-12.499745,-9.1621012,1.5646637e-05,0.30021146,6.263301e-06,3.2176603e-05,1.8225223e-05,2.3484894e-05,5.8042661e-07,4.3758862e-06,3.7276047e-06,0.00010494216,0.0014704311,0.013040339,0.014749147,1.1826981,0.0014704311,0.013040339,0.014749147,1.1826981,0.00043316192,0.0038414437,0.0043448269,0.34840109,1.5080542,0.67463315,3.3946454,0.35702052,1.333549,0.98935297,-35.912984,0.0,0.0
1.0,80.0,80.0,-55.609526,0.83850577,0.23862036,4.0,15.0,0.0,73.786646,-10.034164,0.86426183,0.91421247,1.1712976,0.36393371,1.0955333,0.73757465,-1.6488447,-0.37079927,-1.4121088,0.55137375,0.61802446,-0.45518901,-0.062762866,-12.277318,0.093979849,-0.28258502,-0.73663813,0.12532447,0.083889707,-0.79206677,0.40311746,-5.4781863,0.19939387,123230.01,8.3350421,1.3508476,0.24728405,-9.244045,-9.021856,-9.7196299,-9.0873363,-0.28131794,-0.038788986,-10.49898,-9.3341372,-10.799955,-8.961975,4.5341398e-06,0.48378016,9.6685709e-05,0.00012074182,6.0092238e-05,0.0001130889,2.7564552e-05,8.8355936e-05,2.0400431e-05,0.00012819283,0.066529677,0.24696462,0.074970166,1.4447332,0.066529677,0.24696462,0.074970166,1.4447332,0.020103522,0.074626225,0.022654016,0.43656045,0.43700946,1.0391472,3.3093543,0.55394421,0.45290777,1.4964827,-35.867632,0.0,0.0
1.0,81.0,81.0,-55.510797,0.97275042,0.23862036,4.0,15.0,0.0,62.4494,-10.443279,0.40887514,-0.93277145,-1.2317292,0.32362726,-0.32420777,0.63003481,0.51896644,0.19591369,0.6011869,-0.36420131,0.88056476,2.1934522,0.15464137,-12.427474,0.075357674,-0.021441857,-0.97656196,0.69459614,-0.52601043,0.74657284,-0.39946803,-9.4782069,2.42735,81238.416,8.5471051,1.0771632,0.8033382,-10.824666,-10.946902,-10.310955,-10.575839,1.9314767,0.13617174,-10.361527,-10.687298,-9.7960151,-8.8738219,4.0005053e-06,0.26134164,1.990249e-05,1.7612493e-05,3.3266639e-05,2.5525333e-05,3.1626125e-05,2.2833132e-05,5.567301e-05,0.00014000647,0.083459034,0.071765654,0.23411182,1.577873,0.083459034,0.071765654,0.23411182,1.577873,0.029518197,0.025382425,0.082801805,0.55806978,0.3855767,0.47458958,2.8273758,0.69577221,2.1097571,0.67067673,-35.414036,0.0,0.0
1.0,82.0,82.0,-57.627412,0.97816092,0.23862036,4.0,31.0,0.0,64.465538,-8.9278921,0.75321242,0.97054575,0.76750095,-0.48544122,0.2188487,0.1999092,0.16621339,-0.20733373,-0.61792133,-0.10034253,0.48302587,-1.353837,-1.4225117,-13.113336,0.10035091,-0.10709104,-0.79663853,0.21551032,0.10088485,-0.91815255,0.45185981,-4.5616148,0.072678475,124087.85,8.5151865,1.0210336,0.22305806,-8.196865,-8.3498008,-9.2935324,-8.7630525,-0.6539383,-0.68710995,-8.8507473,-9.0783587,-10.104171,-9.4370502,1.9965645e-06,0.46075133,0.00027551597,0.00023644361,9.2017439e-05,0.00015640645,0.00014327462,0.00011410874,4.0908588e-05,7.9715205e-05,0.34476156,0.31766091,0.14963387,0.89839036,0.34476156,0.31766091,0.14963387,0.89839036,0.12808542,0.11801702,0.055591807,0.33376897,0.19243288,0.78877378,2.6916534,0.63546322,0.39925596,1.5712317,-36.971777,0.0,0.0
1.0,83.0,83.0,-59.570339,0.99997854,0.23862036,4.0,15.0,0.0,68.853521,-7.8504491,0.53244133,0.33426504,0.17775856,-0.29836015,0.90011545,1.3786335,-0.68571893,-0.68579599,-0.8963225,0.25166304,0.35354928,-2.0246781,-1.5984367,-13.429317,0.61665977,-0.80090344,-1.1507715,0.573464,-0.093157268,-0.35853802,0.72605172,-7.6952073,0.043615753,53769.199,8.3137442,1.1358109,0.19952554,-7.6724726,-7.7558031,-8.0093084,-7.3711904,-0.71582349,-0.56512615,-9.1829538,-9.2663906,-9.8101348,-7.7400628,8.9790507e-07,0.2999337,0.00046546551,0.00042825015,0.00033235451,0.00062911882,0.0001027765,9.4549166e-05,5.4892448e-05,0.00043504426,0.25149644,0.2691556,0.20604336,4.9029488,0.25149644,0.2691556,0.20604336,4.9029488,0.036004132,0.038532211,0.029497088,0.70190423,0.086541886,1.2690244,6.9852105,0.80593766,0.69869706,2.0669038,-34.699754,0.0,0.0
1.0,84.0,84.0,-59.984133,0.99309723,0.23862036,4.0,15.0,0.0,68.604172,-12.261959,0.70515142,-0.24547561,-0.5259134,-0.031781462,1.8769958,0.028925673,0.20934047,0.33687627,1.0485965,-0.30237825,1.2269778,2.0054627,0.36516376,-11.430907,0.63171632,0.28955317,-0.61901996,0.28784424,-0.520999,0.36092077,-0.7314376,-6.6238395,0.081479023,182589.08,8.8637977,0.62592906,0.54960654,-12.435057,-12.632808,-12.28437,-10.938393,2.4606583,0.44804784,-11.980954,-12.175016,-11.805991,-8.4864814,1.3033449e-05,0.46348256,3.9767052e-06,3.2631811e-06,4.6234462e-06,1.7762995e-05,6.262358e-06,5.1577206e-06,7.4597326e-06,0.00020623765,0.015950929,0.015479745,0.029757529,2.3242983,0.015950929,0.015479745,0.029757529,2.3242983,0.0030767993,0.0029859119,0.0057399756,0.44833748,1.2561899,1.5425842,5.1842606,0.46014017,1.4346498,0.4812167,-35.482166,0.0,0.0
1.0,85.0,85.0,-61.784785,0.076554239,0.23862036,5.0,47.0,0.0,81.316409,-12.262297,0.043468206,0.63011303,0.3357027,-0.58940842,1.1484357,0.6098404,-0.99208681,0.31651858,0.91605258,1.4354625,1.1609655,2.1205887,1.6218789,-10.829055,0.36550596,-0.86751102,-0.21425548,1.0030834,-1.4734977,0.36115139,-0.18565239,-6.3378335,0.28081158,1240946.2,6.6084058,1.0161629,0.82984921,-12.234907,-12.247705,-12.287918,-12.212377,2.4619303,1.8829454,-10.956976,-10.171734,-9.8463264,-8.8750434,1.4430953e-05,0.18409625,4.8578857e-06,4.7961131e-06,4.6070738e-06,4.9685789e-06,1.7435949e-05,3.8235984e-05,5.2941323e-05,0.00013983556,0.044412106,0.11475941,0.2111932,1.5759468,0.044412106,0.11475941,0.2111932,1.5759468,0.011671688,0.030159257,0.055502462,0.41416545,1.3908841,0.46791844,3.8051141,0.51149886,1.4349807,0.83056226,-35.70339,0.0,0.0
1.0,86.0,86.0,-63.382019,0.95069004,0.23862036,4.0,15.0,0.0,73.928727,-12.095838,0.080798698,0.58795656,-0.020128331,-0.8378741,1.1918156,0.20794592,-1.7467726,-0.48850058,0.75504776,1.5994009,1.7543557,1.0126164,1.7858499,-10.485948,0.30758145,-0.093715861,-0.53884586,0.4694883,-1.0818463,0.35682474,0.11031359,-7.5676303,0.33916499,3196247.0,7.0371337,0.76370614,0.56899341,-12.048331,-12.097464,-12.163537,-11.99954,1.7764894,3.1330159,-9.2785498,-9.0660297,-8.8735117,-9.8904621,2.7132627e-05,0.35107337,5.8543158e-06,5.5736307e-06,5.2172679e-06,6.1470369e-06,9.3406484e-05,0.00011552429,0.00014004991,5.0655532e-05,0.23784231,0.34657807,0.55840858,0.57088785,0.23784231,0.34657807,0.55840858,0.57088785,0.041180928,0.060007853,0.096684998,0.098845706,2.6150969,1.4467315,5.7755452,0.29671949,1.4287854,1.1166282,-38.42565,0.0,0.0
1.0,87.0,87.0,-63.470914,0.80345826,0.23862036,5.0,31.0,0.0,80.388623,-8.7422624,0.65005095,-0.7217688,-0.35019818,1.0551786,-0.26602722,0.52456064,1.7163036,1.8221502,-1.0272073,-0.097825632,0.16814754,-1.1788854,-2.2152679,-13.487836,0.6127298,-1.059247,-1.8657602,0.40171707,-1.0018587,0.23628762,0.25494043,-5.5941901,0.051647648,206871.21,10.790838,1.0160062,0.5743344,-9.2114489,-8.969909,-8.0563425,-8.9151936,-0.19822669,-0.37249185,-8.6836354,-8.3865726,-8.9676669,-9.1647358,7.2516375e-07,0.10349583,9.9889212e-05,0.00012717976,0.00031708441,0.00013433235,0.00016933435,0.00022790706,0.00012746524,0.00010466605,0.4274421,0.67596621,0.50161296,1.1795863,0.4274421,0.67596621,0.50161296,1.1795863,0.13894299,0.21972745,0.16305273,0.38343263,0.069892733,0.2218845,3.0763849,0.90515581,1.2665385,1.2903847,-36.957569,0.0,0.0
1.0,88.0,88.0,-60.381464,0.93574568,0.23862036,4.0,15.0,0.0,75.341449,-10.368176,0.28800542,-0.76550375,-0.28909118,0.76125131,0.88430079,0.21150137,1.240964,-0.94769904,-0.60033585,0.16749548,0.50925025,0.44197697,-1.2721202,-14.9004,0.34591516,0.71989648,0.21629087,0.33493036,-0.076520059,-0.37995151,0.36858165,-7.3113105,0.053967694,174773.02,4.9182797,1.0544426,0.46077569,-10.588645,-10.451436,-10.148932,-10.113493,0.22507688,-0.64782754,-10.974007,-11.299703,-10.923731,-9.8529904,4.3349891e-07,1.2100504,2.5200533e-05,2.8906733e-05,3.9117849e-05,4.0529001e-05,1.7141513e-05,1.2376597e-05,1.8025357e-05,5.2589695e-05,0.041911165,0.035194313,0.067574291,0.59268586,0.041911165,0.035194313,0.067574291,0.59268586,0.015801984,0.013269494,0.025477885,0.22346342,0.041781492,1.8731252,2.6522724,0.27801279,0.68389457,1.4456827,-37.761708,0.0,0.0
1.0,89.0,89.0,-63.146665,0.97421801,0.23862036,4.0,15.0,0.0,74.040652,-8.528438,0.82279776,0.47787735,0.89503644,-0.84488992,-0.55213352,0.83531028,0.80489645,0.26707334,0.13853867,0.49028513,2.0167041,-0.22553339,-1.6803476,-11.658733,0.30639362,-0.062619286,-2.2086729,0.0063521851,0.060940968,0.18569142,-0.5168112,-8.3103212,0.030838579,231255.61,9.1174167,1.1696691,0.27113777,-8.1352416,-7.792004,-9.2236115,-8.9827322,-0.45483413,-3.388764,-10.851667,-10.957679,-12.496653,-9.0280261,8.4789906e-06,0.10988886,0.00029302823,0.00041302434,9.868165e-05,0.00012555932,1.9372281e-05,1.7423705e-05,3.739148e-06,0.00011999912,0.048735833,0.051449598,0.014639872,1.3523901,0.048735833,0.051449598,0.014639872,1.3523901,0.019867242,0.020973512,0.0059679677,0.55130403,0.81722207,0.16863747,2.4530749,0.59811275,1.2040507,0.59641938,-35.364926,0.0,0.0
1.0,90.0,90.0,-58.744357,0.99092915,0.23862036,4.0,15.0,0.0,76.55671,-10.040964,0.96333765,-0.51161348,-1.2018385,-0.190516,1.8200197,0.049477091,0.071674875,-0.08380395,-0.607328,-0.20064651,0.1513476,-0.47715866,-0.48196505,-13.569387,0.14615747,-0.56510874,0.39796837,1.0762155,-0.75154433,0.1301809,0.44898306,-6.762126,0.08287485,150350.04,8.849366,1.1476662,0.6967759,-10.53382,-11.19874,-10.224495,-8.2876702,-0.07221682,-0.072944255,-10.603218,-11.275831,-10.327488,-8.3698145,1.1776596e-06,0.66308288,2.6620732e-05,1.3691437e-05,3.6270893e-05,0.00025159995,2.4835953e-05,1.2675613e-05,3.2721178e-05,0.00023175855,0.062261465,0.037256128,0.12743233,2.6119189,0.062261465,0.037256128,0.12743233,2.6119189,0.012232472,0.0073196887,0.025036553,0.51316211,0.11350519,2.1374774,5.0898514,0.55775082,1.1390344,1.5667181,-35.339332,0.0,0.0
1.0,91.0,91.0,-61.275491,0.18912986,0.23862036,4.0,31.0,0.0,77.830922,-11.956592,0.37465804,0.40115835,-0.40094866,-0.33341221,-1.4717011,0.35354023,-0.12470714,0.8577059,-0.17303416,0.34232525,0.58047617,-0.98738629,0.28333149,-10.386566,0.3644757,-1.206871,-1.9572362,0.040517466,-0.62362321,-0.23907898,-0.40940707,-8.4174083,0.24853799,66798.721,5.0436557,1.1022579,0.26317013,-11.806295,-12.106811,-12.081508,-12.507977,-0.57315421,0.16446718,-11.685917,-11.63911,-11.978215,-12.960105,1.9867194e-05,0.13772397,7.4574639e-06,5.521776e-06,5.6632766e-06,3.6970438e-06,8.4114476e-06,8.8145192e-06,6.2795308e-06,2.352327e-06,0.020684422,0.02525663,0.02374889,0.026510726,0.020684422,0.02525663,0.02374889,0.026510726,0.009245641,0.011289353,0.010615414,0.011849915,1.9148399,0.22616748,2.237208,0.043000323,0.7873527,0.66404387,-38.174692,0.0,0.0
1.0,92.0,92.0,-58.463461,0.68828263,0.23862036,4.0,31.0,0.0,72.636788,-9.4086753,0.60990769,-0.44983669,1.7493524,-0.013128038,1.4444902,0.35242627,-0.26266328,-1.1703822,-0.22097405,-0.16726481,0.072141798,0.13979075,-0.78453865,-12.977428,0.011674819,1.079102,-0.0072326339,0.57634229,-0.17894503,0.077143603,0.3478163,-7.2446762,0.80676879,326856.74,11.095926,0.68871092,0.7753712,-9.6830342,-8.3417318,-9.4166822,-8.5276696,0.010084756,-0.056598029,-9.8322017,-8.8108033,-9.5511573,-8.5765334,2.3412396e-06,0.89550612,6.2332088e-05,0.00023835919,8.135549e-05,0.00019791565,5.3694409e-05,0.00014911343,7.1118908e-05,0.00018847722,0.13417733,0.43643135,0.27563293,2.1241383,0.13417733,0.43643135,0.27563293,2.1241383,0.018407082,0.059871724,0.037812633,0.29139938,0.22565335,4.0934068,7.2894401,0.40749082,1.0801972,1.4159721,-37.316175,0.0,0.0
1.0,93.0,93.0,-52.759118,0.92641597,0.23862036,4.0,15.0,0.0,67.100185,-9.1569864,0.56237108,1.2209737,-0.91220318,-0.56822651,0.14714246,0.28986931,1.3087909,0.92031105,-0.76805655,1.4414982,0.18764774,-0.26802988,-0.21821615,-12.264376,0.46229966,-0.65037346,-1.8182623,0.34837619,-1.0722623,-0.030796678,-0.34011832,-6.9985323,1.2443236,46327.228,8.9518173,1.4609441,0.21164978,-8.470346,-9.669983,-9.4765405,-9.0742377,-0.050295203,-0.040947769,-8.1319155,-9.4441609,-9.7401243,-8.7066868,3.4919729e-06,0.11171403,0.00020959236,6.3150926e-05,7.6628575e-05,0.00011457995,0.0002940045,7.9150387e-05,5.8873217e-05,0.0001654756,0.73027056,0.22982354,0.22609053,1.86491,0.73027056,0.22982354,0.22609053,1.86491,0.20114569,0.063302583,0.062274365,0.51367071,0.33656333,0.24289747,3.6305554,0.84039335,0.96967271,0.71168611,-35.52825,0.0,0.0
1.0,94.0,94.0,-59.121152,0.94652267,0.23862036,4.0,15.0,0.0,68.483272,-8.7060669,0.78463251,-1.7671171,-0.21066311,-1.3298259,0.066048554,0.17259827,1.2884851,-1.483161,1.8790038,0.27689293,0.14803545,-1.0180305,0.23747833,-16.535609,0.41125221,0.91052096,-0.55259912,0.27168647,0.12474825,0.11866186,0.44767812,-8.0438101,0.53780592,53630.736,9.6837329,0.72128949,0.86351508,-10.092604,-8.87136,-9.7494915,-8.654243,-0.15070461,0.035155212,-9.8350589,-9.0921958,-9.3900235,-8.7571564,9.5785442e-08,0.59528993,4.1384489e-05,0.00014035158,5.8324312e-05,0.00017438535,5.3541211e-05,0.00011254068,8.3553491e-05,0.00015733136,0.13412794,0.33047095,0.32504953,1.7731244,0.13412794,0.33047095,0.32504953,1.7731244,0.031824666,0.078411164,0.077124818,0.42071096,0.0092319925,1.6425857,4.2145905,0.6080716,1.1259891,1.564675,-36.119684,0.0,0.0
1.0,95.0,95.0,-56.367541,0.9661032,0.23862036,4.0,15.0,0.0,71.472148,-9.6323568,0.33952249,-1.1685004,1.0273195,-2.1121183,1.3454544,0.97854452,0.41204568,-2.3296019,0.22497556,0.83645222,0.21692442,-0.75227338,0.049887785,-13.669941,0.61836067,0.4047572,-1.6730929,0.35696039,0.79242771,-0.36286899,0.13500807,-7.6730491,0.60929821,268655.14,8.4265332,1.4668601,0.50093313,-10.029089,-9.2835587,-10.349468,-9.1755448,-0.16318647,0.010821879,-9.6150621,-11.552356,-10.118498,-8.5202255,1.4856548e-06,0.24901861,4.4098315e-05,9.2939787e-05,3.2009799e-05,0.0001035408,6.6716247e-05,9.6133668e-06,4.032665e-05,0.00019939446,0.16322878,0.027360529,0.15133047,2.2471755,0.16322878,0.027360529,0.15133047,2.2471755,0.050826952,0.0085196515,0.047121999,0.69973618,0.14319038,0.47917543,3.2114611,0.80620478,0.69567757,1.144546,-34.637662,0.0,0.0
1.0,96.0,96.0,-54.444926,0.91530788,0.23862036,4.0,15.0,0.0,72.133659,-8.4688686,0.50589046,-0.65662421,0.66646635,-2.0247946,0.67326789,0.32189275,-0.48680659,-1.1430954,-0.38528106,1.3073363,0.27260454,-0.4539154,-0.13809635,-16.21446,0.23574822,1.4318613,-1.5906298,0.32257795,1.3067154,-0.04359599,0.082268449,-6.7335115,1.2025499,152864.09,8.0733616,0.87395314,0.29589196,-8.8010486,-8.1317097,-9.4931929,-8.1282688,-0.1237394,-0.037645693,-8.9953938,-8.5373095,-9.6548578,-7.8311862,1.2727682e-07,0.31064259,0.00015057511,0.00029406502,7.5363093e-05,0.00029507859,0.00012397957,0.00019601694,6.4113362e-05,0.00039715411,0.30774188,0.56865328,0.24596123,4.4759269,0.30774188,0.56865328,0.24596123,4.4759269,0.044285623,0.081832101,0.035395073,0.64410866,0.012267195,1.3384741,6.9490245,0.80562145,0.95734065,1.0857472,-35.089279,0.0,0.0
1.0,97.0,97.0,-57.35785,0.89929152,0.23862036,5.0,31.0,0.0,72.47552,-9.7363338,0.1345924,0.72394874,-0.94725649,0.63469251,-1.1045383,0.21800049,-0.22151237,0.72839781,-0.57642425,-0.012706934,0.041004966,-0.22460802,0.66422091,-10.025932,0.655521,-1.6488271,-0.14864146,0.31137073,-2.3807588,0.0043196813,0.0038260296,-8.4692351,0.4807353,67650.8,8.5666071,0.93332076,0.74431342,-9.6388958,-9.8638274,-9.6509091,-9.8849963,-0.0092100441,0.027236356,-9.6599493,-9.6777999,-9.7493335,-9.8969765,1.5010324e-05,0.41068036,6.5144945e-05,5.2022857e-05,6.4367027e-05,5.0933163e-05,6.3787756e-05,6.2659206e-05,5.8333532e-05,5.0326616e-05,0.15874149,0.18239525,0.22466491,0.56718096,0.15874149,0.18239525,0.22466491,0.56718096,0.044171693,0.050753632,0.062515662,0.1578248,1.446725,1.0140303,3.593738,0.31526578,1.004329,1.0038334,-37.561056,0.0,0.0
1.0,98.0,98.0,-54.987581,0.8824598,0.23862036,4.0,15.0,0.0,67.754772,-9.6684494,0.25725376,-0.13591442,0.67883555,1.0175608,-0.50813314,0.69594141,1.6491923,-0.53668271,-0.87811853,1.2928045,0.19859784,-0.43747832,0.47105777,-12.947576,0.088665777,0.41795712,-1.5098009,0.52964652,0.43329166,-0.12715359,-0.11251694,-9.3212754,1.4758012,281523.83,10.481954,0.60891259,0.24218032,-9.7034139,-9.4938164,-9.406678,-9.7991685,-0.086882248,0.093551056,-8.4621216,-9.773765,-9.924246,-8.9863346,2.4719159e-06,0.27795128,6.1074639e-05,7.531612e-05,8.2173474e-05,5.5497725e-05,0.00021132326,5.6925621e-05,4.8972776e-05,0.00012510782,0.52234067,0.16422619,0.18667401,1.4099652,0.52234067,0.16422619,0.18667401,1.4099652,0.17214892,0.054124371,0.061522548,0.4646852,0.2382482,0.51278307,3.0342373,0.75248104,0.88059841,0.89358221,-35.910819,0.0,0.0
1.0,99.0,99.0,-52.802478,0.97945026,0.23862036,4.0,31.0,0.0,64.276028,-9.4072127,0.17200021,-0.072958523,-1.9926667,0.74499101,0.57216064,0.42929024,1.7921184,0.8519138,0.35698369,1.0474483,0.36780501,0.069635749,-0.35866274,-13.78609,0.5608184,0.33230839,-0.61452754,0.28779632,0.83949818,-0.058014548,0.26976355,-9.5012804,1.2118641,199107.64,9.7746875,0.85768242,0.49686299,-9.4197616,-9.7499518,-9.2790741,-9.3088009,0.025612377,-0.13191795,-8.7823406,-9.5161515,-9.2577424,-8.8335292,1.2408362e-06,0.68871822,8.1105354e-05,5.8297474e-05,9.3357525e-05,9.0623142e-05,0.00015341857,7.3652574e-05,9.5370388e-05,0.0001457629,0.38052938,0.21345721,0.36545586,1.6427479,0.38052938,0.21345721,0.36545586,1.6427479,0.079030018,0.044331733,0.075899481,0.34117311,0.11959427,2.0932135,4.8149981,0.54043435,0.94363622,1.3096547,-36.577109,0.0,0.0
1.0,100.0,100.0,-57.911693,0.9477822,0.23862036,4.0,15.0,0.0,66.444743,-10.597891,0.020754465,-1.4915083,-0.94557674,1.5214972,2.1471033,0.62723965,0.6273247,0.0096625928,-0.37351871,0.81244809,0.270054,0.4979522,-0.46660097,-10.90462,0.44060903,-0.73754385,-0.019617693,0.35577378,-1.541141,0.14547688,-0.47425245,-7.2972089,1.1014075,343217.46,9.7407133,1.2232932,0.66167648,-10.628846,-10.617516,-10.566313,-10.553329,0.13447398,-0.12600746,-10.361371,-10.737462,-10.926606,-9.9092552,1.3275526e-05,0.56670564,2.4207543e-05,2.4483387e-05,2.5769654e-05,2.6106432e-05,3.1631066e-05,2.1715973e-05,1.7973607e-05,4.9712447e-05,0.079371719,0.063907593,0.070099028,0.56025928,0.079371719,0.063907593,0.070099028,0.56025928,0.024182639,0.019471095,0.021357475,0.17069743,1.2795218,1.2290183,3.2821777,0.23570864,1.156591,0.62235012,-37.34255,0.0,0.0
1.0,101.0,101.0,-72.261897,0.88329348,0.23862036,5.0,31.0,0.0,83.115806,-10.543482,0.37105203,-1.6930048,-1.1465227,-3.0848161,1.9564037,0.36931367,-2.7362189,-0.62572617,-1.2754678,0.48582309,0.23212749,-0.23142179,-0.17482119,-11.628575,0.25211108,-0.33250363,0.48411955,0.76568795,-1.4506991,0.19048081,-0.48001933,-7.4538875,0.016544109,861517.5,10.210058,0.94721035,1.0710652,-11.171675,-10.968902,-11.688109,-9.8175545,-0.053719359,-0.040580804,-12.222779,-11.240572,-12.199738,-9.6918528,8.1915858e-06,0.53437188,1.4067056e-05,1.7229256e-05,8.3930266e-06,5.4486667e-05,4.9171631e-06,1.3130514e-05,5.0317745e-06,6.1784825e-05,0.012374223,0.038788386,0.019710195,0.69631497,0.012374223,0.038788386,0.019710195,0.69631497,0.0051608959,0.016177405,0.0082204972,0.29041089,0.78952143,0.84097974,2.3976889,0.31996969,1.2098312,0.61877143,-36.769426,0.0,0.0
1.0,102.0,102.0,-58.812444,0.91886961,0.23862036,4.0,15.0,0.0,84.684443,-10.347608,1.0251876,1.1125982,-0.44624991,0.14090136,1.8411153,0.58847828,-1.2984851,-0.38425459,0.7537497,1.0371911,0.92252138,0.91158218,0.33343648,-10.100639,1.043233,-0.98521082,-1.2430816,0.16471291,0.0022984807,-0.05151157,0.31028917,-9.4396985,0.054705594,40414.065,8.7365012,1.211495,0.16773102,-9.2069863,-10.805098,-10.203158,-8.4601195,0.84095405,0.30760228,-9.6635143,-10.723621,-9.4519902,-7.008801,1.4688538e-05,0.28860307,0.00010033597,2.029577e-05,3.7053126e-05,0.00021174677,6.3560759e-05,2.2018638e-05,7.8533111e-05,0.00090389171,0.15770516,0.063842083,0.30109074,10.18686,0.15770516,0.063842083,0.30109074,10.18686,0.010724297,0.0043414017,0.02047483,0.69272879,1.4157107,2.5801999,14.705408,0.72826932,0.94979266,1.3638194,-37.250147,0.0,0.0
1.0,103.0,103.0,-59.959035,0.76222769,0.23862036,4.0,15.0,0.0,80.720137,-10.570288,0.2206529,-1.1500391,-0.60410541,-0.24658888,1.7726373,0.39558036,-0.96808117,1.0238964,1.0850895,1.2989375,0.96252575,-0.0089960283,-0.1909013,-11.381034,0.34135864,-1.2274095,-0.89823501,0.51916578,-0.41851756,0.63175088,0.56500499,-5.5728572,0.059230185,275796.41,9.9648067,1.3444949,0.17143022,-10.824048,-10.703586,-10.624699,-10.179151,-0.0086589089,-0.18374742,-11.390749,-10.4823,-10.379206,-9.6739756,7.5044039e-06,0.32774644,1.991479e-05,2.2464236e-05,2.4308148e-05,3.7953423e-05,1.1299533e-05,2.802818e-05,3.1071913e-05,6.2899295e-05,0.02946695,0.086746916,0.12838567,0.70887506,0.02946695,0.086746916,0.12838567,0.70887506,0.013664218,0.040225703,0.059534151,0.32871483,0.72328945,0.47974058,2.1565046,0.44213891,1.8809009,1.7594566,-36.785807,0.0,0.0
1.0,104.0,104.0,-64.684566,0.98091651,0.23862036,4.0,15.0,0.0,79.229422,-9.8332678,0.16406866,-0.31546259,0.33123934,-0.62634305,3.4986092,0.21188313,-1.039489,-0.41511181,1.0675503,0.086926433,0.40433252,0.64316876,1.2746374,-11.867105,0.76027631,-2.3339816,-0.31276947,0.61595364,-1.2437081,0.28984999,0.38108751,-10.235751,0.097610672,43457.513,8.1984478,0.71608404,0.3600013,-9.8850253,-9.7789218,-9.9360311,-9.2592557,0.26005405,0.51537737,-9.5898982,-9.3514996,-9.1944578,-8.9807834,1.1899777e-06,0.33999104,5.0931685e-05,5.6632824e-05,4.8399016e-05,9.5226177e-05,6.8416388e-05,8.68351e-05,0.00010160094,0.00012580425,0.17334844,0.25882136,0.40209512,1.417814,0.17334844,0.25882136,0.40209512,1.417814,0.056602641,0.084511708,0.13129421,0.46295204,0.11469243,0.69577907,3.0625504,0.7353606,1.336227,1.4638757,-36.102612,0.0,0.0
1.0,105.0,105.0,-60.082818,0.59502447,0.23862036,4.0,15.0,0.0,78.212151,-10.671017,0.93342934,0.47518258,0.31522626,0.45169619,-1.5871954,0.24937576,1.3539302,0.33636505,0.33579756,0.26221986,0.35041938,0.90162132,-2.4415049,-11.433523,0.41865812,2.1289613,-1.4931437,0.16466112,-0.037047312,-0.31128653,-0.34363298,-2.6566677,1.8667843,178173.68,8.4063596,1.1730277,0.65351962,-10.227468,-10.376776,-10.249391,-12.152552,0.31594558,-0.85555063,-10.745381,-11.148445,-11.021202,-11.771215,2.6398155e-05,0.22329893,3.6163217e-05,3.1147518e-05,3.5379042e-05,5.274893e-06,2.1544687e-05,1.4397653e-05,1.6351322e-05,7.7237134e-06,0.052819397,0.041088395,0.061552938,0.08704625,0.052819397,0.041088395,0.061552938,0.08704625,0.015898854,0.012367775,0.018527685,0.026201276,2.544307,0.53540014,3.3222141,0.07299559,0.73250396,0.70918917,-37.934552,0.0,0.0
1.0,106.0,106.0,-59.471692,0.67307502,0.23862036,4.0,31.0,0.0,78.826874,-10.909802,0.38865105,0.024080479,0.53786638,-0.88134706,-0.73719242,0.30983388,0.94128508,-0.75477724,1.037016,2.4121023,0.14756653,0.77038306,-1.5987691,-10.292192,0.44920539,-0.75769475,-1.0537085,0.2643472,-1.7909894,-0.70578034,-0.20748285,-2.847315,1.2547931,55471.99,9.2501372,1.4148629,0.33468204,-10.900443,-10.700759,-11.252338,-11.196312,0.11368276,-0.23592482,-10.844726,-11.17054,-11.16696,-10.335278,2.4117994e-05,0.21715333,1.8450064e-05,2.2527826e-05,1.2976921e-05,1.3724716e-05,1.9507227e-05,1.4083035e-05,1.4133535e-05,3.2467256e-05,0.047190837,0.03948435,0.052124355,0.36590597,0.047190837,0.03948435,0.052124355,0.36590597,0.014117459,0.011812011,0.015593354,0.10946325,2.3245405,0.5134829,3.3427289,0.15098607,0.49372315,0.81262718,-37.291463,0.0,0.0
1.0,107.0,107.0,-57.576276,0.97038537,0.23862036,4.0,15.0,0.0,72.151645,-9.3106296,0.17664973,0.15129569,-0.55570399,-1.712486,-0.78809298,1.1833072,-1.4366104,-0.13141804,-1.4206548,0.35126831,0.26186491,-0.13864597,-0.64677069,-12.96485,0.1379283,1.8814117,-1.015653,0.55792349,1.4995976,0.38029842,0.17181598,-7.1870759,1.056959,56332.993,6.1667238,0.71312147,0.3527055,-9.2839033,-9.4087946,-9.6131398,-9.449846,-0.036306516,-0.16936655,-11.153221,-9.7336691,-11.463577,-9.0704942,3.034846e-06,0.83611236,9.2907769e-05,8.1999731e-05,6.6844614e-05,7.8701681e-05,1.4329056e-05,5.9254487e-05,1.0505859e-05,0.00011500968,0.036552419,0.1781884,0.042003167,1.2961591,0.036552419,0.1781884,0.042003167,1.2961591,0.0093806096,0.04572928,0.010779459,0.33263907,0.29250453,2.0511855,3.8965931,0.39852842,1.462721,1.1874593,-36.417006,0.0,0.0
1.0,108.0,108.0,-58.266243,0.80308746,0.23862036,4.0,15.0,0.0,75.96336,-8.4959912,0.19399795,1.1063719,-0.29277978,-1.7889623,-0.90514914,0.46921275,-1.2371225,-1.2906586,-0.0018046886,-0.4599794,0.10618381,-0.17013951,-0.85858888,-13.874445,0.13184535,0.84315235,-1.2878143,0.24406144,1.4839141,0.81796946,0.39346941,-5.9368846,1.2220125,130677.32,6.9088238,1.4931385,0.38712323,-8.2813573,-8.5527899,-8.8430462,-8.6715883,-0.018066062,-0.091168239,-8.9529992,-9.2495516,-8.9350613,-8.9054826,1.053619e-06,0.39627451,0.0002531933,0.00019300588,0.00014438225,0.00017138668,0.00012934863,9.6154758e-05,0.00013168982,0.00013564321,0.34408827,0.30537191,0.56035152,1.528699,0.34408827,0.30537191,0.56035152,1.528699,0.089167361,0.079134368,0.14521003,0.39614852,0.10154991,1.0188432,3.8589038,0.70966027,2.2658942,1.4821139,-36.437511,0.0,0.0
1.0,109.0,109.0,-55.358979,0.97364258,0.23862036,4.0,15.0,0.0,67.48847,-9.3432391,0.41692687,-0.88329678,0.81026458,-0.50766164,0.058686598,0.23835216,0.71168483,0.5788179,1.0818214,1.3040728,0.066772931,0.69655837,-0.47292224,-11.642554,0.9823604,0.28737298,-0.23554731,0.19508865,-1.4955902,0.33384444,-0.063571318,-6.1250001,1.1964421,10873.231,8.6015076,0.5181738,0.64835934,-9.7115092,-9.005418,-9.5548968,-9.318771,0.046511244,-0.031578404,-9.573456,-8.8990339,-9.3286208,-8.9614312,1.1649468e-05,0.59018456,6.0582213e-05,0.00012274298,7.0853454e-05,8.9724109e-05,6.95506e-05,0.00013652076,8.8844689e-05,0.00012826255,0.17679069,0.40863781,0.35331972,1.4455189,0.17679069,0.40863781,0.35331972,1.4455189,0.030645604,0.070834908,0.061245849,0.25057201,1.122799,2.26181,5.7688761,0.41329837,1.3963259,0.93840719,-37.259316,0.0,0.0
1.0,110.0,110.0,-53.023136,0.94789361,0.23862036,4.0,15.0,0.0,68.250605,-9.054086,0.53061776,1.0732482,-1.0341853,-1.5260403,1.2182294,0.26075956,-0.059239945,-0.8839366,-0.82512899,-0.095538771,0.25396434,-0.75214604,-0.62327787,-14.082623,0.17693197,-0.51127175,-1.6003376,0.17355232,-0.23901919,-0.56300245,-0.023942494,-8.7764682,1.2269764,542637.0,8.8760665,0.93563046,0.16511541,-8.4846014,-9.602843,-9.8638301,-8.4076718,-0.19101827,-0.15829035,-8.6583391,-9.9916283,-10.237281,-8.6236027,6.9937189e-07,0.19362733,0.00020662575,6.7536454e-05,5.2022717e-05,0.00022314878,0.00017367252,4.5781599e-05,3.5810096e-05,0.00017981127,0.42192896,0.12908554,0.13293563,2.0264731,0.42192896,0.12908554,0.13293563,2.0264731,0.13472084,0.04121668,0.042446006,0.64704764,0.067406862,0.35404607,3.1318761,0.86543116,0.56949661,0.97634185,-34.954917,0.0,0.0
1.0,111.0,111.0,-54.796007,0.88615319,0.23862036,4.0,31.0,0.0,67.631976,-9.0620426,1.0646412,-1.4891004,-0.091037178,-0.047300111,-0.001780295,0.10635619,0.11351983,-0.7169136,1.0847861,0.69151557,0.25028112,1.8561634,-1.7257106,-12.118954,0.82974117,0.72313999,-0.88524054,0.10186663,0.2070797,-0.12143794,0.14084552,-8.0871188,0.83333295,73884.666,8.3999284,0.9389887,0.025748326,-10.6474,-9.1589645,-9.1124002,-9.063938,0.46456265,-0.43191278,-11.067239,-9.6671255,-9.4289393,-8.5258284,9.9400832e-06,0.42141127,2.3762538e-05,0.00010527185,0.00011028967,0.00011576619,1.561561e-05,6.333164e-05,8.0364397e-05,0.0001982804,0.038608782,0.1827742,0.30646213,2.2346201,0.038608782,0.1827742,0.30646213,2.2346201,0.0074840163,0.035429378,0.059405334,0.43316397,0.9580451,1.4383215,5.1588319,0.5354827,0.88564601,1.1512468,-35.805707,0.0,0.0
1.0,112.0,112.0,-60.474511,0.73115699,0.23862036,4.0,31.0,0.0,71.414926,-10.606284,0.43247362,2.6185267,-0.11872844,-0.22557551,-0.69474365,0.51693495,-0.037438395,0.20271523,-2.3773091,1.2799844,0.085140875,-0.23883399,0.42821792,-12.344599,0.1389864,-1.3822269,-0.68187909,0.21449778,0.34091131,-0.46360915,-0.046292977,-8.1833636,1.0804939,348700.77,10.568138,1.1420105,0.043512013,-9.4738398,-10.65763,-10.703839,-10.906742,-0.020334534,0.036458848,-9.4567342,-10.516381,-11.896294,-10.265408,3.5923284e-06,0.5440281,7.6835805e-05,2.3520681e-05,2.2458554e-05,1.833421e-05,7.8161436e-05,2.7089048e-05,6.8156146e-06,3.4816898e-05,0.19052204,0.076718676,0.025430987,0.39238644,0.19052204,0.076718676,0.025430987,0.39238644,0.12241375,0.049293095,0.016339855,0.25211517,0.3462358,0.52508381,1.5563777,0.44016187,0.62900936,0.9547622,-38.044858,0.0,0.0
1.0,113.0,113.0,-56.611265,0.95445767,0.23862036,4.0,15.0,0.0,69.433775,-8.0578004,0.55021419,-2.1569674,-0.60001169,-0.13779253,0.63407821,1.0175199,-0.76804071,-0.77744499,-0.98886822,-0.91973882,0.076651422,0.31876615,-0.16871191,-12.725566,0.64956257,-1.519617,-0.50440468,0.16907635,0.23542717,0.11305116,0.098156312,-6.0573433,1.2707746,3159.8174,7.8084626,0.7438886,0.11629891,-9.2445944,-8.3879353,-8.1336158,-7.7089215,0.024433879,-0.012932008,-10.039023,-9.1919331,-9.1527409,-8.6203402,1.1083341e-06,0.62838671,9.66326e-05,0.00022759671,0.00029350504,0.00044880524,4.3662405e-05,0.00010185778,0.00010592907,0.00018039887,0.10934279,0.2989663,0.41188404,2.0330952,0.10934279,0.2989663,0.41188404,2.0330952,0.021681641,0.059282189,0.081672711,0.40314356,0.10682346,2.082993,5.0431049,0.5657801,1.1196892,1.1031352,-36.232225,0.0,0.0
1.0,114.0,114.0,-57.746803,0.93809772,0.23862036,4.0,15.0,0.0,69.167222,-10.03466,1.3203921,0.56950954,-0.27764424,-0.63055783,0.0034054,0.12471661,1.6728458,-0.88344866,-0.70371552,0.0042905703,0.040878979,2.154407,1.1792561,-11.693262,0.38694019,1.2115151,-1.2687664,0.56506807,-0.831214,0.66942151,-0.077833546,-4.8816343,0.91959582,568116.23,7.8682722,1.0318933,0.40445991,-9.2826844,-10.401259,-10.867244,-10.030164,0.088069959,0.048206784,-9.0258459,-10.463233,-10.906802,-9.9415587,1.3343536e-05,0.17579111,9.3021086e-05,3.0394178e-05,1.9072867e-05,4.4050944e-05,0.00012026103,2.8567712e-05,1.8333107e-05,4.8132222e-05,0.31479799,0.088849942,0.076173954,0.54245014,0.31479799,0.088849942,0.076173954,0.54245014,0.12040594,0.03398389,0.029135498,0.20747978,1.2860767,0.30612362,2.6144723,0.3910051,1.9531071,0.9251184,-37.147836,0.0,0.0
1.0,115.0,115.0,-61.871385,0.94930965,0.23862036,4.0,15.0,0.0,76.669213,-10.129689,0.21508256,0.037241144,-1.8480014,-0.28417936,0.78008773,0.17616431,-0.39090422,0.76584415,-1.283327,-0.97807906,0.027165115,0.014341134,-0.0058586386,-12.107636,0.74815108,-2.223677,0.10815206,0.53852781,-1.3021587,0.96905522,0.50479089,-4.7540082,1.2432343,73447.461,7.4073021,0.98318953,0.18327214,-10.121679,-10.527162,-10.190811,-9.961906,0.00038957855,-0.00015915059,-10.190702,-10.392407,-10.417047,-10.133819,1.0452208e-06,0.55261342,4.0198563e-05,2.6798568e-05,3.7513442e-05,4.716276e-05,3.7517547e-05,3.0664441e-05,2.9918103e-05,3.9713515e-05,0.10168837,0.09976508,0.13084219,0.44757132,0.10168837,0.09976508,0.13084219,0.44757132,0.073732147,0.072337608,0.09487098,0.32452476,0.10074047,0.4985518,1.3791592,0.5654655,2.6354534,1.6566391,-38.107498,0.0,0.0
1.0,116.0,116.0,-58.863435,0.91411823,0.23862036,4.0,15.0,0.0,77.669222,-8.7670719,1.4811983,-0.64313512,-0.079900197,-1.487216,-0.81352113,0.54856226,0.0011188655,-1.4696307,-0.23511594,1.1108044,0.10915218,0.33104198,0.82287707,-12.656713,0.071045247,1.6450998,-1.4234072,0.28475458,0.3412676,-0.65176447,-0.19508086,-3.9932531,1.1762286,158265.24,4.9703065,1.2741225,0.87757695,-9.7196826,-8.88542,-10.969934,-9.972058,0.036133954,0.089818827,-9.62925,-9.6017851,-11.009091,-9.3265787,3.581114e-06,0.2654763,6.0089071e-05,0.00013839205,1.7211483e-05,4.6686382e-05,6.5776365e-05,6.7607945e-05,1.6550559e-05,8.9026302e-05,0.15936778,0.18994022,0.061183447,1.0033264,0.15936778,0.18994022,0.061183447,1.0033264,0.075284785,0.089727097,0.028902847,0.47396791,0.34515493,0.35789294,2.1168657,0.66788263,0.52112545,0.82276813,-36.215119,0.0,0.0
1.0,117.0,117.0,-59.86785,0.98081618,0.23862036,4.0,15.0,0.0,66.945773,-10.190081,0.23511585,0.43705724,-0.53092006,-0.28938619,1.7718565,0.1840843,-1.9046189,0.85837559,-0.13505931,-0.58652413,0.04542349,-0.3283287,0.42558394,-12.084487,0.87665638,-1.4155847,-0.38330821,0.29721293,-0.93520074,0.5840425,0.19831321,-10.686149,0.68743426,36824.461,11.136147,1.0850155,0.19457568,-10.087322,-10.314909,-10.25812,-9.7734896,-0.014913836,0.019331508,-10.418601,-10.137564,-10.263651,-9.8963733,1.6323849e-06,0.5161995,4.1603676e-05,3.3135385e-05,3.5071547e-05,5.6941305e-05,2.9871642e-05,3.9565072e-05,3.4878109e-05,5.0356982e-05,0.077543351,0.1217254,0.14313444,0.56752319,0.077543351,0.1217254,0.14313444,0.56752319,0.047785136,0.075011781,0.088204836,0.34972918,0.15733252,0.55549155,1.6227504,0.56073094,1.7932731,1.2193442,-37.548397,0.0,0.0
1.0,118.0,118.0,-62.639155,0.7479673,0.23862036,4.0,15.0,0.0,79.541637,-11.33565,0.54633462,-0.20747163,-0.69535883,-0.98196367,-0.21968673,0.48317296,-0.1457247,0.49688189,0.39395477,0.18935005,0.019506544,0.99230558,-1.1580007,-11.559749,0.075250213,0.11601413,-1.7408677,0.11385893,0.6407242,-0.37424333,-0.43465978,-10.315859,1.0302881,336705.39,5.4579233,0.64355986,0.18865114,-11.448999,-11.715548,-11.87213,-11.455672,0.019356453,-0.022588591,-11.541997,-11.498057,-11.704371,-11.344827,9.6262285e-06,0.18863987,1.0660144e-05,8.1658617e-06,6.9823121e-06,1.058924e-05,9.7134653e-06,1.0149796e-05,8.257648e-06,1.1830532e-05,0.023754688,0.028870484,0.030966998,0.1333301,0.023754688,0.028870484,0.030966998,0.1333301,0.017956216,0.021823256,0.023408015,0.10078449,0.92779516,0.17820543,1.3229229,0.16397197,0.68780952,0.64748492,-38.614373,0.0,0.0
1.0,119.0,119.0,-61.45461,1.0,0.23862036,4.0,15.0,0.0,74.341724,-9.6281438,0.94820421,0.45598243,0.57855261,0.97847611,0.1979212,0.48765857,-0.68499669,-0.62822032,-1.3535499,-0.037663961,0.059422906,-1.5073839,1.1050143,-11.354449,0.048792899,0.10009207,0.065804788,0.033904978,-0.36096102,0.34439162,0.39701058,-6.1301591,0.73158577,18679.208,11.61329,0.73547921,0.54913698,-9.1957794,-9.0795578,-8.7003487,-9.4404741,-0.08957313,0.06566316,-9.4641607,-9.3202517,-9.2947557,-9.5484144,1.1774608e-05,1.0550271,0.00010146675,0.000113972,0.00016652774,7.9442736e-05,7.7583119e-05,8.9591362e-05,9.1904949e-05,7.1314251e-05,0.19736477,0.26844596,0.36592525,0.8037116,0.19736477,0.26844596,0.36592525,0.8037116,0.026221273,0.0356649,0.048615696,0.10677864,1.1348603,4.7565873,7.5268952,0.21728051,1.4111312,1.4873717,-39.179898,0.0,0.0
1.0,120.0,120.0,-67.873293,0.80187389,0.23862036,4.0,31.0,0.0,82.394582,-11.685361,0.83443195,2.3372606,-0.4400931,0.94830126,0.95854391,0.028152599,-0.79056904,0.1637107,-0.34872825,0.089239377,0.21866698,-1.0510574,2.0324485,-11.453896,0.032067868,0.98483903,-0.20483969,0.063684686,-0.46635692,-0.10347786,0.43806624,-4.1377299,1.1437539,37301.979,13.161334,1.0362182,0.36405389,-9.7350765,-12.052589,-10.894069,-10.885522,-0.22983155,0.44442937,-9.3129037,-11.603551,-10.459457,-11.112841,1.0948434e-05,0.790935,5.9171146e-05,5.8294423e-06,1.8568042e-05,1.872742e-05,9.0252096e-05,9.133597e-06,2.8675804e-05,1.4919506e-05,0.2233406,0.026390215,0.10949978,0.16814284,0.2233406,0.026390215,0.10949978,0.16814284,0.071973813,0.0085045188,0.035287435,0.054185763,1.055232,1.520476,3.1030814,0.16995153,0.90169599,1.5497076,-38.958688,0.0,0.0
1.0,121.0,121.0,-62.989472,0.94412753,0.23862036,4.0,31.0,0.0,83.865437,-9.5474111,0.1113333,-2.546083,0.56556698,-0.051000084,-0.54503123,0.26568326,0.86003397,-0.88995017,-0.99587263,1.0364846,0.052608419,0.68993252,0.55224607,-13.452809,0.69350856,-0.34025868,-1.4760822,0.0024986389,-0.17944831,0.12116055,-0.59345353,-9.3093125,1.1521848,848671.18,7.8888469,1.1855703,0.4009923,-9.8308749,-9.4844446,-9.5530891,-9.6080912,0.036296259,0.029052793,-9.5733255,-9.6918367,-9.788623,-9.2964183,1.1351091e-06,0.22842884,5.3765697e-05,7.6025281e-05,7.0981656e-05,6.7182941e-05,6.9559679e-05,6.1785818e-05,5.6086077e-05,9.1752271e-05,0.174283,0.18146799,0.21824315,1.0340481,0.174283,0.18146799,0.21824315,1.0340481,0.086458331,0.090022662,0.10826609,0.51297069,0.10940408,0.29835714,2.0158035,0.79771777,1.1288061,0.5524162,-36.317523,0.0,0.0
1.0,122.0,122.0,-61.475929,0.99429469,0.23862036,4.0,15.0,0.0,72.722996,-10.086288,0.10471847,2.3670178,-0.52620406,-0.094888778,-0.85444318,0.93120866,0.32084711,-0.22779064,-0.07857162,-0.29125758,2.3095357,0.48158735,-0.62993109,-12.045493,0.77612675,0.62456698,-0.29153628,0.0097892847,0.58799501,-0.0884559,0.65084974,-3.9164481,0.64782365,16375.627,8.6719712,1.1799083,0.49509638,-9.8384175,-10.141391,-10.096225,-10.175764,1.1122432,-1.4548484,-10.99449,-11.80836,-11.62424,-9.3347424,9.5330164e-06,0.75142774,5.3361689e-05,3.9413929e-05,4.123494e-05,3.8082185e-05,1.6793977e-05,7.4420794e-06,8.9465771e-06,8.8302481e-05,0.04159006,0.021524147,0.034201958,0.99516896,0.04159006,0.021524147,0.034201958,0.99516896,0.010789946,0.0055841317,0.0088732084,0.25818234,0.91881119,1.8432236,3.8545199,0.28342962,0.91534348,1.9171692,-36.694961,0.0,0.0
1.0,123.0,123.0,-65.498744,0.79296082,0.23862036,4.0,15.0,0.0,82.488572,-9.3266905,0.5886026,-1.4012468,1.2162819,-1.0539995,1.6336629,0.045783048,1.715257,-0.10782441,-0.4060533,-0.96579415,0.065653222,1.5837878,1.3397898,-12.673327,0.19778599,-0.97040775,-1.5735202,0.011166453,0.35431255,-0.47567094,-0.76919197,-9.4591597,1.4940015,33381.806,7.5627234,0.99428181,0.099038529,-10.151468,-8.6107839,-9.9470774,-8.3651123,0.10398077,0.087961517,-9.9849768,-8.5277589,-9.8777062,-8.3053486,2.5863581e-06,0.20813596,3.9018758e-05,0.00018213109,4.7867328e-05,0.00023285087,4.6087129e-05,0.00019789799,5.1305827e-05,0.00024719117,0.1122922,0.56015188,0.19131275,2.7858445,0.1122922,0.56015188,0.19131275,2.7858445,0.024975256,0.12458512,0.042550463,0.61960833,0.24927837,0.59725818,4.4961378,0.81171917,0.62146795,0.46338735,-34.982342,0.0,0.0
1.0,124.0,124.0,-58.515253,0.43276855,0.23862036,4.0,15.0,0.0,80.663288,-9.6821213,0.55082099,0.072332421,-0.014979914,-1.1602162,-0.84825893,1.2141067,0.5775594,-0.92707119,0.68169544,1.1690639,0.26235151,2.3727102,0.46085441,-12.818386,0.36494208,-2.4302331,-0.5918249,0.050644384,1.1518673,-0.052127074,-0.0048595347,-7.3363486,0.47511258,111876.86,8.2916569,0.66756514,0.8678676,-9.642279,-9.6903725,-10.321193,-10.14936,0.62248411,0.12090585,-8.8201544,-10.69503,-9.3726358,-8.1075076,1.1165351e-06,0.58655474,6.4924919e-05,6.187635e-05,3.2927818e-05,3.9101095e-05,0.00014772554,2.2657264e-05,8.5018997e-05,0.00030126883,0.36652071,0.065690969,0.32594129,3.3952998,0.36652071,0.065690969,0.32594129,3.3952998,0.054445194,0.0097581321,0.048417282,0.50435827,0.10761388,2.4708539,6.7319205,0.61697888,0.94920824,0.99515225,-35.675968,0.0,0.0
1.0,125.0,125.0,-59.836153,0.98210957,0.23862036,4.0,15.0,0.0,71.463513,-9.8154286,0.28107403,0.32197318,1.1373928,-0.73815861,-0.59378106,0.25007688,0.60061134,-0.7625228,0.59596687,1.7461457,0.40480558,2.4274256,-0.718878,-13.686181,0.58644255,-1.0573652,-1.1503826,0.032716092,-0.80434963,-0.14813515,-0.47038276,-5.858136,0.7266271,224061.77,10.696681,1.8376258,0.4366645,-9.7249303,-9.495737,-10.022906,-9.982325,0.98263544,-0.29100583,-9.8657371,-9.9774322,-10.164874,-8.5630189,6.1216433e-07,0.30829512,5.9774566e-05,7.5171604e-05,4.4371827e-05,4.6209505e-05,5.1923601e-05,4.6436157e-05,3.8499161e-05,0.00019104168,0.12821364,0.13378656,0.14652552,2.1530397,0.12821364,0.13378656,0.14652552,2.1530397,0.039651334,0.041374816,0.045314464,0.66584879,0.059001622,0.61295944,3.2335265,0.79218941,0.86231456,0.62476309,-34.832082,0.0,0.0
1.0,126.0,126.0,-59.06166,0.73767188,0.23862036,4.0,31.0,0.0,69.374252,-9.0613438,0.62157764,-0.72257508,-1.4510566,0.063136257,1.1641182,0.035087029,-0.015703721,0.38628994,-0.65677432,-0.69110822,0.83303402,-1.3374455,-1.5729493,-11.513834,0.45904018,0.78583973,-0.74124897,0.22191953,0.66759931,0.10039572,0.47230052,-6.6691132,0.79257758,50402.577,7.4140691,0.24009747,0.10593011,-9.5104803,-9.9632882,-9.0220997,-8.3377539,-1.1141376,-1.3103203,-10.821352,-11.260055,-10.355464,-9.4761405,1.4330766e-05,0.55261394,7.4071456e-05,4.7097617e-05,0.0001207124,0.00023930924,1.9968559e-05,1.2877169e-05,3.1818449e-05,7.6659237e-05,0.049968577,0.037758148,0.12357632,0.8639496,0.049968577,0.037758148,0.12357632,0.8639496,0.012880521,0.0097330091,0.031854568,0.22270238,1.3812279,1.4229104,3.879391,0.27717047,1.1056083,1.6036793,-36.883216,0.0,0.0
1.0,127.0,127.0,-57.87862,0.9066794,0.23862036,4.0,15.0,0.0,68.762119,-9.5391614,0.87606826,0.84859417,0.1887988,0.64838477,-1.5529104,1.2676105,0.8640065,-0.3417132,-0.67647952,0.67653863,0.4302148,2.2972123,-1.0381237,-12.567837,0.47311888,-1.1879129,-0.89642801,0.17330075,-0.76468589,0.068508729,-0.33847154,-7.2257525,1.3587733,121017.43,9.8483622,1.8803854,0.17180619,-8.795735,-9.3737608,-8.9711321,-10.899617,0.98829475,-0.44661619,-8.1471275,-10.253536,-10.275261,-9.0537347,1.9850599e-06,0.3573825,0.00015137733,8.4923409e-05,0.00012702431,1.8465306e-05,0.00028956594,3.5232691e-05,3.4475529e-05,0.00011695343,0.72323257,0.10305178,0.13351308,1.3180652,0.72323257,0.10305178,0.13351308,1.3180652,0.23208489,0.033069254,0.042844264,0.4229663,0.19132404,0.64705493,3.1162416,0.7309647,1.07091,0.71285907,-36.083319,0.0,0.0
1.0,128.0,128.0,-58.992191,0.99405707,0.23862036,4.0,15.0,0.0,70.002874,-9.9249582,0.22055728,-0.034260562,-0.27672564,-0.052129614,-0.051141516,0.075499474,0.62127513,-0.10079084,0.33841099,0.55593801,0.63383319,-0.22682392,-0.045326098,-10.303564,0.35638177,-0.70121913,-1.0764958,0.32851955,0.45022602,-0.36346363,0.85235252,-6.9188269,0.55676236,28402.252,7.3252064,0.35840198,1.1631164,-9.9325146,-9.9859921,-9.9364558,-9.9362379,-0.14376853,-0.028729185,-9.9143379,-10.022331,-9.9396351,-10.038033,2.6102862e-05,0.3951113,4.8569507e-05,4.6040364e-05,4.8378465e-05,4.8389009e-05,4.9460416e-05,4.4397344e-05,4.8224897e-05,4.3705642e-05,0.12100767,0.12635508,0.18096318,0.49256258,0.12100767,0.12635508,0.18096318,0.49256258,0.025567097,0.026696924,0.038234792,0.10407105,2.5158461,1.2962107,4.7329453,0.19456986,0.69526401,2.3451574,-37.744733,0.0,0.0
1.0,129.0,129.0,-62.275334,0.83806966,0.23862036,4.0,15.0,0.0,80.254912,-9.0594131,0.023157719,-0.3642401,-0.082384566,-0.78721408,0.9077,1.0743155,0.064041839,0.09328826,-0.85692745,-0.47622041,0.4247568,1.511736,-0.70659878,-14.683369,0.23702568,1.083016,-1.0606569,0.86981145,-1.3790644,0.35395846,-0.64593519,-5.8048644,0.50302056,355093.12,9.4285663,0.45705092,0.065938245,-9.0678481,-9.0613209,-9.0776432,-9.0383928,0.64212015,-0.30013263,-9.2991796,-9.2612326,-10.298386,-8.9078837,5.4272295e-07,0.1043314,0.00011531442,0.00011606955,0.00011419042,0.00011876155,9.149927e-05,9.5038113e-05,3.3687414e-05,0.00013531791,0.23293506,0.28503699,0.13427476,1.5250328,0.23293506,0.28503699,0.13427476,1.5250328,0.097786822,0.11965937,0.056368937,0.64021327,0.052308723,0.15248164,2.38207,0.9140284,1.424696,0.52417211,-35.462245,0.0,0.0
1.0,130.0,130.0,-57.803001,0.98972983,0.23862036,4.0,15.0,0.0,78.547633,-13.133296,0.61369886,0.6206219,-0.40449267,0.21837709,-0.13658735,0.57581884,-0.64235912,-0.76836647,0.12727683,0.83668311,0.43525949,-1.2801417,0.67307815,-10.091026,0.69184495,-1.2236889,-0.89779672,0.075378814,1.5248776,-0.48441073,0.48422357,-8.2079779,0.35098391,28301.09,7.9470437,1.219254,0.44339023,-12.752421,-13.381533,-12.999278,-13.21712,-0.5571938,0.29296365,-12.82934,-13.531009,-12.633026,-13.292535,1.7776569e-05,0.45709992,2.8953022e-06,1.5433847e-06,2.2619614e-06,1.8191894e-06,2.6809485e-06,1.3290995e-06,3.2624693e-06,1.6870394e-06,0.006530212,0.0037605176,0.012159677,0.019012933,0.006530212,0.0037605176,0.012159677,0.019012933,0.0025417132,0.0014636825,0.0047328344,0.0074002841,1.7133413,0.8144121,2.5692167,0.016138514,0.61606011,1.6229144,-38.560231,0.0,0.0
1.0,131.0,131.0,-51.109066,0.98156932,0.23862036,4.0,15.0,0.0,63.907254,-7.7005044,0.67573736,-0.36458148,-0.64299728,-0.5860709,-0.007943617,0.30922928,-1.4759944,1.2350098,-0.49361275,-1.5243865,0.42596973,0.90187458,-0.81202628,-12.397708,0.49039189,0.73092517,-0.82146939,0.19139073,-0.64904669,0.10202643,-0.1342451,-6.1268833,0.8249464,67507.208,10.202881,0.95902403,0.42882305,-7.9468657,-8.1350016,-8.0965344,-7.7058722,0.38417127,-0.34589862,-8.749185,-8.0989991,-8.5950725,-7.7930858,5.9076132e-06,0.38841112,0.00035376925,0.00029309856,0.00030459292,0.00045017591,0.00015859053,0.00030384311,0.00018501522,0.00041257778,0.39688994,0.89103715,0.71866794,4.6497516,0.39688994,0.89103715,0.71866794,4.6497516,0.040936739,0.091904962,0.074126145,0.47959307,0.56938757,2.4694676,9.6952018,0.68656091,1.1074127,0.87437573,-37.018561,0.0,0.0
1.0,132.0,132.0,-54.199678,0.99221814,0.23862036,4.0,15.0,0.0,65.311103,-10.281696,0.3868777,0.54316176,0.3072528,-1.8330239,2.1013665,0.52647852,0.97227957,-1.5001561,1.6747614,1.8908697,0.89260316,-0.19488718,-0.44212262,-12.438551,0.64481629,-0.94610627,-0.70640028,0.27403833,0.2060707,-0.47191791,-0.048183055,-8.4691922,1.6480352,147103.48,6.8403621,0.88230559,0.55915065,-10.071559,-10.162827,-10.990852,-9.4687241,-0.17395692,-0.39464004,-9.9543145,-11.347267,-10.503766,-8.6471787,2.1530708e-06,0.52208284,4.2264683e-05,3.8578067e-05,1.6855189e-05,7.7229886e-05,4.7522158e-05,1.1801704e-05,2.7432939e-05,0.00017562164,0.11580377,0.033410611,0.10231437,1.9792558,0.11580377,0.033410611,0.10231437,1.9792558,0.031964163,0.0092219983,0.028240817,0.54631428,0.20751727,1.1846234,3.6229253,0.61574126,0.62380472,0.95295933,-35.191698,0.0,0.0
1.0,133.0,133.0,-53.963749,0.98951234,0.23862036,4.0,15.0,0.0,67.326975,-10.395769,0.40638736,0.69625943,0.49939637,-1.6064572,2.3122549,0.61427243,0.79297133,-1.7513205,1.4015563,2.0530031,0.81758708,-0.6589214,-0.36000589,-12.33412,0.62962964,-0.42911769,-0.74001266,0.2924441,0.30939726,-0.26681046,-0.057875644,-8.1202179,1.5619263,191068.03,6.869636,0.91423187,0.47079194,-10.112818,-10.192821,-11.048613,-9.4560981,-0.53872563,-0.29433616,-9.920054,-11.562945,-10.482012,-8.7337205,3.3575291e-06,0.52229054,4.0556349e-05,3.7438129e-05,1.5909197e-05,7.821117e-05,4.9178503e-05,9.5121092e-06,2.8036258e-05,0.0001610621,0.12078984,0.02721245,0.10583861,1.8151699,0.12078984,0.02721245,0.10583861,1.8151699,0.033886988,0.0076343171,0.029692494,0.50923687,0.32360537,1.1718742,3.5644904,0.58045067,0.76581821,0.9437673,-35.363481,0.0,0.0
1.0,134.0,134.0,-53.886909,0.9645095,0.23862036,4.0,15.0,0.0,66.390039,-9.9741312,1.2746958,0.53043147,0.35558323,-0.66258092,1.6378271,0.29221501,0.090712218,1.8667321,0.99064026,-1.2432216,0.19801343,-1.0828058,0.67073156,-10.944737,0.40774742,-0.9225784,-0.41537053,0.47607492,-0.86144828,0.22143607,0.39369308,-5.0971108,0.7058883,14668.063,8.3910782,1.2154314,0.3980528,-9.2979924,-9.5208707,-10.81872,-7.8863999,-0.2144101,0.13281386,-9.1386711,-8.8425697,-10.396426,-8.464098,1.2116815e-05,0.43802274,9.1607958e-05,7.3305807e-05,2.0021171e-05,0.00037582015,0.00010743,0.00014445107,3.0541428e-05,0.00021090601,0.2709073,0.42787161,0.12000697,2.3769107,0.2709073,0.42787161,0.12000697,2.3769107,0.044502409,0.070287205,0.019713751,0.39045921,1.1678428,1.7239357,6.0874751,0.52496257,1.2478675,1.4824455,-36.160525,0.0,0.0
1.0,135.0,135.0,-54.341447,0.96446022,0.23862036,4.0,15.0,0.0,63.677374,-10.436489,1.5192677,0.37068861,0.39686244,-0.83394687,1.6793764,0.30082344,0.24312808,1.8804306,1.1374549,-1.3892076,0.18293882,-1.1218261,0.6497983,-10.865225,0.318781,-0.3260884,-0.49850848,0.50323972,-0.66499397,0.31263604,0.26385528,-5.4357569,0.72186618,17355.336,8.3109292,1.3321508,0.36733944,-9.8733136,-9.8335486,-11.703477,-7.8850665,-0.20522553,0.11887333,-9.6813017,-9.1489976,-11.242431,-8.5081982,1.7224542e-05,0.43467361,5.1531689e-05,5.3622137e-05,8.2650279e-06,0.00037632158,6.2440175e-05,0.00010632633,1.3106123e-05,0.0002018071,0.15846787,0.31760472,0.051997858,2.2743661,0.15846787,0.31760472,0.051997858,2.2743661,0.025455903,0.05101927,0.0083528127,0.36534878,1.6601358,1.7626191,6.2251914,0.45017676,1.3670239,1.3019398,-36.221335,0.0,0.0
1.0,136.0,136.0,-57.564468,0.92492862,0.23862036,4.0,31.0,0.0,64.526361,-10.918378,0.8208199,0.28734509,-0.0024463296,-0.84971467,0.90309386,0.53770234,0.031004213,1.7665462,1.6643117,-1.3225674,0.20881287,-0.74535474,0.27603363,-10.169687,0.57672978,-0.65560223,-0.17781855,0.39297696,0.16432893,0.15667003,0.37834953,-5.410995,0.88474979,4941.1568,8.0330689,1.4925952,0.75833687,-10.682519,-10.920386,-11.615841,-10.1771,-0.15563966,0.057639374,-10.608209,-9.9128704,-10.663297,-11.043888,2.6251367e-05,0.89293538,2.2942505e-05,1.8085758e-05,9.0220361e-06,3.8031325e-05,2.4712316e-05,4.9533052e-05,2.3387782e-05,1.5984555e-05,0.062054278,0.14590545,0.091312332,0.18014593,0.062054278,0.14590545,0.091312332,0.18014593,0.0091473993,0.021507871,0.013460319,0.026555248,2.5301593,3.7742392,6.7838165,0.070670838,1.1696096,1.4598731,-39.445507,0.0,0.0
1.0,137.0,137.0,-58.158142,0.95083986,0.23862036,4.0,15.0,0.0,67.750129,-10.955257,0.80558062,0.22067097,-0.014590277,-1.0928412,0.90533931,0.7683024,-0.021864096,1.9817291,1.3878806,-1.1416097,0.20852626,-0.47202142,0.13160028,-9.8844874,0.99503306,-0.48177065,-0.17457764,0.40393267,-0.042824464,0.097297219,0.43426663,-5.0613628,0.77645475,6248.5385,8.4143937,1.3187096,0.74417637,-10.777489,-10.967011,-11.835629,-10.225934,-0.098428863,0.027442114,-10.766845,-9.4170017,-10.741875,-11.201464,3.1552268e-05,0.82540934,2.0863923e-05,1.7261862e-05,7.2418849e-06,3.6218753e-05,2.1087182e-05,8.1329508e-05,2.1620364e-05,1.3654194e-05,0.052757969,0.23841416,0.08394539,0.15388276,0.052757969,0.23841416,0.08394539,0.15388276,0.0070247317,0.031744882,0.011177342,0.020489513,3.0410707,3.9402471,7.510318,0.070436468,1.1021879,1.5438304,-39.680788,0.0,0.0
1.0,138.0,138.0,-56.658859,0.51811196,0.23862036,4.0,15.0,0.0,75.941164,-11.186347,0.2867087,0.27021975,-0.57568058,-1.2781342,-0.36790803,0.49851415,1.0973307,2.6668235,1.0134497,-1.3382017,0.11650213,-0.7284604,0.92182364,-10.446262,0.38115909,-0.82739556,-0.55012208,0.28578809,-0.23759915,0.084699273,0.098157246,-6.9266814,0.7148269,53206.683,9.2912839,1.0576444,0.49487413,-11.108872,-11.351399,-11.552799,-11.291829,-0.084867186,0.10739441,-10.454443,-9.9145558,-10.940186,-12.043809,2.1197409e-05,0.53900788,1.4978833e-05,1.175303e-05,9.6091092e-06,1.2474434e-05,2.8819936e-05,4.944964e-05,1.7731185e-05,5.8808519e-06,0.072050444,0.14481633,0.068766584,0.0662772,0.072050444,0.14481633,0.068766584,0.0662772,0.019033369,0.038255733,0.01816588,0.017508267,2.0430487,1.3905212,3.7854804,0.092963249,1.0883897,1.1031362,-38.695764,0.0,0.0
1.0,139.0,139.0,-58.195908,0.39867173,0.23862036,5.0,31.0,0.0,72.992774,-9.6834547,0.26319848,1.0922967,-0.2368093,1.6020753,0.59094188,0.043447748,-1.2233491,-2.5314402,-1.1079235,0.81453762,0.52057661,0.7350879,-1.3560683,-15.427321,0.49776057,0.33377056,-1.4521802,0.40863026,0.29916334,-0.50565268,-0.07912034,-7.6040817,0.82622143,175607.53,7.0061783,1.1640733,0.29642815,-9.3959639,-9.7457826,-9.2617909,-9.5279197,0.38266956,-0.70593745,-10.155053,-10.561705,-10.015865,-9.1098603,2.3558752e-07,0.26449498,8.3058622e-05,5.8541036e-05,9.4985059e-05,7.2790891e-05,3.8879124e-05,2.5888663e-05,4.4685335e-05,0.00011057016,0.09463269,0.073178279,0.16636331,1.2461257,0.09463269,0.073178279,0.16636331,1.2461257,0.049299991,0.038123068,0.086668887,0.64918353,0.022706396,0.31652119,1.9195275,0.82327548,0.60311181,0.92392873,-35.68684,0.0,0.0
1.0,140.0,140.0,-58.837693,0.62508959,0.23862036,4.0,31.0,0.0,72.710632,-13.263847,0.4913241,-0.37076291,-0.55061918,0.98286399,0.58054593,0.15971304,0.95414469,2.3085012,0.62824582,-1.6415462,0.11695573,-0.85725259,0.57920565,-10.992,0.91791931,-0.52579884,-0.42897875,0.25073691,-0.594276,0.46782151,0.1039079,-6.8144778,1.6176204,66394.919,9.5758252,1.1252063,0.73522755,-13.446012,-13.534379,-12.780942,-12.978611,-0.1002606,0.06774142,-13.225881,-13.09794,-12.612862,-13.341048,1.0390272e-05,0.56102732,1.4470092e-06,1.3246273e-06,2.8138913e-06,2.3091969e-06,1.8033203e-06,2.0494475e-06,3.3289229e-06,1.6071507e-06,0.0046329566,0.0062206217,0.013451791,0.018112588,0.0046329566,0.0062206217,0.013451791,0.018112588,0.0027483463,0.0036901755,0.0079798246,0.010744686,1.0014352,0.64187203,1.6857252,0.025163033,1.5965124,1.1094983,-39.372898,0.0,0.0
1.0,141.0,141.0,-63.401405,0.96275337,0.23862036,4.0,15.0,0.0,75.975968,-11.203144,1.1890678,0.2578139,-0.18180039,-1.7000828,-1.3066147,0.9267939,0.27505588,-0.028845269,-0.476984,0.37297257,0.044126305,-2.8223785,0.96898604,-12.28669,0.32026057,-0.68588585,-0.59487197,0.53074351,-0.31601945,0.13008422,-0.020131875,-12.401275,0.84555134,50647.001,8.9388626,1.0224827,0.31380142,-10.896585,-11.419317,-13.224657,-12.756797,-0.12454113,0.042757774,-10.598908,-11.403293,-13.623965,-12.53567,3.7030552e-06,0.46645336,1.8521368e-05,1.0981301e-05,1.8055282e-06,2.8826597e-06,2.4943243e-05,1.1158684e-05,1.2111194e-06,3.5960677e-06,0.062530059,0.032797316,0.004716651,0.040527683,0.062530059,0.032797316,0.004716651,0.040527683,0.086940934,0.045600936,0.0065579667,0.056349132,0.35690787,0.22174504,0.71922461,0.19544897,1.1389243,0.98006942,-41.049031,0.0,0.0
1.0,142.0,142.0,-66.130157,0.95836419,0.23862036,4.0,15.0,0.0,78.510501,-12.858122,0.69399466,0.68073133,-0.40229563,-1.6117871,-0.49193456,0.14219152,-1.0695806,0.59555807,0.47605151,-0.50834695,0.043268388,-3.0667793,2.1626476,-10.506728,0.46910186,0.79929685,-0.89149564,0.3451294,1.168144,-0.22173134,0.49640275,-11.017678,0.77412734,52078.604,9.179636,1.1880039,0.25380711,-12.385698,-13.137313,-13.976694,-13.199522,-0.1326946,0.093574277,-12.444209,-12.959056,-13.815429,-13.404499,3.9794715e-05,0.6136474,4.1779147e-06,1.9703227e-06,8.5113602e-07,1.8514857e-06,3.9404749e-06,2.3547979e-06,1.0000814e-06,1.5083422e-06,0.0096973264,0.0067541194,0.0037866701,0.016999016,0.0096973264,0.0067541194,0.0037866701,0.016999016,0.0014753621,0.0010275793,0.00057610824,0.0025862494,3.8354942,2.7001136,6.572845,0.0056652991,0.80113057,1.6428011,-39.022083,0.0,0.0
1.0,143.0,143.0,-70.161797,0.47123834,0.23862036,4.0,15.0,0.0,81.699934,-12.748139,0.59163779,2.3444458,-0.80108384,-0.54830825,0.39750149,0.15655796,-0.8748119,0.93922914,0.40361095,0.24992232,0.056431019,-3.6840084,1.5043795,-11.849356,0.23841544,0.77981272,-1.7939449,0.22183249,0.35146046,-0.13581234,0.27176554,-8.7610944,0.40516055,17829.858,9.6915283,1.0862895,0.16048908,-11.361077,-13.222091,-13.072539,-12.512963,-0.20789235,0.084893671,-11.413142,-12.990153,-12.924457,-12.681728,8.6026835e-06,0.17978752,1.1639841e-05,1.8101679e-06,2.1021722e-06,3.6786579e-06,1.1049318e-05,2.2826957e-06,2.4376961e-06,3.1073894e-06,0.027299869,0.0065817681,0.009286067,0.035020279,0.027299869,0.0065817681,0.009286067,0.035020279,0.026200957,0.0063168296,0.0089122714,0.033610594,0.82914384,0.13460986,1.0419417,0.075040652,0.87300645,1.3122793,-39.466699,0.0,0.0
1.0,144.0,144.0,-55.603885,0.73941132,0.23862036,4.0,15.0,0.0,82.99689,-9.0919836,0.22037783,-0.58134121,-0.33817218,0.60250766,0.089351905,0.10028159,-0.16694988,-0.12533933,-0.76623474,-0.3421215,0.1936761,0.69024247,1.2118759,-12.633882,0.071872889,-0.88923211,-0.15433117,0.78277264,-1.2821515,0.6513282,-0.073379661,-5.2526255,0.63578353,349572.68,9.1842455,0.66464946,0.83555711,-9.2200983,-9.1665092,-8.9592042,-9.0722924,0.13368347,0.2347114,-9.0021289,-8.9443671,-8.8013321,-8.9729174,3.0578654e-06,0.31412501,9.9028954e-05,0.00010448059,0.00012854851,0.00011480306,0.00012314736,0.00013047002,0.00015053242,0.00012679773,0.32176678,0.40482216,0.6237744,1.4290104,0.32176678,0.40482216,0.6237744,1.4290104,0.082134982,0.1033359,0.15922619,0.36477272,0.29472318,0.84343947,3.9175364,0.7094698,1.9180867,0.92924796,-36.674497,0.0,0.0
1.0,145.0,145.0,-58.189896,0.96288307,0.23862036,4.0,15.0,0.0,67.928412,-9.0787134,1.2912716,0.11913062,-1.6102289,-0.07008817,1.3512522,0.61997072,0.96975728,-1.6202651,0.074631333,-0.1119076,0.055626078,0.003413979,2.0560312,-10.939749,0.23319969,-0.12896576,-1.4377167,0.14480242,0.26213302,-0.70234359,0.10441572,-8.805754,1.8334704,72343.957,6.8180951,1.1488686,0.09549046,-8.9248834,-11.157956,-9.1692163,-7.3338798,0.00018990626,0.11436895,-8.2092934,-12.048104,-9.0085781,-7.4030694,1.7213369e-05,0.24665636,0.00013303698,1.4261367e-05,0.00010419814,0.00065303499,0.00027211294,5.8556459e-06,0.00012235571,0.00060937947,0.65834392,0.016419458,0.45131336,6.8677067,0.65834392,0.016419458,0.45131336,6.8677067,0.057940812,0.0014450756,0.039720064,0.60442648,1.6590589,1.7095101,11.362352,0.70353243,0.49542287,1.1100618,-36.391744,0.0,0.0
1.0,146.0,146.0,-61.099847,0.59179492,0.23862036,4.0,15.0,0.0,71.761992,-10.305531,0.1889657,0.067329024,-0.095614393,-0.62758278,1.3781184,0.71869194,0.0045683484,-1.8911889,0.56961827,1.5791918,0.05605447,-0.53030564,2.0366496,-13.344301,0.36314753,-0.55881847,-0.9982472,0.15036606,0.86306273,-1.26746,0.36491733,-6.8535296,1.0627699,413151.57,7.5482812,0.87595175,0.032154585,-10.292808,-10.323599,-10.424123,-10.045114,-0.029726002,0.11416331,-10.175362,-11.568618,-9.9005796,-8.9398878,1.3077085e-06,0.41959226,3.3875841e-05,3.2848674e-05,2.9707145e-05,4.3397261e-05,3.8097499e-05,9.4582985e-06,5.014561e-05,0.00013105574,0.091064081,0.026096624,0.18153186,1.4769982,0.091064081,0.026096624,0.18153186,1.4769982,0.035150091,0.010073113,0.070070013,0.57011086,0.12603956,0.68899071,2.590721,0.68540408,0.28154585,1.4403949,-35.485251,0.0,0.0
1.0,147.0,147.0,-53.342608,0.92935516,0.23862036,4.0,31.0,0.0,69.84669,-8.5963053,1.6496265,-0.69972647,-0.71668538,0.55340766,-0.081930248,0.70922448,1.4202457,-0.95508866,-0.85744274,0.845768,0.39338265,-0.27313495,0.67875158,-14.162101,0.52336573,-0.40065124,-1.0110645,0.2061609,-0.36202028,-0.081048712,-0.30392418,-7.1062079,0.73995123,441808.62,8.23909,1.2229258,0.02839684,-9.7505927,-9.7785685,-7.6833894,-8.7314597,-0.10744655,0.26700909,-8.4763105,-10.188932,-8.0244997,-8.2390668,5.7333929e-07,0.33766569,5.8260125e-05,5.6652835e-05,0.00046041172,0.00016142666,0.00020834598,3.7584016e-05,0.00032734375,0.00026413061,0.51615887,0.10875503,1.2521185,2.976752,0.51615887,0.10875503,1.2521185,2.976752,0.081486903,0.017169347,0.19767414,0.46994505,0.055259587,1.4252115,6.3342556,0.76627544,0.92214877,0.73791681,-36.230003,0.0,0.0
1.0,148.0,148.0,-57.138803,0.62354944,0.23862036,4.0,15.0,0.0,69.238222,-9.2872436,1.2817911,-1.3767727,0.048914825,0.22802389,-0.41202398,0.66312184,1.939247,-1.1508623,-0.79117008,2.0186634,0.39720158,0.20618785,1.1648774,-14.172114,0.36840469,-0.21496289,-0.85580548,0.22133043,-0.16620136,-0.050349379,-0.25073502,-7.3041575,0.63573767,274942.59,8.1747666,1.7102916,0.025647223,-11.051979,-9.224545,-8.9949646,-9.8153722,0.081898137,0.46269116,-9.3033303,-9.5250158,-9.0569156,-8.3948543,6.4674941e-07,0.40959316,1.5855747e-05,9.8589581e-05,0.00012403279,5.4605703e-05,9.1120267e-05,7.3002581e-05,0.00011658201,0.0002260274,0.22609872,0.21168474,0.4470089,2.5473288,0.22609872,0.21168474,0.4470089,2.5473288,0.047624461,0.044588361,0.094156029,0.53655835,0.062335002,1.2530774,4.7475335,0.7229272,0.95089714,0.77822856,-35.410465,0.0,0.0
1.0,149.0,149.0,-54.378705,0.86706449,0.23862036,4.0,15.0,0.0,72.179637,-10.449875,0.34192267,1.2822182,-0.49059833,-0.16466123,1.6988202,0.32546107,-0.80925729,0.35797879,-0.27180207,-0.38684155,0.91682808,1.665295,-0.16090803,-12.681272,0.36311269,0.30003358,-0.37102707,0.12984108,-0.90564802,0.0034044255,0.27551254,-7.7724347,0.94370711,66790.986,9.9363857,0.25218834,0.7257365,-10.011455,-10.617621,-10.506176,-9.8690094,1.5267892,-0.147525,-10.422362,-10.648638,-10.742162,-8.4681221,3.4666362e-06,0.61347401,4.4882836e-05,2.4480803e-05,2.7366908e-05,5.1753968e-05,2.9759509e-05,2.3733141e-05,2.1614158e-05,0.000210059,0.07405546,0.069080437,0.083238095,2.367365,0.07405546,0.069080437,0.083238095,2.367365,0.015468535,0.014429364,0.017386583,0.49448978,0.33412133,1.8596299,4.7874902,0.54177426,1.0034102,1.3172056,-35.376266,0.0,0.0
1.0,150.0,150.0,-51.570548,0.9666488,0.23862036,4.0,15.0,0.0,61.821929,-9.3892485,0.78106418,-0.45273759,0.77027704,0.069728371,1.4528604,0.56478749,-1.1989239,-0.23111507,0.48417128,0.5233219,1.7618821,0.067669211,-0.79269523,-12.242327,0.45534495,-0.27707624,-0.983893,0.067501187,0.78586459,-0.8064166,-0.0015971043,-7.1352339,1.0566833,46123.911,10.112965,0.55548126,0.33447643,-9.7428657,-8.7876127,-9.3347862,-8.2544713,0.11922517,-1.3966355,-11.816638,-10.314779,-10.457968,-7.8396805,4.2504232e-06,0.39421998,5.8712045e-05,0.00015261186,8.8298608e-05,0.00026009299,7.380727e-06,3.3139682e-05,2.8718534e-05,0.00039379483,0.017807612,0.09258417,0.10547932,4.4380678,0.017807612,0.09258417,0.10547932,4.4380678,0.0026582369,0.013820531,0.015745458,0.66249396,0.40966429,1.6354281,6.6990313,0.69471819,0.44645503,0.99840417,-34.770386,0.0,0.0
1.0,151.0,151.0,-51.570548,0.029325695,0.23862036,4.0,15.0,0.0,71.805075,-9.3892485,0.78106418,-0.45273759,0.77027704,0.069728371,1.4528604,0.56478749,-1.1989239,-0.23111507,0.48417128,0.5233219,1.7618821,0.067669211,-0.79269523,-12.242327,0.45534495,-0.27707624,-0.983893,0.067501187,0.78586459,-0.8064166,-0.0015971043,-7.1352339,1.0566833,46123.911,10.112965,0.55548126,0.33447643,-9.7428657,-8.7876127,-9.3347862,-8.2544713,0.11922517,-1.3966355,-11.816638,-10.314779,-10.457968,-7.8396805,4.2504232e-06,0.39421998,5.8712045e-05,0.00015261186,8.8298608e-05,0.00026009299,7.380727e-06,3.3139682e-05,2.8718534e-05,0.00039379483,0.017807612,0.09258417,0.10547932,4.4380678,0.017807612,0.09258417,0.10547932,4.4380678,0.0026582369,0.013820531,0.015745458,0.66249396,0.40966429,1.6354281,6.6990313,0.69471819,0.44645503,0.99840417,-34.770386,0.0,0.0
1.0,152.0,152.0,-57.920345,0.59959378,0.23862036,4.0,15.0,0.0,67.825387,-10.922749,1.7374731,0.12257211,1.3452972,-0.61122298,1.2643006,0.2646212,-1.4960744,0.30080376,-0.30350927,-1.1168856,0.69994671,0.85173613,-0.67372736,-13.318144,0.53427714,0.88129626,-0.74042002,0.17851247,-0.10609375,1.1146145,-0.88893043,-5.2364679,0.97815608,87287.02,10.284074,1.0613397,0.24530964,-10.709783,-8.5853313,-11.984732,-8.7260607,0.59616991,-0.47157325,-11.577249,-8.9773055,-12.536621,-8.4254424,2.6332619e-06,0.46796626,2.2325452e-05,0.00018682629,6.2387396e-06,0.00016230055,9.3770117e-06,0.00012624255,3.5926494e-06,0.00021921832,0.025942266,0.42167063,0.016186631,2.4705905,0.025942266,0.42167063,0.016186631,2.4705905,0.0056995915,0.092642265,0.0035562499,0.54279593,0.25379904,1.363412,4.551601,0.64469403,3.0483927,0.41109521,-35.233187,0.0,0.0
1.0,153.0,153.0,-57.121582,0.99189024,0.23862036,4.0,15.0,0.0,72.033755,-10.715443,0.1402232,0.14259624,-0.95084819,-0.21378895,-0.069611356,0.88791413,0.7468304,-1.815256,0.60697669,1.8346584,0.58403938,0.86317172,1.3477201,-12.593845,0.23398341,-0.15425268,-1.6174289,0.67905882,-0.33642653,-0.63916907,0.62420422,-8.1398887,1.2781111,15613.364,6.4724633,1.1502575,0.83740779,-10.695448,-10.848774,-10.745421,-10.725204,0.50412627,0.78712159,-9.2452048,-11.673444,-9.4193563,-8.5920587,3.2725598e-06,0.15788595,2.2647805e-05,1.9428414e-05,2.154383e-05,2.1983815e-05,9.6573635e-05,8.517022e-06,8.1138228e-05,0.00018557365,0.23407241,0.023939845,0.30012007,2.0914151,0.23407241,0.023939845,0.30012007,2.0914151,0.07131616,0.0072938874,0.091439271,0.63720321,0.31541586,0.31721586,3.2821791,0.80725253,0.52773075,1.8667598,-34.928036,0.0,0.0
1.0,154.0,154.0,-59.687874,0.89911415,0.23862036,4.0,15.0,0.0,71.658262,-9.4283079,0.12652491,0.2529005,1.639293,1.9498005,0.31197768,0.073113449,-0.49655668,1.1196418,-0.31808937,-0.97099012,0.29200146,-0.092949958,-1.771916,-11.580989,0.54687641,-0.63291265,0.189766,0.1979372,-1.4381857,0.22643016,-0.45218742,-8.028532,0.93126422,344933.41,9.1505225,0.81523629,0.09621644,-9.3963097,-9.2208965,-9.1816096,-9.388835,-0.027141523,-0.51740206,-9.9500167,-9.6564377,-9.7222683,-9.4869689,6.6087614e-06,0.90945983,8.3029906e-05,9.8949937e-05,0.00010291475,8.3652858e-05,4.7726835e-05,6.4012146e-05,5.9933901e-05,7.5833612e-05,0.12039379,0.1896913,0.23561915,0.85464481,0.12039379,0.1896913,0.23561915,0.85464481,0.025555065,0.040264316,0.050013068,0.18140889,0.63696565,2.673837,4.7111517,0.29724134,1.254115,0.63623491,-37.769569,0.0,0.0
1.0,155.0,155.0,-58.563181,0.93259638,0.23862036,4.0,15.0,0.0,79.903681,-10.084743,1.0707459,-1.1689501,-0.97900426,-0.1908093,1.2702433,0.6610891,0.78489885,-2.0065618,-0.89711302,0.72111996,0.49670946,-1.5763911,-2.175021,-11.984486,0.17062031,-1.045828,-1.3291046,0.87594406,-1.0432551,-0.25082946,0.079540125,-8.8628936,0.80648618,1674260.8,6.5325338,1.2634309,0.45932827,-11.336391,-11.133007,-10.289051,-8.7246348,-0.78300835,-1.0803535,-11.897857,-13.539877,-11.962476,-9.0309186,5.220458e-06,0.10614622,1.1930754e-05,1.4621648e-05,3.4003372e-05,0.00016253214,6.8049751e-06,1.317365e-06,6.3791481e-06,0.00011965253,0.016725466,0.0037721595,0.024106862,1.348484,0.016725466,0.0037721595,0.024106862,1.348484,0.0082547436,0.0018617245,0.011897783,0.66553543,0.50315818,0.12991747,2.0261642,0.68754968,0.77815507,1.082789,-35.238387,0.0,0.0
1.0,156.0,156.0,-54.481896,0.98067205,0.23862036,4.0,15.0,0.0,69.098644,-9.0548098,0.97689406,0.67872829,-1.7365223,-0.71222401,0.81675219,0.73629726,1.4842704,-0.66707875,-0.22012497,0.91312838,0.71727268,-0.69792396,-1.8164268,-12.162613,0.14494899,-1.4266747,-0.97608951,0.35248902,-0.067850724,0.35510896,0.25859584,-6.5516784,0.80132736,4007642.4,8.414224,0.84221166,0.28688594,-8.3917642,-10.751208,-9.7505772,-8.2569295,-0.50060179,-1.3028733,-8.6017733,-12.54525,-11.215528,-8.0851974,4.2465312e-06,0.36787718,0.00022672693,2.1419514e-05,5.8261023e-05,0.00025945443,0.00018377961,3.5617813e-06,1.3463503e-05,0.00030806574,0.46789951,0.010683672,0.053671281,3.4719009,0.46789951,0.010683672,0.053671281,3.4719009,0.08287616,0.001892333,0.0095064636,0.61495643,0.40928917,1.2323227,5.6457673,0.70923139,1.4263361,1.2951103,-34.738605,0.0,0.0
1.0,157.0,157.0,-52.839447,0.99797467,0.23862036,4.0,15.0,0.0,63.623855,-9.859238,0.53715993,-0.11672426,1.1934275,1.0056564,0.35343318,0.40033114,-1.3676407,0.38865643,-1.0377199,-0.02766426,0.74419197,1.7890296,0.32001092,-13.190971,0.13188357,0.90965494,-0.51908297,0.33602191,-0.29344528,-0.25255403,-0.17606479,-6.8142339,1.6325692,2478.901,8.8100787,1.2711037,0.45379241,-9.9219376,-9.2181766,-9.3190397,-9.6693879,1.3313814,0.23814956,-10.231297,-8.8244357,-9.4963217,-8.3490813,2.105406e-06,0.53919014,4.9085955e-05,9.9219443e-05,8.9700007e-05,6.3188523e-05,3.6025007e-05,0.00014709444,7.5127662e-05,0.00023661379,0.08853674,0.42115065,0.28387592,2.6666375,0.08853674,0.42115065,0.28387592,2.6666375,0.01567388,0.074557349,0.050255263,0.47208148,0.20292324,1.9855565,5.6486805,0.61256797,0.77681424,0.83856365,-35.814407,0.0,0.0
1.0,158.0,158.0,-50.240775,0.90822814,0.23862036,4.0,15.0,0.0,59.857144,-9.4374407,0.84836886,0.27950861,-1.0475666,0.57731998,1.0889404,0.20741183,0.14098036,-0.18142728,-0.11959593,1.3091668,0.31520021,1.4087112,-0.39660932,-13.362733,1.0135362,0.66737847,-1.2955876,0.52205985,-1.0153587,-0.18564494,0.1563941,-8.1264611,0.7268799,511344.84,9.0272062,0.86146631,0.66161953,-9.2003143,-10.326164,-8.9476605,-8.5136176,0.44402608,-0.12501134,-9.2960847,-10.488805,-9.0974774,-7.7980549,3.0931506e-06,0.16111037,0.00010100765,3.2764544e-05,0.00013004104,0.00020071639,9.1782888e-05,2.7846449e-05,0.00011194785,0.00041053274,0.2262409,0.080042372,0.42492963,4.626704,0.2262409,0.080042372,0.42492963,4.626704,0.036139674,0.012785952,0.06787817,0.73906873,0.29812404,0.60414004,6.260181,0.85587253,0.83056844,1.1692869,-34.400262,0.0,0.0
1.0,159.0,159.0,-50.7871,0.85765532,0.23862036,4.0,15.0,0.0,65.722435,-9.4393864,1.0737002,0.20602803,-0.51947962,0.52476462,1.2174951,0.26442316,0.45759467,-0.23896708,-0.26272731,0.77092738,0.35572213,1.5741547,-0.27512265,-12.848718,1.1268285,0.58752369,-1.3400286,0.59111927,-0.80460122,-0.39742982,0.11971281,-8.0588242,0.70932288,378135.98,8.920467,0.77794319,0.84040963,-9.2181741,-9.9971518,-8.8759466,-8.1321617,0.55996165,-0.097867215,-9.1950427,-10.158207,-9.043285,-7.368349,5.0979099e-06,0.16273309,9.9219687e-05,4.5529422e-05,0.00013970932,0.00029393211,0.00010154153,3.8756679e-05,0.00011818197,0.00063090894,0.24810638,0.11011274,0.44259792,7.1103438,0.24810638,0.11011274,0.44259792,7.1103438,0.026683124,0.011842307,0.047600127,0.76469691,0.49134676,0.89574333,9.2982509,0.85082247,0.67204511,1.1271731,-34.904198,0.0,0.0
1.0,160.0,160.0,-55.561085,0.066804453,0.23862036,4.0,15.0,0.0,69.952602,-9.6265775,0.30992484,0.69428978,-0.62202552,-0.30255696,-0.54780236,0.21063918,0.62711278,1.046055,-0.89027461,-1.1922438,0.2707695,0.67524247,-1.1372171,-12.253084,0.12276899,1.3535106,-1.8166053,0.34035154,-0.022335832,0.46875832,-0.27454323,-6.7146668,1.0657484,251917.08,9.2603557,0.74675345,0.89355344,-9.4113998,-9.8193587,-9.7203474,-9.7963551,0.18283507,-0.30792371,-9.587229,-9.9069422,-10.215798,-9.8646532,5.6327374e-06,0.16134549,8.1786379e-05,5.4388455e-05,6.0049135e-05,5.5654086e-05,6.8599245e-05,4.9827565e-05,3.6587722e-05,5.1979911e-05,0.17625404,0.15125565,0.14786426,0.58581359,0.17625404,0.15125565,0.14786426,0.58581359,0.097933029,0.084043032,0.082158653,0.32549892,0.5428945,0.19565849,1.7997405,0.58963363,1.5980087,0.75991915,-37.27365,0.0,0.0
1.0,161.0,161.0,-56.877186,0.86598396,0.23862036,4.0,15.0,0.0,72.071346,-8.0361416,0.58863322,-0.43792826,-1.0332121,0.48040553,0.80659704,0.41798132,0.77119115,2.7310718,0.41157618,-0.64104322,0.22538915,-0.06857651,-0.018786783,-11.581692,0.57861571,0.11393597,-1.4944047,0.24169417,0.87770703,0.36818042,0.114251,-9.902384,1.3045354,136491.1,8.6743467,0.70671768,0.49675558,-8.2939207,-8.6443245,-7.7533589,-7.5613518,-0.015456401,-0.004234337,-7.9758115,-7.5070219,-7.5855621,-7.8447522,9.9716261e-06,0.27740743,0.00025003224,0.00017612361,0.00042929814,0.00052017162,0.00034367589,0.0005492143,0.00050772931,0.00039180267,0.87586968,1.6495495,2.0270752,4.415616,0.87586968,1.6495495,2.0270752,4.415616,0.071120272,0.13394277,0.16459771,0.35854628,0.96108526,2.3861351,12.315331,0.72820703,1.4451027,1.1210335,-39.576567,0.0,0.0
1.0,162.0,162.0,-59.47124,0.68266259,0.23862036,4.0,31.0,0.0,76.214289,-10.483622,0.73829078,-1.6838565,-1.3239912,0.31121899,1.6106793,0.31478343,2.4312188,0.50068964,0.86018432,-0.040015064,0.21697424,0.54725586,-0.50039311,-12.956765,0.53931026,-0.35915054,-1.7098878,0.1991576,-1.7335042,-0.037094984,-0.33637655,-9.1730308,1.5702495,390156.02,10.689675,0.69780456,0.89815386,-11.726798,-11.461113,-10.253852,-9.2944725,0.11874042,-0.10857241,-11.070063,-11.412076,-10.091653,-9.1883282,1.9445923e-06,0.1280764,8.0745134e-06,1.0531786e-05,3.5221563e-05,9.1930977e-05,1.5571582e-05,1.1061098e-05,4.1423893e-05,0.00010222563,0.038664977,0.032103209,0.15899928,1.1520828,0.038664977,0.032103209,0.15899928,1.1520828,0.022677917,0.018829286,0.09325681,0.67572362,0.1874237,0.13568762,1.7049616,0.81048763,0.96358461,0.71435406,-35.717521,0.0,0.0
1.0,163.0,163.0,-55.842021,0.97466667,0.23862036,4.0,15.0,0.0,67.936152,-8.8486056,1.3818323,-2.6334086,-0.46516376,-0.29495288,1.2476726,0.22919406,1.7741092,0.47364928,-0.15187717,-0.18562189,0.27143767,-0.037219145,-1.1144822,-13.70961,0.20161066,0.10261538,-1.2909887,0.083590632,-0.68349267,-0.32342758,-0.088711349,-7.4927427,1.2719841,435248.24,11.079965,0.98236299,0.39454644,-12.487535,-9.4913839,-9.256181,-7.1245313,-0.010102678,-0.30251245,-12.383432,-9.6853388,-9.5935028,-7.1771774,1.1349506e-06,0.2597275,3.7733975e-06,7.5499546e-05,9.5519416e-05,0.00080511029,4.1873941e-06,6.2188606e-05,6.8170215e-05,0.00076382077,0.010260867,0.17736001,0.25642721,8.60826,0.010260867,0.17736001,0.25642721,8.60826,0.00094668797,0.016363586,0.023658483,0.79421514,0.10938881,1.6770036,10.8387,0.8351839,0.72366437,0.91510968,-35.259258,0.0,0.0
1.0,164.0,164.0,-57.509328,0.92417003,0.23862036,4.0,15.0,0.0,74.899229,-9.6358735,0.84260566,-0.46812486,-0.43643773,-0.3649102,0.33518158,0.22185667,1.96163,-0.94573413,1.0366968,-1.3987357,0.55528211,-0.13667011,-0.22530844,-12.119435,0.0090017653,0.55405795,-0.65300933,0.26901797,-1.5316255,0.28234385,-0.29692909,-10.23808,1.960552,182106.71,9.2805619,1.0214313,0.21553001,-10.030318,-10.003618,-9.9433489,-9.3534476,-0.075890468,-0.12510974,-9.7202272,-10.338546,-9.8384605,-9.7396569,5.4797681e-06,0.34471265,4.4044144e-05,4.5235952e-05,4.8046133e-05,8.6666113e-05,6.0056355e-05,3.2361356e-05,5.3359392e-05,5.8900739e-05,0.15208479,0.096388599,0.21100412,0.66381133,0.15208479,0.096388599,0.21100412,0.66381133,0.070778571,0.044858184,0.098198974,0.30893042,0.528151,0.49730072,2.1487406,0.52276615,1.3262347,0.7430967,-37.136677,0.0,0.0
1.0,165.0,165.0,-57.651132,0.99593523,0.23862036,4.0,15.0,0.0,69.792278,-10.438569,0.16057745,-0.031403593,-0.091909969,1.0462171,-0.36121457,0.11629574,1.4222583,-0.69385003,1.4886255,0.081286354,0.20658122,-1.6585712,-0.36734947,-10.212298,0.55343305,1.3288743,-0.49717649,0.38165286,-1.2712925,-0.036775927,-0.24959212,-7.2817926,0.81854143,315426.16,9.3442724,1.0088564,0.61442497,-10.443611,-10.453327,-10.27057,-10.496571,-0.34262967,-0.075887502,-10.354096,-10.609907,-10.173336,-10.829748,7.6604506e-05,0.37442307,2.9133808e-05,2.8852115e-05,3.4637637e-05,2.763102e-05,3.1862009e-05,2.4670397e-05,3.8174744e-05,1.9801598e-05,0.079116213,0.071603787,0.14653167,0.22316401,0.079116213,0.071603787,0.14653167,0.22316401,0.0073696343,0.0066698557,0.01364935,0.020787612,7.3832955,2.8317216,10.735433,0.048476452,0.96389209,0.77911851,-40.33208,0.0,0.0
1.0,166.0,166.0,-60.464638,0.97080761,0.23862036,4.0,15.0,0.0,74.695172,-11.17899,0.19453211,-0.0087935083,-0.34622995,1.2682517,0.15408213,0.049318666,1.3248179,-1.6422018,1.7736261,-0.50058116,0.23079853,-1.4950711,-0.53352026,-10.20709,0.19689996,0.42966509,-0.51394686,0.3624419,-1.4338567,-0.14238074,-0.50202651,-5.691476,0.78213965,469508.81,10.674236,1.1285776,0.55097245,-11.180701,-11.246343,-10.932275,-11.149016,-0.34506021,-0.12313569,-11.238498,-11.45047,-10.967937,-11.518765,4.0166035e-05,0.35571103,1.3940657e-05,1.305495e-05,1.7872011e-05,1.4389433e-05,1.3157766e-05,1.0644469e-05,1.7245876e-05,9.9417783e-06,0.032499044,0.030678756,0.065664245,0.11204384,0.032499044,0.030678756,0.065664245,0.11204384,0.0059158028,0.0055844557,0.011952866,0.020395347,3.8712828,1.3814296,5.4935983,0.043848471,0.86729098,0.60530276,-38.282616,0.0,0.0
1.0,167.0,167.0,-58.27779,0.91960808,0.23862036,4.0,15.0,0.0,71.115626,-11.294444,0.19500942,-0.09638339,-0.027674525,1.3356284,0.084383636,0.10876639,0.93865759,-0.1326639,1.7670124,-0.46572752,0.3179155,-1.9497928,-0.86897254,-9.8651801,0.26847388,0.16003824,-0.63812612,0.40915892,-1.1095709,-0.35333203,-0.39528265,-5.8948639,0.70134568,448653.11,10.358942,0.95135003,0.65603269,-11.313239,-11.29984,-11.033984,-11.277988,-0.61986935,-0.27625984,-11.487405,-11.59053,-11.118052,-11.948513,5.423338e-05,0.33550549,1.2210195e-05,1.2374899e-05,1.6143654e-05,1.2648296e-05,1.0258491e-05,9.2533061e-06,1.4841967e-05,6.4688455e-06,0.025107851,0.026348717,0.055727876,0.072903889,0.025107851,0.026348717,0.055727876,0.072903889,0.0035364486,0.0037112251,0.0078492888,0.010268536,5.2271216,1.6925258,7.0997357,0.025365498,0.70234396,0.67348965,-38.780877,0.0,0.0
1.0,168.0,168.0,-58.196275,0.97041544,0.23862036,4.0,31.0,0.0,71.872353,-8.8812258,0.42507496,0.23651327,0.19294917,0.26786639,-0.28287506,0.082573232,0.93174004,0.081017616,1.224434,1.5668311,0.10769178,-1.5133373,0.06604523,-11.940929,0.51092677,-1.2282777,-0.48890778,0.48802652,-1.2270056,0.52435681,0.30304213,-7.9000251,2.0463691,200041.52,12.157821,1.2486643,0.73766382,-8.7806899,-8.7992079,-8.7673625,-9.0014689,-0.16297398,0.0071125282,-8.6966406,-8.7854055,-8.6591445,-9.0350646,3.4799645e-06,0.33698426,0.00015367202,0.00015085251,0.00015573379,0.00012322866,0.00016714638,0.00015294908,0.0001735327,0.00011915748,0.43153092,0.46722396,0.70638203,1.3429048,0.43153092,0.46722396,0.70638203,1.3429048,0.10098904,0.1093421,0.16531107,0.31427333,0.33540594,0.98959965,4.2730473,0.68991553,1.6893719,1.3539715,-37.095036,0.0,0.0
1.0,169.0,169.0,-52.592874,0.82575672,0.23862036,4.0,15.0,0.0,72.785026,-10.01646,0.94551389,-0.73480558,-0.51200075,-0.66016648,1.0624721,0.21414465,0.41041756,0.88911549,0.66703022,0.60625164,0.78462855,-0.18123575,-0.52418439,-13.430561,0.035915632,-0.071633559,0.2096382,0.69429793,-1.5113625,-0.20704436,-0.0038136109,-7.1066695,0.38793132,22956.145,9.0260665,0.91782385,0.33880385,-10.711229,-10.500564,-10.640656,-9.0118776,-0.14220274,-0.41129004,-11.03463,-10.721454,-10.909105,-9.0242548,1.4657647e-06,0.43184107,2.2293205e-05,2.7520934e-05,2.3923332e-05,0.00012195266,1.6133222e-05,2.2066404e-05,1.8290927e-05,0.00012045253,0.039729119,0.063346611,0.069325442,1.3575,0.039729119,0.063346611,0.069325442,1.3575,0.017311612,0.027602725,0.030207948,0.59151861,0.14127333,0.62376598,2.2949405,0.66664089,0.81298359,0.99619365,-35.502638,0.0,0.0
1.0,170.0,170.0,-57.198383,0.98152836,0.23862036,4.0,15.0,0.0,69.858364,-8.7763485,0.80737378,-0.47926271,0.52867225,0.59093379,0.93789646,0.43080049,-0.52179927,0.77537187,0.1829201,-0.43131578,1.6176229,-0.12931481,-1.2349824,-15.035198,0.21736782,-1.9435422,-0.73950274,0.30472778,-2.6586028,0.3004698,-0.60408357,-5.3814794,0.39556757,182914.22,8.5864517,0.96043845,1.0119087,-9.1632927,-8.3495124,-8.2992441,-8.0191155,-0.2091826,-1.9977359,-11.38582,-10.013218,-10.218178,-8.4141092,1.9356321e-07,0.21232166,0.0001048172,0.00023651181,0.00024870476,0.00032911099,1.1355369e-05,4.4803797e-05,3.6500747e-05,0.00022171691,0.028793435,0.13367677,0.14462172,2.4987496,0.028793435,0.13367677,0.14462172,2.4987496,0.0088881023,0.041264017,0.044642559,0.7713266,0.018656009,0.41505056,3.2395481,0.86612128,1.3504931,0.54657509,-34.40426,0.0,0.0
1.0,171.0,171.0,-60.785501,0.96691716,0.23862036,4.0,15.0,0.0,72.464091,-9.1727815,0.43584171,0.55263171,-1.8614288,-0.65989251,0.55518671,0.20003819,0.30585337,-0.74118717,-0.8994148,-0.78422905,0.30529158,1.0991399,-0.52547569,-11.341122,0.0064954927,0.87452028,-0.84392891,0.12545951,2.0437403,-0.42999031,0.6515989,-6.6727037,1.6002388,16579.549,7.5512611,1.2910914,0.10781676,-8.9319216,-9.9840698,-9.4603902,-8.930808,0.33555816,-0.1604233,-9.0311625,-10.292759,-9.8007308,-8.7521256,1.1942085e-05,0.55570247,0.00013210393,4.612895e-05,7.7876199e-05,0.00013225112,0.00011962335,3.3877521e-05,5.541109e-05,0.00015812486,0.29193721,0.096097255,0.20713579,1.7820672,0.29193721,0.096097255,0.20713579,1.7820672,0.053263478,0.017532791,0.037791596,0.32513532,1.1510021,1.952762,5.4810015,0.43372318,0.6505154,1.918606,-36.402887,0.0,0.0
1.0,172.0,172.0,-61.244043,0.78764892,0.23862036,4.0,15.0,0.0,75.700203,-9.4570758,1.315712,1.0567764,1.512116,-1.1087474,0.71033059,0.80518871,-0.012717713,-0.39667484,-0.62190432,0.94269655,1.354037,0.15526137,-1.5149705,-11.971956,0.17573912,-0.99974184,-1.2793913,0.16812661,-1.5689099,0.637126,-0.87467845,-6.4320223,0.49148853,13210.79,7.005554,0.49831186,0.13922972,-8.0666623,-7.4675665,-10.915868,-8.5224853,0.21022964,-2.0513261,-10.128229,-9.8382907,-13.467945,-7.553207,5.3008167e-06,0.21370327,0.00031382899,0.00057131691,1.8167649e-05,0.00019894438,3.9936151e-05,5.3368455e-05,1.4156178e-06,0.00052442559,0.10420065,0.16528841,0.0058537668,5.9102764,0.10420065,0.16528841,0.0058537668,5.9102764,0.013606675,0.021583604,0.00076439352,0.77177263,0.51090331,0.96153136,7.6580539,0.8077273,1.8910382,0.41699608,-34.370513,0.0,0.0
1.0,173.0,173.0,-63.130626,0.12145063,0.23862036,4.0,15.0,0.0,78.845832,-10.352958,0.22756674,2.4345146,0.9092179,-1.0837284,-1.1344861,0.50643723,0.15194295,0.18717546,-1.6780469,0.82685447,0.76224143,0.50246534,-1.0387646,-10.154926,0.87858569,-0.81290721,-0.76896151,0.044540513,-0.52660827,0.21409758,-0.67068463,-6.2298809,0.66095711,6090.1068,6.9525038,0.44421499,0.29830049,-9.7989431,-10.14605,-10.599578,-10.611129,0.3829999,-0.79178938,-10.513783,-10.843047,-12.241193,-9.8093792,1.9036837e-05,0.45274922,5.5510235e-05,3.923074e-05,2.4926521e-05,2.4640257e-05,2.7159519e-05,1.9540004e-05,4.827446e-06,5.4933939e-05,0.06845473,0.057841073,0.018954474,0.61910549,0.06845473,0.057841073,0.018954474,0.61910549,0.018331817,0.015489535,0.0050759085,0.1657932,1.8348084,1.135039,3.7342032,0.20469046,1.2387435,0.51135837,-37.102513,0.0,0.0
1.0,174.0,174.0,-62.728722,0.92412826,0.23862036,4.0,15.0,0.0,80.864223,-10.603419,0.1234054,-0.24239463,1.0901429,0.74695085,-1.2727679,0.3411439,-0.76550854,1.0530842,-0.73563283,-0.1682594,0.57654755,1.7299647,-1.3641662,-13.314211,0.43506354,-2.2248837,-0.081863326,0.040399603,-0.55364025,0.65505361,0.12050058,-3.7288537,1.1393167,9697.7676,8.4959508,0.50049774,0.11223212,-10.633332,-10.468889,-10.511241,-10.760485,0.99740691,-0.7865067,-11.680987,-10.896143,-11.548704,-9.8204789,6.2708945e-07,0.90101788,2.4099209e-05,2.8406595e-05,2.7228646e-05,2.1221724e-05,8.4530197e-06,1.8529571e-05,9.6485363e-06,5.4327558e-05,0.022094785,0.057521376,0.04000359,0.61227158,0.022094785,0.057521376,0.04000359,0.61227158,0.012190314,0.031736161,0.022071106,0.33780745,0.060440135,1.0201555,1.8124869,0.40380503,1.9252457,1.1280614,-37.328947,0.0,0.0
1.0,175.0,175.0,-64.089703,0.97063942,0.23862036,4.0,31.0,0.0,79.574357,-10.538512,0.14983882,0.15484274,-0.70559434,1.96926,0.84224101,0.03398676,0.69179405,-1.4623735,1.0625172,0.18098049,0.1837279,-2.0923517,0.63992431,-11.867071,0.47570379,1.4446727,-1.8677045,0.61005049,0.69259018,-0.80823893,-0.12041929,-8.7665063,1.0330163,1305014.6,7.5633738,0.80276884,0.53754455,-10.51531,-10.644237,-10.24344,-10.412311,-0.38442339,0.11757195,-10.374227,-10.576367,-10.089757,-10.790584,1.3952734e-05,0.23570141,2.7118065e-05,2.3837817e-05,3.5590198e-05,3.0060111e-05,3.1227025e-05,2.5511871e-05,4.1502503e-05,2.0592494e-05,0.075338551,0.071269576,0.15242232,0.2320774,0.075338551,0.071269576,0.15242232,0.2320774,0.033376364,0.031573733,0.067525892,0.10281456,1.3447924,0.38134234,2.2572426,0.23529055,0.44564218,0.88654864,-38.027586,0.0,0.0
1.0,176.0,176.0,-56.941447,0.99188983,0.23862036,4.0,15.0,0.0,74.986692,-12.27047,0.12225606,-0.37278891,-0.58277955,2.7512415,-0.13678655,0.1359293,0.7198779,-0.29155097,0.28592,-0.21785067,0.093068205,-0.90690093,0.32780849,-10.593088,0.74360185,-0.0084186472,-0.90946209,0.19664805,0.86027033,-0.12759994,-0.14364863,-7.3232939,1.0760727,177019.39,7.553976,1.3194089,0.68219122,-12.316046,-12.341718,-11.934114,-12.287193,-0.084403642,0.030508548,-12.187685,-12.35084,-11.864741,-12.401209,2.4932245e-05,0.47697481,4.4792911e-06,4.3657595e-06,6.5626629e-06,4.6104134e-06,5.0927902e-06,4.3261171e-06,7.0341011e-06,4.1136125e-06,0.01258789,0.012480169,0.026811642,0.046360413,0.01258789,0.012480169,0.026811642,0.046360413,0.0033748964,0.0033460158,0.0071883784,0.012429533,2.4030196,1.2285999,3.7298596,0.026338823,0.88020544,0.86619205,-38.332422,0.0,0.0
1.0,177.0,177.0,-59.62176,0.53361917,0.23862036,4.0,15.0,0.0,79.16864,-10.326117,0.19370048,0.91957642,-0.97853742,2.6745774,-0.39048514,0.12466708,0.26538943,-0.31086207,0.59189364,-0.10969366,0.12781768,-1.1925692,0.6950307,-11.703864,0.3245451,0.53119073,-0.80152955,0.48680308,1.9274144,-0.022490649,-0.21880785,-8.6930709,0.77587235,188069.87,7.7548495,1.4444069,0.67636987,-10.147994,-10.51566,-9.8080499,-10.401754,-0.15243143,0.088837212,-10.026072,-10.465577,-9.645423,-10.567861,9.8162791e-06,1.146532,3.9154531e-05,2.7108588e-05,5.5007013e-05,3.0379152e-05,4.4231566e-05,2.8500839e-05,6.4721118e-05,2.5729803e-05,0.10991435,0.082804334,0.2487157,0.28997488,0.10991435,0.082804334,0.2487157,0.28997488,0.021747668,0.016383676,0.04921092,0.057374466,0.94611261,3.3765536,5.0540755,0.14471673,0.97776038,0.80347609,-39.464848,0.0,0.0
1.0,178.0,178.0,-59.076473,0.98063045,0.23862036,4.0,15.0,0.0,74.043732,-11.321443,1.1984025,-1.2817911,0.9641598,1.1262895,-1.0133035,0.68763868,-0.21952448,-1.6031259,-1.847574,1.5259086,0.35279528,-0.36119422,0.45973844,-11.162484,0.43158942,1.5376237,-1.1638006,0.19129505,-0.99223283,-0.36062371,0.036683013,-7.5269749,1.277933,16679.652,8.6567591,0.69025513,0.053268683,-12.857545,-10.165992,-9.9716951,-12.535789,-0.12742762,0.16219355,-12.846305,-11.10617,-11.079965,-11.613943,2.7567814e-05,0.25830614,2.6063888e-06,3.8456155e-05,4.6703329e-05,3.5956395e-06,2.63585e-06,1.5019374e-05,1.5418155e-05,9.0391761e-06,0.0064494631,0.042751457,0.057866141,0.10187151,0.0064494631,0.042751457,0.057866141,0.10187151,0.0018311069,0.01213783,0.016429134,0.028922971,2.657041,0.65618673,3.5221663,0.059321042,0.69724131,1.0373641,-37.90572,0.0,0.0
1.0,179.0,179.0,-60.470682,0.94672137,0.23862036,4.0,15.0,0.0,70.979569,-9.2444244,0.44978949,1.2965536,-1.2836359,-2.7728911,1.5052125,0.27551576,0.073445657,1.1580724,2.0984005,-0.59885417,0.71612013,0.90279267,-1.9436008,-14.480028,0.47533947,-1.3422524,-1.4479117,0.71901079,-0.26437296,0.22700498,0.27557338,-6.3733845,1.3333359,797313.16,8.3675068,0.53844887,0.25626213,-8.6612482,-9.8217904,-10.491642,-8.5673956,0.646508,-1.3918517,-10.032864,-10.894575,-11.305351,-8.0858814,2.7183954e-07,0.19436865,0.00017316802,5.4256359e-05,2.7767572e-05,0.00019020737,4.3932137e-05,1.8558645e-05,1.2306894e-05,0.00030785508,0.11082574,0.054998833,0.048385139,3.4695267,0.11082574,0.054998833,0.048385139,3.4695267,0.02654698,0.013174312,0.011590081,0.8310836,0.026200438,0.46476556,4.1747025,0.88239497,1.2548361,1.3172858,-33.880406,0.0,0.0
1.0,180.0,180.0,-56.598815,0.97820695,0.23862036,4.0,31.0,0.0,75.248634,-7.982962,1.3126334,-0.47807881,-0.58959658,-1.2337427,-1.4778746,0.68373598,0.818981,0.91842649,1.3705765,0.8949263,1.5206731,0.85965548,-0.33455284,-11.852446,0.46572307,1.019209,-1.8489354,0.25537473,-1.0351658,0.2757186,-0.011204241,-9.7290931,0.95693585,291155.88,10.202521,0.67492748,1.1436128,-8.6105042,-8.7568862,-9.6024139,-9.9228695,1.307255,-0.50874551,-8.559283,-8.6376704,-9.174047,-8.0037213,1.144707e-05,0.12083967,0.00018218203,0.00015737388,6.7565441e-05,4.9040232e-05,0.00019175674,0.00017729945,0.000103696,0.00033421661,0.48537023,0.52776199,0.40976436,3.7666212,0.48537023,0.52776199,0.40976436,3.7666212,0.071233824,0.077455316,0.060137769,0.55279622,1.1032915,0.5209514,6.8137607,0.76162313,1.3174771,0.98885829,-35.495839,0.0,0.0
1.0,181.0,181.0,-62.481066,0.81926446,0.23862036,4.0,15.0,0.0,76.921669,-8.8988957,0.10116799,-1.0389355,0.55441711,-1.955397,-0.58134658,0.050124812,-1.3852363,0.368326,-2.8002931,0.063269391,0.81302808,0.67925474,-1.5324348,-13.21825,0.35255339,1.00261,-0.0011082301,0.074969487,0.44271523,-0.35938194,-0.048001551,-8.9780717,1.5106423,10713.969,10.058304,1.2886878,0.17428042,-9.0040027,-8.8428064,-9.0967193,-8.9577093,0.55225318,-1.2459125,-10.31935,-10.070257,-10.482996,-8.4022848,2.5876095e-06,1.0326021,0.00012291682,0.00014441688,0.00011203276,0.00012874082,3.2988553e-05,4.231975e-05,2.8008684e-05,0.00022435413,0.080721097,0.12046751,0.10512764,2.5284711,0.080721097,0.12046751,0.10512764,2.5284711,0.009701784,0.014478864,0.012635181,0.30389429,0.24939898,5.236046,8.3202323,0.34071012,0.69810766,0.95313231,-37.262075,0.0,0.0
1.0,182.0,182.0,-57.250623,0.96049139,0.23862036,4.0,15.0,0.0,74.926997,-9.2306014,0.28128742,-0.47354541,-0.07036307,-0.5002855,-0.83887247,0.28322558,-0.6159936,0.13678651,-3.1331468,-1.0807675,0.84982283,-0.32949787,-1.4565973,-11.225978,0.38608031,-1.2682083,-0.91293273,0.081634707,-0.013869865,0.16099744,-0.38419245,-5.2055121,0.72286997,272019.1,9.735978,0.97172437,0.23488657,-9.3638038,-9.2503937,-9.3713254,-9.4665657,-0.28001481,-1.2378496,-10.776119,-10.449502,-11.496562,-10.052682,8.1653701e-06,0.40089129,8.5773214e-05,9.6073823e-05,8.5130478e-05,7.7396755e-05,2.0892537e-05,2.8962698e-05,1.0164977e-05,4.3070101e-05,0.052476971,0.085343895,0.039703365,0.48540004,0.052476971,0.085343895,0.039703365,0.48540004,0.026458331,0.043029485,0.020018015,0.24473354,0.7869947,0.53346277,1.9833817,0.33423937,1.174682,0.68100035,-37.339383,0.0,0.0
1.0,183.0,183.0,-56.634776,0.83997575,0.23862036,4.0,31.0,0.0,77.165456,-10.347259,0.016729715,0.32879952,0.38879761,-0.18895434,-0.29681109,0.22411444,-1.7098998,-0.35433477,-0.15124614,1.5202141,0.45829603,1.2831934,1.5643769,-13.33058,0.52311634,-0.59684752,-1.2809448,0.81559124,-0.24158985,0.074832545,0.44910282,-6.451352,1.2065092,59473.867,10.29422,1.0091818,0.33578929,-10.341758,-10.340755,-10.35042,-10.352225,0.58808246,0.71694772,-10.008024,-9.7032185,-9.667369,-9.4234403,1.1885212e-06,0.22809722,3.2257551e-05,3.2289946e-05,3.1979347e-05,3.1921695e-05,4.5037102e-05,6.1086573e-05,6.3316222e-05,8.0807538e-05,0.11252825,0.17875873,0.24534182,0.91070096,0.11252825,0.17875873,0.24534182,0.91070096,0.061084177,0.097036342,0.13317992,0.49435959,0.11455205,0.28030146,1.8421833,0.78566003,1.0777037,1.5669058,-36.591298,0.0,0.0
1.0,184.0,184.0,-55.857408,0.86785954,0.23862036,4.0,15.0,0.0,68.357741,-8.0093288,0.055352585,1.4527208,0.68320239,0.34953063,-0.94568536,0.047327231,0.13106809,-0.13759034,0.52408585,-0.65221459,0.35329154,0.69375377,0.14011985,-13.881803,0.39879654,-0.43588087,-1.6844398,0.36308152,0.51178244,-0.16237346,0.23538482,-7.3762636,1.3871426,535381.76,10.004082,1.1215428,0.1696571,-7.9289169,-7.9715118,-7.9899814,-8.0616749,0.24509734,0.049503159,-7.8732107,-7.9285204,-7.9156747,-7.8474451,7.8653362e-07,0.22343805,0.0003601763,0.00034515679,0.0003388404,0.0003153981,0.00038080974,0.00036031916,0.00036497757,0.00039074902,0.93969251,1.037188,1.3876591,4.4037415,0.93969251,1.037188,1.3876591,4.4037415,0.10203668,0.11262325,0.15067921,0.47818104,0.075807683,1.3652714,9.2093603,0.84352018,0.85012366,1.2653956,-37.151788,0.0,0.0
1.0,185.0,185.0,-60.5576,0.91787737,0.23862036,4.0,15.0,0.0,73.724752,-10.077043,0.36065189,-0.88366796,0.3448308,0.72952647,-0.50783183,0.080238077,0.37712604,0.59470836,-2.6044649,-0.2495187,0.32635836,0.1618567,-0.21383412,-14.355747,0.45320973,-0.36008262,-1.0902562,0.78789937,-0.23878562,-0.15041701,0.33143598,-6.1196937,1.0637395,1403292.1,11.765896,0.93036845,0.067473746,-10.39574,-9.9526792,-9.8139379,-10.260194,0.052823285,-0.069786553,-10.435266,-9.9747475,-10.092702,-10.227391,4.9488535e-07,0.27848385,3.0562415e-05,4.7599935e-05,5.468408e-05,3.4998913e-05,2.9377948e-05,4.6560991e-05,4.1380461e-05,3.6165998e-05,0.072534372,0.13412701,0.15746555,0.40759079,0.072534372,0.13412701,0.15746555,0.40759079,0.071547311,0.13230178,0.15532273,0.40204422,0.047698039,0.19438017,1.0137959,0.76121604,0.86034912,1.392967,-38.426745,0.0,0.0
1.0,186.0,186.0,-64.194552,0.93379412,0.23862036,4.0,15.0,0.0,76.799853,-9.0409768,0.67747381,-0.15246445,0.047912109,0.47051866,-0.052033258,0.039995036,0.12914468,0.75519192,-2.7018787,-0.0085693298,0.20329099,0.2779862,0.17461861,-13.313569,0.18116338,0.058828745,-0.024118837,0.13246348,2.6016962,-0.25339012,0.25074153,-8.3890634,0.81081145,1338066.7,10.602883,1.2606692,0.10636152,-9.1442675,-9.0085176,-8.7222127,-9.076228,0.05651209,0.035498391,-9.1036039,-8.9428153,-8.7947761,-9.0200586,1.6696252e-06,1.3778315,0.00010683046,0.00012236311,0.00016292628,0.00011435214,0.0001112641,0.00013067264,0.00015152256,0.00012095904,0.27343802,0.37411508,0.57250871,1.3632084,0.27343802,0.37411508,0.57250871,1.3632084,0.024305367,0.033254351,0.05088917,0.1211729,0.16092181,8.505917,11.250109,0.22962179,0.77616502,1.2849779,-40.335395,0.0,0.0
1.0,187.0,187.0,-63.150985,0.76986414,0.23862036,4.0,15.0,0.0,80.55226,-10.569491,1.0834271,-0.907661,-0.75355224,0.93878623,1.3688338,0.02510571,0.30870723,0.15828892,-2.8656988,0.057369234,0.12378333,-0.23697571,0.76640843,-13.414699,1.1081727,-0.65430359,-0.69629842,0.15314802,1.796721,-0.38694069,0.19250528,-5.8094291,1.088168,5272533.1,9.7667234,1.0638007,0.12171067,-11.552876,-11.38591,-9.5523845,-9.0864593,-0.029333642,0.094868587,-11.450257,-11.287067,-9.5294613,-9.1143526,7.2305481e-07,0.65630204,9.6083741e-06,1.1354347e-05,7.1031685e-05,0.00011318813,1.0646742e-05,1.2533978e-05,7.2678763e-05,0.00011007456,0.02602449,0.035629305,0.27235073,1.2405403,0.02602449,0.035629305,0.27235073,1.2405403,0.0089893836,0.012307081,0.094075435,0.42850763,0.069689468,1.2507907,2.8950249,0.54387953,0.67913137,1.2122829,-36.187725,0.0,0.0
1.0,188.0,188.0,-54.722928,0.94687883,0.23862036,4.0,31.0,0.0,72.377343,-10.843772,0.55004423,1.6091737,0.66122386,-1.4156377,0.81133512,1.1113859,0.15235906,-0.83738597,-0.50447078,1.375706,0.054123331,0.57368478,0.58992669,-13.228786,0.10697129,-0.68804078,-0.60809228,0.38255814,-0.90810855,-0.02064602,-0.090032296,-7.8417245,1.0308,245372.94,8.7894454,0.91945293,0.042778093,-9.9586552,-10.48007,-11.622435,-10.397502,0.031049731,0.031928798,-9.7573967,-11.3788,-12.151168,-8.8375117,1.6705015e-06,0.3846211,4.7316323e-05,2.8090768e-05,8.9627336e-06,3.0508607e-05,5.7865065e-05,1.1435366e-05,5.2821982e-06,0.00014518356,0.14380747,0.033227843,0.020301923,1.6362187,0.14380747,0.033227843,0.020301923,1.6362187,0.05539887,0.012800343,0.0078208983,0.63031962,0.16100627,0.6012934,2.5958556,0.70633973,0.97956565,0.91390167,-35.108734,0.0,0.0
1.0,189.0,189.0,-59.892405,0.80550981,0.23862036,4.0,15.0,0.0,72.861887,-9.3812272,0.15602325,-1.896859,-0.70993839,-0.5510528,-0.054876214,0.21355387,0.094892275,-0.36715087,0.55612739,-0.16405861,0.19789711,-0.45973617,-0.35128796,-11.650864,0.02126116,-0.3360708,-1.2072091,0.16463728,0.3081256,0.058482831,0.17082217,-4.6572746,1.4211874,219431.89,7.0669689,0.47811069,0.0090968487,-9.6771813,-9.4919941,-9.4672042,-9.3897891,-0.090980462,-0.069518874,-9.7264355,-9.6399194,-9.4179599,-9.5158049,8.6494955e-06,0.31459154,6.2697984e-05,7.5453495e-05,7.7347353e-05,8.3573078e-05,5.968466e-05,6.5078299e-05,8.125161e-05,7.3678101e-05,0.1489843,0.19020094,0.31438462,0.8303522,0.1489843,0.19020094,0.31438462,0.8303522,0.050333311,0.064258064,0.10621266,0.28052872,0.83365568,0.64237661,2.9599543,0.50133275,1.0602268,1.1862798,-36.958605,0.0,0.0
1.0,190.0,190.0,-58.606702,0.89484969,0.23862036,4.0,15.0,0.0,70.91202,-9.7688253,0.23100517,1.7062369,0.20742026,-0.74512166,0.83707024,0.60786468,0.80243157,-0.15724182,-0.74333937,1.146797,0.23907443,1.231963,-0.78756467,-14.619198,0.062588043,0.37149141,-0.48211524,0.75930666,-0.75858524,-0.14350708,-0.17328946,-8.3754581,1.0678436,126016.81,11.022576,0.51968761,0.010469558,-9.3746758,-9.7209102,-9.9409523,-9.5754578,0.29453084,-0.18828657,-9.0751925,-10.004778,-10.581089,-8.5838295,4.5820588e-07,0.34710982,8.4845741e-05,6.0015352e-05,4.816142e-05,6.9411517e-05,0.0001144706,4.5183505e-05,2.539169e-05,0.00018710707,0.28272164,0.13021552,0.096671769,2.1086967,0.28272164,0.13021552,0.096671769,2.1086967,0.084028145,0.03870156,0.028731969,0.62672906,0.044162799,0.70213811,3.3646065,0.77819073,0.86631467,0.84089418,-34.938553,0.0,0.0
1.0,191.0,191.0,-65.276695,0.92745431,0.23862036,4.0,15.0,0.0,76.089405,-9.3568399,1.3428678,-0.49858078,-0.78432244,-1.2233118,0.13175026,0.12352363,2.2892906,-0.078612656,-1.2675122,0.97469715,0.1375358,1.6019524,1.0203535,-12.002445,0.68097764,1.2537943,0.092710424,0.43758093,-2.4618377,0.83105707,0.12769953,-9.2384498,1.4869944,17696.786,11.112514,1.460369,0.010446714,-10.026368,-10.410081,-10.999586,-9.1799167,0.22032581,0.14033513,-9.6032514,-10.279457,-11.015818,-8.8391927,1.4394861e-05,0.37361,4.4218471e-05,3.0127227e-05,1.6708619e-05,0.00010308912,6.7508884e-05,3.4331178e-05,1.6439584e-05,0.0001449397,0.1798586,0.10924546,0.070108878,1.6334705,0.1798586,0.10924546,0.070108878,1.6334705,0.04033304,0.024498142,0.015721818,0.36630347,1.3874055,1.0792477,4.4593366,0.44685647,2.2957442,1.1362116,-35.915103,0.0,0.0
1.0,192.0,192.0,-65.983779,0.84090129,0.23862036,4.0,31.0,0.0,84.768505,-9.3422104,0.60584068,0.31969354,-0.4420448,-2.4476718,0.80191318,0.58108014,-1.4816952,0.78776419,1.3629117,0.2890722,0.03637596,-0.73402053,-1.312901,-13.169166,0.54326749,-2.197038,-1.5205167,0.64901694,0.97184561,-0.92035161,-0.20466406,-10.595797,0.87182656,542245.74,6.4740693,0.34456182,0.90428332,-9.148527,-9.6100191,-10.82511,-8.8563787,-0.026700701,-0.047758034,-10.057269,-9.200023,-10.080907,-8.7151053,5.7854718e-07,0.41074923,0.00010637638,6.7053545e-05,1.9893659e-05,0.00014247005,4.2872983e-05,0.00010103708,4.187144e-05,0.00016408839,0.10316009,0.28125283,0.15314401,1.8492761,0.10316009,0.28125283,0.15314401,1.8492761,0.03112895,0.08486911,0.046211785,0.5580261,0.055761534,0.87136534,3.3139599,0.72023594,0.39837894,0.81492104,-35.377485,0.0,0.0
1.0,193.0,193.0,-59.828535,0.99144313,0.23862036,4.0,31.0,0.0,73.973282,-10.074954,0.62515592,-0.37116798,0.14749802,-0.14363859,0.49980615,0.32793892,-0.065257688,-1.0264811,-1.1935668,0.1256302,0.045325342,0.24682144,0.54115031,-12.541948,0.50476099,2.3488518,-0.5084353,0.1567423,-2.0662591,0.92656661,0.22634188,-4.2985225,1.4363715,11016.594,9.7072553,0.71919342,0.097234834,-10.306992,-9.9827451,-10.164751,-9.7624976,0.011187266,0.024527823,-10.303865,-10.29484,-10.53164,-9.7101113,1.1695117e-05,0.43504514,3.3398744e-05,4.6190097e-05,3.8503904e-05,5.7570653e-05,3.3503355e-05,3.3807077e-05,2.6678832e-05,6.066696e-05,0.09030869,0.10921115,0.11573979,0.68371664,0.09030869,0.10921115,0.11573979,0.68371664,0.03004321,0.036331536,0.038503436,0.22745366,1.1271988,0.87978506,3.0059601,0.33233185,2.5258221,1.2540043,-37.021657,0.0,0.0
1.0,194.0,194.0,-61.729395,0.96845802,0.23862036,4.0,15.0,0.0,72.748337,-10.133739,0.47518684,0.080173928,-0.13136241,0.060239058,0.3863168,0.66089187,-2.0685232,0.70459106,-0.18902876,1.0951715,0.056471162,0.79114877,-0.46954832,-15.572618,0.1720887,-1.7706906,-0.95583189,0.77247932,-0.41654979,-1.039499,-0.30910771,-8.9768347,0.73035934,317850.14,5.2161206,1.4361452,0.984899,-10.095642,-10.196161,-10.105114,-9.9501666,0.04467709,-0.026515939,-11.489228,-9.7570184,-10.256558,-9.1816996,1.2722181e-07,0.27870317,4.1258983e-05,3.731329e-05,4.086999e-05,4.7719681e-05,1.0239807e-05,5.7886959e-05,3.5126385e-05,0.00010290548,0.024576498,0.16059363,0.12797112,1.1597448,0.024576498,0.16059363,0.12797112,1.1597448,0.013593056,0.088822998,0.070779757,0.64144518,0.012261892,0.32287063,1.8080186,0.81464099,0.35363181,0.73410169,-35.855786,0.0,0.0
1.0,195.0,195.0,-60.829425,0.98754081,0.23862036,4.0,15.0,0.0,78.04182,-9.9778276,0.63664702,0.43416936,-0.20857573,-2.0932837,-0.3143813,0.77674291,-0.73372054,-1.2014726,0.96400188,0.67583145,0.047257102,0.20067244,-0.67749596,-10.085035,0.92614848,-0.89582007,-0.41683732,0.18333837,-0.81934305,0.78197075,0.6243486,-7.6269945,1.4281065,3377.0787,7.8836075,0.69147079,0.13057229,-9.701415,-10.110617,-11.31051,-10.177978,0.0094831981,-0.032016496,-10.303344,-11.075869,-10.593745,-9.6435471,1.8188923e-05,0.56719374,6.1196839e-05,4.064573e-05,1.224356e-05,3.799798e-05,3.3520823e-05,1.5481441e-05,2.5072339e-05,6.4842644e-05,0.088805559,0.048906071,0.10604216,0.7307766,0.088805559,0.048906071,0.10604216,0.7307766,0.020325136,0.011193247,0.024270117,0.16725455,1.7530848,1.6416328,4.3692479,0.22304305,2.1857756,1.8670294,-37.266007,0.0,0.0
1.0,196.0,196.0,-58.211123,0.9960079,0.23862036,4.0,15.0,0.0,70.829257,-9.1240359,0.72643441,0.71984609,-0.034317176,-1.5901993,-0.096717611,0.78400556,-0.69310371,-2.1987557,1.1077518,0.58087804,0.058029293,0.52229706,-1.1276421,-10.467227,0.45142632,-1.2104197,-0.80474358,0.17027761,-1.1655384,0.66484007,0.49512595,-6.9012665,1.3228502,5068.567,7.812933,0.88705657,0.18970151,-8.6011149,-9.148965,-10.279211,-9.1942949,0.030308529,-0.065436274,-9.2099483,-10.938238,-9.476164,-8.7085747,1.6475406e-05,0.36670093,0.00018390065,0.00010632979,3.43396e-05,0.00010161749,0.00010003921,1.7765752e-05,7.665743e-05,0.00016516349,0.26174344,0.055220892,0.31829219,1.8613925,0.26174344,0.055220892,0.31829219,1.8613925,0.048630126,0.010259661,0.059136494,0.3458339,1.5879326,1.2977493,5.382331,0.46386018,1.9441796,1.6407049,-36.218328,0.0,0.0
1.0,197.0,197.0,-63.019759,0.90967002,0.23862036,4.0,15.0,0.0,78.694943,-9.3214779,0.74394571,0.42936593,-0.031371856,-1.8095718,-0.13078728,1.5255514,-0.20854668,-2.2890933,1.2714618,1.2228278,0.057923752,0.93164582,-0.9697203,-10.03513,0.61122477,-1.3049041,-0.87018208,0.22409352,-1.266511,0.7778209,0.46647162,-6.8283706,1.3050745,5163.6727,7.4834182,0.89943022,0.22746778,-9.002053,-9.3448169,-10.667701,-9.4187766,0.053964421,-0.056169838,-9.3763715,-12.893116,-8.7841906,-7.4993256,1.9742842e-05,0.31537307,0.0001231567,8.741734e-05,2.3285002e-05,8.1185282e-05,8.4701985e-05,2.5153058e-06,0.00015313501,0.00055345752,0.22429377,0.0079411022,0.64723302,6.2374662,0.22429377,0.0079411022,0.64723302,6.2374662,0.019875082,0.0007036756,0.057352503,0.5527133,1.9028546,2.2653861,11.285175,0.63064456,2.1767238,1.5943588,-36.812444,0.0,0.0
1.0,198.0,198.0,-55.693892,0.91774798,0.23862036,4.0,15.0,0.0,77.395312,-9.5221991,0.24425114,-1.4775535,0.69273551,1.0683626,0.65627811,0.033609308,-1.7545828,0.95613263,-0.076444713,0.92765952,0.56690851,0.50521513,-0.96073737,-13.920104,0.12335579,-1.3051287,-0.23383931,0.5976072,-0.93928766,-0.70549617,-0.13959076,-4.9867128,1.0780285,193972.78,8.6474492,1.1905815,0.54288096,-9.8830932,-9.3529976,-9.2612503,-9.3619024,0.28641075,-0.54465019,-10.486714,-9.8655129,-9.8084697,-9.0443137,7.6675467e-07,0.45150701,5.1030186e-05,8.6705118e-05,9.5036427e-05,8.5936457e-05,2.7904748e-05,5.1935246e-05,5.4983922e-05,0.00011806046,0.067506201,0.14561144,0.2027827,1.3305414,0.067506201,0.14561144,0.2027827,1.3305414,0.026176138,0.056462147,0.07863082,0.51592943,0.073901349,0.75857825,2.5789214,0.67719853,0.49386347,0.86971408,-35.853531,0.0,0.0
1.0,199.0,199.0,-55.10387,0.99666552,0.23862036,4.0,15.0,0.0,63.696503,-9.430186,0.24570865,-1.608308,0.6718256,1.1854181,0.66409073,0.038818317,-1.6609264,1.0871086,-0.18639756,0.80868679,0.64531105,0.4319167,-0.89338552,-13.741817,0.13043071,-1.0451777,-0.27649135,0.56645417,-0.93373237,-0.74330847,0.099274276,-4.7064423,1.0838203,171447.92,9.0172914,1.0912044,0.5637209,-9.8253612,-9.2651126,-9.1389185,-9.2670131,0.27872062,-0.57651154,-10.466347,-9.7994244,-9.7226657,-8.9569007,9.3929086e-07,0.44690558,5.4062965e-05,9.4670073e-05,0.00010740342,9.4490321e-05,2.84789e-05,5.5483524e-05,5.9910086e-05,0.00012884497,0.068824194,0.15534627,0.22059925,1.4520828,0.068824194,0.15534627,0.22059925,1.4520828,0.024542545,0.055396111,0.078665172,0.51780929,0.090530732,0.81689783,2.8042811,0.67641312,0.47553801,1.1043692,-35.741621,0.0,0.0
1.0,200.0,200.0,-48.754941,0.9967699,0.23862036,4.0,15.0,0.0,62.249327,-9.5571373,0.62678897,-0.093650636,-0.43760161,-0.30798439,0.50106637,0.19646808,0.63361173,0.99566146,0.89042377,0.72189254,0.5557059,0.26947083,-1.2123305,-13.636855,0.35447042,0.36066258,-1.0851482,0.37645693,-0.055281928,0.68430204,0.20390238,-5.4243006,1.2082692,366405.57,9.1505186,1.085866,0.20597445,-9.6158365,-9.8314212,-9.7501785,-9.2430744,0.14974653,-0.67369923,-10.165051,-10.309505,-10.248938,-8.9514991,1.3586613e-06,0.33089326,6.6664598e-05,5.3736334e-05,5.8284257e-05,9.6779588e-05,3.8492342e-05,3.3314937e-05,3.5395073e-05,0.00012954282,0.1009117,0.10381938,0.14739797,1.4599476,0.1009117,0.10381938,0.14739797,1.4599476,0.041116545,0.042301281,0.060057407,0.59485667,0.1309505,0.51125749,2.4542846,0.7383319,1.9823877,1.2261784,-35.469156,0.0,0.0
