{
  "type": "FeatureCollection",
  "features": [
    {
      "type": "Feature",
      "properties": {
        "kind": "hull_outline",
        "platform_id": "classic_cruise_1900"
      },
      "geometry": {
        "type": "Polygon",
        "coordinates": [
          [
            [
              4.76,
              16.0
            ],
            [
              19.04,
              5.76
            ],
            [
              52.36,
              1.92
            ],
            [
              130.9,
              1.28
            ],
            [
              195.16,
              2.56
            ],
            [
              228.48,
              7.04
            ],
            [
              235.62,
              16.0
            ],
            [
              228.48,
              24.96
            ],
            [
              195.16,
              29.44
            ],
            [
              130.9,
              30.72
            ],
            [
              52.36,
              30.08
            ],
            [
              19.04,
              26.24
            ],
            [
              4.76,
              16.0
            ]
          ]
        ]
      }
    },
    {
      "type": "Feature",
      "properties": {
        "kind": "hull_waterline",
        "platform_id": "classic_cruise_1900"
      },
      "geometry": {
        "type": "Polygon",
        "coordinates": [
          [
            [
              14.327600000000004,
              16.0
            ],
            [
              27.465199999999996,
              6.5792
            ],
            [
              58.11959999999999,
              3.0464
            ],
            [
              130.37640000000002,
              2.4575999999999993
            ],
            [
              189.4956,
              3.6351999999999993
            ],
            [
              220.14999999999998,
              7.756799999999998
            ],
            [
              226.71880000000002,
              16.0
            ],
            [
              220.14999999999998,
              24.2432
            ],
            [
              189.4956,
              28.364800000000002
            ],
            [
              130.37640000000002,
              29.5424
            ],
            [
              58.11959999999999,
              28.9536
            ],
            [
              27.465199999999996,
              25.4208
            ],
            [
              14.327600000000004,
              16.0
            ]
          ]
        ]
      }
    },
    {
      "type": "Feature",
      "properties": {
        "kind": "compartment",
        "zone_id": "MainDining_L",
        "deck": "4_Main",
        "room_type": "Dining"
      },
      "geometry": {
        "type": "Polygon",
        "coordinates": [
          [
            [
              36.87106307240631,
              18.48789769862794
            ],
            [
              51.98227026092703,
              18.48789769862794
            ],
            [
              54.734932767228884,
              21.24056020492979
            ],
            [
              54.734932767228884,
              28.24733749369815
            ],
            [
              51.98227026092703,
              31.0
            ],
            [
              36.87106307240631,
              31.0
            ],
            [
              34.118400566104455,
              28.24733749369815
            ],
            [
              34.118400566104455,
              21.24056020492979
            ],
            [
              36.87106307240631,
              18.48789769862794
            ]
          ]
        ]
      }
    },
    {
      "type": "Feature",
      "properties": {
        "kind": "compartment",
        "zone_id": "MainGalley",
        "deck": "4_Main",
        "room_type": "Dining"
      },
      "geometry": {
        "type": "Polygon",
        "coordinates": [
          [
            [
              3.20704,
              20.968000000000004
            ],
            [
              15.322960000000002,
              20.968000000000004
            ],
            [
              17.53,
              23.17504
            ],
            [
              17.53,
              28.792960000000004
            ],
            [
              15.322960000000002,
              31.0
            ],
            [
              3.20704,
              31.0
            ],
            [
              1.0,
              28.792960000000004
            ],
            [
              1.0,
              23.17504
            ],
            [
              3.20704,
              20.968000000000004
            ]
          ]
        ]
      }
    },
    {
      "type": "Feature",
      "properties": {
        "kind": "compartment",
        "zone_id": "MainTheater",
        "deck": "4_Main",
        "room_type": "Free"
      },
      "geometry": {
        "type": "Polygon",
        "coordinates": [
          [
            [
              216.10063343505357,
              1.0000000000000018
            ],
            [
              232.66439083680274,
              1.0000000000000018
            ],
            [
              237.0,
              5.335609163197257
            ],
            [
              237.0,
              16.37170521497209
            ],
            [
              232.66439083680274,
              20.707314378169343
            ],
            [
              216.10063343505357,
              20.707314378169343
            ],
            [
              211.7650242718563,
              16.37170521497209
            ],
            [
              211.7650242718563,
              5.335609163197257
            ],
            [
              216.10063343505357,
              1.0000000000000018
            ]
          ]
        ]
      }
    },
    {
      "type": "Feature",
      "properties": {
        "kind": "compartment",
        "zone_id": "Reception",
        "deck": "4_Main",
        "room_type": "Free"
      },
      "geometry": {
        "type": "Polygon",
        "coordinates": [
          [
            [
              114.75679983512445,
              20.903005991880555
            ],
            [
              123.24320016487557,
              20.903005991880555
            ],
            [
              125.46453884666185,
              23.12434467366683
            ],
            [
              125.46453884666185,
              28.778661318213725
            ],
            [
              123.24320016487557,
              31.0
            ],
            [
              114.75679983512445,
              31.0
            ],
            [
              112.53546115333818,
              28.778661318213725
            ],
            [
              112.53546115333818,
              23.12434467366683
            ],
            [
              114.75679983512445,
              20.903005991880555
            ]
          ]
        ]
      }
    },
    {
      "type": "Feature",
      "properties": {
        "kind": "compartment",
        "zone_id": "HD_4M_M",
        "deck": "4_Main",
        "room_type": "Sanitary"
      },
      "geometry": {
        "type": "Polygon",
        "coordinates": [
          [
            [
              95.22185096426668,
              1.1890329599999998
            ],
            [
              97.66089116906667,
              1.1890329599999998
            ],
            [
              98.29931666666667,
              1.8274584575999997
            ],
            [
              98.29931666666667,
              3.452541542399999
            ],
            [
              97.66089116906667,
              4.090967039999999
            ],
            [
              95.22185096426668,
              4.090967039999999
            ],
            [
              94.58342546666668,
              3.452541542399999
            ],
            [
              94.58342546666668,
              1.8274584575999997
            ],
            [
              95.22185096426668,
              1.1890329599999998
            ]
          ]
        ]
      }
    },
    {
      "type": "Feature",
      "properties": {
        "kind": "compartment",
        "zone_id": "HD_4M_F_1",
        "deck": "4_Main",
        "room_type": "Sanitary"
      },
      "geometry": {
        "type": "Polygon",
        "coordinates": [
          [
            [
              103.11558105226669,
              1.1890329599999998
            ],
            [
              105.55462125706669,
              1.1890329599999998
            ],
            [
              106.19304675466668,
              1.8274584575999997
            ],
            [
              106.19304675466668,
              3.452541542399999
            ],
            [
              105.55462125706669,
              4.090967039999999
            ],
            [
              103.11558105226669,
              4.090967039999999
            ],
            [
              102.4771555546667,
              3.452541542399999
            ],
            [
              102.4771555546667,
              1.8274584575999997
            ],
            [
              103.11558105226669,
              1.1890329599999998
            ]
          ]
        ]
      }
    },
    {
      "type": "Feature",
      "properties": {
        "kind": "compartment",
        "zone_id": "HD_4M_F_2",
        "deck": "4_Main",
        "room_type": "Sanitary"
      },
      "geometry": {
        "type": "Polygon",
        "coordinates": [
          [
            [
              99.12278848036269,
              1.2470716415999998
            ],
            [
              101.46426707697069,
              1.2470716415999998
            ],
            [
              102.07715555466669,
              1.8599601192959996
            ],
            [
              102.07715555466669,
              3.4200398807039996
            ],
            [
              101.46426707697069,
              4.0329283583999995
            ],
            [
              99.12278848036269,
              4.0329283583999995
            ],
            [
              98.50990000266668,
              3.4200398807039996
            ],
            [
              98.50990000266668,
              1.8599601192959996
            ],
            [
              99.12278848036269,
              1.2470716415999998
            ]
          ]
        ]
      }
    },
    {
      "type": "Feature",
      "properties": {
        "kind": "compartment",
        "zone_id": "MainDining_U",
        "deck": "5_Lounge",
        "room_type": "Dining"
      },
      "geometry": {
        "type": "Polygon",
        "coordinates": [
          [
            [
              3.7526625063018546,
              18.48789769862794
            ],
            [
              18.86386969482256,
              18.48789769862794
            ],
            [
              21.61653220112442,
              21.24056020492979
            ],
            [
              21.61653220112442,
              28.24733749369815
            ],
            [
              18.86386969482256,
              31.0
            ],
            [
              3.7526625063018546,
              31.0
            ],
            [
              0.9999999999999982,
              28.24733749369815
            ],
            [
              0.9999999999999982,
              21.24056020492979
            ],
            [
              3.7526625063018546,
              18.48789769862794
            ]
          ]
        ]
      }
    },
    {
      "type": "Feature",
      "properties": {
        "kind": "compartment",
        "zone_id": "Specialty",
        "deck": "5_Lounge",
        "room_type": "Dining"
      },
      "geometry": {
        "type": "Polygon",
        "coordinates": [
          [
            [
              125.79012225952931,
              25.404417742540105
            ],
            [
              132.54805955865245,
              25.404417742540105
            ],
            [
              133.77908765529367,
              26.63544583918128
            ],
            [
              133.77908765529367,
              29.768971903358825
            ],
            [
              132.54805955865245,
              31.0
            ],
            [
              125.79012225952931,
              31.0
            ],
            [
              124.55909416288814,
              29.768971903358825
            ],
            [
              124.55909416288814,
              26.63544583918128
            ],
            [
              125.79012225952931,
              25.404417742540105
            ]
          ]
        ]
      }
    },
    {
      "type": "Feature",
      "properties": {
        "kind": "compartment",
        "zone_id": "Promenade",
        "deck": "5_Lounge",
        "room_type": "Free"
      },
      "geometry": {
        "type": "Polygon",
        "coordinates": [
          [
            [
              82.93707414575834,
              17.77993161893631
            ],
            [
              94.04838039969621,
              17.77993161893631
            ],
            [
              96.95679544353025,
              20.688346662770318
            ],
            [
              96.95679544353025,
              28.091584956165992
            ],
            [
              94.04838039969621,
              31.0
            ],
            [
              82.93707414575834,
              31.0
            ],
            [
              80.0286591019243,
              28.091584956165992
            ],
            [
              80.0286591019243,
              20.688346662770318
            ],
            [
              82.93707414575834,
              17.77993161893631
            ]
          ]
        ]
      }
    },
    {
      "type": "Feature",
      "properties": {
        "kind": "compartment",
        "zone_id": "Casino",
        "deck": "5_Lounge",
        "room_type": "Free"
      },
      "geometry": {
        "type": "Polygon",
        "coordinates": [
          [
            [
              165.91701454545452,
              21.652
            ],
            [
              173.77389454545457,
              21.652
            ],
            [
              175.83045454545456,
              23.70856
            ],
            [
              175.83045454545456,
              28.943440000000002
            ],
            [
              173.77389454545457,
              31.0
            ],
            [
              165.91701454545452,
              31.0
            ],
            [
              163.86045454545453,
              28.943440000000002
            ],
            [
              163.86045454545453,
              23.70856
            ],
            [
              165.91701454545452,
              21.652
            ]
          ]
        ]
      }
    },
    {
      "type": "Feature",
      "properties": {
        "kind": "compartment",
        "zone_id": "PhotoShops",
        "deck": "5_Lounge",
        "room_type": "Free"
      },
      "geometry": {
        "type": "Polygon",
        "coordinates": [
          [
            [
              227.85960438948462,
              23.8603470672588
            ],
            [
              233.8603956105154,
              23.8603470672588
            ],
            [
              235.43111925571847,
              25.43107071246186
            ],
            [
              235.43111925571847,
              29.42927635479694
            ],
            [
              233.8603956105154,
              31.0
            ],
            [
              227.85960438948462,
              31.0
            ],
            [
              226.28888074428156,
              29.42927635479694
            ],
            [
              226.28888074428156,
              25.43107071246186
            ],
            [
              227.85960438948462,
              23.8603470672588
            ]
          ]
        ]
      }
    },
    {
      "type": "Feature",
      "properties": {
        "kind": "compartment",
        "zone_id": "HD_5L_M",
        "deck": "5_Lounge",
        "room_type": "Sanitary"
      },
      "geometry": {
        "type": "Polygon",
        "coordinates": [
          [
            [
              121.69576110545454,
              1.1285759999999998
            ],
            [
              124.23642798545454,
              1.1285759999999998
            ],
            [
              124.90145454545454,
              1.7936025599999996
            ],
            [
              124.90145454545454,
              3.4863974399999993
            ],
            [
              124.23642798545454,
              4.151424
            ],
            [
              121.69576110545454,
              4.151424
            ],
            [
              121.03073454545454,
              3.4863974399999993
            ],
            [
              121.03073454545454,
              1.7936025599999996
            ],
            [
              121.69576110545454,
              1.1285759999999998
            ]
          ]
        ]
      }
    },
    {
      "type": "Feature",
      "properties": {
        "kind": "compartment",
        "zone_id": "HD_5L_F",
        "deck": "5_Lounge",
        "room_type": "Sanitary"
      },
      "geometry": {
        "type": "Polygon",
        "coordinates": [
          [
            [
              125.96648110545455,
              1.1285759999999998
            ],
            [
              128.50714798545457,
              1.1285759999999998
            ],
            [
              129.17217454545457,
              1.7936025599999996
            ],
            [
              129.17217454545457,
              3.4863974399999993
            ],
            [
              128.50714798545457,
              4.151424
            ],
            [
              125.96648110545455,
              4.151424
            ],
            [
              125.30145454545456,
              3.4863974399999993
            ],
            [
              125.30145454545456,
              1.7936025599999996
            ],
            [
              125.96648110545455,
              1.1285759999999998
            ]
          ]
        ]
      }
    },
    {
      "type": "Feature",
      "properties": {
        "kind": "compartment",
        "zone_id": "LidoBuffet",
        "deck": "9_Lido",
        "room_type": "Dining"
      },
      "geometry": {
        "type": "Polygon",
        "coordinates": [
          [
            [
              111.93238000000001,
              19.296
            ],
            [
              126.06762000000002,
              19.296
            ],
            [
              128.6425,
              21.870880000000003
            ],
            [
              128.6425,
              28.425119999999996
            ],
            [
              126.06762000000002,
              31.0
            ],
            [
              111.93238000000001,
              31.0
            ],
            [
              109.35750000000002,
              28.425119999999996
            ],
            [
              109.35750000000002,
              21.870880000000003
            ],
            [
              111.93238000000001,
              19.296
            ]
          ]
        ]
      }
    },
    {
      "type": "Feature",
      "properties": {
        "kind": "compartment",
        "zone_id": "PoolDeck",
        "deck": "9_Lido",
        "room_type": "Free"
      },
      "geometry": {
        "type": "Polygon",
        "coordinates": [
          [
            [
              221.85697026753232,
              16.7206941345176
            ],
            [
              233.85855270959385,
              16.7206941345176
            ],
            [
              237.0,
              19.86214142492373
            ],
            [
              237.0,
              27.85855270959387
            ],
            [
              233.85855270959385,
              31.0
            ],
            [
              221.85697026753232,
              31.0
            ],
            [
              218.71552297712617,
              27.85855270959387
            ],
            [
              218.71552297712617,
              19.86214142492373
            ],
            [
              221.85697026753232,
              16.7206941345176
            ]
          ]
        ]
      }
    },
    {
      "type": "Feature",
      "properties": {
        "kind": "compartment",
        "zone_id": "SpaFit",
        "deck": "9_Lido",
        "room_type": "Free"
      },
      "geometry": {
        "type": "Polygon",
        "coordinates": [
          [
            [
              3.211559999999999,
              21.652
            ],
            [
              11.06844,
              21.652
            ],
            [
              13.125,
              23.70856
            ],
            [
              13.125,
              28.943440000000002
            ],
            [
              11.06844,
              31.0
            ],
            [
              3.211559999999999,
              31.0
            ],
            [
              1.1550000000000011,
              28.943440000000002
            ],
            [
              1.1550000000000011,
              23.70856
            ],
            [
              3.211559999999999,
              21.652
            ]
          ]
        ]
      }
    },
    {
      "type": "Feature",
      "properties": {
        "kind": "compartment",
        "zone_id": "HD_9L_M",
        "deck": "9_Lido",
        "room_type": "Sanitary"
      },
      "geometry": {
        "type": "Polygon",
        "coordinates": [
          [
            [
              115.59430656,
              1.1285759999999998
            ],
            [
              118.13497344000001,
              1.1285759999999998
            ],
            [
              118.80000000000001,
              1.7936025599999996
            ],
            [
              118.80000000000001,
              3.4863974399999993
            ],
            [
              118.13497344000001,
              4.151424
            ],
            [
              115.59430656,
              4.151424
            ],
            [
              114.92928,
              3.4863974399999993
            ],
            [
              114.92928,
              1.7936025599999996
            ],
            [
              115.59430656,
              1.1285759999999998
            ]
          ]
        ]
      }
    },
    {
      "type": "Feature",
      "properties": {
        "kind": "compartment",
        "zone_id": "HD_9L_F",
        "deck": "9_Lido",
        "room_type": "Sanitary"
      },
      "geometry": {
        "type": "Polygon",
        "coordinates": [
          [
            [
              119.86502656000002,
              1.1285759999999998
            ],
            [
              122.40569344000002,
              1.1285759999999998
            ],
            [
              123.07072000000002,
              1.7936025599999996
            ],
            [
              123.07072000000002,
              3.4863974399999993
            ],
            [
              122.40569344000002,
              4.151424
            ],
            [
              119.86502656000002,
              4.151424
            ],
            [
              119.20000000000002,
              3.4863974399999993
            ],
            [
              119.20000000000002,
              1.7936025599999996
            ],
            [
              119.86502656000002,
              1.1285759999999998
            ]
          ]
        ]
      }
    },
    {
      "type": "Feature",
      "properties": {
        "kind": "compartment",
        "zone_id": "CrewMess",
        "deck": "1_Crew",
        "room_type": "Dining"
      },
      "geometry": {
        "type": "Polygon",
        "coordinates": [
          [
            [
              2.9464263245239977,
              22.152607615800008
            ],
            [
              13.631663399441893,
              22.152607615800008
            ],
            [
              15.578089723965892,
              24.09903394032401
            ],
            [
              15.578089723965892,
              29.053573675476
            ],
            [
              13.631663399441893,
              31.0
            ],
            [
              2.9464263245239977,
              31.0
            ],
            [
              1.0000000000000009,
              29.053573675476
            ],
            [
              1.0000000000000009,
              24.09903394032401
            ],
            [
              2.9464263245239977,
              22.152607615800008
            ]
          ]
        ]
      }
    },
    {
      "type": "Feature",
      "properties": {
        "kind": "compartment",
        "zone_id": "Laundry",
        "deck": "1_Crew",
        "room_type": "Free"
      },
      "geometry": {
        "type": "Polygon",
        "coordinates": [
          [
            [
              109.12577079870111,
              25.785934714639637
            ],
            [
              113.50812908488449,
              25.785934714639637
            ],
            [
              114.65522344766376,
              26.933029077418915
            ],
            [
              114.65522344766376,
              29.852905637220722
            ],
            [
              113.50812908488449,
              31.0
            ],
            [
              109.12577079870111,
              31.0
            ],
            [
              107.97867643592184,
              29.852905637220722
            ],
            [
              107.97867643592184,
              26.933029077418915
            ],
            [
              109.12577079870111,
              25.785934714639637
            ]
          ]
        ]
      }
    },
    {
      "type": "Feature",
      "properties": {
        "kind": "compartment",
        "zone_id": "CC_D1_F",
        "deck": "1_Crew",
        "room_type": "Cabin_Corridor"
      },
      "geometry": {
        "type": "Polygon",
        "coordinates": [
          [
            [
              146.47854087698875,
              27.159999999999997
            ],
            [
              158.9760342103221,
              27.159999999999997
            ],
            [
              162.24728754365543,
              28.004799999999996
            ],
            [
              162.24728754365543,
              30.1552
            ],
            [
              158.9760342103221,
              31.0
            ],
            [
              146.47854087698875,
              31.0
            ],
            [
              143.2072875436554,
              30.1552
            ],
            [
              143.2072875436554,
              28.004799999999996
            ],
            [
              146.47854087698875,
              27.159999999999997
            ]
          ]
        ]
      }
    },
    {
      "type": "Feature",
      "properties": {
        "kind": "compartment",
        "zone_id": "CC_D1_A",
        "deck": "1_Crew",
        "room_type": "Cabin_Corridor"
      },
      "geometry": {
        "type": "Polygon",
        "coordinates": [
          [
            [
              221.2312533333333,
              27.159999999999997
            ],
            [
              233.72874666666667,
              27.159999999999997
            ],
            [
              237.0,
              28.004799999999996
            ],
            [
              237.0,
              30.1552
            ],
            [
              233.72874666666667,
              31.0
            ],
            [
              221.2312533333333,
              31.0
            ],
            [
              217.95999999999998,
              30.1552
            ],
            [
              217.95999999999998,
              28.004799999999996
            ],
            [
              221.2312533333333,
              27.159999999999997
            ]
          ]
        ]
      }
    },
    {
      "type": "Feature",
      "properties": {
        "kind": "compartment",
        "zone_id": "HD_1C_M",
        "deck": "1_Crew",
        "room_type": "Sanitary"
      },
      "geometry": {
        "type": "Polygon",
        "coordinates": [
          [
            [
              55.8227815308964,
              1.1285759999999998
            ],
            [
              58.3634484108964,
              1.1285759999999998
            ],
            [
              59.028474970896404,
              1.7936025599999996
            ],
            [
              59.028474970896404,
              3.4863974399999993
            ],
            [
              58.3634484108964,
              4.151424
            ],
            [
              55.8227815308964,
              4.151424
            ],
            [
              55.1577549708964,
              3.4863974399999993
            ],
            [
              55.1577549708964,
              1.7936025599999996
            ],
            [
              55.8227815308964,
              1.1285759999999998
            ]
          ]
        ]
      }
    },
    {
      "type": "Feature",
      "properties": {
        "kind": "compartment",
        "zone_id": "HD_1C_F",
        "deck": "1_Crew",
        "room_type": "Sanitary"
      },
      "geometry": {
        "type": "Polygon",
        "coordinates": [
          [
            [
              60.0935015308964,
              1.1285759999999998
            ],
            [
              62.6341684108964,
              1.1285759999999998
            ],
            [
              63.2991949708964,
              1.7936025599999996
            ],
            [
              63.2991949708964,
              3.4863974399999993
            ],
            [
              62.6341684108964,
              4.151424
            ],
            [
              60.0935015308964,
              4.151424
            ],
            [
              59.428474970896396,
              3.4863974399999993
            ],
            [
              59.428474970896396,
              1.7936025599999996
            ],
            [
              60.0935015308964,
              1.1285759999999998
            ]
          ]
        ]
      }
    },
    {
      "type": "Feature",
      "properties": {
        "kind": "compartment",
        "zone_id": "Library",
        "deck": "7_Cabins",
        "room_type": "Free"
      },
      "geometry": {
        "type": "Polygon",
        "coordinates": [
          [
            [
              5.242383197839985,
              18.40891016961035
            ],
            [
              9.037616802160013,
              18.40891016961035
            ],
            [
              10.031029660864792,
              19.402323028315127
            ],
            [
              10.031029660864792,
              21.9310103050182
            ],
            [
              9.037616802160013,
              22.924423163722977
            ],
            [
              5.242383197839985,
              22.924423163722977
            ],
            [
              4.248970339135207,
              21.9310103050182
            ],
            [
              4.248970339135207,
              19.402323028315127
            ],
            [
              5.242383197839985,
              18.40891016961035
            ]
          ]
        ]
      }
    },
    {
      "type": "Feature",
      "properties": {
        "kind": "compartment",
        "zone_id": "PC_D7_P_F",
        "deck": "7_Cabins",
        "room_type": "Cabin_Corridor"
      },
      "geometry": {
        "type": "Polygon",
        "coordinates": [
          [
            [
              164.95258666666666,
              9.413333333333332
            ],
            [
              177.45008,
              9.413333333333332
            ],
            [
              180.72133333333335,
              10.258133333333333
            ],
            [
              180.72133333333335,
              12.408533333333331
            ],
            [
              177.45008,
              13.253333333333332
            ],
            [
              164.95258666666666,
              13.253333333333332
            ],
            [
              161.68133333333333,
              12.408533333333331
            ],
            [
              161.68133333333333,
              10.258133333333333
            ],
            [
              164.95258666666666,
              9.413333333333332
            ]
          ]
        ]
      }
    },
    {
      "type": "Feature",
      "properties": {
        "kind": "compartment",
        "zone_id": "PC_D7_P_M",
        "deck": "7_Cabins",
        "room_type": "Cabin_Corridor"
      },
      "geometry": {
        "type": "Polygon",
        "coordinates": [
          [
            [
              194.78192,
              9.413333333333332
            ],
            [
              207.27941333333337,
              9.413333333333332
            ],
            [
              210.5506666666667,
              10.258133333333333
            ],
            [
              210.5506666666667,
              12.408533333333331
            ],
            [
              207.27941333333337,
              13.253333333333332
            ],
            [
              194.78192,
              13.253333333333332
            ],
            [
              191.51066666666668,
              12.408533333333331
            ],
            [
              191.51066666666668,
              10.258133333333333
            ],
            [
              194.78192,
              9.413333333333332
            ]
          ]
        ]
      }
    },
    {
      "type": "Feature",
      "properties": {
        "kind": "compartment",
        "zone_id": "PC_D7_P_A",
        "deck": "7_Cabins",
        "room_type": "Cabin_Corridor"
      },
      "geometry": {
        "type": "Polygon",
        "coordinates": [
          [
            [
              221.2312533333333,
              9.413333333333332
            ],
            [
              233.72874666666667,
              9.413333333333332
            ],
            [
              237.0,
              10.258133333333333
            ],
            [
              237.0,
              12.408533333333331
            ],
            [
              233.72874666666667,
              13.253333333333332
            ],
            [
              221.2312533333333,
              13.253333333333332
            ],
            [
              217.95999999999998,
              12.408533333333331
            ],
            [
              217.95999999999998,
              10.258133333333333
            ],
            [
              221.2312533333333,
              9.413333333333332
            ]
          ]
        ]
      }
    },
    {
      "type": "Feature",
      "properties": {
        "kind": "compartment",
        "zone_id": "PC_D7_S_F",
        "deck": "7_Cabins",
        "room_type": "Cabin_Corridor"
      },
      "geometry": {
        "type": "Polygon",
        "coordinates": [
          [
            [
              164.95258666666666,
              27.159999999999997
            ],
            [
              177.45008,
              27.159999999999997
            ],
            [
              180.72133333333335,
              28.004799999999996
            ],
            [
              180.72133333333335,
              30.1552
            ],
            [
              177.45008,
              31.0
            ],
            [
              164.95258666666666,
              31.0
            ],
            [
              161.68133333333333,
              30.1552
            ],
            [
              161.68133333333333,
              28.004799999999996
            ],
            [
              164.95258666666666,
              27.159999999999997
            ]
          ]
        ]
      }
    },
    {
      "type": "Feature",
      "properties": {
        "kind": "compartment",
        "zone_id": "PC_D7_S_M",
        "deck": "7_Cabins",
        "room_type": "Cabin_Corridor"
      },
      "geometry": {
        "type": "Polygon",
        "coordinates": [
          [
            [
              194.78192,
              27.159999999999997
            ],
            [
              207.27941333333337,
              27.159999999999997
            ],
            [
              210.5506666666667,
              28.004799999999996
            ],
            [
              210.5506666666667,
              30.1552
            ],
            [
              207.27941333333337,
              31.0
            ],
            [
              194.78192,
              31.0
            ],
            [
              191.51066666666668,
              30.1552
            ],
            [
              191.51066666666668,
              28.004799999999996
            ],
            [
              194.78192,
              27.159999999999997
            ]
          ]
        ]
      }
    },
    {
      "type": "Feature",
      "properties": {
        "kind": "compartment",
        "zone_id": "PC_D7_S_A",
        "deck": "7_Cabins",
        "room_type": "Cabin_Corridor"
      },
      "geometry": {
        "type": "Polygon",
        "coordinates": [
          [
            [
              221.2312533333333,
              27.159999999999997
            ],
            [
              233.72874666666667,
              27.159999999999997
            ],
            [
              237.0,
              28.004799999999996
            ],
            [
              237.0,
              30.1552
            ],
            [
              233.72874666666667,
              31.0
            ],
            [
              221.2312533333333,
              31.0
            ],
            [
              217.95999999999998,
              30.1552
            ],
            [
              217.95999999999998,
              28.004799999999996
            ],
            [
              221.2312533333333,
              27.159999999999997
            ]
          ]
        ]
      }
    },
    {
      "type": "Feature",
      "properties": {
        "kind": "compartment",
        "zone_id": "HD_7C_M",
        "deck": "7_Cabins",
        "room_type": "Sanitary"
      },
      "geometry": {
        "type": "Polygon",
        "coordinates": [
          [
            [
              3.7343065599999994,
              1.1285759999999998
            ],
            [
              6.27497344,
              1.1285759999999998
            ],
            [
              6.9399999999999995,
              1.7936025599999996
            ],
            [
              6.9399999999999995,
              3.4863974399999993
            ],
            [
              6.27497344,
              4.151424
            ],
            [
              3.7343065599999994,
              4.151424
            ],
            [
              3.06928,
              3.4863974399999993
            ],
            [
              3.06928,
              1.7936025599999996
            ],
            [
              3.7343065599999994,
              1.1285759999999998
            ]
          ]
        ]
      }
    },
    {
      "type": "Feature",
      "properties": {
        "kind": "compartment",
        "zone_id": "HD_7C_F",
        "deck": "7_Cabins",
        "room_type": "Sanitary"
      },
      "geometry": {
        "type": "Polygon",
        "coordinates": [
          [
            [
              8.00502656,
              1.1285759999999998
            ],
            [
              10.545693439999999,
              1.1285759999999998
            ],
            [
              11.210719999999998,
              1.7936025599999996
            ],
            [
              11.210719999999998,
              3.4863974399999993
            ],
            [
              10.545693439999999,
              4.151424
            ],
            [
              8.00502656,
              4.151424
            ],
            [
              7.34,
              3.4863974399999993
            ],
            [
              7.34,
              1.7936025599999996
            ],
            [
              8.00502656,
              1.1285759999999998
            ]
          ]
        ]
      }
    },
    {
      "type": "Feature",
      "properties": {
        "kind": "compartment",
        "zone_id": "KidsClub",
        "deck": "8_Cabins",
        "room_type": "Free"
      },
      "geometry": {
        "type": "Polygon",
        "coordinates": [
          [
            [
              4.456364582198243,
              17.473716807993654
            ],
            [
              9.823635417801754,
              17.473716807993654
            ],
            [
              11.22853335561788,
              18.878614745809774
            ],
            [
              11.22853335561788,
              22.454718587523555
            ],
            [
              9.823635417801754,
              23.859616525339675
            ],
            [
              4.456364582198243,
              23.859616525339675
            ],
            [
              3.0514666443821197,
              22.454718587523555
            ],
            [
              3.0514666443821197,
              18.878614745809774
            ],
            [
              4.456364582198243,
              17.473716807993654
            ]
          ]
        ]
      }
    },
    {
      "type": "Feature",
      "properties": {
        "kind": "compartment",
        "zone_id": "PC_D8_P_F",
        "deck": "8_Cabins",
        "room_type": "Cabin_Corridor"
      },
      "geometry": {
        "type": "Polygon",
        "coordinates": [
          [
            [
              164.95258666666666,
              9.413333333333332
            ],
            [
              177.45008,
              9.413333333333332
            ],
            [
              180.72133333333335,
              10.258133333333333
            ],
            [
              180.72133333333335,
              12.408533333333331
            ],
            [
              177.45008,
              13.253333333333332
            ],
            [
              164.95258666666666,
              13.253333333333332
            ],
            [
              161.68133333333333,
              12.408533333333331
            ],
            [
              161.68133333333333,
              10.258133333333333
            ],
            [
              164.95258666666666,
              9.413333333333332
            ]
          ]
        ]
      }
    },
    {
      "type": "Feature",
      "properties": {
        "kind": "compartment",
        "zone_id": "PC_D8_P_M",
        "deck": "8_Cabins",
        "room_type": "Cabin_Corridor"
      },
      "geometry": {
        "type": "Polygon",
        "coordinates": [
          [
            [
              194.78192,
              9.413333333333332
            ],
            [
              207.27941333333337,
              9.413333333333332
            ],
            [
              210.5506666666667,
              10.258133333333333
            ],
            [
              210.5506666666667,
              12.408533333333331
            ],
            [
              207.27941333333337,
              13.253333333333332
            ],
            [
              194.78192,
              13.253333333333332
            ],
            [
              191.51066666666668,
              12.408533333333331
            ],
            [
              191.51066666666668,
              10.258133333333333
            ],
            [
              194.78192,
              9.413333333333332
            ]
          ]
        ]
      }
    },
    {
      "type": "Feature",
      "properties": {
        "kind": "compartment",
        "zone_id": "PC_D8_P_A",
        "deck": "8_Cabins",
        "room_type": "Cabin_Corridor"
      },
      "geometry": {
        "type": "Polygon",
        "coordinates": [
          [
            [
              221.2312533333333,
              9.413333333333332
            ],
            [
              233.72874666666667,
              9.413333333333332
            ],
            [
              237.0,
              10.258133333333333
            ],
            [
              237.0,
              12.408533333333331
            ],
            [
              233.72874666666667,
              13.253333333333332
            ],
            [
              221.2312533333333,
              13.253333333333332
            ],
            [
              217.95999999999998,
              12.408533333333331
            ],
            [
              217.95999999999998,
              10.258133333333333
            ],
            [
              221.2312533333333,
              9.413333333333332
            ]
          ]
        ]
      }
    },
    {
      "type": "Feature",
      "properties": {
        "kind": "compartment",
        "zone_id": "PC_D8_S_F",
        "deck": "8_Cabins",
        "room_type": "Cabin_Corridor"
      },
      "geometry": {
        "type": "Polygon",
        "coordinates": [
          [
            [
              164.95258666666666,
              27.159999999999997
            ],
            [
              177.45008,
              27.159999999999997
            ],
            [
              180.72133333333335,
              28.004799999999996
            ],
            [
              180.72133333333335,
              30.1552
            ],
            [
              177.45008,
              31.0
            ],
            [
              164.95258666666666,
              31.0
            ],
            [
              161.68133333333333,
              30.1552
            ],
            [
              161.68133333333333,
              28.004799999999996
            ],
            [
              164.95258666666666,
              27.159999999999997
            ]
          ]
        ]
      }
    },
    {
      "type": "Feature",
      "properties": {
        "kind": "compartment",
        "zone_id": "PC_D8_S_M",
        "deck": "8_Cabins",
        "room_type": "Cabin_Corridor"
      },
      "geometry": {
        "type": "Polygon",
        "coordinates": [
          [
            [
              194.78192,
              27.159999999999997
            ],
            [
              207.27941333333337,
              27.159999999999997
            ],
            [
              210.5506666666667,
              28.004799999999996
            ],
            [
              210.5506666666667,
              30.1552
            ],
            [
              207.27941333333337,
              31.0
            ],
            [
              194.78192,
              31.0
            ],
            [
              191.51066666666668,
              30.1552
            ],
            [
              191.51066666666668,
              28.004799999999996
            ],
            [
              194.78192,
              27.159999999999997
            ]
          ]
        ]
      }
    },
    {
      "type": "Feature",
      "properties": {
        "kind": "compartment",
        "zone_id": "PC_D8_S_A",
        "deck": "8_Cabins",
        "room_type": "Cabin_Corridor"
      },
      "geometry": {
        "type": "Polygon",
        "coordinates": [
          [
            [
              221.2312533333333,
              27.159999999999997
            ],
            [
              233.72874666666667,
              27.159999999999997
            ],
            [
              237.0,
              28.004799999999996
            ],
            [
              237.0,
              30.1552
            ],
            [
              233.72874666666667,
              31.0
            ],
            [
              221.2312533333333,
              31.0
            ],
            [
              217.95999999999998,
              30.1552
            ],
            [
              217.95999999999998,
              28.004799999999996
            ],
            [
              221.2312533333333,
              27.159999999999997
            ]
          ]
        ]
      }
    },
    {
      "type": "Feature",
      "properties": {
        "kind": "compartment",
        "zone_id": "HD_8C_M",
        "deck": "8_Cabins",
        "room_type": "Sanitary"
      },
      "geometry": {
        "type": "Polygon",
        "coordinates": [
          [
            [
              3.7343065599999994,
              1.1285759999999998
            ],
            [
              6.27497344,
              1.1285759999999998
            ],
            [
              6.9399999999999995,
              1.7936025599999996
            ],
            [
              6.9399999999999995,
              3.4863974399999993
            ],
            [
              6.27497344,
              4.151424
            ],
            [
              3.7343065599999994,
              4.151424
            ],
            [
              3.06928,
              3.4863974399999993
            ],
            [
              3.06928,
              1.7936025599999996
            ],
            [
              3.7343065599999994,
              1.1285759999999998
            ]
          ]
        ]
      }
    },
    {
      "type": "Feature",
      "properties": {
        "kind": "compartment",
        "zone_id": "HD_8C_F",
        "deck": "8_Cabins",
        "room_type": "Sanitary"
      },
      "geometry": {
        "type": "Polygon",
        "coordinates": [
          [
            [
              8.00502656,
              1.1285759999999998
            ],
            [
              10.545693439999999,
              1.1285759999999998
            ],
            [
              11.210719999999998,
              1.7936025599999996
            ],
            [
              11.210719999999998,
              3.4863974399999993
            ],
            [
              10.545693439999999,
              4.151424
            ],
            [
              8.00502656,
              4.151424
            ],
            [
              7.34,
              3.4863974399999993
            ],
            [
              7.34,
              1.7936025599999996
            ],
            [
              8.00502656,
              1.1285759999999998
            ]
          ]
        ]
      }
    },
    {
      "type": "Feature",
      "properties": {
        "kind": "compartment",
        "zone_id": "Engine_Room",
        "deck": "0_Engine",
        "room_type": "Free"
      },
      "geometry": {
        "type": "Polygon",
        "coordinates": [
          [
            [
              110.51359967024888,
              10.80601198376111
            ],
            [
              127.48640032975112,
              10.80601198376111
            ],
            [
              131.92907769332368,
              15.248689347333666
            ],
            [
              131.92907769332368,
              26.557322636427443
            ],
            [
              127.48640032975112,
              31.0
            ],
            [
              110.51359967024888,
              31.0
            ],
            [
              106.07092230667632,
              26.557322636427443
            ],
            [
              106.07092230667632,
              15.248689347333666
            ],
            [
              110.51359967024888,
              10.80601198376111
            ]
          ]
        ]
      }
    },
    {
      "type": "Feature",
      "properties": {
        "kind": "compartment",
        "zone_id": "HD_0E_M",
        "deck": "0_Engine",
        "room_type": "Sanitary"
      },
      "geometry": {
        "type": "Polygon",
        "coordinates": [
          [
            [
              117.6216,
              0.9999999999999993
            ],
            [
              120.3784,
              0.9999999999999993
            ],
            [
              121.1,
              1.7215999999999994
            ],
            [
              121.1,
              3.5584
            ],
            [
              120.3784,
              4.279999999999999
            ],
            [
              117.6216,
              4.279999999999999
            ],
            [
              116.9,
              3.5584
            ],
            [
              116.9,
              1.7215999999999994
            ],
            [
              117.6216,
              0.9999999999999993
            ]
          ]
        ]
      }
    },
    {
      "type": "Feature",
      "properties": {
        "kind": "compartment",
        "zone_id": "MedCenter",
        "deck": "2_Crew",
        "room_type": "Medical"
      },
      "geometry": {
        "type": "Polygon",
        "coordinates": [
          [
            [
              4.690187242583628,
              25.1704977914062
            ],
            [
              9.58981275741637,
              25.1704977914062
            ],
            [
              10.872303243307007,
              26.452988277296832
            ],
            [
              10.872303243307007,
              29.717509514109366
            ],
            [
              9.58981275741637,
              31.0
            ],
            [
              4.690187242583628,
              31.0
            ],
            [
              3.4076967566929928,
              29.717509514109366
            ],
            [
              3.4076967566929928,
              26.452988277296832
            ],
            [
              4.690187242583628,
              25.1704977914062
            ]
          ]
        ]
      }
    },
    {
      "type": "Feature",
      "properties": {
        "kind": "compartment",
        "zone_id": "IsolRoom",
        "deck": "2_Crew",
        "room_type": "Medical"
      },
      "geometry": {
        "type": "Polygon",
        "coordinates": [
          [
            [
              56.68421001517451,
              27.72
            ],
            [
              59.441010015174506,
              27.72
            ],
            [
              60.16261001517451,
              28.441599999999998
            ],
            [
              60.16261001517451,
              30.2784
            ],
            [
              59.441010015174506,
              31.0
            ],
            [
              56.68421001517451,
              31.0
            ],
            [
              55.962610015174505,
              30.2784
            ],
            [
              55.962610015174505,
              28.441599999999998
            ],
            [
              56.68421001517451,
              27.72
            ]
          ]
        ]
      }
    },
    {
      "type": "Feature",
      "properties": {
        "kind": "compartment",
        "zone_id": "CC_D2_F",
        "deck": "2_Crew",
        "room_type": "Cabin_Corridor"
      },
      "geometry": {
        "type": "Polygon",
        "coordinates": [
          [
            [
              122.76603330298434,
              27.159999999999997
            ],
            [
              135.2635266363177,
              27.159999999999997
            ],
            [
              138.53477996965103,
              28.004799999999996
            ],
            [
              138.53477996965103,
              30.1552
            ],
            [
              135.2635266363177,
              31.0
            ],
            [
              122.76603330298434,
              31.0
            ],
            [
              119.49477996965102,
              30.1552
            ],
            [
              119.49477996965102,
              28.004799999999996
            ],
            [
              122.76603330298434,
              27.159999999999997
            ]
          ]
        ]
      }
    },
    {
      "type": "Feature",
      "properties": {
        "kind": "compartment",
        "zone_id": "CC_D2_A",
        "deck": "2_Crew",
        "room_type": "Cabin_Corridor"
      },
      "geometry": {
        "type": "Polygon",
        "coordinates": [
          [
            [
              221.2312533333333,
              27.159999999999997
            ],
            [
              233.72874666666667,
              27.159999999999997
            ],
            [
              237.0,
              28.004799999999996
            ],
            [
              237.0,
              30.1552
            ],
            [
              233.72874666666667,
              31.0
            ],
            [
              221.2312533333333,
              31.0
            ],
            [
              217.95999999999998,
              30.1552
            ],
            [
              217.95999999999998,
              28.004799999999996
            ],
            [
              221.2312533333333,
              27.159999999999997
            ]
          ]
        ]
      }
    },
    {
      "type": "Feature",
      "properties": {
        "kind": "compartment",
        "zone_id": "HD_2C_M",
        "deck": "2_Crew",
        "room_type": "Sanitary"
      },
      "geometry": {
        "type": "Polygon",
        "coordinates": [
          [
            [
              3.7343065599999994,
              1.1285759999999998
            ],
            [
              6.27497344,
              1.1285759999999998
            ],
            [
              6.9399999999999995,
              1.7936025599999996
            ],
            [
              6.9399999999999995,
              3.4863974399999993
            ],
            [
              6.27497344,
              4.151424
            ],
            [
              3.7343065599999994,
              4.151424
            ],
            [
              3.06928,
              3.4863974399999993
            ],
            [
              3.06928,
              1.7936025599999996
            ],
            [
              3.7343065599999994,
              1.1285759999999998
            ]
          ]
        ]
      }
    },
    {
      "type": "Feature",
      "properties": {
        "kind": "compartment",
        "zone_id": "HD_2C_F",
        "deck": "2_Crew",
        "room_type": "Sanitary"
      },
      "geometry": {
        "type": "Polygon",
        "coordinates": [
          [
            [
              8.00502656,
              1.1285759999999998
            ],
            [
              10.545693439999999,
              1.1285759999999998
            ],
            [
              11.210719999999998,
              1.7936025599999996
            ],
            [
              11.210719999999998,
              3.4863974399999993
            ],
            [
              10.545693439999999,
              4.151424
            ],
            [
              8.00502656,
              4.151424
            ],
            [
              7.34,
              3.4863974399999993
            ],
            [
              7.34,
              1.7936025599999996
            ],
            [
              8.00502656,
              1.1285759999999998
            ]
          ]
        ]
      }
    },
    {
      "type": "Feature",
      "properties": {
        "kind": "compartment",
        "zone_id": "PC_D4_P_F",
        "deck": "4_Cabins",
        "room_type": "Cabin_Corridor"
      },
      "geometry": {
        "type": "Polygon",
        "coordinates": [
          [
            [
              4.271253333333336,
              0.9999999999999998
            ],
            [
              16.768746666666665,
              0.9999999999999998
            ],
            [
              20.04,
              1.8447999999999998
            ],
            [
              20.04,
              3.9951999999999996
            ],
            [
              16.768746666666665,
              4.84
            ],
            [
              4.271253333333336,
              4.84
            ],
            [
              1.0,
              3.9951999999999996
            ],
            [
              1.0,
              1.8447999999999998
            ],
            [
              4.271253333333336,
              0.9999999999999998
            ]
          ]
        ]
      }
    },
    {
      "type": "Feature",
      "properties": {
        "kind": "compartment",
        "zone_id": "PC_D4_P_M",
        "deck": "4_Cabins",
        "room_type": "Cabin_Corridor"
      },
      "geometry": {
        "type": "Polygon",
        "coordinates": [
          [
            [
              112.75125333333334,
              0.9999999999999998
            ],
            [
              125.24874666666669,
              0.9999999999999998
            ],
            [
              128.52,
              1.8447999999999998
            ],
            [
              128.52,
              3.9951999999999996
            ],
            [
              125.24874666666669,
              4.84
            ],
            [
              112.75125333333334,
              4.84
            ],
            [
              109.48000000000002,
              3.9951999999999996
            ],
            [
              109.48000000000002,
              1.8447999999999998
            ],
            [
              112.75125333333334,
              0.9999999999999998
            ]
          ]
        ]
      }
    },
    {
      "type": "Feature",
      "properties": {
        "kind": "compartment",
        "zone_id": "PC_D4_P_A",
        "deck": "4_Cabins",
        "room_type": "Cabin_Corridor"
      },
      "geometry": {
        "type": "Polygon",
        "coordinates": [
          [
            [
              221.2312533333333,
              0.9999999999999998
            ],
            [
              233.72874666666667,
              0.9999999999999998
            ],
            [
              237.0,
              1.8447999999999998
            ],
            [
              237.0,
              3.9951999999999996
            ],
            [
              233.72874666666667,
              4.84
            ],
            [
              221.2312533333333,
              4.84
            ],
            [
              217.95999999999998,
              3.9951999999999996
            ],
            [
              217.95999999999998,
              1.8447999999999998
            ],
            [
              221.2312533333333,
              0.9999999999999998
            ]
          ]
        ]
      }
    },
    {
      "type": "Feature",
      "properties": {
        "kind": "compartment",
        "zone_id": "PC_D4_S_F",
        "deck": "4_Cabins",
        "room_type": "Cabin_Corridor"
      },
      "geometry": {
        "type": "Polygon",
        "coordinates": [
          [
            [
              4.271253333333336,
              27.159999999999997
            ],
            [
              16.768746666666665,
              27.159999999999997
            ],
            [
              20.04,
              28.004799999999996
            ],
            [
              20.04,
              30.1552
            ],
            [
              16.768746666666665,
              31.0
            ],
            [
              4.271253333333336,
              31.0
            ],
            [
              1.0,
              30.1552
            ],
            [
              1.0,
              28.004799999999996
            ],
            [
              4.271253333333336,
              27.159999999999997
            ]
          ]
        ]
      }
    },
    {
      "type": "Feature",
      "properties": {
        "kind": "compartment",
        "zone_id": "PC_D4_S_M",
        "deck": "4_Cabins",
        "room_type": "Cabin_Corridor"
      },
      "geometry": {
        "type": "Polygon",
        "coordinates": [
          [
            [
              112.75125333333334,
              27.159999999999997
            ],
            [
              125.24874666666669,
              27.159999999999997
            ],
            [
              128.52,
              28.004799999999996
            ],
            [
              128.52,
              30.1552
            ],
            [
              125.24874666666669,
              31.0
            ],
            [
              112.75125333333334,
              31.0
            ],
            [
              109.48000000000002,
              30.1552
            ],
            [
              109.48000000000002,
              28.004799999999996
            ],
            [
              112.75125333333334,
              27.159999999999997
            ]
          ]
        ]
      }
    },
    {
      "type": "Feature",
      "properties": {
        "kind": "compartment",
        "zone_id": "PC_D4_S_A",
        "deck": "4_Cabins",
        "room_type": "Cabin_Corridor"
      },
      "geometry": {
        "type": "Polygon",
        "coordinates": [
          [
            [
              221.2312533333333,
              27.159999999999997
            ],
            [
              233.72874666666667,
              27.159999999999997
            ],
            [
              237.0,
              28.004799999999996
            ],
            [
              237.0,
              30.1552
            ],
            [
              233.72874666666667,
              31.0
            ],
            [
              221.2312533333333,
              31.0
            ],
            [
              217.95999999999998,
              30.1552
            ],
            [
              217.95999999999998,
              28.004799999999996
            ],
            [
              221.2312533333333,
              27.159999999999997
            ]
          ]
        ]
      }
    },
    {
      "type": "Feature",
      "properties": {
        "kind": "compartment",
        "zone_id": "PC_D5_P_F",
        "deck": "5_Cabins",
        "room_type": "Cabin_Corridor"
      },
      "geometry": {
        "type": "Polygon",
        "coordinates": [
          [
            [
              4.271253333333336,
              0.9999999999999998
            ],
            [
              16.768746666666665,
              0.9999999999999998
            ],
            [
              20.04,
              1.8447999999999998
            ],
            [
              20.04,
              3.9951999999999996
            ],
            [
              16.768746666666665,
              4.84
            ],
            [
              4.271253333333336,
              4.84
            ],
            [
              1.0,
              3.9951999999999996
            ],
            [
              1.0,
              1.8447999999999998
            ],
            [
              4.271253333333336,
              0.9999999999999998
            ]
          ]
        ]
      }
    },
    {
      "type": "Feature",
      "properties": {
        "kind": "compartment",
        "zone_id": "PC_D5_P_M",
        "deck": "5_Cabins",
        "room_type": "Cabin_Corridor"
      },
      "geometry": {
        "type": "Polygon",
        "coordinates": [
          [
            [
              112.75125333333334,
              0.9999999999999998
            ],
            [
              125.24874666666669,
              0.9999999999999998
            ],
            [
              128.52,
              1.8447999999999998
            ],
            [
              128.52,
              3.9951999999999996
            ],
            [
              125.24874666666669,
              4.84
            ],
            [
              112.75125333333334,
              4.84
            ],
            [
              109.48000000000002,
              3.9951999999999996
            ],
            [
              109.48000000000002,
              1.8447999999999998
            ],
            [
              112.75125333333334,
              0.9999999999999998
            ]
          ]
        ]
      }
    },
    {
      "type": "Feature",
      "properties": {
        "kind": "compartment",
        "zone_id": "PC_D5_P_A",
        "deck": "5_Cabins",
        "room_type": "Cabin_Corridor"
      },
      "geometry": {
        "type": "Polygon",
        "coordinates": [
          [
            [
              221.2312533333333,
              0.9999999999999998
            ],
            [
              233.72874666666667,
              0.9999999999999998
            ],
            [
              237.0,
              1.8447999999999998
            ],
            [
              237.0,
              3.9951999999999996
            ],
            [
              233.72874666666667,
              4.84
            ],
            [
              221.2312533333333,
              4.84
            ],
            [
              217.95999999999998,
              3.9951999999999996
            ],
            [
              217.95999999999998,
              1.8447999999999998
            ],
            [
              221.2312533333333,
              0.9999999999999998
            ]
          ]
        ]
      }
    },
    {
      "type": "Feature",
      "properties": {
        "kind": "compartment",
        "zone_id": "PC_D5_S_F",
        "deck": "5_Cabins",
        "room_type": "Cabin_Corridor"
      },
      "geometry": {
        "type": "Polygon",
        "coordinates": [
          [
            [
              4.271253333333336,
              27.159999999999997
            ],
            [
              16.768746666666665,
              27.159999999999997
            ],
            [
              20.04,
              28.004799999999996
            ],
            [
              20.04,
              30.1552
            ],
            [
              16.768746666666665,
              31.0
            ],
            [
              4.271253333333336,
              31.0
            ],
            [
              1.0,
              30.1552
            ],
            [
              1.0,
              28.004799999999996
            ],
            [
              4.271253333333336,
              27.159999999999997
            ]
          ]
        ]
      }
    },
    {
      "type": "Feature",
      "properties": {
        "kind": "compartment",
        "zone_id": "PC_D5_S_M",
        "deck": "5_Cabins",
        "room_type": "Cabin_Corridor"
      },
      "geometry": {
        "type": "Polygon",
        "coordinates": [
          [
            [
              112.75125333333334,
              27.159999999999997
            ],
            [
              125.24874666666669,
              27.159999999999997
            ],
            [
              128.52,
              28.004799999999996
            ],
            [
              128.52,
              30.1552
            ],
            [
              125.24874666666669,
              31.0
            ],
            [
              112.75125333333334,
              31.0
            ],
            [
              109.48000000000002,
              30.1552
            ],
            [
              109.48000000000002,
              28.004799999999996
            ],
            [
              112.75125333333334,
              27.159999999999997
            ]
          ]
        ]
      }
    },
    {
      "type": "Feature",
      "properties": {
        "kind": "compartment",
        "zone_id": "PC_D5_S_A",
        "deck": "5_Cabins",
        "room_type": "Cabin_Corridor"
      },
      "geometry": {
        "type": "Polygon",
        "coordinates": [
          [
            [
              221.2312533333333,
              27.159999999999997
            ],
            [
              233.72874666666667,
              27.159999999999997
            ],
            [
              237.0,
              28.004799999999996
            ],
            [
              237.0,
              30.1552
            ],
            [
              233.72874666666667,
              31.0
            ],
            [
              221.2312533333333,
              31.0
            ],
            [
              217.95999999999998,
              30.1552
            ],
            [
              217.95999999999998,
              28.004799999999996
            ],
            [
              221.2312533333333,
              27.159999999999997
            ]
          ]
        ]
      }
    },
    {
      "type": "Feature",
      "properties": {
        "kind": "compartment",
        "zone_id": "PC_D6_P_F",
        "deck": "6_Cabins",
        "room_type": "Cabin_Corridor"
      },
      "geometry": {
        "type": "Polygon",
        "coordinates": [
          [
            [
              4.271253333333336,
              0.9999999999999998
            ],
            [
              16.768746666666665,
              0.9999999999999998
            ],
            [
              20.04,
              1.8447999999999998
            ],
            [
              20.04,
              3.9951999999999996
            ],
            [
              16.768746666666665,
              4.84
            ],
            [
              4.271253333333336,
              4.84
            ],
            [
              1.0,
              3.9951999999999996
            ],
            [
              1.0,
              1.8447999999999998
            ],
            [
              4.271253333333336,
              0.9999999999999998
            ]
          ]
        ]
      }
    },
    {
      "type": "Feature",
      "properties": {
        "kind": "compartment",
        "zone_id": "PC_D6_P_M",
        "deck": "6_Cabins",
        "room_type": "Cabin_Corridor"
      },
      "geometry": {
        "type": "Polygon",
        "coordinates": [
          [
            [
              112.75125333333334,
              0.9999999999999998
            ],
            [
              125.24874666666669,
              0.9999999999999998
            ],
            [
              128.52,
              1.8447999999999998
            ],
            [
              128.52,
              3.9951999999999996
            ],
            [
              125.24874666666669,
              4.84
            ],
            [
              112.75125333333334,
              4.84
            ],
            [
              109.48000000000002,
              3.9951999999999996
            ],
            [
              109.48000000000002,
              1.8447999999999998
            ],
            [
              112.75125333333334,
              0.9999999999999998
            ]
          ]
        ]
      }
    },
    {
      "type": "Feature",
      "properties": {
        "kind": "compartment",
        "zone_id": "PC_D6_P_A",
        "deck": "6_Cabins",
        "room_type": "Cabin_Corridor"
      },
      "geometry": {
        "type": "Polygon",
        "coordinates": [
          [
            [
              221.2312533333333,
              0.9999999999999998
            ],
            [
              233.72874666666667,
              0.9999999999999998
            ],
            [
              237.0,
              1.8447999999999998
            ],
            [
              237.0,
              3.9951999999999996
            ],
            [
              233.72874666666667,
              4.84
            ],
            [
              221.2312533333333,
              4.84
            ],
            [
              217.95999999999998,
              3.9951999999999996
            ],
            [
              217.95999999999998,
              1.8447999999999998
            ],
            [
              221.2312533333333,
              0.9999999999999998
            ]
          ]
        ]
      }
    },
    {
      "type": "Feature",
      "properties": {
        "kind": "compartment",
        "zone_id": "PC_D6_S_F",
        "deck": "6_Cabins",
        "room_type": "Cabin_Corridor"
      },
      "geometry": {
        "type": "Polygon",
        "coordinates": [
          [
            [
              4.271253333333336,
              27.159999999999997
            ],
            [
              16.768746666666665,
              27.159999999999997
            ],
            [
              20.04,
              28.004799999999996
            ],
            [
              20.04,
              30.1552
            ],
            [
              16.768746666666665,
              31.0
            ],
            [
              4.271253333333336,
              31.0
            ],
            [
              1.0,
              30.1552
            ],
            [
              1.0,
              28.004799999999996
            ],
            [
              4.271253333333336,
              27.159999999999997
            ]
          ]
        ]
      }
    },
    {
      "type": "Feature",
      "properties": {
        "kind": "compartment",
        "zone_id": "PC_D6_S_M",
        "deck": "6_Cabins",
        "room_type": "Cabin_Corridor"
      },
      "geometry": {
        "type": "Polygon",
        "coordinates": [
          [
            [
              112.75125333333334,
              27.159999999999997
            ],
            [
              125.24874666666669,
              27.159999999999997
            ],
            [
              128.52,
              28.004799999999996
            ],
            [
              128.52,
              30.1552
            ],
            [
              125.24874666666669,
              31.0
            ],
            [
              112.75125333333334,
              31.0
            ],
            [
              109.48000000000002,
              30.1552
            ],
            [
              109.48000000000002,
              28.004799999999996
            ],
            [
              112.75125333333334,
              27.159999999999997
            ]
          ]
        ]
      }
    },
    {
      "type": "Feature",
      "properties": {
        "kind": "compartment",
        "zone_id": "PC_D6_S_A",
        "deck": "6_Cabins",
        "room_type": "Cabin_Corridor"
      },
      "geometry": {
        "type": "Polygon",
        "coordinates": [
          [
            [
              221.2312533333333,
              27.159999999999997
            ],
            [
              233.72874666666667,
              27.159999999999997
            ],
            [
              237.0,
              28.004799999999996
            ],
            [
              237.0,
              30.1552
            ],
            [
              233.72874666666667,
              31.0
            ],
            [
              221.2312533333333,
              31.0
            ],
            [
              217.95999999999998,
              30.1552
            ],
            [
              217.95999999999998,
              28.004799999999996
            ],
            [
              221.2312533333333,
              27.159999999999997
            ]
          ]
        ]
      }
    },
    {
      "type": "Feature",
      "properties": {
        "kind": "compartment",
        "zone_id": "PC_D9_P_F",
        "deck": "9_Cabins",
        "room_type": "Cabin_Corridor"
      },
      "geometry": {
        "type": "Polygon",
        "coordinates": [
          [
            [
              4.271253333333336,
              0.9999999999999998
            ],
            [
              16.768746666666665,
              0.9999999999999998
            ],
            [
              20.04,
              1.8447999999999998
            ],
            [
              20.04,
              3.9951999999999996
            ],
            [
              16.768746666666665,
              4.84
            ],
            [
              4.271253333333336,
              4.84
            ],
            [
              1.0,
              3.9951999999999996
            ],
            [
              1.0,
              1.8447999999999998
            ],
            [
              4.271253333333336,
              0.9999999999999998
            ]
          ]
        ]
      }
    },
    {
      "type": "Feature",
      "properties": {
        "kind": "compartment",
        "zone_id": "PC_D9_P_M",
        "deck": "9_Cabins",
        "room_type": "Cabin_Corridor"
      },
      "geometry": {
        "type": "Polygon",
        "coordinates": [
          [
            [
              112.75125333333334,
              0.9999999999999998
            ],
            [
              125.24874666666669,
              0.9999999999999998
            ],
            [
              128.52,
              1.8447999999999998
            ],
            [
              128.52,
              3.9951999999999996
            ],
            [
              125.24874666666669,
              4.84
            ],
            [
              112.75125333333334,
              4.84
            ],
            [
              109.48000000000002,
              3.9951999999999996
            ],
            [
              109.48000000000002,
              1.8447999999999998
            ],
            [
              112.75125333333334,
              0.9999999999999998
            ]
          ]
        ]
      }
    },
    {
      "type": "Feature",
      "properties": {
        "kind": "compartment",
        "zone_id": "PC_D9_P_A",
        "deck": "9_Cabins",
        "room_type": "Cabin_Corridor"
      },
      "geometry": {
        "type": "Polygon",
        "coordinates": [
          [
            [
              221.2312533333333,
              0.9999999999999998
            ],
            [
              233.72874666666667,
              0.9999999999999998
            ],
            [
              237.0,
              1.8447999999999998
            ],
            [
              237.0,
              3.9951999999999996
            ],
            [
              233.72874666666667,
              4.84
            ],
            [
              221.2312533333333,
              4.84
            ],
            [
              217.95999999999998,
              3.9951999999999996
            ],
            [
              217.95999999999998,
              1.8447999999999998
            ],
            [
              221.2312533333333,
              0.9999999999999998
            ]
          ]
        ]
      }
    },
    {
      "type": "Feature",
      "properties": {
        "kind": "compartment",
        "zone_id": "PC_D9_S_F",
        "deck": "9_Cabins",
        "room_type": "Cabin_Corridor"
      },
      "geometry": {
        "type": "Polygon",
        "coordinates": [
          [
            [
              4.271253333333336,
              27.159999999999997
            ],
            [
              16.768746666666665,
              27.159999999999997
            ],
            [
              20.04,
              28.004799999999996
            ],
            [
              20.04,
              30.1552
            ],
            [
              16.768746666666665,
              31.0
            ],
            [
              4.271253333333336,
              31.0
            ],
            [
              1.0,
              30.1552
            ],
            [
              1.0,
              28.004799999999996
            ],
            [
              4.271253333333336,
              27.159999999999997
            ]
          ]
        ]
      }
    },
    {
      "type": "Feature",
      "properties": {
        "kind": "compartment",
        "zone_id": "PC_D9_S_M",
        "deck": "9_Cabins",
        "room_type": "Cabin_Corridor"
      },
      "geometry": {
        "type": "Polygon",
        "coordinates": [
          [
            [
              112.75125333333334,
              27.159999999999997
            ],
            [
              125.24874666666669,
              27.159999999999997
            ],
            [
              128.52,
              28.004799999999996
            ],
            [
              128.52,
              30.1552
            ],
            [
              125.24874666666669,
              31.0
            ],
            [
              112.75125333333334,
              31.0
            ],
            [
              109.48000000000002,
              30.1552
            ],
            [
              109.48000000000002,
              28.004799999999996
            ],
            [
              112.75125333333334,
              27.159999999999997
            ]
          ]
        ]
      }
    },
    {
      "type": "Feature",
      "properties": {
        "kind": "compartment",
        "zone_id": "PC_D9_S_A",
        "deck": "9_Cabins",
        "room_type": "Cabin_Corridor"
      },
      "geometry": {
        "type": "Polygon",
        "coordinates": [
          [
            [
              221.2312533333333,
              27.159999999999997
            ],
            [
              233.72874666666667,
              27.159999999999997
            ],
            [
              237.0,
              28.004799999999996
            ],
            [
              237.0,
              30.1552
            ],
            [
              233.72874666666667,
              31.0
            ],
            [
              221.2312533333333,
              31.0
            ],
            [
              217.95999999999998,
              30.1552
            ],
            [
              217.95999999999998,
              28.004799999999996
            ],
            [
              221.2312533333333,
              27.159999999999997
            ]
          ]
        ]
      }
    },
    {
      "type": "Feature",
      "properties": {
        "kind": "compartment",
        "zone_id": "CC_D3_F",
        "deck": "3_Crew",
        "room_type": "Cabin_Corridor"
      },
      "geometry": {
        "type": "Polygon",
        "coordinates": [
          [
            [
              4.271253333333336,
              14.08
            ],
            [
              16.768746666666665,
              14.08
            ],
            [
              20.04,
              14.924800000000001
            ],
            [
              20.04,
              17.075200000000002
            ],
            [
              16.768746666666665,
              17.92
            ],
            [
              4.271253333333336,
              17.92
            ],
            [
              1.0,
              17.075200000000002
            ],
            [
              1.0,
              14.924800000000001
            ],
            [
              4.271253333333336,
              14.08
            ]
          ]
        ]
      }
    },
    {
      "type": "Feature",
      "properties": {
        "kind": "compartment",
        "zone_id": "CC_D3_A",
        "deck": "3_Crew",
        "room_type": "Cabin_Corridor"
      },
      "geometry": {
        "type": "Polygon",
        "coordinates": [
          [
            [
              221.2312533333333,
              14.08
            ],
            [
              233.72874666666667,
              14.08
            ],
            [
              237.0,
              14.924800000000001
            ],
            [
              237.0,
              17.075200000000002
            ],
            [
              233.72874666666667,
              17.92
            ],
            [
              221.2312533333333,
              17.92
            ],
            [
              217.95999999999998,
              17.075200000000002
            ],
            [
              217.95999999999998,
              14.924800000000001
            ],
            [
              221.2312533333333,
              14.08
            ]
          ]
        ]
      }
    },
    {
      "type": "Feature",
      "properties": {
        "kind": "hvac_path",
        "from": "MainDining_L",
        "to": "MainGalley"
      },
      "geometry": {
        "type": "LineString",
        "coordinates": [
          [
            44.42666666666667,
            24.74394884931397
          ],
          [
            9.265,
            25.984
          ]
        ]
      }
    },
    {
      "type": "Feature",
      "properties": {
        "kind": "hvac_path",
        "from": "MainDining_U",
        "to": "Specialty"
      },
      "geometry": {
        "type": "LineString",
        "coordinates": [
          [
            11.308266100562209,
            24.74394884931397
          ],
          [
            129.1690909090909,
            28.202208871270052
          ]
        ]
      }
    },
    {
      "type": "Feature",
      "properties": {
        "kind": "hvac_path",
        "from": "MainTheater",
        "to": "Reception"
      },
      "geometry": {
        "type": "LineString",
        "coordinates": [
          [
            224.38251213592815,
            10.853657189084673
          ],
          [
            119.00000000000001,
            25.951502995940277
          ]
        ]
      }
    },
    {
      "type": "Feature",
      "properties": {
        "kind": "hvac_path",
        "from": "Promenade",
        "to": "Casino"
      },
      "geometry": {
        "type": "LineString",
        "coordinates": [
          [
            88.49272727272728,
            24.389965809468155
          ],
          [
            169.84545454545454,
            26.326
          ]
        ]
      }
    },
    {
      "type": "Feature",
      "properties": {
        "kind": "hvac_path",
        "from": "Promenade",
        "to": "PhotoShops"
      },
      "geometry": {
        "type": "LineString",
        "coordinates": [
          [
            88.49272727272728,
            24.389965809468155
          ],
          [
            230.86,
            27.4301735336294
          ]
        ]
      }
    },
    {
      "type": "Feature",
      "properties": {
        "kind": "hvac_path",
        "from": "Casino",
        "to": "Specialty"
      },
      "geometry": {
        "type": "LineString",
        "coordinates": [
          [
            169.84545454545454,
            26.326
          ],
          [
            129.1690909090909,
            28.202208871270052
          ]
        ]
      }
    },
    {
      "type": "Feature",
      "properties": {
        "kind": "hvac_path",
        "from": "LidoBuffet",
        "to": "PoolDeck"
      },
      "geometry": {
        "type": "LineString",
        "coordinates": [
          [
            119.00000000000001,
            25.148
          ],
          [
            227.85776148856309,
            23.8603470672588
          ]
        ]
      }
    },
    {
      "type": "Feature",
      "properties": {
        "kind": "hvac_path",
        "from": "PoolDeck",
        "to": "SpaFit"
      },
      "geometry": {
        "type": "LineString",
        "coordinates": [
          [
            227.85776148856309,
            23.8603470672588
          ],
          [
            7.140000000000001,
            26.326
          ]
        ]
      }
    },
    {
      "type": "Feature",
      "properties": {
        "kind": "hvac_path",
        "from": "MedCenter",
        "to": "IsolRoom"
      },
      "geometry": {
        "type": "LineString",
        "coordinates": [
          [
            7.14,
            28.0852488957031
          ],
          [
            58.062610015174506,
            29.36
          ]
        ]
      }
    },
    {
      "type": "Feature",
      "properties": {
        "kind": "hvac_path",
        "from": "CrewMess",
        "to": "Laundry"
      },
      "geometry": {
        "type": "LineString",
        "coordinates": [
          [
            8.289044861982946,
            26.576303807900004
          ],
          [
            111.3169499417928,
            28.39296735731982
          ]
        ]
      }
    },
    {
      "type": "Feature",
      "properties": {
        "kind": "hvac_path",
        "from": "Reception",
        "to": "MainDining_L"
      },
      "geometry": {
        "type": "LineString",
        "coordinates": [
          [
            119.00000000000001,
            25.951502995940277
          ],
          [
            44.42666666666667,
            24.74394884931397
          ]
        ]
      }
    },
    {
      "type": "Feature",
      "properties": {
        "kind": "hvac_path",
        "from": "PC_D8_P_F",
        "to": "KidsClub"
      },
      "geometry": {
        "type": "LineString",
        "coordinates": [
          [
            171.20133333333334,
            11.333333333333332
          ],
          [
            7.139999999999999,
            20.666666666666664
          ]
        ]
      }
    },
    {
      "type": "Feature",
      "properties": {
        "kind": "hvac_path",
        "from": "PC_D7_S_F",
        "to": "Library"
      },
      "geometry": {
        "type": "LineString",
        "coordinates": [
          [
            171.20133333333334,
            29.08
          ],
          [
            7.139999999999999,
            20.666666666666664
          ]
        ]
      }
    },
    {
      "type": "Feature",
      "properties": {
        "kind": "hvac_path",
        "from": "CC_D2_F",
        "to": "MedCenter"
      },
      "geometry": {
        "type": "LineString",
        "coordinates": [
          [
            129.01477996965102,
            29.08
          ],
          [
            7.14,
            28.0852488957031
          ]
        ]
      }
    },
    {
      "type": "Feature",
      "properties": {
        "kind": "hvac_path",
        "from": "CC_D1_F",
        "to": "CrewMess"
      },
      "geometry": {
        "type": "LineString",
        "coordinates": [
          [
            152.72728754365542,
            29.08
          ],
          [
            8.289044861982946,
            26.576303807900004
          ]
        ]
      }
    },
    {
      "type": "Feature",
      "properties": {
        "kind": "hvac_path",
        "from": "CC_D1_A",
        "to": "Laundry"
      },
      "geometry": {
        "type": "LineString",
        "coordinates": [
          [
            227.48,
            29.08
          ],
          [
            111.3169499417928,
            28.39296735731982
          ]
        ]
      }
    },
    {
      "type": "Feature",
      "properties": {
        "kind": "hvac_path",
        "from": "PC_D4_P_F",
        "to": "PC_D4_P_M"
      },
      "geometry": {
        "type": "LineString",
        "coordinates": [
          [
            10.52,
            2.92
          ],
          [
            119.00000000000001,
            2.92
          ]
        ]
      }
    },
    {
      "type": "Feature",
      "properties": {
        "kind": "hvac_path",
        "from": "PC_D4_P_M",
        "to": "PC_D4_P_A"
      },
      "geometry": {
        "type": "LineString",
        "coordinates": [
          [
            119.00000000000001,
            2.92
          ],
          [
            227.48,
            2.92
          ]
        ]
      }
    },
    {
      "type": "Feature",
      "properties": {
        "kind": "hvac_path",
        "from": "PC_D4_S_F",
        "to": "PC_D4_S_M"
      },
      "geometry": {
        "type": "LineString",
        "coordinates": [
          [
            10.52,
            29.08
          ],
          [
            119.00000000000001,
            29.08
          ]
        ]
      }
    },
    {
      "type": "Feature",
      "properties": {
        "kind": "hvac_path",
        "from": "PC_D4_S_M",
        "to": "PC_D4_S_A"
      },
      "geometry": {
        "type": "LineString",
        "coordinates": [
          [
            119.00000000000001,
            29.08
          ],
          [
            227.48,
            29.08
          ]
        ]
      }
    },
    {
      "type": "Feature",
      "properties": {
        "kind": "hvac_path",
        "from": "PC_D4_P_M",
        "to": "PC_D4_S_M"
      },
      "geometry": {
        "type": "LineString",
        "coordinates": [
          [
            119.00000000000001,
            2.92
          ],
          [
            119.00000000000001,
            29.08
          ]
        ]
      }
    },
    {
      "type": "Feature",
      "properties": {
        "kind": "hvac_path",
        "from": "PC_D5_P_F",
        "to": "PC_D5_P_M"
      },
      "geometry": {
        "type": "LineString",
        "coordinates": [
          [
            10.52,
            2.92
          ],
          [
            119.00000000000001,
            2.92
          ]
        ]
      }
    },
    {
      "type": "Feature",
      "properties": {
        "kind": "hvac_path",
        "from": "PC_D5_P_M",
        "to": "PC_D5_P_A"
      },
      "geometry": {
        "type": "LineString",
        "coordinates": [
          [
            119.00000000000001,
            2.92
          ],
          [
            227.48,
            2.92
          ]
        ]
      }
    },
    {
      "type": "Feature",
      "properties": {
        "kind": "hvac_path",
        "from": "PC_D5_S_F",
        "to": "PC_D5_S_M"
      },
      "geometry": {
        "type": "LineString",
        "coordinates": [
          [
            10.52,
            29.08
          ],
          [
            119.00000000000001,
            29.08
          ]
        ]
      }
    },
    {
      "type": "Feature",
      "properties": {
        "kind": "hvac_path",
        "from": "PC_D5_S_M",
        "to": "PC_D5_S_A"
      },
      "geometry": {
        "type": "LineString",
        "coordinates": [
          [
            119.00000000000001,
            29.08
          ],
          [
            227.48,
            29.08
          ]
        ]
      }
    },
    {
      "type": "Feature",
      "properties": {
        "kind": "hvac_path",
        "from": "PC_D5_P_M",
        "to": "PC_D5_S_M"
      },
      "geometry": {
        "type": "LineString",
        "coordinates": [
          [
            119.00000000000001,
            2.92
          ],
          [
            119.00000000000001,
            29.08
          ]
        ]
      }
    },
    {
      "type": "Feature",
      "properties": {
        "kind": "hvac_path",
        "from": "PC_D6_P_F",
        "to": "PC_D6_P_M"
      },
      "geometry": {
        "type": "LineString",
        "coordinates": [
          [
            10.52,
            2.92
          ],
          [
            119.00000000000001,
            2.92
          ]
        ]
      }
    },
    {
      "type": "Feature",
      "properties": {
        "kind": "hvac_path",
        "from": "PC_D6_P_M",
        "to": "PC_D6_P_A"
      },
      "geometry": {
        "type": "LineString",
        "coordinates": [
          [
            119.00000000000001,
            2.92
          ],
          [
            227.48,
            2.92
          ]
        ]
      }
    },
    {
      "type": "Feature",
      "properties": {
        "kind": "hvac_path",
        "from": "PC_D6_S_F",
        "to": "PC_D6_S_M"
      },
      "geometry": {
        "type": "LineString",
        "coordinates": [
          [
            10.52,
            29.08
          ],
          [
            119.00000000000001,
            29.08
          ]
        ]
      }
    },
    {
      "type": "Feature",
      "properties": {
        "kind": "hvac_path",
        "from": "PC_D6_S_M",
        "to": "PC_D6_S_A"
      },
      "geometry": {
        "type": "LineString",
        "coordinates": [
          [
            119.00000000000001,
            29.08
          ],
          [
            227.48,
            29.08
          ]
        ]
      }
    },
    {
      "type": "Feature",
      "properties": {
        "kind": "hvac_path",
        "from": "PC_D6_P_M",
        "to": "PC_D6_S_M"
      },
      "geometry": {
        "type": "LineString",
        "coordinates": [
          [
            119.00000000000001,
            2.92
          ],
          [
            119.00000000000001,
            29.08
          ]
        ]
      }
    },
    {
      "type": "Feature",
      "properties": {
        "kind": "hvac_path",
        "from": "PC_D7_P_F",
        "to": "PC_D7_P_M"
      },
      "geometry": {
        "type": "LineString",
        "coordinates": [
          [
            171.20133333333334,
            11.333333333333332
          ],
          [
            201.0306666666667,
            11.333333333333332
          ]
        ]
      }
    },
    {
      "type": "Feature",
      "properties": {
        "kind": "hvac_path",
        "from": "PC_D7_P_M",
        "to": "PC_D7_P_A"
      },
      "geometry": {
        "type": "LineString",
        "coordinates": [
          [
            201.0306666666667,
            11.333333333333332
          ],
          [
            227.48,
            11.333333333333332
          ]
        ]
      }
    },
    {
      "type": "Feature",
      "properties": {
        "kind": "hvac_path",
        "from": "PC_D7_S_F",
        "to": "PC_D7_S_M"
      },
      "geometry": {
        "type": "LineString",
        "coordinates": [
          [
            171.20133333333334,
            29.08
          ],
          [
            201.0306666666667,
            29.08
          ]
        ]
      }
    },
    {
      "type": "Feature",
      "properties": {
        "kind": "hvac_path",
        "from": "PC_D7_S_M",
        "to": "PC_D7_S_A"
      },
      "geometry": {
        "type": "LineString",
        "coordinates": [
          [
            201.0306666666667,
            29.08
          ],
          [
            227.48,
            29.08
          ]
        ]
      }
    },
    {
      "type": "Feature",
      "properties": {
        "kind": "hvac_path",
        "from": "PC_D7_P_M",
        "to": "PC_D7_S_M"
      },
      "geometry": {
        "type": "LineString",
        "coordinates": [
          [
            201.0306666666667,
            11.333333333333332
          ],
          [
            201.0306666666667,
            29.08
          ]
        ]
      }
    },
    {
      "type": "Feature",
      "properties": {
        "kind": "hvac_path",
        "from": "PC_D8_P_F",
        "to": "PC_D8_P_M"
      },
      "geometry": {
        "type": "LineString",
        "coordinates": [
          [
            171.20133333333334,
            11.333333333333332
          ],
          [
            201.0306666666667,
            11.333333333333332
          ]
        ]
      }
    },
    {
      "type": "Feature",
      "properties": {
        "kind": "hvac_path",
        "from": "PC_D8_P_M",
        "to": "PC_D8_P_A"
      },
      "geometry": {
        "type": "LineString",
        "coordinates": [
          [
            201.0306666666667,
            11.333333333333332
          ],
          [
            227.48,
            11.333333333333332
          ]
        ]
      }
    },
    {
      "type": "Feature",
      "properties": {
        "kind": "hvac_path",
        "from": "PC_D8_S_F",
        "to": "PC_D8_S_M"
      },
      "geometry": {
        "type": "LineString",
        "coordinates": [
          [
            171.20133333333334,
            29.08
          ],
          [
            201.0306666666667,
            29.08
          ]
        ]
      }
    },
    {
      "type": "Feature",
      "properties": {
        "kind": "hvac_path",
        "from": "PC_D8_S_M",
        "to": "PC_D8_S_A"
      },
      "geometry": {
        "type": "LineString",
        "coordinates": [
          [
            201.0306666666667,
            29.08
          ],
          [
            227.48,
            29.08
          ]
        ]
      }
    },
    {
      "type": "Feature",
      "properties": {
        "kind": "hvac_path",
        "from": "PC_D8_P_M",
        "to": "PC_D8_S_M"
      },
      "geometry": {
        "type": "LineString",
        "coordinates": [
          [
            201.0306666666667,
            11.333333333333332
          ],
          [
            201.0306666666667,
            29.08
          ]
        ]
      }
    },
    {
      "type": "Feature",
      "properties": {
        "kind": "hvac_path",
        "from": "PC_D9_P_F",
        "to": "PC_D9_P_M"
      },
      "geometry": {
        "type": "LineString",
        "coordinates": [
          [
            10.52,
            2.92
          ],
          [
            119.00000000000001,
            2.92
          ]
        ]
      }
    },
    {
      "type": "Feature",
      "properties": {
        "kind": "hvac_path",
        "from": "PC_D9_P_M",
        "to": "PC_D9_P_A"
      },
      "geometry": {
        "type": "LineString",
        "coordinates": [
          [
            119.00000000000001,
            2.92
          ],
          [
            227.48,
            2.92
          ]
        ]
      }
    },
    {
      "type": "Feature",
      "properties": {
        "kind": "hvac_path",
        "from": "PC_D9_S_F",
        "to": "PC_D9_S_M"
      },
      "geometry": {
        "type": "LineString",
        "coordinates": [
          [
            10.52,
            29.08
          ],
          [
            119.00000000000001,
            29.08
          ]
        ]
      }
    },
    {
      "type": "Feature",
      "properties": {
        "kind": "hvac_path",
        "from": "PC_D9_S_M",
        "to": "PC_D9_S_A"
      },
      "geometry": {
        "type": "LineString",
        "coordinates": [
          [
            119.00000000000001,
            29.08
          ],
          [
            227.48,
            29.08
          ]
        ]
      }
    },
    {
      "type": "Feature",
      "properties": {
        "kind": "hvac_path",
        "from": "PC_D9_P_M",
        "to": "PC_D9_S_M"
      },
      "geometry": {
        "type": "LineString",
        "coordinates": [
          [
            119.00000000000001,
            2.92
          ],
          [
            119.00000000000001,
            29.08
          ]
        ]
      }
    },
    {
      "type": "Feature",
      "properties": {
        "kind": "hvac_path",
        "from": "CC_D1_F",
        "to": "CC_D1_A"
      },
      "geometry": {
        "type": "LineString",
        "coordinates": [
          [
            152.72728754365542,
            29.08
          ],
          [
            227.48,
            29.08
          ]
        ]
      }
    },
    {
      "type": "Feature",
      "properties": {
        "kind": "hvac_path",
        "from": "CC_D2_F",
        "to": "CC_D2_A"
      },
      "geometry": {
        "type": "LineString",
        "coordinates": [
          [
            129.01477996965102,
            29.08
          ],
          [
            227.48,
            29.08
          ]
        ]
      }
    },
    {
      "type": "Feature",
      "properties": {
        "kind": "hvac_path",
        "from": "CC_D3_F",
        "to": "CC_D3_A"
      },
      "geometry": {
        "type": "LineString",
        "coordinates": [
          [
            10.52,
            16.0
          ],
          [
            227.48,
            16.0
          ]
        ]
      }
    }
  ]
}