chain__,iter__,draw__,lp__,accept_stat__,stepsize__,treedepth__,n_leapfrog__,divergent__,energy__,mu_log_hazard,sigma_port,z_port[1],sigma_visit,z_visit[1],sigma_time,z_time[1],mu_log_aboard,sigma_ship,z_ship[1],mu_log_r,sigma_r,z_r[1],log_crew_ratio,beta_repeat,ww_logit_base,ww_slope,ww_conc,conc_intercept,conc_slope,conc_sigma,log_lambda_port[1],fleet_time[1],log_lambda_visit[1],lambda_aboard[1],R_onboard[1],lambda_port[1],lambda_visit[1],imported_cases_visit[1],imported_cases[1],attribution_share[1],aboard_cases,secondary_cases,total_incidence,import_share,crew_hazard_ratio,repeat_hazard_ratio,loglik_clinical,loglik_wastewater,loglik_concentration,conc_expected_log10[1],conc_expected_log10[2],conc_expected_log10[3],conc_expected_log10[4],conc_expected_log10[5],conc_expected_log10[6],conc_expected_log10[7],conc_expected_log10[8],conc_expected_log10[9],conc_expected_log10[10],conc_expected_log10[11],conc_expected_log10[12],conc_expected_log10[13],conc_expected_log10[14],conc_expected_log10[15]
1.0,1.0,1.0,-284.22974,0.9921632,0.19339555,4.0,15.0,0.0,297.3166,-9.9758587,1.612035,1.6056589,0.1012565,1.406844,0.6952065,0.58595791,-11.634121,0.43387425,0.011386933,-0.20143127,0.72453224,1.0408127,-0.024633632,-0.19610394,-7.7584564,1.0604967,22174.438,7.8001988,0.14269924,0.94981984,-7.3874803,0.40736175,-6.8376665,8.9024803e-06,1.7378888,0.00061895356,0.0010726034,0.096510742,0.096510742,0.96401411,0.0018606184,0.0017420521,0.10011341,0.96401411,0.9756673,0.8219268,-255.14809,0.0,-19.821177,6.9440034,6.9440034,7.4144197,7.4573608,7.4824836,7.5003097,7.5141375,7.4603854,7.46994,7.4700636,7.4701989,7.4703545,7.4705422,7.4707762,7.4710728
1.0,2.0,2.0,-284.83858,0.97630079,0.19339555,4.0,15.0,0.0,292.14449,-9.6048273,0.94426546,0.95825016,0.11308019,1.4022052,0.84484486,1.099987,-9.7328387,0.84573613,0.73917109,-0.16849472,0.86139355,1.0379391,0.0851226,-0.25451559,-8.4386844,1.3937242,27186.188,7.7443006,0.4024795,1.0169697,-8.6999848,0.92931833,-7.6121049,0.00011080983,2.0659276,0.00016658834,0.00049443005,0.046838211,0.046838211,0.65859603,0.023159255,0.0011208045,0.071118271,0.65859603,1.0888506,0.77529197,-255.72388,0.0,-22.477103,5.3294236,5.3294236,6.548311,6.6693875,6.7402333,6.7905052,6.8295024,6.6779174,6.7048628,6.7121498,6.7191823,6.7260046,6.7326642,6.7392105,6.7456929
1.0,3.0,3.0,-284.34702,0.99792654,0.19339555,4.0,15.0,0.0,290.83769,-4.3887865,0.3753004,0.77862542,1.0069382,-0.72284382,0.73815123,-0.0053798545,-13.210114,0.11278547,0.30216907,-0.71160721,0.090830401,0.36969792,0.13392443,0.25214267,-4.9407539,1.5033943,388116.76,7.1852939,0.27084988,0.95696217,-4.096568,-0.0039711462,-4.8283983,1.8954891e-06,0.50761733,0.01662965,0.0079993238,0.77608535,0.77608535,0.99427436,0.00039615721,0.0040730177,0.78055453,0.99427436,1.1433064,1.2867796,-253.15921,0.0,-21.478968,5.5601946,5.5601946,6.697708,6.7792382,6.8269313,6.8607703,6.8870182,6.7849781,6.803112,6.8031232,6.803141,6.8031703,6.8032174,6.8032907,6.8033992
1.0,4.0,4.0,-287.44418,0.7843098,0.19339555,4.0,31.0,0.0,294.76529,-7.3361688,0.58027351,0.99396313,0.096155515,0.24821824,0.24916588,-0.21352113,-13.548641,0.1853863,-0.11354272,-0.85021218,0.04938979,-1.0101126,0.26901867,0.67433577,-6.9864759,0.46412607,191078.26,7.6378959,0.13021397,0.98252927,-6.7593983,-0.053202181,-6.788733,1.2786694e-06,0.40652842,0.0011599268,0.0011263951,0.11710515,0.11710515,0.99355492,0.0002672419,0.00049240623,0.11786479,0.99355492,1.3086796,1.9627288,-255.10673,0.0,-19.060978,6.8566121,6.8566121,7.2965782,7.3357647,7.3586903,7.3749571,7.387575,7.3385236,7.3472402,7.3472546,7.3472716,7.3472929,7.3473212,7.3473593,7.3474111
1.0,5.0,5.0,-288.26363,0.83755738,0.19339555,4.0,31.0,0.0,297.7915,-5.4380226,0.49840257,-0.95116404,1.1572854,1.1620564,1.411012,0.48765793,-12.391311,0.70150975,2.5225161,-0.97642769,0.024522836,-0.30357481,-0.055415974,-0.34052601,-7.5154268,0.58485,94269.682,7.4598852,0.087200687,0.66202062,-5.9120853,0.68809118,-3.8791631,2.4380155e-05,0.37386063,0.0027065372,0.020668115,1.8340026,1.8340026,0.99339816,0.0050954523,0.0070928118,1.8461909,0.99339816,0.94609152,0.71139602,-252.22157,0.0,-20.088742,6.9366811,6.9366811,7.3354933,7.3617428,7.3770979,7.3879926,7.3964432,7.3635907,7.3694289,7.3694403,7.3694532,7.3694688,7.3694886,7.3695145,7.3695488
1.0,6.0,6.0,-285.43673,0.9873401,0.19339555,5.0,31.0,0.0,296.21609,-6.6164952,1.6978017,1.7635009,0.76549908,-0.68377935,0.55629486,0.40406683,-10.43602,0.46695105,-2.5557209,-0.24598796,0.58396261,0.30297367,0.1820435,0.43422711,-6.3788835,0.56796986,73821.943,7.0491693,0.25645686,0.98496518,-3.6224203,0.2247803,-3.9210725,8.9003844e-06,0.93326819,0.026717932,0.019819827,1.9698131,1.9698131,0.98951672,0.0018601803,0.019008688,1.990682,0.98951672,1.1996664,1.5437694,-252.26574,0.0,-21.577986,5.5104282,5.5104282,6.6912417,6.7684415,6.8136009,6.8456421,6.8704955,6.7738772,6.7910494,6.791069,6.7911001,6.7911513,6.7912338,6.7913619,6.7915517
1.0,7.0,7.0,-286.76532,0.98834758,0.19339555,5.0,31.0,0.0,295.67243,-5.7899436,0.44022242,-1.082757,0.38260965,1.1427111,1.2341818,0.45845041,-12.041613,0.077968157,2.6233613,-0.95425844,0.34364026,-0.3026819,0.10172738,-0.32731824,-7.3057775,0.72668556,123683.73,7.1584644,0.019376028,0.58361788,-6.2665975,0.56581115,-5.2635741,7.2314231e-06,0.34705496,0.0018986778,0.0051767694,0.49436816,0.49436816,0.99339638,0.0015113674,0.0017749524,0.49765448,0.99339638,1.1070816,0.7208543,-253.58963,0.0,-17.955917,7.0422082,7.0422082,7.1197938,7.1256262,7.129038,7.1314588,7.1333365,7.1260368,7.127334,7.1273367,7.1273398,7.1273434,7.1273478,7.1273536,7.127361
1.0,8.0,8.0,-287.59807,0.73936583,0.19339555,5.0,31.0,0.0,300.38613,-6.9999749,1.3300363,2.2927666,0.2134038,2.9231927e-05,0.25610818,0.066005167,-11.733555,0.1252247,-1.5641433,-0.45930338,0.44746797,-0.06961697,-0.13284602,0.28907721,-5.2646311,0.19456361,248925.16,6.8203959,0.01181213,0.94900333,-3.9505123,0.016904463,-3.9336016,6.5935091e-06,0.61234787,0.019244841,0.019573052,1.6788824,1.6788824,0.99289854,0.0013780434,0.010629743,1.6908902,0.99289854,0.8755999,1.3351948,-252.27505,0.0,-17.408887,6.7495231,6.7495231,6.8030902,6.8066459,6.8087259,6.8102017,6.8113464,6.8068963,6.8076872,6.8076878,6.8076889,6.8076905,6.8076931,6.8076971,6.8077029
1.0,9.0,9.0,-292.59037,0.86969409,0.19339555,4.0,15.0,0.0,305.47303,-1.89582,1.2467538,1.7577497,0.34062653,-0.8674015,0.48879612,1.2221771,-11.42152,0.51106359,-0.66121534,-1.1277221,0.52358729,0.36229386,-1.1938188,0.79036746,-6.4819286,0.65352408,54507.962,7.0003026,0.0033804908,0.98551295,0.29566111,0.59739543,0.59759658,7.8151761e-06,0.39139828,1.3440146,1.8177447,112.20682,112.20682,0.99595577,0.0016333718,0.45399899,112.66246,0.99595577,0.30306172,2.2042062,-249.00584,0.0,-17.337213,6.9800197,6.9800197,7.001519,7.0025366,7.0031319,7.0035543,7.0038819,7.0026083,7.0028346,7.0028347,7.0028348,7.002835,7.0028354,7.0028361,7.0028371
1.0,10.0,10.0,-284.86755,0.87406505,0.19339555,4.0,15.0,0.0,302.63347,-7.1507676,0.71405033,0.87249559,0.039602235,-1.0099987,0.94796595,1.5677559,-10.89166,0.85337392,-0.038909227,-0.45516745,0.47756863,-1.0199252,0.13585871,0.44711697,-7.4243341,1.5573904,11465.082,6.9030793,0.013221673,0.79791138,-6.5277618,1.4861792,-5.0815808,1.800495e-05,0.38974925,0.001462275,0.0062100841,0.6030727,0.6030727,0.98982958,0.0037630345,0.0024334902,0.60926923,0.98982958,1.14552,1.5637972,-253.40757,0.0,-16.887772,6.8237493,6.8237493,6.8778371,6.881817,6.8841451,6.885797,6.8870783,6.8820971,6.8829823,6.882986,6.8829898,6.8829941,6.8829991,6.883005,6.8830122
1.0,11.0,11.0,-287.84429,0.93737765,0.19339555,4.0,15.0,0.0,300.09626,-4.5916429,1.7203012,1.0548486,1.2601193,0.42998671,0.47319342,0.60531874,-8.991041,0.25884757,1.2505072,-0.27505772,0.1882149,-0.44727891,0.36470807,0.47066331,-5.4189742,0.85948851,26960.204,7.1478858,0.0075624307,0.50720096,-2.7769855,0.28643284,-1.9487181,0.00017211456,0.69820517,0.062225803,0.14245656,15.596704,15.596704,0.99056175,0.035971942,0.11263624,15.745313,0.99056175,1.4400935,1.6010558,-250.44848,0.0,-19.343122,7.1025112,7.1025112,7.1441278,7.1464043,7.147736,7.1486808,7.1494137,7.1465646,7.1470709,7.1470719,7.147073,7.1470747,7.147077,7.1470803,7.147085
1.0,12.0,12.0,-290.23664,0.50908372,0.19339555,5.0,31.0,0.0,302.83713,-6.7594485,0.32981201,-0.82727513,0.080382553,-0.066226547,1.2392409,0.85048981,-14.254866,0.0037269885,-1.2208546,-0.76648923,0.14689978,0.13470746,-0.23713835,-0.42070761,-7.8332752,0.83846294,354454.37,8.4214003,0.35231403,1.2328512,-7.0322937,1.0539617,-5.9836555,6.4152571e-07,0.47392759,0.0008829043,0.0025195991,0.20694236,0.20694236,0.9944827,0.00013407887,0.0010140186,0.20809046,0.9944827,0.78888214,0.65658205,-254.30639,0.0,-23.032296,6.3075161,6.3075161,7.5849441,7.6909831,7.7530165,7.7970312,7.8311723,7.6984486,7.7220348,7.7220509,7.722075,7.722113,7.7221728,7.7222641,7.7223983
1.0,13.0,13.0,-289.82103,0.94615105,0.19339555,5.0,31.0,0.0,298.31364,-6.278625,0.51659763,0.19685589,0.15485357,-0.29291916,0.43496649,-2.374569,-13.15351,0.0032379428,-0.23816452,-1.1960913,0.78922936,0.061585291,-0.46247659,-0.33106013,-7.1559357,1.2301133,242002.48,8.391009,0.32925917,1.0219545,-6.1769298,-1.032858,-7.2551473,1.9371727e-06,0.31743367,0.0020767943,0.00070652831,0.053306381,0.053306381,0.98923449,0.00040486909,0.00017524644,0.053886497,0.98923449,0.62972215,0.71816198,-255.5678,0.0,-21.542924,6.415454,6.415454,7.4156624,7.5147137,7.5726715,7.6137978,7.6456999,7.521688,7.5437234,7.5438312,7.5439439,7.5440651,7.5441997,7.5443538,7.5445342
1.0,14.0,14.0,-288.7746,0.93513912,0.19339555,5.0,31.0,0.0,299.22377,-7.4765047,0.62279341,0.2677984,0.10158478,0.93498477,0.91647743,3.0938239,-9.8532666,0.10801551,0.27285542,0.20757851,0.037805965,-0.060888966,0.7047148,0.22469767,-7.4129592,0.92262172,50298.534,7.3368148,0.019874706,0.723142,-7.3097216,2.8354198,-4.3793216,5.4147759e-05,1.2278646,0.00066900326,0.012533859,1.6792528,1.6792528,0.98091785,0.011316882,0.021350233,1.7119199,0.98091785,2.0232696,1.2519442,-252.71666,0.0,-18.200783,7.2175666,7.2175666,7.3077107,7.3136934,7.3171932,7.3196763,7.3216023,7.3141147,7.3154456,7.3154521,7.3154598,7.3154696,7.3154825,7.3155,7.3155238
1.0,15.0,15.0,-284.90858,0.98608048,0.19339555,4.0,15.0,0.0,301.39673,-8.5148028,0.10518696,-0.21612164,0.35454493,0.42738618,0.53917678,1.0031631,-10.789091,0.58772362,1.7036,-0.93019456,0.17076258,-0.057508546,0.18608272,-0.033836351,-9.6322095,1.0678922,57504.052,6.8866165,0.14554843,0.96776188,-8.537536,0.54088225,-7.8451262,5.6129728e-05,0.39062203,0.00019597254,0.00039165619,0.039005009,0.039005009,0.76622893,0.011731113,0.00016904135,0.050905163,0.76622893,1.2045219,0.9667297,-256.02175,0.0,-20.302141,6.013326,6.013326,6.4399321,6.4837095,6.509327,6.5275054,6.5416069,6.4867922,6.496532,6.4982103,6.4998478,6.5014484,6.503016,6.5045552,6.5060704
1.0,16.0,16.0,-286.50901,0.90150864,0.19339555,4.0,31.0,0.0,293.69042,-6.2855758,0.32021767,0.19571731,0.12797403,0.1977775,0.63559076,1.3194878,-9.0106451,0.84300999,1.2203077,-0.41119053,0.14513039,0.24803315,0.17484616,-0.028004785,-8.4597628,0.28074711,592032.76,7.3317749,0.026105856,0.92597488,-6.2229036,0.83865424,-5.358939,0.00034158517,0.68715639,0.0019834776,0.0047058964,0.46599972,0.46599972,0.86164641,0.0713913,0.0034337506,0.54082477,0.86164641,1.191063,0.97238371,-253.61615,0.0,-18.058347,7.1751398,7.1751398,7.2793951,7.2872531,7.29185,7.2951115,7.2976414,7.2878064,7.2895543,7.2897143,7.2898729,7.2900308,7.2901887,7.2903477,7.2905087
1.0,17.0,17.0,-292.61758,0.98971446,0.19339555,4.0,15.0,0.0,303.5011,-2.911748,0.256122,-1.8211062,0.61481075,1.1356601,1.5750696,1.8108262,-12.397038,0.53026893,0.83073253,0.043375038,0.3144035,-0.66453888,0.038530009,-0.59407995,-11.105945,0.19438723,327909.87,6.8449991,0.22347253,1.1897726,-3.3781733,2.8521773,0.17222,6.4172129e-06,0.84742045,0.034109705,1.1879392,110.06237,110.06237,0.99130378,0.0013411975,0.96418195,111.0279,0.99130378,1.0392819,0.55207027,-249.40675,0.0,-21.491998,5.5041639,5.5041639,6.9235372,6.9908091,7.0301607,7.0580811,7.0797381,6.9955456,7.0105091,7.0105167,7.0105335,7.0105661,7.0106236,7.0107171,7.0108594
1.0,18.0,18.0,-290.52321,0.9494944,0.19339555,4.0,15.0,0.0,301.07324,-8.0572759,2.2887667,2.9817112,0.44091569,-0.18976539,0.24340185,-0.93443632,-12.511386,0.15371664,-0.33912495,-0.14787249,0.41494611,0.36228857,0.25986911,0.4211841,-1.4913286,0.27629554,31922.515,7.2455828,0.032777988,0.69887301,-1.2328345,-0.22744353,-1.5439486,3.497313e-06,1.0024608,0.29146524,0.21353627,22.093302,22.093302,0.98971072,0.00073093841,0.22895652,22.32299,0.98971072,1.2967603,1.5237648,-250.11896,0.0,-18.014907,7.0489149,7.0489149,7.2342439,7.244111,7.2498829,7.2539782,7.2571547,7.2448058,7.2470006,7.247002,7.2470049,7.2470106,7.2470206,7.2470369,7.2470616
1.0,19.0,19.0,-291.63469,0.64655544,0.19339555,5.0,31.0,0.0,308.38365,-7.0700216,0.096107415,-0.39527403,0.71508053,0.98904291,0.94413292,1.5032896,-8.3457673,0.57765884,0.4716405,-1.0454245,0.013489863,0.32643917,-0.11935919,-0.42190852,-12.880536,0.7642082,202403.77,6.8609583,0.011408677,0.66187932,-7.1080104,1.4193052,-4.9814599,0.00031174657,0.35309404,0.00081852192,0.0068640346,0.59219141,0.59219141,0.89785022,0.065155032,0.0022194812,0.65956592,0.89785022,0.88748897,0.65579403,-253.26609,0.0,-17.367555,6.7925063,6.7925063,6.8392061,6.8426403,6.8446492,6.8460745,6.8471801,6.842882,6.8436458,6.8436966,6.843747,6.8437973,6.8438475,6.8438979,6.8439489
1.0,20.0,20.0,-287.46795,0.99037272,0.19339555,4.0,31.0,0.0,297.60039,-4.8486543,0.72970007,0.99382543,0.39822945,-0.35445591,0.69484,0.9807399,-12.347182,0.20881465,0.33293603,-0.35437519,0.0061721417,-1.2937406,0.13216411,0.3719203,-1.6819127,0.70930658,78056.457,6.9690748,0.051197867,0.71307253,-4.1234598,0.68145731,-3.5831573,4.6545766e-06,0.69603151,0.016188409,0.027787826,2.6935966,2.6935966,0.99249962,0.0009728065,0.019382866,2.7139523,0.99249962,1.1412956,1.4505174,-251.93644,0.0,-17.611936,6.6618876,6.6618876,6.9045748,6.9199867,6.9290021,6.9353987,6.9403603,6.9210717,6.9244998,6.9245019,6.9245058,6.9245127,6.9245243,6.9245426,6.9245701
1.0,21.0,21.0,-285.71343,0.98010211,0.19339555,4.0,15.0,0.0,295.66924,-6.081175,1.8074206,1.871821,0.51513289,0.253755,0.60962477,1.6446661,-11.055465,0.54001624,0.93147469,-0.99555994,0.014835189,0.28423217,0.45638569,0.023684961,-3.754382,0.71437021,63728.723,6.9141207,0.0097118928,0.64404904,-2.6980073,1.0026292,-1.5646605,2.6129295e-05,0.37107789,0.067339568,0.209159,24.114167,24.114167,0.99595375,0.0054610227,0.092507354,24.212135,0.99595375,1.578359,1.0239677,-250.16264,0.0,-17.213711,6.8558493,6.8558493,6.9111304,6.9140539,6.9157641,6.9169775,6.9179187,6.9142597,6.91491,6.9149102,6.9149106,6.9149113,6.9149125,6.9149143,6.9149171
1.0,22.0,22.0,-281.90033,0.95577231,0.19339555,4.0,15.0,0.0,294.94792,-6.3887855,0.67499693,0.38803548,0.26889987,1.6457934,0.6642092,1.1002458,-9.3468337,0.68817584,-0.67571759,-0.71609794,0.19745686,-0.99186485,-0.41453423,0.31226523,-7.5685347,1.7585938,219640.14,7.0221968,0.069895568,0.69547517,-6.1268628,0.73079335,-4.9535158,5.4798581e-05,0.40174069,0.0021834201,0.0070585487,0.54172393,0.54172393,0.97530911,0.011452903,0.0022613593,0.5554382,0.97530911,0.66064792,1.3665171,-253.2741,0.0,-17.960466,6.6028234,6.6028234,6.8856046,6.9066439,6.9189515,6.9276839,6.9344574,6.9081251,6.9128046,6.9128667,6.9129301,6.9129957,6.9130647,6.9131388,6.9132199
1.0,23.0,23.0,-287.30478,0.99718422,0.19339555,4.0,15.0,0.0,293.07573,-6.6874048,1.7516451,-0.25439901,0.60412039,0.28191672,1.7046798,1.5711341,-10.973953,0.57534092,-1.4265647,-0.53041708,0.042144336,-0.99604256,-0.84652192,0.48226428,-5.4602565,0.70964227,43322.154,7.1825793,0.02331896,0.63854613,-7.1330216,2.6782807,-4.2844293,7.5443311e-06,0.56417283,0.00079830357,0.013781484,0.92355199,0.92355199,0.99251459,0.0015767652,0.005388539,0.9305173,0.99251459,0.4289041,1.6197378,-252.61693,0.0,-17.585856,7.0426655,7.0426655,7.1423648,7.1493843,7.1534905,7.1564039,7.1586637,7.1498785,7.1514398,7.1514419,7.1514447,7.1514486,7.1514543,7.1514624,7.1514739
1.0,24.0,24.0,-284.14347,0.98493434,0.19339555,4.0,31.0,0.0,296.92623,-6.3686754,0.1929964,0.97789904,0.36096954,1.1895843,0.50748027,-0.23236919,-11.290668,0.31299184,-0.77284329,-0.52147055,0.45327143,-1.3217121,-0.051257351,-0.33464013,-5.4726184,1.0521197,1999859.0,7.0794165,0.072821871,0.60462593,-6.1799444,-0.11792278,-5.8684635,9.8055563e-06,0.32609553,0.002070543,0.0028272141,0.25134339,0.25134339,0.98860013,0.0020493613,0.00084896226,0.25424171,0.98860013,0.95003415,0.71559556,-254.18876,0.0,-18.736471,6.6424852,6.6424852,6.9127261,6.9346446,6.9474669,6.9565647,6.9636215,6.9361877,6.9410628,6.9410883,6.941115,6.9411436,6.9411752,6.9412113,6.9412534
1.0,25.0,25.0,-284.8226,0.79726414,0.19339555,5.0,31.0,0.0,296.32814,-6.293816,0.24316024,0.89122478,0.338295,0.91742599,0.41031868,0.0063570052,-11.787052,0.34048764,-0.87536696,-0.47927592,0.51063164,-1.3253464,0.073336474,-0.26222184,-6.0028497,0.61254924,3362626.1,7.1058352,0.059261004,0.60365341,-6.0771055,0.002608398,-5.7641365,5.6429517e-06,0.31473014,0.0022948093,0.0031381039,0.29559648,0.29559648,0.99280564,0.0011793769,0.0009626619,0.29773852,0.99280564,1.0760926,0.76934033,-254.0868,0.0,-18.289282,6.7502692,6.7502692,6.9743339,6.9921712,7.0026058,7.0100094,7.0157522,6.9934269,6.9973942,6.9974047,6.9974162,6.9974291,6.9974445,6.9974634,6.997487
1.0,26.0,26.0,-282.37256,0.84430911,0.19339555,4.0,31.0,0.0,296.59473,-5.8938419,0.75396956,1.2122397,0.24527704,0.28474334,1.6004585,0.27768839,-13.095701,0.8509425,-0.33898514,-0.37186353,0.32962466,0.20852311,0.11910389,-0.35499539,-7.6927035,1.2834654,673105.94,7.4430489,0.067575002,0.62933832,-4.97985,0.44442876,-4.4655802,1.5393376e-06,0.73850369,0.0068750937,0.011498022,1.1074027,1.1074027,0.99213692,0.00032172156,0.0084548858,1.1161793,0.99213692,1.1264869,0.70117667,-252.8005,0.0,-20.033881,7.0375988,7.0375988,7.3318311,7.3521725,7.3640717,7.3725143,7.379063,7.3536047,7.3581293,7.3581321,7.3581373,7.3581466,7.3581626,7.3581879,7.3582262
1.0,27.0,27.0,-288.08349,0.6772734,0.19339555,5.0,31.0,0.0,294.77607,-3.64797,0.39683631,0.26176833,0.27193778,0.22929704,0.93247031,0.22381583,-11.367978,0.078077621,0.13593033,-0.66327608,0.16725401,-0.45546449,-0.14613806,0.35495976,-6.1125168,0.14937061,4475.3985,6.9884412,0.275993,1.1107106,-3.5440908,0.20870161,-3.2730347,1.1683126e-05,0.47737433,0.028894881,0.037891264,3.2317312,3.2317312,0.99434087,0.0024417734,0.015951086,3.2501241,0.99434087,0.8640384,1.4261233,-251.63238,0.0,-21.935566,5.3324832,5.3324832,6.6625825,6.7456638,6.7942635,6.8287456,6.8554921,6.7515127,6.7699913,6.7700052,6.7700254,6.7700566,6.7701049,6.7701782,6.7702852
1.0,28.0,28.0,-284.32604,0.47536886,0.19339555,5.0,31.0,0.0,298.76652,-7.1617903,1.343671,0.2128187,0.76661429,-0.034234145,0.21385905,0.75847984,-16.613177,0.35661974,1.1388389,-0.66337508,0.36422414,-1.3171883,-0.26082601,0.35002503,-8.3908193,0.92744975,145450.17,7.2968021,0.13158486,0.85269519,-6.8758319,0.16220778,-6.7398685,9.1489242e-08,0.31882056,0.0010324384,0.0011828027,0.096229782,0.096229782,0.99651751,1.9121252e-05,0.00031716938,0.096566072,0.99651751,0.77041496,1.4191031,-255.05893,0.0,-18.043814,6.5072929,6.5072929,6.9406485,6.980245,7.0034111,7.0198487,7.0325992,6.9830328,6.9918406,6.9918433,6.991848,6.9918563,6.9918699,6.9918914,6.9919236
1.0,29.0,29.0,-283.72995,0.97996685,0.19339555,4.0,31.0,0.0,293.83181,-6.4656624,0.30356315,-1.4023663,0.23588957,-0.69699895,1.1824366,-0.84066124,-9.9316702,0.22997278,-0.44543394,0.25737171,0.50962826,-0.59520537,-0.42541096,-0.21539146,-7.7250675,0.93632058,11489.492,8.2244849,0.36131844,0.94234897,-6.8913691,-0.99402859,-8.0498125,4.3877544e-05,0.95507848,0.0010165211,0.00031916176,0.024398975,0.024398975,0.72117335,0.0091704067,0.00026294842,0.03383233,0.72117335,0.65350116,0.80622577,-256.2284,0.0,-20.453653,6.0565743,6.0565743,7.0446546,7.1532777,7.2168545,7.2619731,7.2969745,7.1609292,7.1851035,7.1902157,7.1951823,7.2000227,7.2047582,7.2094115,7.2140055
1.0,30.0,30.0,-289.21749,0.82472926,0.19339555,4.0,15.0,0.0,301.38364,-9.526898,1.6428449,0.52243186,0.36797528,1.3067746,0.17013244,0.13167259,-16.049661,0.90392081,1.1945389,-0.55024394,0.32115632,-0.62326996,1.3397374,-0.13644106,-6.0692724,0.94536031,37711.09,8.1809087,0.47314605,1.0022608,-8.6686235,0.022401779,-8.165361,3.1525224e-07,0.47217244,0.00017189555,0.00028433399,0.059527511,0.059527511,0.99404641,6.5887719e-05,0.00029063735,0.059884036,0.99404641,3.8180406,0.87245774,-256.46772,0.0,-22.481713,5.3420324,5.3420324,6.801684,6.9440306,7.0273193,7.0864196,7.132264,6.9540537,6.985721,6.9857516,6.9857929,6.9858528,6.9859417,6.9860729,6.9862614
1.0,31.0,31.0,-283.43563,0.96209007,0.19339555,4.0,15.0,0.0,300.67045,-8.0305969,0.049118384,0.036327809,0.35038925,-1.8826117,1.0752009,0.08990489,-11.79358,0.23122951,-1.1931596,-0.66138906,0.37952541,-0.61775268,0.090052768,0.033148103,-6.3130324,0.94348967,300221.85,8.278315,0.29964975,0.90726433,-8.0288125,0.096665817,-8.5917936,5.7318386e-06,0.40826374,0.00032593503,0.00018562286,0.017626329,0.017626329,0.93261468,0.0011979543,7.5621943e-05,0.018899905,0.93261468,1.094232,1.0337036,-256.8547,0.0,-20.116176,6.4804164,6.4804164,7.2487238,7.3387497,7.3914561,7.4288644,7.4578858,7.3450914,7.3651295,7.3659638,7.3667986,7.367638,7.3684876,7.3693539,7.3702448
1.0,32.0,32.0,-284.41115,0.90843324,0.19339555,5.0,31.0,0.0,291.65798,-3.4630614,1.9139324,0.28188316,0.67683819,0.31668526,0.52589263,0.59487409,-11.171744,0.22211972,-1.0909163,0.23115943,0.2680738,-1.5872997,0.19106502,0.04954787,-8.2241398,0.44286939,75892.323,7.1687025,0.043239534,0.82482622,-2.9235561,0.3128399,-2.3963715,1.1039199e-05,0.82336636,0.053742234,0.091047719,9.0904412,9.0904412,0.99131021,0.0023071927,0.07737926,9.1701277,0.99131021,1.2105382,1.0507959,-250.82285,0.0,-17.496822,6.9092653,6.9092653,7.1370692,7.1500856,7.1576997,7.163102,7.1672923,7.151002,7.1538973,7.1538991,7.1539027,7.1539093,7.1539205,7.1539385,7.1539657
1.0,33.0,33.0,-288.69205,0.92642881,0.19339555,4.0,15.0,0.0,295.06914,-2.783325,0.38325109,0.91577688,0.13590905,1.5174895,0.47100262,2.1108147,-9.2537756,1.2010567,-0.35241784,0.22839778,0.79474261,-1.1488551,-0.26275658,-0.13998768,-7.2138226,1.788701,82580.271,6.9409725,0.14208674,0.70574099,-2.4323526,0.99419924,-1.2319128,6.2706253e-05,0.50426856,0.087829965,0.29173403,23.716524,23.716524,0.99426688,0.013105607,0.12364818,23.853277,0.99426688,0.76892905,0.86936895,-249.82529,0.0,-20.743968,6.0884521,6.0884521,6.8962027,6.938975,6.9639952,6.9817474,6.9955171,6.9419862,6.9514995,6.9515056,6.9515151,6.9515306,6.9515555,6.9515939,6.9516507
1.0,34.0,34.0,-291.0486,0.33714918,0.19339555,4.0,31.0,0.0,303.93042,-6.265683,0.27238224,0.18764189,0.0011533754,-0.14992483,0.29639481,0.12785358,-9.8008025,0.088115157,1.0097186,-0.51854039,0.11685799,0.35285387,0.64414679,-0.46118736,-8.4437172,0.82694486,86079.985,7.275226,0.061368852,1.0883778,-6.2145726,0.037895139,-6.1768504,6.0562723e-05,0.62045227,0.0020000709,0.0020769591,0.2678928,0.2678928,0.94900381,0.012657609,0.001738025,0.28228843,0.94900381,1.9043615,0.63053453,-254.47141,0.0,-18.412046,6.9070129,6.9070129,7.1366937,7.1551652,7.1659709,7.1736378,7.1795849,7.1564657,7.1605743,7.1606947,7.1608164,7.1609407,7.1610693,7.1612043,7.1613483
1.0,35.0,35.0,-294.06695,0.9856815,0.19339555,4.0,15.0,0.0,302.8858,-5.8553376,0.59215883,0.94492423,0.00054151342,0.71961537,0.17305482,0.30506238,-10.56873,0.034622512,0.91451791,-0.14216006,0.063930119,-0.11685535,0.43075014,-0.55321868,-9.8893428,1.6280331,195392.57,6.963532,0.04801183,1.0346728,-5.2957924,0.052792515,-5.2426102,2.6534444e-05,0.86102595,0.0050126407,0.00528644,0.60060972,0.60060972,0.98216929,0.0055456989,0.0053580181,0.61151344,0.98216929,1.5384111,0.57509578,-253.5663,0.0,-17.915927,6.6754611,6.6754611,6.8717992,6.8862514,6.8947056,6.900704,6.9053568,6.887269,6.8904837,6.8905037,6.8905257,6.8905511,6.8905819,6.8906205,6.8906696
1.0,36.0,36.0,-287.45284,0.88108527,0.19339555,4.0,31.0,0.0,302.78615,-5.2945594,0.62513236,0.76264724,0.02853253,0.84953083,0.38357236,-0.062362353,-12.207279,0.085617978,-1.1888194,-0.30341811,0.024628961,-2.1126766,-0.14847374,0.023127693,-7.4923062,1.3898643,28811.884,7.7498045,0.23794865,0.88544901,-4.8178039,-0.023920475,-4.8174852,4.5106783e-06,0.70085719,0.0080845217,0.0080870994,0.68906091,0.68906091,0.99145788,0.00094273176,0.0049940192,0.69499766,0.99145788,0.86202264,1.0233972,-253.147,0.0,-20.945781,6.3221126,6.3221126,7.3091787,7.3808047,7.4227042,7.4524326,7.4754921,7.3858476,7.4017794,7.4017995,7.4018277,7.4018698,7.4019337,7.4020293,7.4021678
1.0,37.0,37.0,-294.6943,0.92507086,0.19339555,4.0,15.0,0.0,299.34485,-8.5045406,0.97592344,-0.10099857,0.0054924385,-0.96342055,0.99848217,0.064077579,-14.485195,0.11064468,-0.82632216,-0.014741378,0.0022320834,-2.2344134,0.19389512,-0.2805345,-5.8757459,0.91041242,27530.31,7.1906582,0.13157169,1.0630886,-8.6031075,0.06398032,-8.5444187,4.6714621e-07,0.98046456,0.00018353458,0.00019462836,0.019460247,0.019460247,0.9850614,9.7633557e-05,0.00019748397,0.019755364,0.9850614,1.213969,0.75537988,-256.83592,0.0,-18.583275,6.4012281,6.4012281,6.7433873,6.7829226,6.8060673,6.8224938,6.8352374,6.785708,6.7945084,6.7945408,6.7945795,6.794629,6.7946953,6.794786,6.7949098
1.0,38.0,38.0,-291.27641,0.94181116,0.19339555,4.0,31.0,0.0,306.65039,-7.5198612,0.30625758,-0.12229509,0.004121901,1.0099898,0.095346402,1.9776991,-10.779517,0.2912717,1.2117982,-0.44104991,0.34385461,0.069347374,-0.54473373,-0.24785043,-8.5118802,1.9844163,152956.05,8.1700717,0.31391142,0.6615765,-7.557315,0.18856649,-7.3645854,2.9634997e-05,0.65888617,0.00052227568,0.0006332879,0.046457899,0.046457899,0.87692275,0.0061937144,0.00032671206,0.052978325,0.87692275,0.5799962,0.78047667,-255.63362,0.0,-23.229503,6.2866032,6.2866032,7.2254099,7.319837,7.3750909,7.414299,7.4447135,7.3264867,7.3474955,7.349179,7.3508518,7.3525209,7.3541956,7.3558871,7.3576075
1.0,39.0,39.0,-288.13567,0.99719167,0.19339555,4.0,15.0,0.0,294.58354,-8.3586585,0.43799576,-1.4566475,0.0023061712,0.59474627,0.12519483,0.57964051,-10.379639,0.41238619,1.1817118,-0.45654009,0.65769498,0.04001475,-0.49358001,-0.185668,-7.0775378,0.52797219,137409.67,7.986924,0.24797241,0.7296426,-8.996664,0.072567996,-8.9227244,5.056162e-05,0.65036432,0.00012382219,0.00013332452,0.0099511235,0.0099511235,0.48300074,0.010567379,8.4206395e-05,0.020602709,0.48300074,0.61043711,0.8305493,-256.89326,0.0,-19.748745,6.4990896,6.4990896,7.0956955,7.1701309,7.2137261,7.2446721,7.2686821,7.1753763,7.1919507,7.2003673,7.2081803,7.2154753,7.2223234,7.2287837,7.2349064
1.0,40.0,40.0,-290.20013,0.43526153,0.19339555,4.0,15.0,0.0,308.11525,-5.0276025,0.081960996,0.11969938,0.64576017,-1.5849051,0.91896749,1.3509594,-12.848594,0.63780119,1.238277,-1.0788543,0.15996737,0.3765765,0.59293798,0.14191262,-4.7212576,0.46468497,4532636.8,6.8510335,0.12093989,0.94838149,-5.0177919,1.2414878,-4.7997727,5.7932354e-06,0.36109493,0.0066191266,0.008231618,1.0288736,1.0288736,0.99511331,0.0012107862,0.0038416936,1.0339261,0.99511331,1.8092963,1.1524759,-253.13303,0.0,-19.292412,6.1253942,6.1253942,6.6481334,6.6845387,6.7058348,6.7209446,6.7326649,6.6871016,6.6951986,6.6952062,6.6952159,6.6952293,6.6952483,6.6952755,6.6953139
1.0,41.0,41.0,-289.19472,0.39067033,0.19339555,4.0,15.0,0.0,305.9916,-4.6110531,0.061421125,0.024417351,0.44657659,-1.5113371,0.71143153,1.4731357,-12.925928,0.80324581,1.1882288,-1.2712638,0.18061697,0.58568359,0.53081124,0.19025004,-4.966568,0.84857174,2550764.9,6.851895,0.18281232,0.98439923,-4.6095533,1.0480352,-4.2364459,6.3219165e-06,0.31177317,0.0099562647,0.014458889,1.7410392,1.7410392,0.99603335,0.0013212806,0.0056123132,1.7479728,0.99603335,1.7003111,1.209552,-252.5784,0.0,-20.697705,5.7550211,5.7550211,6.5869455,6.6419764,6.6741676,6.6970078,6.7147241,6.6458503,6.6580897,6.6580977,6.6581084,6.6581239,6.6581467,6.6581802,6.6582282
1.0,42.0,42.0,-286.45164,0.97226079,0.19339555,4.0,31.0,0.0,301.63046,-4.5857661,0.56256278,0.95987163,0.48568149,1.0621675,0.73517779,-0.62430528,-12.992232,0.2114113,-0.024425014,0.51198226,0.072945836,0.017739349,-0.23352485,0.29066189,-11.34755,0.75567491,35447.942,7.7016586,0.1950509,1.1224848,-4.0457781,-0.45897538,-3.9888783,2.2662233e-06,1.6707561,0.017496087,0.018520476,1.5233646,1.5233646,0.98271968,0.00047364066,0.026313476,1.5501517,0.98271968,0.79173792,1.3373123,-252.32875,0.0,-20.810749,6.5313532,6.5313532,7.4076493,7.4663641,7.5007104,7.5250796,7.5439823,7.4704992,7.4835617,7.4835772,7.4836085,7.4836671,7.4837685,7.483932,7.4841796
1.0,43.0,43.0,-282.02172,0.99671338,0.19339555,4.0,15.0,0.0,291.38677,-6.560945,1.4425378,0.81546318,0.55772799,0.58249003,0.64616995,0.45578839,-12.312607,0.080392765,1.0914805,-0.67598122,0.7646592,-0.19354947,-0.1413206,-0.24887899,-8.1959014,0.73888235,306443.14,7.4249359,0.13903402,1.1270314,-5.3846085,0.29451676,-4.7652208,4.9069386e-06,0.43868196,0.0045866354,0.0085210067,0.72824663,0.72824663,0.99409045,0.0010255502,0.003303641,0.73257582,0.99409045,0.86821092,0.77967432,-253.0952,0.0,-19.319431,6.5907318,6.5907318,7.1708172,7.2126685,7.2371505,7.254521,7.2679946,7.2156149,7.2249234,7.2249339,7.2249474,7.2249659,7.2249924,7.2250304,7.225084
1.0,44.0,44.0,-285.0452,0.98439014,0.19339555,4.0,15.0,0.0,291.99871,-3.5995283,0.81863919,1.3846419,0.54503206,1.3123938,0.83982936,-0.96006998,-9.9340534,0.6268293,0.43106967,-0.51356783,0.15132952,-0.84066772,0.5930775,-0.061189395,-5.5735779,0.85716818,2237949.5,7.1264353,0.089857953,1.102091,-2.4660061,-0.80629495,-2.5570044,6.353966e-05,0.52687831,0.084923356,0.077536665,9.6921643,9.6921643,0.99322759,0.013279789,0.05280713,9.7582512,0.99322759,1.8095487,0.94064507,-250.98967,0.0,-18.771858,6.5872876,6.5872876,7.0632082,7.0902581,7.1060813,7.117308,7.1260162,7.0921624,7.0981788,7.0981858,7.098195,7.0982082,7.0982276,7.098256,7.0982965
1.0,45.0,45.0,-287.88583,0.94585354,0.19339555,4.0,31.0,0.0,299.03377,-6.5122904,0.036906302,0.33598834,0.59319154,1.8622271,0.39700718,-0.56612112,-14.287147,0.18614586,-1.5290236,-0.45284051,0.41776752,-0.44519249,-0.70238488,-0.11930568,-5.1801249,0.89494593,2788042.4,7.1665387,0.073861187,0.69503379,-6.4998903,-0.22475415,-5.6199871,4.6941985e-07,0.52791105,0.0015036041,0.0036246878,0.25302822,0.25302822,0.99418842,9.8108749e-05,0.0013809798,0.25450731,0.99418842,0.49540242,0.88753646,-253.94407,0.0,-17.70169,6.7233715,6.7233715,6.9976253,7.0198566,7.0328619,7.0420895,7.0492471,7.0214218,7.0263667,7.0263694,7.026374,7.0263819,7.0263948,7.0264151,7.0264455
1.0,46.0,46.0,-291.40589,0.94295788,0.19339555,4.0,15.0,0.0,301.97514,-1.7892212,0.023348691,2.0806158,0.54517475,1.4530941,1.1160983,0.43701142,-12.04964,0.068952048,-2.2623509,-0.76914713,0.61327843,-0.70472026,0.0098873178,-0.37409206,-6.1127821,0.76551138,285263.3,6.9751287,0.0432929,0.67036653,-1.7406416,0.48774771,-0.46070366,5.0021939e-06,0.30079182,0.17540783,0.63083959,57.669669,57.669669,0.99688218,0.0010454585,0.17932037,57.850035,0.99688218,1.0099364,0.68791358,-249.44174,0.0,-17.770566,6.7153713,6.7153713,6.9781918,6.9912243,6.9988478,7.0042568,7.0084523,6.9921417,6.9950402,6.9950408,6.9950419,6.9950442,6.9950481,6.9950545,6.9950642
1.0,47.0,47.0,-290.45177,0.38520266,0.19339555,5.0,31.0,0.0,303.96408,-5.4040379,0.13493906,-0.23172383,0.48887411,-1.0810814,0.66033495,-0.079621493,-15.994748,0.070804096,-0.88998682,-1.1124654,0.12974946,-0.37629513,0.99910554,-0.41718296,-5.491189,0.27435899,187428.1,7.2400156,0.14603491,0.88533196,-5.4353065,-0.052576854,-6.016396,1.0621898e-07,0.31308221,0.0043598986,0.0024384418,0.39762638,0.39762638,0.99671845,2.2199767e-05,0.0012869268,0.3989355,0.99671845,2.7158515,0.65890036,-254.34144,0.0,-18.521262,6.3638061,6.3638061,6.934706,6.9786629,7.0043771,7.0226219,7.0367738,6.9817574,6.9915341,6.9915363,6.9915406,6.9915487,6.9915627,6.9915853,6.9916196
1.0,48.0,48.0,-287.34424,0.99422316,0.19339555,4.0,15.0,0.0,298.88494,-5.2931891,0.63228298,0.38093395,0.33780378,-0.97507564,1.208327,1.5406454,-17.865136,0.088376358,-0.99921823,-0.18499221,0.34252537,0.56418802,-0.41741742,-0.27390847,-8.5854538,0.5849475,249093.2,7.5237283,0.20573735,0.97190595,-5.0523311,1.8616035,-3.5201118,1.5955803e-08,1.0082907,0.0063944102,0.029596126,2.2690559,2.2690559,0.98968273,3.3347628e-06,0.023651172,2.2927104,0.98968273,0.65874589,0.76040167,-251.86873,0.0,-20.28094,6.2893042,6.2893042,7.2492044,7.3111366,7.3473648,7.3730693,7.3930075,7.3154974,7.3292736,7.3292819,7.3293002,7.3293359,7.3293988,7.3295011,7.3296571
1.0,49.0,49.0,-286.88835,0.97190519,0.19339555,4.0,15.0,0.0,295.39461,-7.08307,1.2917483,0.95272327,0.016093471,0.28391234,0.33839523,-0.69416605,-6.2257251,0.70198024,1.495172,0.20267103,0.29707944,0.59936663,0.50853357,-0.11237659,-7.1689314,1.6956522,34972.677,7.4111047,0.12177464,0.77029942,-5.8523912,-0.23490248,-6.0827246,0.0056497503,1.4633532,0.0028730208,0.0022819508,0.27118644,0.27118644,0.18568854,1.1807978,0.0084529191,1.4604372,0.18568854,1.662851,0.89370764,-253.16539,0.0,-18.958715,6.6804569,6.6804569,7.1734789,7.2101343,7.231577,7.246791,7.2585922,7.2127157,7.2208704,7.2307895,7.2391449,7.2463678,7.2527346,7.2584335,7.2635987
1.0,50.0,50.0,-287.6005,0.46510385,0.19339555,5.0,31.0,0.0,299.9906,-5.9234126,0.08680271,0.65254045,0.043149462,0.059472267,0.79975478,0.65710727,-12.074869,0.014447503,0.46551541,-1.3872398,0.3116969,-1.1374355,-0.31123349,0.032577935,-6.5024378,1.6055864,645812.13,7.6257451,0.21922659,1.1638492,-5.8667703,0.52552468,-5.3386794,5.7394692e-06,0.17520914,0.0028320051,0.0048022081,0.38305677,0.38305677,0.99508021,0.0011995491,0.0006943268,0.38495064,0.99508021,0.73254281,1.0331144,-253.66358,0.0,-20.086696,6.3103856,6.3103856,7.1639314,7.2299191,7.268521,7.2959099,7.3171546,7.2345643,7.2492406,7.2492706,7.2493024,7.2493373,7.249377,7.2494239,7.2494803
1.0,51.0,51.0,-286.69548,0.98965374,0.19339555,4.0,31.0,0.0,293.86045,-3.8375139,0.19216203,-1.2537052,0.15159772,1.1529404,0.35154868,-0.63709597,-11.769605,0.010200242,-0.99553181,-0.5998183,0.37450531,0.54785612,-0.605721,-0.12662243,-6.2770825,1.6486584,198722.9,7.3628607,0.10909191,0.84789221,-4.0784284,-0.22397025,-4.1276155,7.6579988e-06,0.6739204,0.016934058,0.016121274,1.1594194,1.1594194,0.99171965,0.0016005217,0.0080800352,1.1690999,0.99171965,0.54568085,0.88106627,-252.46294,0.0,-18.464254,6.7083092,6.7083092,7.1854994,7.2183384,7.2375481,7.2511778,7.2617499,7.2206504,7.2279546,7.2279638,7.2279765,7.2279954,7.2280238,7.2280663,7.2281276
1.0,52.0,52.0,-286.1293,0.96038418,0.19339555,4.0,23.0,0.0,296.69181,-7.3047607,0.51189645,-1.6488495,0.57046535,-0.41594609,0.88615583,0.60713476,-11.792205,0.00087250394,0.12771322,-1.2089192,0.48134664,0.00095521038,-0.57745684,0.043718456,-7.9480032,1.0521869,34971.661,8.002877,0.32978809,0.99566028,-8.1488009,0.53801601,-7.8480677,7.56413e-06,0.29865702,0.00028908179,0.00039050581,0.028341198,0.028341198,0.94436696,0.0015809032,8.8688128e-05,0.030010789,0.94436696,0.56132409,1.0446882,-256.13769,0.0,-19.927639,6.0241485,6.0241485,6.9372016,7.0363556,7.0943877,7.1355707,7.1675184,7.0433385,7.0654015,7.0661575,7.0669142,7.0676748,7.068444,7.069227,7.0700301
1.0,53.0,53.0,-285.23205,0.94373323,0.19339555,5.0,31.0,0.0,299.24506,-10.395476,0.81487072,-1.142821,0.74254855,0.75623463,0.73211212,-1.6450023,-11.032671,0.49271538,-0.83582698,0.28963439,0.58105463,-1.1982116,-0.55045994,-0.25531404,-6.9199778,1.5757625,272597.71,8.757961,0.38144866,0.66529672,-11.326728,-1.2043262,-11.969513,1.0708255e-05,0.66591583,1.2046605e-05,6.334416e-06,0.00046381069,0.00046381069,0.17122487,0.0022380253,6.9450615e-06,0.002708781,0.17122487,0.57668451,0.77467318,-259.01028,0.0,-20.979993,6.469269,6.469269,6.974993,7.0858617,7.1516905,7.1986737,7.2352342,7.093755,7.1187487,7.1506567,7.1774087,7.2004479,7.2206883,7.238746,7.2550562
1.0,54.0,54.0,-285.23205,2.96167e-06,0.19339555,4.0,15.0,0.0,301.54729,-10.395476,0.81487072,-1.142821,0.74254855,0.75623463,0.73211212,-1.6450023,-11.032671,0.49271538,-0.83582698,0.28963439,0.58105463,-1.1982116,-0.55045994,-0.25531404,-6.9199778,1.5757625,272597.71,8.757961,0.38144866,0.66529672,-11.326728,-1.2043262,-11.969513,1.0708255e-05,0.66591583,1.2046605e-05,6.334416e-06,0.00046381069,0.00046381069,0.17122487,0.0022380253,6.9450615e-06,0.002708781,0.17122487,0.57668451,0.77467318,-259.01028,0.0,-20.979993,6.469269,6.469269,6.974993,7.0858617,7.1516905,7.1986737,7.2352342,7.093755,7.1187487,7.1506567,7.1774087,7.2004479,7.2206883,7.238746,7.2550562
1.0,55.0,55.0,-292.97363,0.53001811,0.19339555,4.0,31.0,0.0,302.22198,-6.2930166,0.95857816,2.2363599,0.021144917,-0.31372531,0.66476764,0.71171636,-13.068111,0.1932855,1.2106746,-0.42198939,0.093696168,0.51872922,0.50264597,0.40978939,-7.6984922,0.86149774,2638.2579,7.1550922,0.48515964,1.6184115,-4.1492908,0.47312601,-3.6827984,2.6682026e-06,0.68839915,0.015775601,0.025152488,2.9788031,2.9788031,0.99274906,0.00055765435,0.021199234,3.00056,0.99274906,1.6530895,1.5065005,-252.03938,0.0,-25.062072,4.2441344,4.2441344,6.5650759,6.7111218,6.7965536,6.8571686,6.9041857,6.7214041,6.7538885,6.7539056,6.7539387,6.7539997,6.7541045,6.7542727,6.7545269
1.0,56.0,56.0,-287.33148,0.99961496,0.19339555,4.0,15.0,0.0,298.51936,-7.5727288,0.54950741,-1.4128965,1.4120981,0.2523566,0.66379358,-0.43348249,-9.8288995,0.42779619,-1.5246761,-0.11351031,0.6329453,-1.0065991,-0.55811245,-0.36384247,-6.1238587,1.4032544,878410.02,7.7888209,0.17022441,0.62711657,-8.3491259,-0.28774289,-8.2805165,2.8060431e-05,0.47206789,0.00023660325,0.00025340628,0.018507808,0.018507808,0.75635533,0.0058646301,9.728846e-05,0.024469727,0.75635533,0.57228827,0.69500067,-256.47828,0.0,-20.248212,6.7674745,6.7674745,7.2116495,7.2628012,7.2927459,7.3139984,7.3304858,7.2664044,7.2777891,7.2798479,7.2818545,7.2838143,7.2857328,7.2876162,7.2894704
1.0,57.0,57.0,-282.60679,1.0,0.19339555,4.0,15.0,0.0,292.93343,-9.10777,0.59807554,0.52690545,0.096718222,0.60237339,0.98005159,-0.096026041,-11.159339,0.83396889,-0.5681726,0.17723844,0.1354519,0.36090393,-0.77165128,0.22062421,-6.9129228,1.4007213,288144.77,7.7056882,0.15732839,0.72033085,-8.7926407,-0.094110475,-8.8284907,8.866972e-06,1.2537306,0.00015184645,0.00014649918,0.010022663,0.010022663,0.83441458,0.0018531972,0.0001357504,0.01201161,0.83441458,0.46224913,1.2468548,-257.05618,0.0,-18.42368,6.7617178,6.7617178,7.1284892,7.1756903,7.2033412,7.222971,7.2382019,7.1790176,7.1895313,7.1906858,7.1918304,7.1929717,7.1941186,7.1952811,7.1964706
1.0,58.0,58.0,-292.43667,0.95128453,0.19339555,4.0,15.0,0.0,296.94474,-7.4747018,0.55719646,-2.0247128,0.052399121,0.10784689,0.46508393,1.4800155,-11.607076,0.42053967,-0.26952817,-0.016066238,1.4062618,0.81743892,-0.97188711,0.41794441,-8.6892762,1.0834415,336536.23,7.4795056,0.1729279,0.58921996,-8.6028646,0.68833141,-7.9088821,8.1261529e-06,3.1064073,0.00018357915,0.00036746513,0.023845352,0.023845352,0.9058826,0.0016983659,0.00077906612,0.026322784,0.9058826,0.37836834,1.5188362,-256.19491,0.0,-20.468123,6.4419382,6.4419382,6.9080267,6.9600074,6.9904332,7.0120261,7.0287777,6.9636716,6.9752459,6.9757685,6.9763132,6.9768981,6.9775472,6.9782899,6.9791585
1.0,59.0,59.0,-291.55434,1.0,0.19339555,5.0,31.0,0.0,303.51975,-5.5997924,0.6200548,1.2206081,0.023599319,0.57291089,0.49036539,0.56370423,-12.033623,0.74270665,0.38692299,-1.0382388,0.0026231509,-1.0048387,0.78573686,-0.41129114,-5.9355161,1.2517934,15249.157,7.8132328,0.40167698,1.4393489,-4.8429485,0.27642104,-4.5530071,7.9189425e-06,0.35314567,0.0078837746,0.010535475,1.4870714,1.4870714,0.995258,0.001655059,0.0054302296,1.4941567,0.995258,2.194023,0.66279394,-252.8916,0.0,-23.12248,5.4031709,5.4031709,7.2035929,7.3245069,7.3952377,7.4454223,7.4843487,7.3330189,7.3599115,7.3599357,7.3599667,7.3600094,7.3600704,7.3601582,7.3602822
1.0,60.0,60.0,-285.84873,0.954027,0.19339555,4.0,15.0,0.0,302.47396,-6.6967747,0.72060046,0.68602099,0.68968204,0.53649989,0.67451801,-0.069034357,-12.970463,0.29489467,-0.31072416,-0.14748189,0.043041743,-1.2907457,0.05750261,-0.20580913,-3.7261196,1.0322554,6343.6124,7.3511599,0.33915279,1.361283,-6.2024277,-0.046564917,-5.8789783,2.1242457e-06,0.81624736,0.0020245098,0.0027976423,0.2615401,0.2615401,0.98996273,0.00044396735,0.0022077971,0.26419186,0.98996273,1.059188,0.81398843,-254.20206,0.0,-22.032051,5.3162432,5.3162432,6.5804679,6.6825493,6.7422665,6.7846376,6.8175039,6.6897369,6.7124441,6.712479,6.7125273,6.7125987,6.7127063,6.7128665,6.713098
1.0,61.0,61.0,-282.90278,0.84645183,0.19339555,4.0,15.0,0.0,294.38868,-6.2790526,1.0840616,0.52813154,0.18101996,0.72887407,0.30127733,-0.14833494,-8.5820807,0.26392418,0.33571155,-1.2526721,0.41748994,-0.0025354178,0.26761149,-0.11466718,-7.3702512,1.4011196,1217964.2,8.0205702,0.28921922,0.97509023,-5.7065254,-0.044689954,-5.6192746,0.00020479967,0.28543796,0.0033242026,0.0036272712,0.37682724,0.37682724,0.89555938,0.042803131,0.0011426661,0.42077303,0.89555938,1.3068393,0.89166286,-253.89018,0.0,-21.871961,6.285255,6.285255,7.4124624,7.4995181,7.5504444,7.5865778,7.6146054,7.5056466,7.525009,7.526335,7.5276511,7.52896,7.5302657,7.5315727,7.532886
1.0,62.0,62.0,-286.23855,0.90840875,0.19339555,4.0,31.0,0.0,293.72751,-11.986591,0.064466884,-0.53819401,0.41575889,-0.20441392,0.65524198,-0.09147111,-10.987462,0.20813623,0.80836769,0.35758493,0.31975595,-0.15084625,-0.043288763,-0.011743769,-7.1205174,0.51359123,21698.418,8.3459434,0.27092211,1.1164856,-12.021287,-0.059935712,-12.166209,2.0011331e-05,1.3625405,6.0148041e-06,5.2033423e-06,0.00046424565,0.00046424565,0.099463432,0.0041823683,2.0886857e-05,0.0046675008,0.099463432,0.95763482,0.98832492,-258.70433,0.0,-19.564345,6.7204107,6.7204107,7.1224853,7.2020952,7.2491465,7.2826659,7.3087235,7.2077448,7.22562,7.2540513,7.2769434,7.2961155,7.3126199,7.3271211,7.3400664
1.0,63.0,63.0,-289.12701,0.65651348,0.19339555,4.0,15.0,0.0,299.70272,-11.029658,0.03593658,0.23296795,0.81962124,-0.038120004,0.96507697,0.2315294,-11.105773,0.053653535,1.0831711,0.62913113,0.21131906,-0.88701884,-0.54822027,0.4911229,-8.1891048,1.2824149,373742.61,8.9373118,0.41768695,1.0944644,-11.021286,0.22344369,-10.829087,1.5924416e-05,1.5553291,1.6349939e-05,1.9814696e-05,0.001451923,0.001451923,0.30144748,0.003328203,3.6377954e-05,0.0048165039,0.30144748,0.57797754,1.6341502,-258.41208,0.0,-20.347573,6.4311901,6.4311901,7.1278798,7.2516573,7.3245507,7.3764064,7.4166872,7.2604183,7.288122,7.3121356,7.3333631,7.3524026,7.3696863,7.385538,7.4002069
1.0,64.0,64.0,-285.44758,0.89998245,0.19339555,4.0,31.0,0.0,301.89463,-8.0901821,0.012979898,-0.93116053,0.45482334,-1.167559,1.317504,0.58440402,-11.149097,0.58410542,0.56521636,-0.029566467,0.21124745,-0.24049134,-0.15659032,0.10221009,-9.2048024,0.66092728,118317.08,8.429362,0.34015807,0.83389286,-8.1022684,0.76995462,-7.8633469,2.0016541e-05,0.92277518,0.00030285136,0.00038458455,0.032655951,0.032655951,0.87877789,0.0041834572,0.00032123431,0.037160643,0.87877789,0.85505428,1.1076161,-256.1217,0.0,-21.977276,6.3884135,6.3884135,7.3535271,7.4558174,7.5156805,7.5581615,7.5911159,7.4630221,7.4857844,7.4875435,7.4892967,7.4910546,7.4928312,7.4946431,7.4965089
1.0,65.0,65.0,-290.84215,0.8020374,0.19339555,4.0,15.0,0.0,299.50305,-10.361816,0.012148045,1.0146586,0.32312235,1.2418577,0.37773749,-0.55822703,-6.769577,0.36947209,-0.55297522,-0.78058789,0.42666495,-0.24017073,0.27434802,-0.39331322,-4.8273418,0.6733024,56463.508,6.991846,0.064298949,1.2201595,-10.349489,-0.21086328,-10.159081,0.00093600856,0.41351548,3.2009128e-05,3.8722848e-05,0.0040371763,0.0040371763,0.020197607,0.19562579,0.00022092385,0.19988389,0.020197607,1.3156726,0.67481735,-255.25092,0.0,-18.959892,6.6060523,6.6060523,6.7994857,6.8188279,6.8301458,6.838177,6.8444068,6.8201899,6.824493,6.8333862,6.8401215,6.8455449,6.8500858,6.8539922,6.8574209
1.0,66.0,66.0,-289.72211,0.99459267,0.19339555,4.0,15.0,0.0,297.99596,-7.7967705,0.026148267,-1.4945027,0.33293853,-0.20076997,1.1355874,0.91836978,-9.341531,0.55135758,0.60675977,-0.92915363,0.22253256,-0.12181897,0.092086832,-0.11425327,-10.108213,2.0242576,1133714.8,8.0336222,0.39856721,0.68804516,-7.8358492,1.0428891,-6.8598041,0.00012255025,0.3843267,0.0003953065,0.0010491194,0.099720189,0.099720189,0.79297725,0.025613003,0.00042096909,0.12575416,0.79297725,1.09646,0.892032,-255.06852,0.0,-25.460815,5.6422189,5.6422189,6.9711151,7.0910557,7.1612265,7.2110163,7.2496377,7.0995001,7.1261796,7.1301518,7.1340418,7.1378582,7.1416105,7.1453091,7.1489648
1.0,67.0,67.0,-289.13837,0.52060428,0.19339555,4.0,15.0,0.0,298.75777,-8.6505229,0.040920822,-0.50706159,0.14028559,1.0753315,0.30681822,1.0392583,-9.7361868,0.9310019,0.60732767,-1.1665263,0.69981132,0.19967432,0.18100071,0.14879563,-9.9030959,0.22081788,812144.53,8.0336667,0.26375217,0.80227196,-8.6712722,0.31886339,-8.2015553,0.00010403704,0.35815408,0.00017144085,0.00027422672,0.027239893,0.027239893,0.55473772,0.021743741,0.00012046,0.049104094,0.55473772,1.198416,1.1604358,-256.18802,0.0,-20.252315,6.4511537,6.4511537,7.1949798,7.2742905,7.320706,7.3536444,7.3791961,7.2798757,7.2975226,7.3046646,7.3113914,7.3177515,7.3237867,7.3295333,7.3350228
1.0,68.0,68.0,-284.75762,0.3217729,0.19339555,5.0,63.0,0.0,299.5765,-6.0611203,0.72457074,2.5985479,0.10583417,-1.0940752,0.083138603,0.64384369,-10.938907,0.70754012,-0.58925349,0.031828455,0.55225744,-0.54018409,0.56852382,-0.039767294,-7.9475558,1.5039306,92982.768,7.1671019,0.1765618,0.75628304,-4.1782885,0.053528264,-4.2405508,1.1701108e-05,0.76606196,0.015324713,0.014399659,1.7734283,1.7734283,0.99078483,0.0024455316,0.014048903,1.7899228,0.99078483,1.7656587,0.96101305,-252.5825,0.0,-20.135933,6.107731,6.107731,6.9126357,6.965785,6.9968757,7.0189349,7.0360456,6.9695271,6.9813491,6.9813646,6.9813866,6.9814199,6.9814709,6.9815476,6.9816592
1.0,69.0,69.0,-283.83802,0.8423579,0.19339555,5.0,31.0,0.0,295.38749,-8.5388077,0.69247433,2.3363643,0.53866489,-0.933907,0.31983493,-0.039849287,-9.5966265,0.64817119,-0.73882182,0.10595121,0.18536375,-0.075254029,0.41956554,0.2887539,-8.6665898,0.71843787,22216.355,7.7310018,0.20948713,0.90571788,-6.9209354,-0.012745194,-7.4367436,4.2098036e-05,1.0963668,0.00098690631,0.00058920078,0.066517598,0.066517598,0.87414719,0.0087984894,0.00077818892,0.076094276,0.87414719,1.5213005,1.3347632,-255.6823,0.0,-19.103536,6.474079,6.474079,7.1331913,7.1962208,7.2330988,7.2592665,7.279565,7.2006596,7.214683,7.2158018,7.2169178,7.2180389,7.2191751,7.2203385,7.2215427
1.0,70.0,70.0,-289.86601,0.94318333,0.19339555,4.0,15.0,0.0,297.4734,-7.5940432,0.15532025,-0.98313436,0.078935305,0.54038728,1.3350552,0.78288091,-13.700417,0.483775,-0.83558087,0.75197644,0.72487041,0.21549874,0.082603715,0.59649466,-8.3783803,0.69435472,328729.68,8.4604818,0.67072761,1.2154095,-7.7467438,1.0451892,-6.658899,7.489077e-07,2.4798178,0.0004321474,0.0012825577,0.12135135,0.12135135,0.97377218,0.00015652171,0.0031119856,0.12461985,0.97377218,1.0861113,1.8157428,-254.97812,0.0,-25.480376,4.4361161,4.4361161,6.7126696,6.91452,7.0326097,7.1164001,7.1813967,6.9287406,6.9736593,6.9737616,6.9739445,6.9742668,6.9748074,6.9756641,6.9769479
1.0,71.0,71.0,-289.77027,0.66935378,0.19339555,4.0,15.0,0.0,303.9971,-7.4747883,0.32012827,-0.68041274,0.16603661,0.34615234,0.91806661,1.5289875,-12.578483,0.37841403,-0.91665796,0.81026464,0.55226505,0.1580316,0.23859481,0.57672914,-7.6088706,0.20067174,105932.86,8.7603762,0.4906832,1.1530003,-7.6926076,1.4037124,-6.2314213,2.435498e-06,2.4535599,0.00045618706,0.0019666547,0.20122318,0.20122318,0.97284767,0.00050901909,0.0051071505,0.20683935,0.97284767,1.2694641,1.7802061,-254.55246,0.0,-24.868888,5.816277,5.816277,7.58953,7.7372145,7.8236109,7.8849122,7.9324633,7.7476185,7.7804818,7.7805814,7.7807393,7.780998,7.7814146,7.7820598,7.7830138
1.0,72.0,72.0,-284.31244,0.8925199,0.19339555,4.0,15.0,0.0,294.59225,-8.2290007,0.36006006,-0.689467,0.11942254,-0.69087221,0.8153534,0.78880122,-12.345939,0.25788046,-0.20239192,0.39366966,0.6917515,0.43915938,0.10851991,0.42471106,-7.2036316,0.49621377,125247.93,8.4717831,0.55049206,1.179271,-8.4772503,0.64315176,-7.9166042,4.1262904e-06,2.0086419,0.00020815028,0.00036463846,0.034937593,0.034937593,0.95641263,0.00086239469,0.00072984468,0.036529832,0.95641263,1.1146271,1.5291485,-256.21309,0.0,-22.611738,5.1688308,5.1688308,6.7411507,6.9066988,7.0035801,7.0723303,7.1256634,6.9183627,6.9552095,6.9558139,6.9564702,6.9572166,6.9581049,6.9591983,6.9605689
1.0,73.0,73.0,-283.73931,0.99058899,0.19339555,5.0,31.0,0.0,294.729,-5.9636433,0.68787193,-0.43281384,0.23799056,1.8177623,0.45039399,-0.2126097,-9.065668,0.36534563,0.57509936,-1.3731666,0.52903254,-0.44234753,-0.34946691,-0.31856247,-8.1762131,0.93506475,872756.7,7.1622126,0.081486373,0.65831652,-6.2613638,-0.095758132,-5.9245117,0.00014258704,0.20045153,0.001908641,0.0026731126,0.21014055,0.21014055,0.87415884,0.029800691,0.00045048366,0.24039173,0.87415884,0.70506385,0.72719365,-254.19589,0.0,-18.113852,6.6732944,6.6732944,6.9704439,6.9949698,7.0093175,7.0194976,7.0273941,6.9966963,7.0021513,7.0026136,7.0030708,7.0035234,7.0039723,7.0044183,7.0048627
1.0,74.0,74.0,-281.28609,0.9784434,0.19339555,4.0,31.0,0.0,290.34883,-6.953832,0.8579163,1.3525315,0.4964403,-0.7250803,0.31202565,0.10626912,-12.664861,0.2064484,-0.22716362,-0.45983851,0.27657125,-0.10446237,-0.12543287,0.11763142,-3.1690901,1.4758855,41982.179,7.6063237,0.33470713,1.0462786,-5.7934732,0.03315869,-6.1202735,3.0154581e-06,0.61340505,0.0030473798,0.0021978547,0.18912282,0.18912282,0.99041414,0.00063023073,0.0012002206,0.19095327,0.99041414,0.88211498,1.1248294,-254.44135,0.0,-21.120438,5.5980809,5.5980809,6.7986752,6.8994133,6.958346,7.0001608,7.0325956,6.9065059,6.9289139,6.9289683,6.9290326,6.929114,6.9292222,6.9293692,6.9295689
1.0,75.0,75.0,-282.80219,0.84755187,0.19339555,4.0,31.0,0.0,294.27029,-6.8595892,0.67386475,1.1770814,0.64971289,0.046481538,0.74172022,0.99470676,-12.8144,0.2526773,0.37079383,0.024997345,0.74458124,0.37921446,-0.51803545,-0.026109441,-7.7077856,0.69586165,19217.659,8.2013374,0.40130574,1.3718163,-6.0663956,0.73779412,-5.2984018,2.9885905e-06,1.3598213,0.0023195187,0.0049995778,0.37006358,0.37006358,0.98449315,0.0006246154,0.0052042947,0.37589249,0.98449315,0.59568966,0.97422846,-253.62379,0.0,-22.812778,5.793503,5.793503,7.3498909,7.4706844,7.541347,7.5914839,7.630374,7.4791909,7.5060632,7.5061131,7.5061894,7.5063114,7.5065049,7.5068023,7.5072404
1.0,76.0,76.0,-288.56067,0.93222485,0.19339555,4.0,15.0,0.0,294.58169,-6.4411099,0.54589452,-0.74612307,0.16178466,1.0065381,0.72583693,-0.51388137,-10.004111,0.63900982,-1.2077187,-0.78620775,0.029292331,-1.060906,0.30399694,0.39057414,-4.2966912,1.7528837,4090391.9,7.3845774,0.16290715,0.6875943,-6.8484144,-0.37299408,-7.058566,2.089804e-05,0.44162942,0.0010611369,0.00086001045,0.091093275,0.091093275,0.95005909,0.0043676904,0.00042072867,0.095881694,0.95005909,1.3552649,1.477829,-255.35198,0.0,-19.222082,6.4071345,6.4071345,6.9405538,6.9895749,7.0182552,7.0386055,7.054391,6.9930264,7.0039309,7.004254,7.004579,7.0049084,7.0052455,7.0055943,7.0059593
1.0,77.0,77.0,-296.12417,0.51363151,0.19339555,4.0,15.0,0.0,313.45034,-6.9541313,0.025429641,0.15586104,0.01743711,-0.73065613,0.69751265,2.8723161,-11.267243,0.21573956,-1.725048,-1.6912413,0.53731646,1.2255781,-0.4033014,-0.11288745,-7.4186353,1.074075,30949.53,7.8136851,0.50100166,1.7625932,-6.9501679,2.0034768,-4.9594316,8.811931e-06,0.35603792,0.00095847426,0.0070169152,0.54072804,0.54072804,0.99296037,0.0018416936,0.0019918199,0.54456155,0.99296037,0.6681107,0.89325119,-253.28645,0.0,-24.245755,4.8076751,4.8076751,6.8333094,6.9841161,7.0723348,7.1349277,7.183479,6.9947326,7.0282743,7.0283522,7.0284386,7.0285397,7.0286639,7.0288215,7.0290246
1.0,78.0,78.0,-297.18474,0.98483176,0.19339555,4.0,15.0,0.0,305.76039,-7.323546,0.024817435,-0.24388513,0.012898879,-0.88281517,0.98945631,2.5136816,-9.7901895,0.14950976,-1.7473643,-1.6894628,0.77953657,1.7210778,-0.51850247,-0.27412296,-7.6562279,0.75219462,19662.236,7.8542524,0.42698829,1.5741919,-7.3295986,2.4871781,-4.8538078,4.3123713e-05,0.70622617,0.00065583681,0.0077986253,0.57715508,0.57715508,0.97757021,0.009012856,0.0042296395,0.59039757,0.97757021,0.59541153,0.76023859,-253.17709,0.0,-23.163794,5.2923226,5.2923226,7.0313265,7.159855,7.2350413,7.2883874,7.3297665,7.1689042,7.1974929,7.1977807,7.1980826,7.1984091,7.1987743,7.1991956,7.1996932
1.0,79.0,79.0,-288.95188,0.9817986,0.19339555,4.0,15.0,0.0,306.99245,-6.3258567,0.05731639,1.6715309,0.91990555,-1.3015387,0.73728264,0.96893623,-11.930622,0.16620654,-0.34750838,-1.6341129,0.27880432,0.2313796,-0.076623156,-0.26580587,-6.253525,1.1558762,10902.258,7.6784742,0.38854459,1.4049859,-6.2300506,0.71437986,-6.7129633,6.2160241e-06,0.20812773,0.0019693523,0.0012150581,0.10680608,0.10680608,0.9858807,0.001299149,0.00023047502,0.1083357,0.9858807,0.92623884,0.76658793,-255.02727,0.0,-22.048607,5.3472066,5.3472066,6.6448815,6.7618065,6.830213,6.8787508,6.9164009,6.7700382,6.7960459,6.7962448,6.7964472,6.796656,6.7968749,6.7971083,6.7973617
1.0,80.0,80.0,-288.66437,0.99322433,0.19339555,4.0,15.0,0.0,296.92535,-8.2575055,0.091825911,0.23110234,0.16248885,-0.70364117,1.9326537,1.4025076,-12.459471,0.19427259,-0.0068874616,-1.0703465,0.55818731,0.51820165,0.51882919,-0.38621463,-7.2310439,0.96854986,17798.398,7.8695247,0.4465801,1.6756454,-8.2362843,2.7105616,-5.6400565,3.8756038e-06,0.45790529,0.00026486659,0.0035526675,0.42476581,0.42476581,0.9934011,0.0008100012,0.0020116051,0.42758741,0.9934011,1.6800595,0.67962464,-253.96511,0.0,-23.468854,5.1900441,5.1900441,6.9487648,7.0831877,7.1618228,7.2176161,7.2608934,7.0926512,7.1225497,7.1225931,7.1226464,7.1227167,7.1228135,7.122949,7.1231368
1.0,81.0,81.0,-288.63116,0.90391548,0.19339555,4.0,15.0,0.0,295.3105,-8.75935,0.094859684,0.11319242,0.15546024,-0.74283624,1.447378,1.3106276,-12.363352,0.22340873,-0.069109887,-0.90651558,0.43964593,0.30960279,0.47029939,-0.37084478,-7.3791553,0.65610111,14628.021,7.8274543,0.43557326,1.7015402,-8.7486126,1.8969736,-6.9671205,4.2068691e-06,0.46282791,0.00015868133,0.00094236254,0.10952126,0.10952126,0.98734049,0.00087923564,0.00052502767,0.11092552,0.98734049,1.6004733,0.69015106,-255.28074,0.0,-23.156221,5.2140147,5.2140147,6.6733214,6.8043998,6.8810864,6.9354994,6.9777068,6.8136287,6.842786,6.8429389,6.8431014,6.8432805,6.8434856,6.8437285,6.8440225
1.0,82.0,82.0,-284.90044,0.92233321,0.19339555,4.0,15.0,0.0,300.37946,-10.057184,0.46796116,-0.17923855,0.66708736,0.2229463,0.10859481,-0.34546646,-11.739576,0.07102596,0.66845784,-0.25581034,0.29123975,-0.17928737,-0.76114381,-0.19791726,-6.2588695,1.1323562,407196.84,8.7003855,0.45552598,0.66567021,-10.14106,-0.037515863,-10.029851,8.3596193e-06,0.73489625,3.9426981e-05,4.4064707e-05,0.0030236998,0.0030236998,0.63032299,0.0017471604,2.6203867e-05,0.0047970641,0.63032299,0.46713181,0.82043774,-258.07435,0.0,-22.921751,5.9672296,5.9672296,6.8107146,6.9464448,7.0261912,7.0828698,7.1268745,6.9560326,6.9863424,6.9957081,7.0046651,7.0132582,7.0215302,7.0295212,7.0372689
1.0,83.0,83.0,-289.99047,0.90337172,0.19339555,4.0,31.0,0.0,297.18041,-10.511488,1.9494904,-0.7388,0.56538779,1.5772351,0.12859218,0.46356152,-11.175765,0.11705991,0.40117617,-0.88556734,0.77314316,1.5253788,-0.24628853,-0.12097856,-6.6314763,1.007905,3313763.1,8.2155617,0.23959467,0.68961428,-11.951771,0.059610387,-11.000411,1.4683244e-05,1.3414738,6.4478023e-06,1.6694832e-05,0.0013661591,0.0013661591,0.30602088,0.0030687981,2.9310396e-05,0.0044642676,0.30602088,0.78169665,0.88605296,-258.52302,0.0,-19.762047,6.7779937,6.7779937,7.17072,7.2416441,7.2834311,7.3131635,7.3362614,7.2466655,7.2625455,7.2761412,7.288176,7.2989809,7.3087956,7.3177998,7.3261321
1.0,84.0,84.0,-287.19,0.99572329,0.19339555,4.0,15.0,0.0,300.00542,-9.975914,0.11074359,0.45085728,0.25898466,0.37084158,1.326275,2.6409713,-13.29428,0.12216813,-0.17747408,-1.4738066,0.1385156,-0.21943754,-0.61074155,-0.042115502,-9.4830205,1.1411138,31868.856,8.1327657,0.42126722,0.92682407,-9.9259844,3.502654,-6.3272881,1.6479777e-06,0.22219451,4.8887714e-05,0.001786873,0.1283043,0.1283043,0.99504182,0.00034442735,0.00029489799,0.12894363,0.99504182,0.5429481,0.95875904,-254.64752,0.0,-22.450458,5.6051623,5.6051623,7.0452576,7.1720368,7.2462067,7.2988335,7.3396551,7.1809621,7.2091612,7.2092118,7.2092668,7.2093295,7.2094042,7.2094962,7.2096118
1.0,85.0,85.0,-286.62792,0.95999268,0.19339555,5.0,31.0,0.0,293.19275,-8.7553263,0.13568329,0.71799611,0.81102104,1.2731323,0.86488679,3.0342073,-13.310138,0.11705677,0.045503515,-0.50288006,0.21884613,-0.35471769,-0.63557366,0.18387427,-8.8412258,0.66463604,675826.0,7.4790671,0.24532531,1.0219483,-8.6579062,2.6242458,-5.0011233,1.6664564e-06,0.55961364,0.00017374771,0.0067303822,0.47950289,0.47950289,0.99352973,0.00034828939,0.0027744267,0.48262561,0.99352973,0.52963157,1.2018647,-253.32841,0.0,-19.996124,6.0071152,6.0071152,6.9861382,7.0599831,7.1031809,7.1338306,7.1576048,7.065182,7.0816069,7.0816198,7.0816392,7.0816701,7.0817189,7.0817938,7.0819039
1.0,86.0,86.0,-285.98962,0.97935837,0.19339555,5.0,31.0,0.0,295.94921,-9.594777,0.40980791,-0.82904258,0.51823405,1.6150894,1.7033329,0.83925764,-12.571868,1.0839247,-0.68994455,-0.6281225,0.46684477,1.0455131,-0.41814419,0.16992308,-6.5844218,0.66917505,5090.299,7.1882082,0.057782634,0.76746401,-9.9345252,1.4295351,-7.6679958,1.6418016e-06,0.869332,4.8471951e-05,0.00046755396,0.035836715,0.035836715,0.98175625,0.00034313653,0.00032280894,0.03650266,0.98175625,0.6582673,1.1852137,-255.97556,0.0,-17.110662,6.8415124,6.8415124,7.0071,7.0244772,7.0346465,7.0418629,7.047461,7.0257011,7.0295678,7.0295927,7.02962,7.0296515,7.0296895,7.0297369,7.0297972
1.0,87.0,87.0,-284.75128,0.99183541,0.19339555,5.0,31.0,0.0,292.56511,-7.7955828,0.81891258,-1.6494217,0.49731625,1.0072648,1.6107268,1.6844764,-11.828762,0.86498919,-0.63729182,-0.3387134,0.46670598,-0.48425075,-0.46541877,0.03138711,-6.5459513,1.1517677,43904.128,7.5404524,0.03514456,0.73341395,-9.146315,2.7132313,-5.9321545,4.2017386e-06,0.56852151,0.00010661195,0.0026527604,0.19994022,0.19994022,0.98982898,0.00087816337,0.0011763279,0.20199471,0.98982898,0.62787212,1.0318849,-254.2536,0.0,-19.838329,7.3295851,7.3295851,7.4565011,7.4670788,7.4732669,7.4776575,7.4810632,7.4678236,7.4701764,7.4701836,7.4701918,7.4702016,7.470214,7.4702302,7.4702515
1.0,88.0,88.0,-284.5768,0.99856791,0.19339555,4.0,15.0,0.0,291.71344,-8.2077047,0.78905506,-1.7152496,0.30658479,0.88142063,1.2939786,2.0532119,-11.217608,0.55707212,-0.58687099,-0.11280513,0.74621169,-0.58943845,-0.66139397,-0.10847664,-6.9551392,1.4254961,37133.752,7.3125918,0.034292483,0.80755165,-9.5611311,2.6568122,-6.6340887,9.6888238e-06,0.57542234,7.041311e-05,0.0013147764,0.09292513,0.09292513,0.97297904,0.0020249642,0.00055569411,0.095505788,0.97297904,0.51613136,0.89719985,-254.94637,0.0,-17.56368,7.1068369,7.1068369,7.2193292,7.2296484,7.2356857,7.2399695,7.2432924,7.230375,7.2326705,7.2327021,7.2327346,7.2327687,7.2328053,7.2328455,7.2328906
1.0,89.0,89.0,-287.60005,0.94733393,0.19339555,4.0,15.0,0.0,300.05356,-4.8928027,0.30219297,0.94841348,0.58322778,2.2554121,0.54755747,0.17899805,-12.63824,0.18581795,-0.56248747,0.72017971,0.11118874,-0.98963603,-1.1312434,0.22859494,-5.6905085,1.5431894,199953.25,7.1486104,0.09869916,1.0493752,-4.6061988,0.098011719,-3.1927681,2.9234082e-06,1.8406952,0.0099897187,0.041058061,2.5682038,2.5682038,0.98109639,0.00061099232,0.048872742,2.6176875,0.98109639,0.32263185,1.2568328,-251.54479,0.0,-18.520239,6.5564155,6.5564155,7.0222228,7.0519338,7.0693137,7.0816451,7.0912102,7.0540264,7.0606365,7.0606447,7.0606617,7.060694,7.0607501,7.0608409,7.0609784
1.0,90.0,90.0,-285.54472,0.95853492,0.19339555,4.0,15.0,0.0,297.93331,-4.2820109,1.3898798,0.46746251,0.46172326,1.2355115,1.1004777,-1.0212912,-11.405509,0.30944532,-2.0010729,0.80203761,0.97394521,0.45883547,0.066168749,0.021879397,-5.9389832,1.3359695,152147.42,7.3591971,0.15644897,0.80922285,-3.6322942,-1.1239082,-4.1857379,5.9941187e-06,3.4865692,0.026455421,0.015210977,1.4279015,1.4279015,0.96438517,0.0012527708,0.051479763,1.480634,0.96438517,1.068407,1.0221205,-252.52418,0.0,-19.202815,6.4205033,6.4205033,7.1189863,7.166081,7.1936299,7.2131764,7.2283385,7.1693996,7.179881,7.1799085,7.1799624,7.1800621,7.1802333,7.1805079,7.180922
1.0,91.0,91.0,-281.81419,0.99941149,0.19339555,4.0,15.0,0.0,288.80527,-6.3776441,0.3661291,0.5475442,0.35601232,-0.46103105,0.27649911,1.2786448,-11.951165,0.59686104,1.1353847,-0.32849443,0.067451551,-0.04458387,-0.13078852,-0.099063656,-7.1203599,1.4052182,82728.985,6.9818688,0.03354769,0.82555422,-6.1771722,0.35354416,-5.9877608,1.270521e-05,0.71784495,0.0020762909,0.0025092766,0.21542375,0.21542375,0.98061385,0.0026553889,0.0016034101,0.21968255,0.98061385,0.87740331,0.90568505,-254.3058,0.0,-17.059922,6.7805826,6.7805826,6.9028455,6.9129427,6.9188496,6.9230407,6.9262917,6.9136536,6.9158996,6.9159177,6.9159369,6.9159581,6.9159824,6.9160113,6.9160462
1.0,92.0,92.0,-286.60715,0.85336352,0.19339555,4.0,15.0,0.0,298.05348,-5.5568914,1.5641709,1.7063246,0.0074484193,0.60798626,0.9096503,0.19962918,-11.10727,0.12890103,1.1384467,-0.66409462,0.30218346,-1.4585396,0.27406001,-0.14499587,-10.443545,0.91526709,113033.89,7.0505038,0.036230106,0.5933605,-2.8879081,0.18159274,-2.7017868,1.7374217e-05,0.33126349,0.055692596,0.067085538,6.9931532,6.9931532,0.99607138,0.0036312114,0.023950583,7.020735,0.99607138,1.3152937,0.86502586,-251.10418,0.0,-18.145177,6.8331232,6.8331232,7.0198725,7.0307788,7.0371586,7.0416851,7.0451962,7.0315465,7.0339722,7.0339734,7.0339753,7.0339781,7.0339825,7.0339891,7.0339988
1.0,93.0,93.0,-288.95758,0.98239646,0.19339555,5.0,31.0,0.0,294.03266,-8.4563243,0.11728287,0.14722044,0.005163542,0.44601376,1.1286009,0.75672014,-12.493393,0.1130516,-0.23667507,-0.23940238,0.3236167,1.9985166,-0.47899648,0.26539147,-2.9552618,1.2193762,81013.376,8.4012573,0.45059271,1.1153595,-8.4390578,0.85403507,-7.5827198,3.6523146e-06,1.5028314,0.0002162538,0.00050917451,0.038195724,0.038195724,0.96562721,0.00076333376,0.00059629393,0.039555351,0.96562721,0.61940466,1.3039413,-255.8877,0.0,-21.3871,5.697701,5.697701,7.0018979,7.137415,7.2167188,7.2729946,7.31665,7.1469613,7.1771197,7.1775186,7.1779493,7.1784354,7.1790087,7.1797083,7.1805788
1.0,94.0,94.0,-290.86956,0.46014471,0.19339555,5.0,31.0,0.0,296.97843,-8.847902,0.10225181,0.26773443,0.0042631894,0.55834408,1.2579772,0.72362366,-12.585713,0.093891762,-0.06390408,-0.25770943,0.23731568,1.9524136,-0.35447781,0.27464286,-3.0341367,1.6277418,58658.002,8.4578021,0.55362281,1.0676521,-8.8205257,0.91030207,-7.9078433,3.4000739e-06,1.2282973,0.00014767071,0.00036784707,0.028862998,0.028862998,0.96395372,0.00071061544,0.0003686932,0.029942306,0.96395372,0.70153968,1.3160606,-256.20642,0.0,-23.001016,5.1360652,5.1360652,6.6714702,6.8379246,6.9353452,7.0044805,7.0581127,6.8496504,6.8866957,6.8872849,6.8879053,6.8885807,6.8893427,6.8902304,6.8912884
1.0,95.0,95.0,-292.01966,0.16538476,0.19339555,5.0,31.0,0.0,302.85563,-10.073697,0.14601415,1.0378394,0.0023153157,0.77292512,0.43953476,-0.08275422,-12.646795,0.047752874,-0.22631301,-0.92511484,0.75903726,2.0725954,-0.32595991,0.19108134,-4.6474713,0.56793026,23840.348,8.3560969,0.37965363,0.8255499,-9.9221577,-0.036373356,-9.9567415,3.1832696e-06,1.9118327,4.9075152e-05,4.7406959e-05,0.0037601794,0.0037601794,0.83503828,0.00066530334,7.7519675e-05,0.0045030024,0.83503828,0.72183413,1.2105579,-258.10637,0.0,-19.894873,6.0781752,6.0781752,6.8025788,6.915844,6.9823556,7.029618,7.0663083,6.9238446,6.9491319,6.9518056,6.9544705,6.9571507,6.9598774,6.9626873,6.965621
1.0,96.0,96.0,-292.9162,0.966614,0.19339555,4.0,15.0,0.0,300.97923,-7.9829305,1.0191285,-1.0323411,1.9836094,-0.57504613,0.83139479,0.49713609,-15.597987,0.13305805,0.030060051,-0.36932528,0.12287495,-2.9069701,0.033887786,-0.13412287,-8.4293982,0.78879167,107147.74,8.0324506,0.29407346,0.83377097,-9.0350188,0.41331636,-9.7623693,1.688953e-07,0.48358941,0.00011916294,5.757804e-05,0.0053229561,0.0053229561,0.98849523,3.5299118e-05,2.6653033e-05,0.0053849082,0.98849523,1.0344685,0.87448261,-257.98688,0.0,-18.981733,6.2680098,6.2680098,6.8680976,6.9560396,7.0076285,7.0442721,7.0727124,6.9622439,6.9818537,6.9819399,6.9820328,6.9821375,6.9822605,6.9824101,6.9825958
1.0,97.0,97.0,-294.186,0.99426214,0.19339555,4.0,15.0,0.0,306.10012,-4.3490758,0.52100013,2.0344097,0.00098013202,-0.2454114,1.1970983,0.9502575,-7.6824631,0.031841343,-2.7356099,-0.44571806,0.55630603,0.25330262,-0.32067811,-0.29376668,-4.5159148,0.87257012,64344.309,7.2541747,0.058500178,0.83424518,-3.2891481,1.1375516,-2.151837,0.00042239547,0.73726765,0.037285601,0.11627037,9.2408883,9.2408883,0.98309803,0.088280652,0.070593863,9.3997628,0.98309803,0.72565679,0.7454504,-250.57678,0.0,-18.007296,6.9031736,6.9031736,7.2118493,7.2294596,7.2397609,7.2470699,7.2527392,7.2306994,7.2346164,7.2346413,7.2346682,7.2346987,7.2347348,7.234779,7.2348342
1.0,98.0,98.0,-296.09927,0.82470877,0.19339555,4.0,31.0,0.0,307.04186,-6.8585881,1.5978002,1.4905651,0.00014098008,0.47930383,0.79713849,0.71782362,-8.271384,0.015406952,-1.9818746,-0.67802753,0.4958669,0.55149567,0.71304114,0.049701013,-6.3687959,0.55102853,227169.4,6.6692673,0.13408391,0.88091732,-4.4769629,0.57220484,-3.9046905,0.00024804048,0.66727096,0.011367887,0.02014719,2.7135812,2.7135812,0.97462645,0.05184046,0.018805248,2.7842269,0.97462645,2.0401863,1.0509568,-252.2462,0.0,-21.064344,5.8647639,5.8647639,6.5010316,6.5413944,6.5650052,6.5817574,6.5947516,6.5442361,6.5532138,6.5533232,6.5534367,6.5535575,6.5536896,6.5538382,6.5540094
1.0,99.0,99.0,-294.1793,0.92500626,0.19339555,4.0,15.0,0.0,307.55288,-8.1013009,1.4435966,2.4221689,0.00018782217,-1.1528191,0.42747741,1.2932526,-12.318812,0.13991594,-0.27971831,-0.50306603,0.10445093,0.24946507,0.2787333,-0.18196863,-6.6272874,0.68920971,190247.32,7.6202557,0.040202027,0.7192487,-4.604666,0.55283625,-4.0520463,4.2954708e-06,0.62063684,0.010005043,0.01738676,1.8169356,1.8169356,0.99313669,0.0008977534,0.011658613,1.829492,0.99313669,1.3214549,0.83362749,-252.39512,0.0,-21.570552,7.3790435,7.3790435,7.5627348,7.5748366,7.5819157,7.5869385,7.5908345,7.5756886,7.5783803,7.5783821,7.5783852,7.5783903,7.5783986,7.5784117,7.5784312
1.0,100.0,100.0,-291.82139,0.97108514,0.19339555,5.0,31.0,0.0,303.91933,-8.9686662,0.28374315,-0.90537586,0.0067003945,-0.49367285,0.0032741223,0.94458352,-11.921044,0.12521136,-0.013654339,0.33858311,0.10884024,0.54632608,0.16412278,0.095617193,-8.2614144,0.76015675,58068.404,7.3878904,0.11401924,0.81694122,-9.2255604,0.003092682,-9.2257755,6.6376454e-06,1.4889116,9.8489519e-05,9.8468334e-05,0.0096982523,0.0096982523,0.86283412,0.0013872679,0.00015447608,0.011239996,0.86283412,1.178359,1.1003378,-257.42996,0.0,-17.493106,6.7037749,6.7037749,6.9674947,7.0016973,7.0217349,7.0359602,7.0469979,7.0041087,7.0117279,7.0123848,7.013041,7.0137023,7.0143761,7.0150712,7.0157974
1.0,101.0,101.0,-289.29975,0.98377006,0.19339555,4.0,31.0,0.0,303.19402,-5.8392609,0.3071738,0.59487715,0.047351603,1.7369377,0.11884353,-1.2551323,-7.7024884,0.097723281,0.031368405,-0.60306987,0.79639975,-0.30040022,-0.60231681,-0.24518682,-10.28724,1.544755,217562.56,7.3443362,0.11103694,0.70412845,-5.6565302,-0.14916436,-5.7234478,0.00045308857,0.43071505,0.0034946214,0.0032684226,0.2353158,0.2353158,0.71057663,0.094695511,0.0011504359,0.33116174,0.71057663,0.54754162,0.78255833,-253.91793,0.0,-18.453757,6.6781146,6.6781146,7.0912489,7.1246698,7.1442209,7.158093,7.1688532,7.1270227,7.1344563,7.1361257,7.1377414,7.1393083,7.1408313,7.1423154,7.1437654
1.0,102.0,102.0,-289.50586,0.8914282,0.19339555,5.0,31.0,0.0,304.52783,-6.6144822,0.055796761,-0.61506111,0.25519524,-0.10174782,3.2793804,1.9565258,-13.407427,0.72291916,0.10161302,-0.25218497,0.30250473,0.2976393,-0.34272268,0.28949297,-7.4382452,0.88399157,97626.457,7.1810584,0.0072597695,1.0508156,-6.6488007,6.4161921,-0.25857408,1.6185673e-06,0.85031563,0.001295575,0.77215183,60.855657,60.855657,0.99128089,0.00033828056,0.53493576,61.390931,0.99128089,0.70983503,1.3357501,-249.27598,0.0,-18.043773,7.1374998,7.1374998,7.1817416,7.183927,7.1852054,7.1861124,7.186816,7.1840809,7.184567,7.1845672,7.1845678,7.1845689,7.1845707,7.1845738,7.1845784
1.0,103.0,103.0,-286.00308,0.96928343,0.19339555,4.0,31.0,0.0,297.13584,-3.4262821,0.4198689,-0.62335414,0.049719201,-0.81895582,0.19902024,1.4834082,-12.691592,0.43982053,0.67566168,-0.15483673,0.42315681,-1.1524375,-0.027914363,0.4636534,-8.5958957,1.0780544,91902.487,6.8467666,0.030857541,0.75947539,-3.6880091,0.29522827,-3.4334986,4.141627e-06,0.52597662,0.025021769,0.032273829,2.8996037,2.8996037,0.9942965,0.00086560004,0.015767151,2.9162365,0.9942965,0.97247164,1.5898718,-251.7892,0.0,-17.450847,6.6616214,6.6616214,6.8088791,6.8181681,6.8236018,6.827457,6.8304475,6.818822,6.820888,6.8208891,6.8208909,6.820894,6.8208993,6.8209077,6.8209202
1.0,104.0,104.0,-285.79413,0.73010846,0.19339555,4.0,31.0,0.0,298.17714,-5.5718154,0.30413645,-1.8791725,0.065163366,1.8324017,0.86040969,-0.23249809,-8.9375061,0.63639122,-0.019261783,-0.030825894,0.25404414,-0.36874348,-0.21680459,-0.24994954,-8.8504926,0.91862293,311847.6,7.9544542,0.38249113,0.9749771,-6.1433403,-0.20004361,-6.2239784,0.00012976776,0.8829356,0.0021477376,0.0019813469,0.1640826,0.1640826,0.85121856,0.027121463,0.0015579454,0.19276201,0.85121856,0.80508727,0.77884008,-254.48267,0.0,-21.771158,5.6595074,5.6595074,7.0141011,7.1292185,7.1965639,7.2443479,7.2814132,7.1373243,7.1629324,7.1654557,7.167957,7.1704482,7.1729444,7.1754634,7.1780249
1.0,105.0,105.0,-290.87559,0.98241301,0.19339555,4.0,15.0,0.0,298.22298,-8.1265185,0.8523316,1.6112404,0.016847202,3.3004046,0.88447498,0.23446856,-10.536311,0.19362701,0.68916216,-0.54417606,0.14546875,0.45911776,0.54575626,-0.3644867,-8.8337113,1.394423,68654.187,8.2020401,0.51647529,1.3129636,-6.7532074,0.20738158,-6.4902233,3.0345247e-05,0.62040129,0.0011671301,0.00151821,0.18444483,0.18444483,0.96075115,0.0063421566,0.00119283,0.19197982,0.96075115,1.7259131,0.69455307,-254.79174,0.0,-23.148312,5.1031883,5.1031883,6.9517938,7.1072388,7.1981758,7.2626987,7.3127478,7.1181833,7.1527602,7.1535037,7.1542602,7.1550405,7.1558595,7.1567354,7.157689
1.0,106.0,106.0,-285.54712,0.99859353,0.19339555,4.0,15.0,0.0,298.15124,-5.2077077,1.3077634,0.24569241,0.034928033,1.0005619,0.47361833,-0.29054365,-13.006592,0.68605102,0.13454325,-1.5760168,0.34702587,0.74792597,-0.40923369,-0.35350431,-6.5853374,1.4793603,108885.21,7.1371498,0.20743542,1.2689647,-4.8864002,-0.1376068,-4.9890593,2.4626119e-06,0.26808073,0.007548547,0.0068120695,0.52381189,0.52381189,0.99625953,0.00051468589,0.0014519737,0.52577855,0.99625953,0.66415901,0.70222297,-253.31675,0.0,-20.409129,5.8925373,5.8925373,6.7283194,6.7907595,6.8272857,6.8532017,6.8733039,6.7951551,6.8090424,6.8090531,6.8090664,6.8090843,6.8091093,6.8091447,6.8091943
1.0,107.0,107.0,-290.93219,0.98535111,0.19339555,4.0,15.0,0.0,296.9203,-4.5531,0.49963686,0.9521592,0.0040823046,1.1853182,0.10596994,-0.005794862,-12.519143,0.42375444,0.15473901,-1.7393133,0.52982774,-0.79142651,-0.22364835,-0.31298929,-8.5899502,1.4790077,3129.9059,7.7166045,0.28533224,1.0198366,-4.0773662,-0.00061408119,-4.0731414,3.9037539e-06,0.11548288,0.016952056,0.017023825,1.4058793,1.4058793,0.99822884,0.00081588457,0.0016785695,1.4083737,0.99822884,0.79959626,0.73125774,-252.41154,0.0,-21.505398,6.004611,6.004611,7.2765726,7.362464,7.4127078,7.4483565,7.4760079,7.3685101,7.3876123,7.3876205,7.3876301,7.3876424,7.3876589,7.3876812,7.3877116
1.0,108.0,108.0,-289.40039,0.99657034,0.19339555,4.0,15.0,0.0,296.77327,-7.0160542,0.59567156,0.94622425,0.010425525,2.0929073,0.088329381,0.015377144,-14.652951,0.319517,-0.27075867,-1.5520366,0.39702441,0.17204837,-0.26608164,-0.34986697,-8.8981622,1.4778256,63056.623,7.1971193,0.16622543,1.081975,-6.4524153,0.0013582536,-6.4292374,3.9694708e-07,0.22679037,0.0015767093,0.001613681,0.13101123,0.13101123,0.9970308,8.296194e-05,0.0003071946,0.13140139,0.9970308,0.76637656,0.70478184,-254.74983,0.0,-19.131512,6.1997667,6.1997667,6.7694777,6.819503,6.8487694,6.8695351,6.8856427,6.8230248,6.8341518,6.8341576,6.8341653,6.834176,6.8341915,6.8342141,6.8342462
1.0,109.0,109.0,-287.01394,0.57473785,0.19339555,5.0,31.0,0.0,302.71449,-5.2963863,0.46954625,-0.46786958,0.063837505,-0.88534268,0.34777779,1.515568,-8.1646486,0.76249773,0.3910761,0.14387832,0.2978783,-0.21331475,0.17354883,0.24431981,-5.428627,0.4715616,159562.62,7.43572,0.03527124,0.8351701,-5.5160727,0.52708088,-5.0455099,0.00038339146,1.0836516,0.0040216109,0.0064381766,0.6371206,0.6371206,0.87926568,0.080128816,0.0073559135,0.72460533,0.87926568,1.1895188,1.2767526,-253.31723,0.0,-18.621467,7.2240926,7.2240926,7.3696456,7.3802628,7.3864735,7.3908802,7.3942983,7.3810104,7.3833721,7.3835517,7.3837309,7.3839112,7.3840942,7.3842819,7.3844765
1.0,110.0,110.0,-287.20499,0.98418385,0.19339555,5.0,31.0,0.0,303.93393,-5.3141746,0.51111804,2.6975957,0.81807258,0.4949976,0.92149438,-1.0893625,-12.323453,0.27654841,-1.8409484,-0.18450421,0.42373175,-0.037256164,-1.0772491,0.20444706,-6.8000701,1.8179848,307370.13,7.0285157,0.05319102,0.7062159,-3.9353848,-1.0038414,-4.5342822,2.672319e-06,0.81849268,0.01953818,0.01073461,0.67952552,0.67952552,0.99080056,0.00055851466,0.0057507845,0.68583482,0.99080056,0.340531,1.2268465,-252.86417,0.0,-17.491244,6.7093695,6.7093695,6.9296934,6.9457046,6.9550708,6.9617163,6.966871,6.946832,6.9503934,6.950397,6.9504026,6.9504119,6.9504269,6.9504502,6.9504847
1.0,111.0,111.0,-286.07258,0.99801987,0.19339555,5.0,31.0,0.0,294.83091,-7.5681476,0.15180776,-0.93555697,0.37440113,-0.12738897,2.0924292,1.9510659,-10.759098,0.86073318,1.4630119,-0.90702961,0.54037787,-0.027934123,1.051697,-0.17160706,-7.1395394,1.647626,27118.907,7.5661651,0.16207794,0.94039926,-7.7101724,4.0824673,-3.6753996,7.4864156e-05,0.39767325,0.00044824421,0.025339277,4.288044,4.288044,0.99229632,0.015646609,0.017643577,4.3213342,0.99229632,2.8625045,0.84231009,-252.04412,0.0,-20.445002,6.5936974,6.5936974,7.3947578,7.4435477,7.4720881,7.4923379,7.5080449,7.4469825,7.4578339,7.457861,7.4578912,7.4579267,7.4579706,7.4580265,7.458099
1.0,112.0,112.0,-287.45304,0.62290355,0.19339555,5.0,31.0,0.0,305.62211,-3.8103691,1.7186125,1.7325858,0.2850069,0.58685692,0.43332983,-0.11566012,-12.504015,0.32401854,-1.2652597,-0.013646989,0.41629183,0.55797046,-0.14301014,0.17071301,-7.0289058,1.2040626,708565.2,6.4314361,0.0038725189,0.77481065,-0.83272538,-0.050118979,-0.71558609,2.4633636e-06,1.2443727,0.43486251,0.48890549,41.754143,41.754143,0.98728737,0.00051484299,0.53712499,42.291783,0.98728737,0.86674528,1.1861503,-249.515,0.0,-20.290031,6.408201,6.408201,6.431167,6.4323328,6.4330147,6.4334985,6.4338738,6.4324148,6.4326742,6.4326744,6.4326748,6.4326756,6.4326771,6.4326795,6.4326831
1.0,113.0,113.0,-284.0964,0.93015998,0.19339555,4.0,15.0,0.0,297.41082,-10.864812,0.51154082,0.14724413,0.30176865,-0.91986781,2.0452033,2.2022194,-12.918812,0.41476282,-0.38517207,-0.27892775,0.31788386,-0.50893598,0.58279689,0.19443561,-9.2489169,0.75848749,90531.105,7.2289604,0.10818161,0.75539417,-10.789491,4.5039865,-6.5630917,2.0895388e-06,0.64357914,2.0615014e-05,0.001411515,0.17534363,0.17534363,0.99093524,0.0004367136,0.0011672748,0.17694762,0.99093524,1.7910408,1.2146253,-254.88245,0.0,-17.960038,6.5798707,6.5798707,6.9643556,6.9969149,7.0159626,7.0294776,7.0399609,6.9992074,7.0064499,7.0064638,7.0064811,7.0065042,7.0065364,7.0065818,7.0066451
1.0,114.0,114.0,-280.47971,0.96079116,0.19339555,4.0,31.0,0.0,291.30757,-9.0804251,0.41353144,-0.1621505,0.86451401,0.2185315,0.81282323,0.50636857,-9.957813,0.78082365,-0.4538584,-0.5068814,0.27048381,-0.41130937,0.43423996,-0.30560918,-7.9239956,0.73974716,133751.82,7.4239374,0.11328632,0.79680172,-9.1474794,0.41158814,-8.5469677,3.3225386e-05,0.53894922,0.00010648788,0.00019413287,0.022099921,0.022099921,0.75745421,0.0069441056,0.00013255006,0.029176576,0.75745421,1.5437893,0.73667447,-256.68703,0.0,-17.688239,6.7442195,6.7442195,7.0485021,7.0825539,7.1024858,7.1166312,7.1276047,7.0849524,7.0925305,7.0938906,7.0952169,7.096513,7.0977831,7.0990314,7.1002622
1.0,115.0,115.0,-283.206,0.97865744,0.19339555,4.0,15.0,0.0,286.57317,-3.1997934,0.77077765,-0.21167884,0.28124234,1.2308049,0.358514,-1.0344064,-9.5432523,0.19496304,0.22503269,-0.84487533,0.34406093,-0.15865378,-0.53841501,-0.21876099,-7.6777451,0.72445586,112209.18,7.4910243,0.23669075,1.0981179,-3.3629507,-0.37084919,-3.3876454,7.4898309e-05,0.40678849,0.034632916,0.033788139,2.4839098,2.4839098,0.9895957,0.015653747,0.010461305,2.5100248,0.9895957,0.58367263,0.80351374,-251.73657,0.0,-20.639688,6.0708798,6.0708798,7.1846493,7.2558993,7.2975782,7.3271499,7.3500876,7.2609152,7.2767622,7.2768278,7.2768981,7.2769763,7.2770669,7.2771756,7.2773087
1.0,116.0,116.0,-284.96105,0.9872765,0.19339555,5.0,31.0,0.0,293.1393,-9.5170734,1.1290377,0.81571457,0.53279527,-0.67217548,1.2706721,1.1988451,-13.438272,0.16491382,-0.49597942,-0.3130757,0.26241126,0.070578911,0.62223209,0.38793751,-6.3384563,0.7206227,84515.342,8.2117211,0.333439,0.67010617,-8.5961009,1.5233391,-7.4308937,1.3437241e-06,0.74486298,0.00018482505,0.0005926576,0.075415349,0.075415349,0.98869824,0.00028083834,0.00058123087,0.076277419,0.98869824,1.863082,1.4739377,-255.74271,0.0,-24.217278,6.2110871,6.2110871,7.2740654,7.3743936,7.4330936,7.4747453,7.5070545,7.3814584,7.4037782,7.4038396,7.4039129,7.4040069,7.4041334,7.4043069,7.4045442
1.0,117.0,117.0,-292.54103,0.85873214,0.19339555,4.0,31.0,0.0,300.34532,-10.388133,0.75491758,0.066708392,0.073044808,2.0139922,0.085470646,-2.0651469,-12.392786,0.16391036,-1.1667777,-0.72623831,0.16287772,-0.76736707,-0.63643193,0.38584427,-3.8008446,0.47372298,455615.57,8.0690903,0.32766581,1.0015414,-10.337774,-0.17650944,-10.367172,3.4262896e-06,0.42689154,3.2386337e-05,3.144811e-05,0.0022399055,0.0022399055,0.75502747,0.00071609452,1.0654326e-05,0.0029666544,0.75502747,0.5291772,1.4708556,-258.43312,0.0,-19.377185,6.1030955,6.1030955,6.6601839,6.7573949,6.8146154,6.8553137,6.8869238,6.7642706,6.7860135,6.7899797,6.7938446,6.797618,6.8013101,6.8049319,6.8084943
1.0,118.0,118.0,-292.13624,0.93553377,0.19339555,5.0,31.0,0.0,302.13359,-8.2758416,0.78687908,0.045036264,1.1477564,-0.85073062,0.075513474,1.1392124,-10.480346,0.031291289,-0.65043117,-0.7930003,0.16400755,1.4742032,0.10723716,0.47277889,-7.7504077,0.47769472,3527.7969,8.1104739,0.35923841,0.70167226,-8.2404035,0.086025887,-9.1308092,2.7517206e-05,0.57624645,0.00026377779,0.00010827794,0.010368081,0.010368081,0.64042866,0.0057510961,7.0106088e-05,0.016189283,0.64042866,1.1131982,1.6044466,-257.18567,0.0,-22.05544,5.9550434,5.9550434,6.8101787,6.917995,6.9811452,7.0259737,7.0607552,6.9255928,6.9496013,6.9567585,6.9636108,6.9701898,6.9765254,6.9826455,6.9885763
1.0,119.0,119.0,-287.9003,0.79517689,0.19339555,5.0,31.0,0.0,302.21343,-2.5354242,1.1902687,2.1628478,0.73836989,0.74485038,1.7908126,-0.41426841,-11.806851,0.71815709,-0.20167864,-0.34770043,0.086042711,-0.31176991,-0.48219674,-0.48965181,-6.0478675,0.45689943,184361.52,7.2739689,0.22977345,1.0877173,0.038945703,-0.7418771,-0.15295631,6.4483415e-06,0.68761516,1.039714,0.85816722,64.304078,64.304078,0.99292121,0.0013477034,0.45709284,64.762518,0.99292121,0.61742558,0.61283974,-249.20972,0.0,-21.751826,5.8953282,5.8953282,7.3010925,7.3702611,7.4107222,7.4394298,7.4616974,7.3751309,7.3905157,7.3905222,7.3905363,7.3905636,7.3906116,7.3906896,7.3908083
1.0,120.0,120.0,-284.56359,0.93168728,0.19339555,4.0,15.0,0.0,298.75225,-9.0924518,0.94783303,0.29443184,0.40859602,-0.80027274,0.32607537,-0.27001766,-15.611801,0.54968708,1.1933608,-0.43075998,1.1108606,-0.68367619,-0.38796777,-0.063347433,-7.2339182,1.012269,50424.136,7.4204598,0.13107942,0.85718213,-8.8133796,-0.088046108,-9.228414,3.1971825e-07,0.30415163,0.00014872975,9.8208873e-05,0.0076106216,0.0076106216,0.9882098,6.6821115e-05,2.3980168e-05,0.0077014229,0.9882098,0.67843421,0.93861731,-257.49107,0.0,-17.618611,6.6339833,6.6339833,6.9216894,6.9609662,6.9839873,7.0003338,7.0130185,6.9637352,6.9724863,6.9725355,6.9725865,6.9726407,6.9727,6.9727667,6.9728434
1.0,121.0,121.0,-288.25821,1.0,0.19339555,4.0,15.0,0.0,295.40377,-4.9027808,1.6057062,3.3891369,0.083393923,1.9583096,1.0186412,-0.62112557,-11.585876,0.48885852,1.1871378,-0.95096481,0.053768441,-0.69912012,0.5427643,-0.0058351941,-5.996745,1.1810452,29849.452,7.0501069,0.042970493,0.78437288,0.53917732,-0.63270408,0.069784362,1.6609529e-05,0.37211385,1.7145957,1.0722769,130.03695,130.03695,0.9961415,0.0034713915,0.50021925,130.54064,0.9961415,1.720757,0.9941818,-249.73713,0.0,-17.452469,6.792284,6.792284,7.068321,7.0812564,7.0888231,7.0941918,7.0983561,7.082167,7.085044,7.0850447,7.0850461,7.0850489,7.0850537,7.0850616,7.0850735
1.0,122.0,122.0,-288.20942,0.83257126,0.19339555,4.0,15.0,0.0,297.11447,-8.1201471,1.19144,3.2591938,0.19350183,1.6506959,0.79356381,-1.0841458,-12.807143,0.24573294,1.1236745,-0.59614722,0.057544209,-1.3856521,0.38170013,-0.0026861459,-6.201851,0.61864917,24534.821,7.0571824,0.05696008,0.72717439,-4.2370132,-0.86033887,-4.7779394,3.6128311e-06,0.50870679,0.014450689,0.0084133176,0.9298437,0.9298437,0.99396479,0.0007550817,0.0048907984,0.93548958,0.99396479,1.4647728,0.99731746,-253.11035,0.0,-17.452168,6.7154219,6.7154219,6.9591153,6.9762613,6.9862913,6.9934077,6.9989277,6.9774684,6.9812821,6.9812851,6.9812896,6.9812965,6.9813071,6.9813233,6.9813468
1.0,123.0,123.0,-284.31682,0.89142044,0.19339555,5.0,31.0,0.0,300.55811,-3.6136348,0.37132703,-1.3035856,0.13115423,-0.31807649,0.66703697,1.2278622,-9.9510411,0.59574639,0.086088683,-0.16781604,0.74307491,0.77845845,-0.40712638,-0.078454493,-8.0498666,0.97443831,281111.11,7.5209739,0.099060093,1.0849742,-4.0976914,0.81902949,-3.320379,5.0187021e-05,1.5077778,0.016610979,0.036139134,2.7810336,2.7810336,0.98099516,0.010489087,0.043387943,2.8349107,0.98099516,0.66556007,0.92454413,-251.67352,0.0,-19.77812,6.9266133,6.9266133,7.3975848,7.4274045,7.444848,7.4572244,7.4668245,7.4295045,7.4361383,7.4361598,7.4361884,7.4362296,7.4362904,7.4363795,7.436507
1.0,124.0,124.0,-290.38141,0.95132888,0.19339555,4.0,15.0,0.0,295.85411,-9.1631069,0.033070965,0.72990217,0.99675079,0.57943794,1.1117456,0.46377322,-8.0587612,0.2007764,-1.2537431,-1.1001996,0.10700524,-1.0554082,0.95107753,-0.050892834,-7.1714331,1.6093561,242397.94,7.7640985,0.11766318,1.1016868,-9.1389684,0.51559786,-8.0458153,0.00024592518,0.29726426,0.00010739807,0.00032044007,0.050538811,0.050538811,0.49484328,0.051398362,0.00019377103,0.10213094,0.49484328,2.5884973,0.95038051,-255.78974,0.0,-19.983105,7.0581194,7.0581194,7.4236569,7.459057,7.4797698,7.4944672,7.505868,7.4615495,7.4694245,7.4732902,7.4768854,7.4802465,7.4834036,7.4863816,7.4892017
1.0,125.0,125.0,-286.33679,0.99573203,0.19339555,5.0,31.0,0.0,296.13716,-5.1158475,0.49572398,1.1800768,0.66276408,-0.2483324,0.23909054,1.2448964,-14.727469,0.30932065,1.2611513,0.090917948,0.15245516,0.91125121,-0.860925,0.037688093,-7.0942297,1.1007269,48202.052,6.8446613,0.070741512,0.63372011,-4.5308551,0.29764296,-4.397798,5.9341703e-07,1.2584023,0.010771461,0.012304405,0.82139746,0.82139746,0.98701049,0.00012402416,0.010685946,0.83220743,0.98701049,0.42277084,1.0384073,-252.72957,0.0,-19.930472,6.4202123,6.4202123,6.7190526,6.740347,6.7528037,6.7616419,6.7684975,6.7418465,6.7465836,6.7465876,6.7465959,6.7466116,6.7466391,6.7466835,6.7467509
1.0,126.0,126.0,-282.93043,0.99221377,0.19339555,5.0,31.0,0.0,293.39349,-6.4326014,0.80787276,0.74008173,0.81899507,0.96924626,1.0887185,-0.9012023,-8.0024176,0.16239558,-1.1971638,-1.1169928,0.28642431,-0.83632596,0.57037928,-0.12762687,-7.1353512,1.3547817,338584.85,7.3185571,0.18610587,0.91918813,-5.8347096,-0.98115564,-6.0220573,0.00027552514,0.25755117,0.0029242724,0.0024246762,0.29895139,0.29895139,0.83653322,0.057584754,0.00083327521,0.35736942,0.83653322,1.7689379,0.88018174,-254.23877,0.0,-19.09637,6.2019219,6.2019219,6.9099906,6.9660077,6.9987772,7.022028,7.0400629,6.9699512,6.9824102,6.9838249,6.9852176,6.9865903,6.987946,6.9892875,6.9906181
1.0,127.0,127.0,-284.49061,0.98659678,0.19339555,4.0,15.0,0.0,290.12007,-7.682998,0.93553214,-0.0071438336,0.25578422,0.28386851,0.40358994,0.27957158,-8.2158966,0.48908895,-0.66288389,-1.4986527,0.73861839,-1.526024,0.53460818,-0.45652951,-7.5665488,1.381156,31857.25,7.6397898,0.2144219,0.69217063,-7.6896813,0.11283228,-7.5042399,0.00019546958,0.072381677,0.00045752397,0.0005507443,0.066466429,0.066466429,0.61900207,0.040853141,5.7177568e-05,0.10737675,0.61900207,1.7067794,0.63347831,-255.51656,0.0,-20.209751,6.3532584,6.3532584,7.0375111,7.1020285,7.1397763,7.1665609,7.1873376,7.1065706,7.1209216,7.1255893,7.1300348,7.1342787,7.1383392,7.1422322,7.1459716
1.0,128.0,128.0,-284.89135,0.84228079,0.19339555,5.0,31.0,0.0,294.53367,-5.6967606,0.86357407,0.96463805,0.17529344,1.8069836,0.41107676,1.1681438,-12.180227,0.44258493,0.14991938,0.075510257,0.7648618,0.25139344,0.11619935,0.12699531,-8.0768769,0.46158451,23703.575,7.7781674,0.25538721,0.77487745,-4.8637242,0.48019678,-4.0667751,5.4829106e-06,1.3070746,0.0077216731,0.017132551,1.647727,1.647727,0.98598918,0.0011459283,0.022268135,1.6711411,0.98598918,1.1232198,1.1354117,-252.40784,0.0,-23.321995,6.2458441,6.2458441,7.401924,7.4788016,7.5237725,7.55568,7.5804299,7.4842152,7.5013171,7.5013377,7.5013746,7.5014394,7.501548,7.5017202,7.5019785
1.0,129.0,129.0,-289.41791,0.46623191,0.19339555,5.0,31.0,0.0,300.57252,-2.0469509,0.96622453,-0.17675386,0.099124263,1.0224071,0.098162312,0.59456653,-15.054762,0.28425512,0.85441651,-0.61126212,0.19784346,-0.24736669,0.11280453,0.22166747,-9.1428962,0.33233345,23012.992,6.742321,0.045768297,0.83716505,-2.2177349,0.058364025,-2.0580255,3.6921397e-07,0.51674694,0.1088554,0.12770588,12.261725,12.261725,0.99468027,7.7165719e-05,0.065500801,12.327303,0.99468027,1.1194131,1.2481563,-250.52083,0.0,-18.133323,6.4677112,6.4677112,6.7147848,6.7285624,6.7366218,6.74234,6.7467755,6.7295324,6.7325967,6.7325977,6.7325998,6.7326038,6.732611,6.7326226,6.7326403
1.0,130.0,130.0,-289.28482,0.85711429,0.19339555,4.0,31.0,0.0,300.71544,-2.2853218,0.81960564,-0.8247521,0.10194427,0.40739814,0.054080137,0.27497161,-12.742442,0.14704936,0.22999645,-0.84295688,0.3502198,-0.16069477,0.42246899,0.18594531,-9.7627975,1.9597183,32009.176,6.8064993,0.060469432,1.1366626,-2.9612933,0.014870502,-2.9048909,3.0249353e-06,0.40688065,0.051751943,0.054754765,6.1916909,6.1916909,0.99571014,0.00063221148,0.026043685,6.2183668,0.99571014,1.5257239,1.2043564,-251.29831,0.0,-18.757399,6.4436827,6.4436827,6.7521752,6.7703782,6.7810263,6.7885813,6.7944414,6.7716597,6.7757082,6.7757095,6.7757119,6.7757163,6.775724,6.7757363,6.7757549
1.0,131.0,131.0,-284.52075,1.0,0.19339555,4.0,15.0,0.0,296.7931,-6.853695,0.52907945,1.4406562,0.70245184,-0.76948455,0.21252188,0.25138148,-11.220154,0.083994462,-0.60543195,-0.77246026,0.38920887,-1.316291,-0.43605948,0.26842418,-10.472851,0.66446409,45242.622,7.6138093,0.15604453,0.87552445,-6.0914733,0.053424064,-6.5785751,1.27369e-05,0.27671356,0.0022620737,0.0013898282,0.10584422,0.10584422,0.97273585,0.0026620121,0.00030462366,0.10881085,0.97273585,0.64657927,1.3079018,-254.88947,0.0,-18.761021,6.6775422,6.6775422,7.1982977,7.2452562,7.2727291,7.2922225,7.3073433,7.2485622,7.2590074,7.259171,7.2593363,7.2595047,7.2596782,7.2598592,7.2600506
1.0,132.0,132.0,-281.85559,0.93189603,0.19339555,4.0,15.0,0.0,295.67826,-8.3102502,0.55860621,0.64315717,0.62901192,0.25249156,0.76928762,0.76330583,-10.078565,0.62822143,-0.12863098,-0.95614288,0.48062531,-1.6465009,-0.6719215,0.41968721,-9.4806893,1.5260654,180609.71,7.5001027,0.19636819,0.72332129,-7.9509786,0.58720172,-7.2049567,3.8711503e-05,0.17421016,0.00035231722,0.00074289439,0.052337284,0.052337284,0.86471046,0.0080907041,9.7802132e-05,0.06052579,0.86471046,0.51072628,1.5214856,-255.47032,0.0,-19.362912,6.3218936,6.3218936,6.9197304,6.9788047,7.0133706,7.0378981,7.0569244,6.982964,6.9961054,6.9973151,6.9985095,6.99969,7.0008585,7.0020171,7.0031681
1.0,133.0,133.0,-286.87081,0.65558643,0.19339555,5.0,31.0,0.0,296.28498,-4.8737874,0.49380338,0.54486731,0.70562435,0.041182541,0.01318381,-1.5889176,-10.711507,0.45422345,-0.069139711,-0.048973016,0.69898424,2.2720409,-0.097175343,-0.39998993,-5.1461664,0.82490896,74052.615,7.2073767,0.095788976,0.74776985,-4.6047301,-0.020947987,-4.5966187,2.1597957e-05,4.6606166,0.010004402,0.010085882,0.87858789,0.87858789,0.94932319,0.0045139731,0.04238684,0.9254887,0.94932319,0.90739689,0.6703268,-252.92687,0.0,-18.044092,6.6326429,6.6326429,7.0401422,7.0689764,7.0858437,7.0978113,7.1070947,7.0710091,7.077428,7.0774663,7.0775261,7.0776233,7.0777787,7.0780183,7.0783707
1.0,134.0,134.0,-287.06668,0.98488642,0.19339555,4.0,31.0,0.0,295.41068,-6.3561435,1.6253869,0.93114555,0.21757618,-1.9776541,0.041493069,1.2457858,-12.488655,0.68293059,1.6737286,-0.24599106,0.21131313,0.029703895,-0.70304295,-0.18424047,-6.3576625,0.85730786,57088.975,7.1608704,0.084190388,0.62779387,-4.8426717,0.051691478,-5.2212706,1.1821223e-05,0.78685268,0.007885957,0.0054004628,0.37691565,0.37691565,0.985511,0.0024706355,0.0030707866,0.38245707,0.985511,0.49507652,0.83173577,-253.54524,0.0,-18.550792,6.6557281,6.6557281,6.9829569,7.0082983,7.0231227,7.033641,7.0417997,7.0100826,7.0157195,7.015745,7.0157737,7.0158079,7.0158507,7.0159061,7.0159784
1.0,135.0,135.0,-285.04124,0.98265693,0.19339555,4.0,15.0,0.0,293.07963,-4.3919825,0.73526914,2.455598,0.26532473,-1.4470504,0.14871899,0.064141587,-11.518654,0.65218536,0.92695061,-0.048029366,0.22355353,-1.097959,-0.53029407,-0.45963036,-6.4234921,0.95877056,52298.884,7.1402917,0.066465428,0.70642495,-2.586457,0.009539072,-2.9608562,1.8199602e-05,0.74566266,0.075286305,0.051774569,3.8165178,3.8165178,0.99136829,0.0038037168,0.029426183,3.8497477,0.99136829,0.5884319,0.63151704,-251.32688,0.0,-17.863652,6.7414991,6.7414991,7.06662,7.0866279,7.0983318,7.1066359,7.1130771,7.0880365,7.0924869,7.0924916,7.0924987,7.09251,7.0925277,7.0925548,7.0925948
1.0,136.0,136.0,-292.49836,0.94386694,0.19339555,4.0,15.0,0.0,299.38962,-1.2517555,0.2754582,3.0851078,0.13360293,-1.6699512,0.051192653,-0.38416076,-10.216637,0.61570299,-0.56018306,-0.58363073,0.51547405,-1.332756,-0.57595258,-0.16200046,-6.2998033,1.2817228,744683.48,6.9669141,0.07813545,0.69962468,-0.40193727,-0.019666208,-0.64471384,2.5892868e-05,0.28065424,0.66902271,0.5248127,38.107229,38.107229,0.99696587,0.0054116094,0.11056254,38.223203,0.99696587,0.56216911,0.85044081,-249.40247,0.0,-18.551255,6.4981014,6.4981014,6.9583837,6.9819048,6.9956638,7.0054259,7.0129981,6.9835606,6.9887918,6.9887931,6.9887955,6.9887997,6.9888067,6.9888178,6.9888345
1.0,137.0,137.0,-288.7754,0.93208699,0.19339555,4.0,15.0,0.0,301.34393,-10.055942,0.60625047,-0.50120517,0.34104312,1.8397366,1.8947832,1.0133963,-13.25216,0.32338218,0.37267184,-0.85051605,0.28252062,0.37467509,0.20493405,0.25424178,-8.1735173,1.0055568,5708.5448,6.6334403,0.027993238,1.0265853,-10.359797,1.9201662,-7.8122017,1.9815236e-06,0.4748945,3.1680875e-05,0.00040476591,0.040700286,0.040700286,0.98512781,0.00041413843,0.00020030213,0.041314726,0.98512781,1.2274441,1.2894835,-256.11657,0.0,-18.693137,6.4654809,6.4654809,6.5472479,6.5556674,6.5605944,6.5640906,6.5668027,6.5562603,6.5581336,6.5581459,6.5581589,6.5581729,6.5581886,6.5582069,6.5582285
1.0,138.0,138.0,-284.74849,0.95794695,0.19339555,5.0,31.0,0.0,298.80255,-6.3794686,0.51800913,-0.13743445,0.17156258,-1.2405295,0.94747525,-1.0457382,-10.447171,0.16759846,-0.41961897,-0.20787327,0.33242461,-0.37591167,-0.15769497,0.000963101,-5.8611976,1.1064216,1958804.0,7.1701346,0.073290502,0.56847395,-6.4506609,-0.99081111,-7.6543004,2.7058782e-05,0.71688807,0.001579478,0.00047400134,0.040229741,0.040229741,0.87089856,0.0056552855,0.00030834513,0.046193372,0.87089856,0.85411027,1.0009636,-255.91069,0.0,-18.919017,6.7303916,6.7303916,6.9450555,6.9670994,6.979999,6.9891527,6.9962535,6.9686518,6.9735566,6.9739703,6.9743811,6.974791,6.9752021,6.9756174,6.97604
1.0,139.0,139.0,-287.49026,0.79052227,0.19339555,4.0,15.0,0.0,297.42427,-7.1714626,0.45827015,2.3251784,0.17742961,-1.0164829,0.56870618,-0.69792561,-8.4206858,0.061020309,-0.79062991,-0.46871841,0.079463399,0.13858236,-0.01678375,0.20761305,-4.8828504,1.3096853,586592.27,7.1547048,0.047261116,0.61805592,-6.1059028,-0.39691461,-6.6831716,0.00020988931,0.63273336,0.0022296676,0.0012518015,0.11303889,0.11303889,0.71672877,0.043866867,0.00080925876,0.15771501,0.71672877,0.98335631,1.2307368,-254.84854,0.0,-17.795798,6.8711381,6.8711381,7.0318742,7.0460972,7.0544181,7.0603221,7.0649018,7.0470986,7.0502624,7.0509505,7.0516176,7.0522659,7.0528978,7.0535158,7.054122
1.0,140.0,140.0,-286.97692,0.96884668,0.19339555,4.0,31.0,0.0,298.27717,-6.8564796,1.1066027,-0.48004349,0.16751338,-0.3386526,0.87365829,2.4110674,-12.987922,0.015159289,0.51252419,-1.1929893,0.033350866,0.41228293,0.070088315,-0.072781157,-4.4643981,0.97552115,171503.35,7.1759119,0.19195449,0.90157086,-7.3876971,2.106449,-5.3379769,2.3056397e-06,0.30751257,0.0006188194,0.004805583,0.45196183,0.45196183,0.99577203,0.00048187869,0.0014371155,0.45388082,0.99577203,1.0726029,0.92980429,-253.66437,0.0,-19.622782,6.024185,6.024185,6.7852963,6.8430759,6.8768759,6.9008577,6.9194596,6.8471434,6.8599944,6.8600052,6.8600188,6.8600374,6.8600635,6.8601007,6.860153
1.0,141.0,141.0,-289.07218,0.89993825,0.19339555,4.0,31.0,0.0,298.69501,-4.9389505,0.26053913,1.4716094,1.11667,1.0318109,0.208453,-0.39098973,-10.383089,0.55506819,0.058499859,0.20795267,0.05597561,-0.41086222,-0.088151087,0.37548654,-8.9075658,1.0548011,624860.28,7.2020684,0.0016018995,0.58927068,-4.5555387,-0.081502983,-3.4848494,3.1973052e-05,1.2031636,0.010508838,0.030658374,2.6812632,2.6812632,0.98528212,0.0066823679,0.033369618,2.7213152,0.98528212,0.91562253,1.4556995,-251.83715,0.0,-18.066345,7.192457,7.192457,7.2000475,7.2005297,7.2008118,7.2010119,7.2011672,7.2005637,7.2006709,7.2006712,7.2006715,7.200672,7.2006728,7.2006739,7.2006755
1.0,142.0,142.0,-287.08542,0.91321397,0.19339555,4.0,15.0,0.0,298.79307,-6.0251585,0.68821161,0.75346887,0.060232953,0.057762237,0.52408745,-0.80278076,-12.525432,0.40720076,-0.62455736,-0.66115627,0.19176196,0.21920126,0.25157299,0.23244687,-3.7189806,1.8510044,84097.347,7.0244446,0.00081392065,0.7877119,-5.5066125,-0.42072732,-5.9238606,2.8172425e-06,0.53841706,0.0040598369,0.0026748536,0.27554728,0.27554728,0.99235327,0.00058880368,0.0015344671,0.27767055,0.99235327,1.2860468,1.2616834,-254.24671,0.0,-16.634921,7.0195611,7.0195611,7.0226135,7.0228585,7.0230018,7.0231035,7.0231824,7.0228758,7.0229303,7.0229304,7.0229305,7.0229306,7.0229308,7.0229311,7.0229315
1.0,143.0,143.0,-288.71909,0.8616446,0.19339555,5.0,31.0,0.0,296.59081,-7.9734082,0.91184454,1.1668358,0.066568198,0.52688353,1.627021,1.6221353,-9.5785171,0.07674896,0.82409741,-0.22045939,0.97122047,-1.5611026,-0.31031951,-0.22039208,-11.030232,0.52051542,67525.544,7.0188325,0.024204927,0.77998689,-6.9094353,2.6392482,-4.2351135,7.3717639e-05,0.17611217,0.00099832135,0.014478167,1.1552843,1.1552843,0.98506391,0.015406987,0.0021100827,1.1728014,0.98506391,0.73321265,0.80220421,-252.56578,0.0,-16.892575,6.873603,6.873603,6.9794721,6.9867583,6.9910205,6.9940446,6.9963903,6.9872712,6.9888917,6.9889052,6.9889189,6.9889329,6.9889475,6.9889628,6.9889792
1.0,144.0,144.0,-282.87794,0.98967354,0.19339555,4.0,15.0,0.0,293.71013,-3.4102433,0.48262314,0.27524226,0.45253189,-0.40131294,0.77898105,0.43030045,-11.198882,0.71072963,-1.2443479,-0.35158575,0.053748908,1.791059,0.097565924,0.044111746,-6.129159,0.84334315,41179.171,7.2859584,0.21097668,0.82304583,-3.277405,0.33519589,-3.123816,5.6532663e-06,0.77466989,0.037726028,0.043988984,4.1923408,4.1923408,0.99177757,0.0011815327,0.033575478,4.2270978,0.99177757,1.1024841,1.0450991,-251.49432,0.0,-20.703903,6.0200983,6.0200983,7.0606973,7.1242071,7.1613581,7.1877172,7.2081631,7.1286786,7.1428051,7.1428141,7.1428309,7.1428614,7.1429133,7.1429963,7.1431215
1.0,145.0,145.0,-286.49264,0.96721633,0.19339555,4.0,15.0,0.0,297.56156,-5.8875371,1.8060033,2.0396032,0.16646541,1.0032435,0.39316405,-0.32816628,-13.418537,0.31346869,1.7163956,-1.8056507,0.52754511,-0.1676206,-0.90950509,-0.022826195,-8.3549603,0.81371111,275515.67,6.9014599,0.087473695,0.96918391,-2.2040071,-0.12902318,-2.1660249,2.5472378e-06,0.15045697,0.11036005,0.11463238,7.5559232,7.5559232,0.99837682,0.00053237271,0.011752222,7.5682078,0.99837682,0.40272349,0.97743235,-250.5751,0.0,-18.39088,6.3766177,6.3766177,6.8304401,6.8567722,6.8721755,6.8831043,6.8915814,6.8586258,6.864482,6.8644828,6.8644842,6.8644866,6.8644907,6.8644972,6.864507
1.0,146.0,146.0,-286.98678,0.99832352,0.19339555,4.0,31.0,0.0,296.17251,-5.5947066,0.46331545,0.30934105,0.045551675,-0.57441748,0.84984795,2.1180719,-7.1686855,0.040000482,-0.30722757,-0.46336259,0.29359224,-0.70279365,0.43169198,0.21070123,-6.0580178,0.7828414,23994.462,7.1118045,0.025869812,0.66684039,-5.4513841,1.800039,-3.6775107,0.00076092574,0.51186347,0.0042903623,0.02528584,2.8743463,2.8743463,0.9427814,0.15903348,0.015414263,3.0487941,0.9427814,1.5398607,1.2345435,-252.00379,0.0,-17.274538,6.9565857,6.9565857,7.0800868,7.0878743,7.0924297,7.0956618,7.0981689,7.0884225,7.0901546,7.0902137,7.0902731,7.0903333,7.0903948,7.0904585,7.0905251
1.0,147.0,147.0,-286.7753,0.97594704,0.19339555,5.0,31.0,0.0,294.63997,-8.5716967,0.55174334,-0.1940305,0.12102792,1.6044988,0.27056146,-0.026260591,-16.087736,0.090475513,0.56569406,-0.59297825,0.12239389,0.92544387,-0.34169875,-0.21104478,-8.2034719,1.798068,181055.74,8.4009333,0.45228277,0.85680103,-8.6787517,-0.0071051037,-8.4916677,1.0849577e-07,0.61896313,0.00017016335,0.00020517081,0.016176408,0.016176408,0.99225789,2.2675616e-05,0.00010354107,0.016302625,0.99225789,0.71056223,0.80973781,-256.78643,0.0,-21.744623,5.6872367,5.6872367,6.8270534,6.9629074,7.0424514,7.0989096,7.142711,6.9724787,7.0027211,7.0027585,7.0028094,7.0028835,7.0029942,7.0031579,7.0033935
1.0,148.0,148.0,-286.93097,0.9063216,0.19339555,4.0,15.0,0.0,298.1449,-7.5025115,1.1653682,1.4611014,0.23067079,-0.47579354,1.1162716,0.70747071,-10.813879,1.1577477,-0.74804465,0.19055092,0.75743974,-1.5336926,0.13634973,-0.16178481,-8.2809752,0.60575436,32473.207,8.5606864,0.51358819,1.3949916,-5.7997904,0.78972948,-5.1198126,8.4619895e-06,0.37865538,0.0030281894,0.005977143,0.5805926,0.5805926,0.99308478,0.0017685558,0.0022743261,0.58463549,0.99308478,1.1460826,0.85062423,-253.44698,0.0,-25.021047,5.4791572,5.4791572,7.5715269,7.7261229,7.8165582,7.8807237,7.9304949,7.7370063,7.7713909,7.7714635,7.7715454,7.7716434,7.7717667,7.7719264,7.7721357
1.0,149.0,149.0,-287.16039,0.97407673,0.19339555,4.0,15.0,0.0,295.24111,-7.0200151,1.4107278,1.0349514,0.37006969,-0.71964535,0.9725603,1.3543676,-11.578647,0.8267272,-1.1691377,0.14942698,0.64213216,-1.9264239,-0.11724743,-0.21201242,-8.5842513,0.66898201,28211.715,8.5704202,0.5787291,1.2547353,-5.5599804,1.3172041,-4.5090952,3.5619396e-06,0.33702716,0.0038488517,0.011008416,0.95061342,0.95061342,0.99575034,0.00074444538,0.0033125792,0.95467045,0.99575034,0.88936511,0.80895465,-252.84202,0.0,-26.772373,5.0980456,5.0980456,7.5795839,7.7537922,7.8556992,7.9280039,7.9840881,7.7660561,7.804802,7.8048285,7.8048644,7.8049164,7.8049936,7.8051075,7.8052712
1.0,150.0,150.0,-289.91476,0.84473867,0.19339555,5.0,31.0,0.0,299.88701,-4.5480584,0.084068131,-0.35852033,0.1112532,1.2575972,0.99712063,-0.3820427,-11.490731,0.20515247,0.26889041,-1.5341455,0.095437028,1.6442417,0.072011196,0.21970085,-4.3041891,0.65808176,89919.001,7.0859883,0.019325143,0.5311218,-4.5781985,-0.38094266,-4.8192294,1.080429e-05,0.25227791,0.010273387,0.0080730055,0.75996068,0.75996068,0.99444984,0.0022580965,0.001983345,0.76420213,0.99444984,1.0746674,1.245704,-253.14877,0.0,-18.654813,6.9700375,6.9700375,7.0510277,7.0568449,7.0602478,7.0626622,7.064535,7.0572544,7.0585482,7.0585507,7.0585535,7.0585568,7.0585606,7.0585653,7.0585713
1.0,151.0,151.0,-288.52439,0.98069108,0.19339555,5.0,31.0,0.0,299.62834,-4.668566,0.13218801,0.9983681,0.73549884,0.37292005,0.2020733,0.45912437,-11.694738,0.90009572,1.1594738,-0.80797649,0.081274407,-0.36706955,0.06464159,-0.26515338,-5.999771,0.89133407,1552.3156,6.9905772,0.025205762,0.97645128,-4.5365937,0.092776776,-4.1695346,2.3674769e-05,0.43265707,0.010709826,0.015459453,1.4501681,1.4501681,0.99217339,0.0049480267,0.0064914018,1.4616075,0.99217339,1.0667766,0.76708829,-252.50711,0.0,-17.448554,6.8393427,6.8393427,6.9520524,6.9596399,6.9640783,6.9672275,6.9696701,6.960174,6.9618616,6.9618656,6.9618701,6.9618755,6.9618824,6.9618913,6.961903
1.0,152.0,152.0,-288.68915,0.9604482,0.19339555,4.0,15.0,0.0,299.46533,-5.6915711,0.13354671,-0.31640576,0.26975158,-0.46139153,1.6619668,1.1993316,-14.765138,0.26008242,-1.5217062,-1.6775762,0.32143352,0.64401941,-0.2192556,-0.15335334,-6.0692103,0.91933022,5579.7563,7.3810394,0.21227694,0.62841873,-5.7338261,1.9932493,-3.8650379,2.6043642e-07,0.22979519,0.0032346774,0.020962128,1.7342155,1.7342155,0.99759888,5.4431213e-05,0.0041196549,1.7383896,0.99759888,0.80311641,0.85782657,-252.20746,0.0,-23.079642,6.1073778,6.1073778,7.0730091,7.1369095,7.1742892,7.2008106,7.2213823,7.1414078,7.1556195,7.1556217,7.1556262,7.1556347,7.1556495,7.1556734,7.1557095
1.0,153.0,153.0,-285.10063,0.98365592,0.19339555,5.0,31.0,0.0,298.26665,-8.7676281,0.19189982,-0.75329719,0.11195567,0.21027179,0.17119736,-0.45062258,-12.54717,0.21293153,0.9989734,-0.89942576,0.57015063,-1.4391915,-0.17536607,0.24457325,-7.6557028,0.83856284,15376.045,7.4002731,0.11334523,0.67545371,-8.9121857,-0.077145395,-8.9657899,4.3975777e-06,0.17906942,0.00013473702,0.00012770471,0.010758392,0.010758392,0.91969243,0.00091909373,2.032943e-05,0.011697816,0.91969243,0.83914978,1.2770762,-257.21209,0.0,-17.88525,6.7202018,6.7202018,6.9868009,7.0208117,7.0407343,7.0548772,7.0658505,7.0232083,7.0307818,7.0311748,7.0315657,7.031955,7.0323438,7.0327332,7.0331244
1.0,154.0,154.0,-288.14484,0.97940076,0.19339555,5.0,31.0,0.0,299.57586,-6.9483488,0.059675262,0.28043848,0.1585577,-0.10415385,0.077930527,-0.76426257,-13.754075,0.038184066,0.30126747,-0.08981399,0.37306045,-0.82699083,-0.096008255,0.41425038,-10.153032,1.4537318,11788.252,7.6446339,0.21434565,0.73577349,-6.9316136,-0.059559385,-7.0076874,1.0756647e-06,0.67143937,0.00097642404,0.00090489885,0.078866617,0.078866617,0.99029862,0.00022481393,0.00054779679,0.079639228,0.99029862,0.90845652,1.513236,-255.32395,0.0,-19.61754,6.35856,6.35856,7.0460215,7.1105171,7.1482519,7.1750272,7.1957967,7.1150585,7.1294064,7.1294375,7.1294755,7.1295255,7.1295942,7.1296903,7.1298233
1.0,155.0,155.0,-288.66936,0.63168008,0.19339555,5.0,31.0,0.0,298.75822,-7.7827073,0.036678794,0.60470449,0.71615759,0.17392037,0.20667431,-1.572972,-11.571877,0.38401649,0.5344842,0.23398826,0.055406694,0.17306423,-0.66761618,-0.28057014,-7.4996256,0.19247275,292494.33,7.5999889,0.17215923,0.75714002,-7.7605274,-0.3250929,-7.961066,1.1575421e-05,1.2758048,0.00042623171,0.00034878113,0.024604086,0.024604086,0.89941611,0.0024192631,0.00033227181,0.027355621,0.89941611,0.51292985,0.75535296,-256.23568,0.0,-18.424423,6.5670335,6.5670335,7.0338525,7.0856049,7.1158964,7.1373937,7.1540707,7.0892509,7.1007696,7.1014622,7.1021589,7.102867,7.1035963,7.1043587,7.1051672
1.0,156.0,156.0,-289.63012,0.98918826,0.19339555,4.0,31.0,0.0,297.41515,-8.2302409,0.025986363,0.93603313,0.39612462,-0.27818831,0.086749787,-0.15717743,-10.253696,0.21842984,1.0832969,0.16599473,0.19306136,-0.045150477,-0.10399809,-0.37937212,-3.2851521,0.26531098,66243.773,7.2373873,0.10503031,0.78151471,-8.2059168,-0.013635108,-8.3297492,4.4631439e-05,1.1703208,0.00027303329,0.00024123255,0.020951417,0.020951417,0.68557512,0.0093279708,0.00028096405,0.030560352,0.68557512,0.90122702,0.68429093,-256.46313,0.0,-17.683896,6.6072054,6.6072054,6.8881673,6.9197363,6.9382152,6.9513295,6.9615033,6.9219604,6.928987,6.9307168,6.9323888,6.934011,6.9355914,6.9371386,6.9386609
1.0,157.0,157.0,-284.25764,0.99539295,0.19339555,4.0,31.0,0.0,293.82688,-6.9052393,0.17878942,-1.2993856,0.5286274,0.044017402,0.36719757,0.016879442,-12.234418,0.364203,-1.0759337,-0.80548213,0.20242683,0.8805028,-0.03833684,0.050733287,-10.423388,0.37904267,62093.778,8.3480342,0.39918978,0.98915257,-7.1375557,0.0061980902,-7.1080888,3.2845637e-06,0.53406125,0.00079469216,0.0008184577,0.073186755,0.073186755,0.9853059,0.00068647381,0.00040497778,0.074278206,0.9853059,0.96238872,1.0520423,-255.42082,0.0,-21.720152,5.9528956,5.9528956,7.2205149,7.3406251,7.4108997,7.4607643,7.4994443,7.3490823,7.3758019,7.3759655,7.3761392,7.3763304,7.3765492,7.3768079,7.3771208
1.0,158.0,158.0,-284.9851,0.8698906,0.19339555,4.0,31.0,0.0,297.26756,-7.0049149,0.18129633,-0.57208173,0.3943253,1.4991861,0.33517164,0.10477527,-5.6352616,0.51598837,0.83312888,0.33309468,0.30012044,-0.18232352,0.0054404651,0.21828309,-7.869936,0.6306736,99861.245,7.3761012,0.193,0.9573688,-7.1086312,0.035117698,-6.4823465,0.0054869828,1.3209824,0.00081801392,0.0015302158,0.13960025,0.13960025,0.10804136,1.1467794,0.0057204268,1.2921001,0.10804136,1.0054553,1.2439392,-253.2862,0.0,-19.546867,6.2181012,6.2181012,6.9748557,7.0329495,7.0669334,7.0910458,7.1097493,7.0370405,7.0499642,7.0699162,7.0860282,7.0995487,7.1112043,7.1214562,7.1306158
1.0,159.0,159.0,-289.49303,0.84218165,0.19339555,4.0,15.0,0.0,302.80845,-5.9158044,0.56607259,1.5076999,0.12632324,0.36223609,1.0125473,1.367106,-5.7878086,0.23526512,-0.25366233,-0.78272461,0.21076087,0.84525156,0.34387033,0.43786213,-3.3061212,0.67894006,68640.387,7.5053754,0.40327073,0.9900653,-5.0623368,1.3842595,-3.6323185,0.0028871468,0.54630456,0.0063307483,0.026454778,2.8633758,2.8633758,0.82191397,0.60341369,0.017000693,3.4837902,0.82191397,1.4103957,1.5493913,-251.88578,0.0,-24.493012,5.085751,5.085751,7.0164633,7.1378585,7.2088705,7.2592544,7.2983355,7.1464049,7.1734055,7.1767476,7.1800373,7.1832838,7.1864978,7.1896921,7.1928802
1.0,160.0,160.0,-281.74902,0.99850117,0.19339555,4.0,15.0,0.0,295.75693,-6.7443317,0.35795996,0.52083945,0.51107416,0.4233415,1.2554215,-0.41921154,-9.2784695,0.37833864,0.42065395,-0.78359307,0.20246977,-0.34147936,0.54043265,-0.029818371,-4.7065588,1.5161348,53030.366,7.4687623,0.12470135,1.0666311,-6.557892,-0.52628717,-6.8678203,0.00010952914,0.42624869,0.0014188735,0.0010407431,0.12603761,0.12603761,0.84300944,0.022891591,0.00057993163,0.14950913,0.84300944,1.7167494,0.97062181,-255.08716,0.0,-18.768757,6.7205542,6.7205542,7.1481023,7.185631,7.2075865,7.2231648,7.2352487,7.1882732,7.1966209,7.1975182,7.1984034,7.1992785,7.2001462,7.2010095,7.2018716
1.0,161.0,161.0,-284.75278,0.24465075,0.19339555,4.0,31.0,0.0,296.1045,-7.7497254,0.11342664,-1.3498846,0.77516679,1.5597813,0.49636099,-0.50241435,-11.124162,0.37026455,-0.57128907,-0.75498017,0.31201048,0.048619199,0.1565317,0.12944407,-6.308895,0.14060001,235105.77,7.6829987,0.20487891,0.99444135,-7.9028382,-0.24937888,-6.9431264,1.1939117e-05,0.47720435,0.00036969277,0.0009652471,0.094706965,0.094706965,0.96963859,0.0024952755,0.00047019746,0.097672438,0.96963859,1.1694478,1.1381954,-255.24893,0.0,-19.168477,6.4537252,6.4537252,7.1275891,7.1892409,7.2253107,7.2509042,7.2707568,7.1935817,7.207296,7.2075224,7.207753,7.2079911,7.2082412,7.2085088,7.2088004
1.0,162.0,162.0,-287.774,0.6816835,0.19339555,4.0,15.0,0.0,295.76415,-5.4785092,1.3187166,0.51546236,0.6474277,2.0773041,0.25411346,1.068916,-11.320497,0.7208784,0.087924011,-1.1019215,0.44813106,-0.4416392,-0.05096367,-0.65582936,-1.1705574,1.9423175,207720.66,7.1472173,0.16781806,0.84451005,-4.7987605,0.27162594,-3.1822303,1.2915092e-05,0.27257711,0.0082399542,0.04149301,3.6892744,3.6892744,0.99646265,0.0026992543,0.010397326,3.702371,0.99646265,0.95031319,0.51901144,-251.54681,0.0,-19.543583,6.1403089,6.1403089,6.9587282,7.009246,7.0387972,7.0597641,7.0760273,7.0128023,7.0240377,7.0240446,7.0240537,7.0240665,7.0240853,7.0241126,7.0241515
1.0,163.0,163.0,-291.75478,0.52528768,0.19339555,4.0,15.0,0.0,299.42525,-5.6968524,1.0269882,0.059348819,0.78698766,1.5267077,0.47303758,0.65028615,-12.432947,0.84040471,-0.4483746,-1.5883723,0.35864904,-1.2376825,-0.77385749,-0.84676057,-2.6543834,0.23633966,906937.39,7.2736615,0.095600374,0.70294353,-5.6359018,0.30760979,-4.1267919,2.7339491e-06,0.13103826,0.0035674586,0.016134557,1.1031468,1.1031468,0.99813076,0.00057139536,0.0014945095,1.1052127,0.99813076,0.46123044,0.42880176,-252.46177,0.0,-18.422843,6.7000592,6.7000592,7.1161607,7.1449384,7.1617725,7.1737165,7.1829811,7.1469641,7.1533643,7.1533669,7.15337,7.1533741,7.1533798,7.1533878,7.1533989
1.0,164.0,164.0,-289.92366,0.78611979,0.19339555,4.0,15.0,0.0,301.21529,-6.7450515,0.54893074,0.40647336,0.53509088,1.2650614,0.13419376,1.0587888,-13.006629,0.3285066,-1.4187705,-1.5378763,0.34451186,-0.87542018,-0.78695225,-0.78514885,-3.382611,0.98972881,694055.99,7.4661262,0.085725096,0.73416791,-6.5219258,0.14208285,-5.7029201,1.4088961e-06,0.15890179,0.0014708339,0.0033362092,0.22726145,0.22726145,0.99706977,0.00029445929,0.00037342584,0.22792934,0.99706977,0.45523011,0.45605181,-254.02628,0.0,-18.620706,6.9517756,6.9517756,7.2660914,7.2918932,7.3069873,7.3176971,7.3260043,7.2937096,7.2994482,7.2994534,7.2994592,7.2994661,7.2994747,7.2994858,7.2995003
1.0,165.0,165.0,-289.3004,0.98014978,0.19339555,4.0,15.0,0.0,300.41595,-5.5530571,0.39085002,0.033305243,0.61888196,0.89274626,0.056874755,-1.2554019,-9.2047699,0.17061871,-0.074112623,-1.4430192,0.029827552,-0.87404866,0.22783325,-0.56346586,-4.3455682,1.1496447,145694.98,7.5094081,0.069754592,0.76901321,-5.5400397,-0.071400674,-5.0589358,9.9295043e-05,0.23013483,0.0039263709,0.0063523158,0.64632772,0.64632772,0.96664477,0.020752664,0.0015496428,0.66863003,0.96664477,1.2558759,0.56923276,-253.37288,0.0,-19.243633,7.0908805,7.0908805,7.3785168,7.3995139,7.4117967,7.4205115,7.4272714,7.400992,7.4056619,7.4057548,7.4058481,7.4059425,7.4060386,7.4061373,7.4062397
1.0,166.0,166.0,-291.43112,0.98056455,0.19339555,5.0,31.0,0.0,306.38582,-3.3737817,1.5020035,-0.64526804,0.67723593,0.88616632,0.12490405,-1.4208277,-9.3060606,0.16521184,-0.31704506,-1.5990393,0.0032523812,-0.4104462,0.23018935,-0.42858371,-4.6926912,1.3706212,127741.87,7.0178051,0.14453696,0.83464521,-4.3429766,-0.17746713,-3.9203,8.6234504e-05,0.20182097,0.012997782,0.019835142,2.02063,2.02063,0.98910956,0.018023011,0.0042248248,2.0428778,0.98910956,1.2588383,0.65143106,-252.2617,0.0,-19.287367,6.1505834,6.1505834,6.8177961,6.8613053,6.8867567,6.9048149,6.9188219,6.8643681,6.8740447,6.8740993,6.8741552,6.8742134,6.8742753,6.8743425,6.874417
1.0,167.0,167.0,-283.31103,0.98702049,0.19339555,5.0,31.0,0.0,298.92314,-10.789655,0.47648216,0.70299459,0.4504748,-0.094614591,1.1542404,1.857584,-13.935424,0.37377602,0.19977119,0.25542634,0.25243503,0.63977012,-0.33229629,0.13167133,-9.5291614,1.4040293,88470.071,7.9267058,0.24340924,1.0877611,-10.454691,2.1440985,-8.3532137,9.5576466e-07,1.5172913,2.8812802e-05,0.00023563802,0.018644986,0.018644986,0.97424113,0.00019975481,0.00029321729,0.019137958,0.97424113,0.71727477,1.1407333,-256.64812,0.0,-19.302628,6.4662504,6.4662504,7.0948772,7.1680124,7.2108285,7.2412168,7.2647922,7.173166,7.1894479,7.1895705,7.1897108,7.1898818,7.1901008,7.1903894,7.1907722
1.0,168.0,168.0,-283.13063,0.97992996,0.19339555,5.0,31.0,0.0,291.24853,-8.4903086,0.43593763,-0.081836553,0.44791044,-0.28470447,0.67119889,1.0268616,-7.813537,0.6747819,0.15972242,-0.49450331,0.53096072,-1.7815698,0.50368545,-0.087843037,-7.5803263,1.0122307,489667.65,7.4784922,0.20024405,0.64733906,-8.5259842,0.68922835,-7.964278,0.00045022675,0.23682191,0.0001982495,0.00034766264,0.041198707,0.041198707,0.30415486,0.094097391,0.00015696462,0.13545306,0.30415486,1.6548088,0.91590463,-255.44996,0.0,-20.889655,6.2770278,6.2770278,6.9000408,6.9602866,6.9955366,7.0205492,7.0399516,6.9645283,6.9779301,6.9895015,6.9997143,7.0088555,7.0171304,7.0246911,7.0316533
1.0,169.0,169.0,-284.71081,0.87436937,0.19339555,4.0,15.0,0.0,292.61984,-9.6542788,0.065427546,0.76004743,0.62552253,0.79349533,1.2775058,1.3497659,-10.826797,0.32475977,0.77968422,-0.10920764,0.071986532,-0.97427583,0.10028233,-0.12212339,-8.6556727,1.1591835,34724.835,7.1468619,0.1854113,0.8352547,-9.6045508,1.7243337,-7.3838679,2.558288e-05,0.83581968,6.7421219e-05,0.00062119352,0.059280675,0.059280675,0.90989725,0.0053468218,0.00052345857,0.065150955,0.90989725,1.105483,0.88503916,-255.65821,0.0,-20.114033,6.0343941,6.0343941,6.6077148,6.6634966,6.6961351,6.7192947,6.7372599,6.6674248,6.6798353,6.6805189,6.6812041,6.6818962,6.682602,6.68333,6.6840896
1.0,170.0,170.0,-289.61258,0.73726026,0.19339555,4.0,15.0,0.0,299.8918,-9.7815922,0.35966177,-0.26222597,0.16772029,-1.7143709,0.70166274,1.3178776,-8.2403427,0.1706426,-1.6042989,-0.77659987,0.066135251,-1.7153578,0.21360138,0.32466891,-4.7619535,1.540553,30197.664,8.0074688,0.35879257,0.74795263,-9.8759048,0.92470564,-9.238734,0.0002006187,0.41063707,5.1398333e-05,9.7200573e-05,0.0098173957,0.0098173957,0.189409,0.041929309,8.5023201e-05,0.051831728,0.189409,1.238129,1.3835725,-256.42292,0.0,-22.492331,5.8547133,5.8547133,6.7890801,6.8968935,6.960009,7.0048038,7.0395552,6.9044878,6.9284835,6.957417,6.9818152,7.0029129,7.0215023,7.0381223,7.0531565
1.0,171.0,171.0,-290.78596,0.60739383,0.19339555,4.0,15.0,0.0,303.61561,-9.0865679,1.1036257,0.66932482,0.35499675,0.39954376,0.24490179,-1.3023495,-7.0087181,0.724989,-0.34876062,-0.8993838,0.79638415,1.8266107,0.42442941,0.14946495,-2.1150664,1.0824992,97001.405,6.8877596,0.16269691,1.2387976,-8.3478838,-0.31894773,-8.5249948,0.00070200802,1.7424637,0.0002368973,0.00019844574,0.022465279,0.022465279,0.13196759,0.14671968,0.0010483477,0.1702333,0.13196759,1.5287179,1.1612128,-255.32978,0.0,-20.752293,5.9115782,5.9115782,6.4102463,6.4591925,6.4878319,6.508154,6.5239183,6.4626404,6.4735323,6.4891273,6.5019042,6.5127343,6.5221418,6.5304671,6.5379444
1.0,172.0,172.0,-293.27207,0.95009886,0.19339555,4.0,31.0,0.0,311.85088,-9.0911264,0.46182294,2.2289729,0.25657415,1.3259725,0.05519422,0.60574332,-13.37798,0.36097151,1.0045947,0.18331528,0.064501925,1.1061329,-0.20879971,-0.3803784,-7.4058725,1.0871245,787527.81,8.7731429,0.726018,0.95125093,-8.0617356,0.03343353,-7.6880918,2.2258989e-06,1.2900268,0.00031537897,0.00045825178,0.038074045,0.038074045,0.97504447,0.00046521286,0.00050926366,0.039048521,0.97504447,0.81155777,0.68360269,-255.99411,0.0,-28.502755,4.4170349,4.4170349,6.5168475,6.7351986,6.8629766,6.9536509,7.0239904,6.750579,6.7991694,6.7995739,6.800023,6.8005497,6.801198,6.8020225,6.8030856
1.0,173.0,173.0,-291.39778,1.0,0.19339555,4.0,15.0,0.0,300.02168,-10.585515,0.12979907,-0.062185396,0.44002246,1.6250303,0.023717246,0.91524893,-9.6783728,0.80345541,-0.12933566,-0.17424872,0.27013026,2.7306348,-0.050225553,-0.057852216,-8.0071434,1.1256054,720488.12,8.7945954,0.36182964,1.1557826,-10.593586,0.021707184,-9.8568294,5.6442495e-05,1.7565969,2.5076325e-05,5.2388189e-05,0.0046595431,0.0046595431,0.28081698,0.011796481,0.00013678665,0.016592811,0.28081698,0.9510149,0.94378941,-257.39689,0.0,-21.683718,6.6236176,6.6236176,7.4136256,7.5220312,7.5855739,7.6306944,7.6657083,7.5296778,7.5538398,7.5760436,7.5955185,7.6128803,7.6285653,7.6428951,7.6561142
1.0,174.0,174.0,-288.14245,0.97868204,0.19339555,4.0,15.0,0.0,299.29278,-8.3904999,0.12662613,-0.087615493,1.2504827,1.0917817,0.057110044,0.43564705,-11.255092,0.52211597,-0.44484168,-0.6046942,0.28827123,2.4853801,0.11043208,-0.12718203,-10.520627,1.067782,56559.61,8.5846684,0.468371,1.0846697,-8.4015943,0.024879822,-7.0114604,1.0259047e-05,1.118255,0.0002245091,0.00090149112,0.086456551,0.086456551,0.96485032,0.0021441409,0.0010054876,0.089606179,0.96485032,1.1167605,0.88057337,-255.31773,0.0,-22.791898,5.7744424,5.7744424,7.2963504,7.4372868,7.5197438,7.578252,7.6236368,7.447212,7.4785676,7.4790677,7.4795917,7.480158,7.4807908,7.4815203,7.482381
1.0,175.0,175.0,-290.18731,0.77477731,0.19339555,5.0,31.0,0.0,305.81912,-10.004217,0.69757882,-1.534229,0.25872938,-0.0018746537,0.097688216,-0.75034961,-12.865155,0.99657181,-0.75152702,-1.080799,0.11172322,2.5897901,-0.42503022,0.11368748,-5.8986716,0.55286605,96137.315,8.918938,0.4093889,1.2328383,-11.074462,-0.073300315,-11.148248,1.22312e-06,0.45318299,1.5503229e-05,1.4400501e-05,0.0011010263,0.0011010263,0.8083252,0.00025563207,5.4497376e-06,0.0013621081,0.8083252,0.65375003,1.1204019,-259.07444,0.0,-19.932749,6.4626046,6.4626046,7.0327092,7.1523105,7.2231712,7.273702,7.3130045,7.1608113,7.18772,7.1913722,7.1949593,7.1984898,7.2019735,7.2054215,7.2088456
1.0,176.0,176.0,-285.82653,0.96065415,0.19339555,4.0,15.0,0.0,295.18068,-9.5787851,0.68653897,0.40969716,0.4448064,0.72707635,0.093928335,-0.77878523,-13.460611,0.35425846,-0.16528723,-1.1415293,0.95733313,1.6346919,0.025513646,0.33598839,-7.1410257,1.7311009,102481.43,9.3661634,0.66038262,0.94215616,-9.297512,-0.07315,-9.0472538,1.344934e-06,1.5271686,9.1651977e-05,0.00011771386,0.010839723,0.010839723,0.9598598,0.0002810912,0.00017221314,0.011293027,0.9598598,1.0258419,1.3993228,-257.31146,0.0,-23.475481,5.4038677,5.4038677,6.9553715,7.1535244,7.2695976,7.351998,7.4159326,7.1674935,7.2116309,7.2123761,7.2131679,7.2140413,7.2150432,7.2162314,7.2176716
1.0,177.0,177.0,-284.54315,0.96057061,0.19339555,5.0,31.0,0.0,299.54703,-5.3935962,1.1217648,1.0958936,0.52720789,1.2686806,1.6947995,1.2942909,-13.019975,0.33882262,0.24944363,-0.51182868,0.76953614,-0.43784995,-0.47210656,0.39418921,-7.7866227,1.4435638,3169385.3,6.942636,0.025853524,0.56163315,-4.1642613,2.1935636,-1.3018393,2.4110258e-06,0.42794096,0.015541191,0.27203099,20.455331,20.455331,0.9955712,0.00050390438,0.090491654,20.546327,0.9955712,0.62368705,1.4831812,-249.85817,0.0,-18.60363,6.7875148,6.7875148,6.9328275,6.9406102,6.9451627,6.9483928,6.9508983,6.9411581,6.942889,6.9428895,6.9428905,6.9428924,6.9428958,6.9429012,6.9429095
1.0,178.0,178.0,-281.90059,0.69896955,0.19339555,4.0,15.0,0.0,290.72725,-6.1427957,0.67719219,0.45653891,0.88991102,0.82400207,0.48511361,0.40470995,-9.6480825,0.61220232,0.14130553,-0.043118011,0.11127246,-0.52304683,0.71534298,0.24387255,-4.5353898,1.8168103,51485.093,7.124802,0.1370658,0.93487364,-5.8336312,0.1963303,-4.9040123,7.0381867e-05,0.90364498,0.0029274277,0.0074167648,1.0004125,1.0004125,0.97648742,0.01470981,0.0093788563,1.0245012,0.97648742,2.0448879,1.2761817,-253.22817,0.0,-18.65612,6.3024072,6.3024072,6.8933662,6.9346257,6.9587613,6.9758859,6.989169,6.9375308,6.9467085,6.9467968,6.946891,6.9469953,6.9471156,6.9472591,6.947434
1.0,179.0,179.0,-286.18866,0.99730755,0.19339555,4.0,15.0,0.0,294.52896,-3.9734862,0.30571217,0.12006081,0.93615283,0.41668908,1.1184687,-0.40762417,-9.5810945,0.61890795,-0.26641705,0.27077113,0.28855306,-0.90876574,1.0281439,0.22190268,-2.7059957,0.79322182,105162.81,6.968809,0.11451707,0.89834482,-3.9367821,-0.45591488,-4.0026124,5.8529356e-05,1.0085806,0.019510897,0.018267854,3.040257,3.040257,0.985746,0.012232635,0.031729837,3.0842194,0.985746,2.7958715,1.2484499,-252.35675,0.0,-18.636179,6.2817066,6.2817066,6.8306019,6.8650746,6.8852399,6.8995475,6.9106454,6.8675019,6.87517,6.8751937,6.875223,6.8752619,6.875316,6.8753919,6.8754976
1.0,180.0,180.0,-283.58643,0.99698004,0.19339555,4.0,15.0,0.0,292.37253,-5.8715949,0.51934743,0.66656324,0.31733183,1.1540511,0.38512792,1.8977533,-10.019267,0.60289811,1.4230125,0.41079015,0.18855936,-0.94423193,0.48105209,-0.052904582,-5.8959828,1.0377659,167209.7,7.2366644,0.14390424,1.0702562,-5.525417,0.73087778,-4.4283221,0.00010502258,1.2620614,0.003984207,0.011934498,1.3956987,1.3956987,0.97198404,0.02194972,0.018279175,1.4359276,0.97198404,1.6177756,0.94847051,-252.75799,0.0,-19.027902,6.373239,6.373239,7.0145063,7.0578247,7.0831647,7.1011437,7.1150896,7.0608751,7.0705115,7.0706124,7.0707218,7.0708462,7.0709941,7.0711761,7.0714041
1.0,181.0,181.0,-283.52734,0.92211984,0.19339555,5.0,31.0,0.0,294.15398,-4.5806157,0.97294977,0.0028892019,0.82667642,1.2725553,0.17837983,0.83064682,-9.4516326,0.6283389,-1.2963227,-0.69876794,0.17214988,-1.4361363,-0.13636103,-0.15764611,-9.4957691,1.0787821,125408.18,6.9025151,0.081092128,0.99795212,-4.5778047,0.14817064,-3.3776426,3.4790628e-05,0.38829161,0.010277434,0.034127814,2.9229161,2.9229161,0.99353797,0.0072712412,0.01173958,2.9419269,0.99353797,0.87252756,0.854152,-251.73275,0.0,-18.342773,6.4159624,6.4159624,6.8032487,6.8276596,6.8419391,6.8520706,6.8599292,6.8293781,6.8348073,6.8348169,6.8348281,6.8348418,6.8348596,6.8348834,6.8349151
1.0,182.0,182.0,-286.37921,0.94733886,0.19339555,4.0,15.0,0.0,295.90245,-4.5328515,2.3526682,0.39811487,0.46304132,1.8151312,0.19946943,0.53300604,-8.9708482,0.26570407,-1.2497473,-0.40374863,0.15101389,-0.3838619,0.054288056,-0.23011492,-9.4011057,1.1482002,139522.37,7.2488563,0.23970188,0.79441977,-3.5962193,0.10631841,-2.6494202,9.1158472e-05,0.63020059,0.027427221,0.070692191,6.59863,6.59863,0.99068106,0.019052121,0.043018525,6.6607006,0.99068106,1.0557887,0.7944423,-251.04633,0.0,-22.065324,5.8106451,5.8106451,7.040209,7.112366,7.1545753,7.1845233,7.207753,7.1174461,7.1334955,7.1335302,7.1335722,7.1336268,7.1337011,7.133804,7.1339457
1.0,183.0,183.0,-289.4377,0.85881652,0.19339555,5.0,31.0,0.0,298.5157,-8.7690511,0.055920751,0.85293805,0.23848476,-0.25399914,2.0975743,1.4250735,-15.921397,0.77916277,0.27475821,-0.16587657,0.15352582,0.021591702,0.14299857,0.19534895,-6.6890836,1.1858824,508003.94,6.6133915,0.023294496,0.95750432,-8.7213542,2.9891975,-5.7927316,1.5079931e-07,0.84996366,0.00016306622,0.0030496404,0.29720753,0.29720753,0.99118553,3.1517055e-05,0.0026115076,0.29985055,0.99118553,1.1537282,1.2157351,-254.1171,0.0,-18.543381,6.4736246,6.4736246,6.5617464,6.5687579,6.5728596,6.5757698,6.5780272,6.5692516,6.5708112,6.5708121,6.570814,6.5708175,6.5708236,6.5708334,6.5708484
1.0,184.0,184.0,-291.7383,0.97844232,0.19339555,5.0,31.0,0.0,302.24526,-6.1505547,1.7798593,-0.528163,0.18242811,0.75579979,0.23669402,-0.51621047,-6.2786298,0.020457587,-0.28631865,-0.88563023,0.0083531639,-0.021354607,-0.28808667,-0.13149077,-6.74291,1.2494866,21817.367,7.2931113,0.036625912,0.84917425,-7.0906105,-0.12218393,-7.0749153,0.001865013,0.41238058,0.00083288869,0.00084606417,0.068097385,0.068097385,0.14849616,0.38978772,0.00069499237,0.4585801,0.14849616,0.74969662,0.87678737,-254.23303,0.0,-17.646608,7.0733558,7.0733558,7.2020099,7.2130329,7.2194816,7.2240572,7.2276064,7.213809,7.2162609,7.2196039,7.2223654,7.2247183,7.2267687,7.228586,7.2302185
1.0,185.0,185.0,-288.01302,0.96953238,0.19339555,5.0,31.0,0.0,306.60869,-4.9916074,1.0549645,1.3179745,0.94922523,-0.41766028,1.2198234,0.99373091,-15.925565,0.68093224,0.20086201,0.51622732,0.061236453,0.10889792,0.1886233,-0.2563647,-4.8729981,1.5454853,316176.83,7.7952554,0.13224826,1.0013286,-3.601191,1.2121763,-2.7854685,1.3900004e-07,1.6869056,0.027291198,0.061700179,6.1526561,6.1526561,0.98285541,2.9051009e-05,0.10729575,6.2599809,0.98285541,1.207586,0.77385969,-251.17851,0.0,-22.21249,7.0017658,7.0017658,7.6760826,7.715893,7.7391807,7.7557037,7.7685201,7.7186968,7.7275535,7.7275624,7.7275822,7.7276206,7.7276884,7.7277986,7.7279664
1.0,186.0,186.0,-289.55959,0.99211243,0.19339555,5.0,31.0,0.0,298.03111,-6.8509959,0.45205154,-0.8842293,0.063381564,0.064421894,0.56143158,-0.2867194,-6.496914,0.38073531,0.70065922,-1.7967857,0.87029859,-0.51641242,-0.2510544,-0.0089654076,-7.8934551,1.3946161,19626.645,6.8408197,0.0042165626,0.76090415,-7.2507131,-0.16097332,-7.4076033,0.0019691599,0.10579853,0.00070966812,0.00060662285,0.049546019,0.049546019,0.10741353,0.41155442,0.00016381143,0.46126425,0.10741353,0.77798005,0.99107466,-254.28396,0.0,-16.933466,6.8155203,6.8155203,6.8301704,6.8314394,6.8321818,6.8327085,6.8331171,6.8315287,6.8318109,6.8322481,6.8326008,6.8328965,6.833151,6.8333744,6.8335736
1.0,187.0,187.0,-285.61425,0.99065898,0.19339555,5.0,31.0,0.0,297.84157,-9.9229691,1.6618115,0.28510347,0.071620794,-0.041467077,1.4242964,1.7897772,-12.62493,0.23595028,-0.45516409,0.56137656,0.31931185,1.2114175,-0.5466929,0.14515822,-7.4386061,0.83444908,433260.75,7.8309685,0.25878638,1.0536254,-9.4491809,2.5491731,-6.9029777,2.9540709e-06,2.5810505,7.8754048e-05,0.001004789,0.073663256,0.073663256,0.96607265,0.00061740082,0.0019695675,0.076250225,0.96607265,0.578861,1.1562225,-255.21807,0.0,-19.702687,6.2782502,6.2782502,7.1007239,7.1785891,7.2241467,7.2564731,7.2815492,7.1840753,7.2014047,7.2015212,7.2016699,7.2018744,7.202166,7.2025838,7.2031718
1.0,188.0,188.0,-287.89517,0.94441297,0.19339555,5.0,31.0,0.0,301.40319,-5.2318258,0.31177952,0.36430391,1.0619311,-1.4116719,1.0018359,1.8548932,-10.708293,0.54960767,2.3026325,-0.021028102,0.24798097,-1.5861111,-0.70839146,0.096096922,-6.6434157,0.71185512,150697.94,7.2810242,0.19793949,1.1505124,-5.1182433,1.8582985,-4.759043,7.9262285e-05,0.66076734,0.0059865299,0.0085738105,0.59744281,0.59744281,0.96655271,0.016565818,0.0041085241,0.61811716,0.96655271,0.49243566,1.1008658,-253.07895,0.0,-19.743845,6.0933873,6.0933873,6.9027519,6.9623341,6.9971884,7.0219181,7.0411003,6.966529,6.9797818,6.9800133,6.9802505,6.9804978,6.9807613,6.9810486,6.9813682
1.0,189.0,189.0,-283.52738,0.99882417,0.19339555,4.0,15.0,0.0,295.93382,-9.0164856,1.1491431,0.68228994,0.065004822,1.2607791,0.24718785,-1.4028183,-12.544868,0.44984418,0.18839055,-1.342345,0.52605908,0.53548863,0.0062275539,-0.16087765,-6.3423921,1.4750178,23948.354,7.4617298,0.16298454,0.83194585,-8.2324369,-0.34675965,-8.4972398,3.8782697e-06,0.34623195,0.00026588761,0.00020403076,0.018620331,0.018620331,0.95497491,0.00081055836,6.7351821e-05,0.019498242,0.95497491,1.006247,0.85139623,-256.77408,0.0,-18.099069,6.4838225,6.4838225,6.9051915,6.9541627,6.9828322,7.0031799,7.0189656,6.9576123,6.9685118,6.968805,6.9690996,6.9693977,6.9697017,6.9700147,6.9703405
1.0,190.0,190.0,-284.86207,0.97853409,0.19339555,5.0,31.0,0.0,291.14456,-4.5036521,0.79621319,0.40476788,0.039848614,-0.74384221,0.56880587,2.3102072,-10.685734,0.11597998,0.19216144,-0.04843979,0.098509127,-0.73711037,-0.14253093,0.10425282,-8.9546432,1.021039,256997.59,7.0674313,0.19862722,0.99395721,-4.1813706,1.3140594,-2.8969523,2.338427e-05,0.88598799,0.015277554,0.055191171,4.7144713,4.7144713,0.98990497,0.0048873124,0.043190751,4.7625493,0.98990497,0.86716073,1.109881,-251.27316,0.0,-20.127391,5.875668,5.875668,6.8654963,6.9252886,6.960265,6.9850812,7.0043304,6.9294986,6.9427985,6.942814,6.9428381,6.9428768,6.9429387,6.9430339,6.9431746
1.0,191.0,191.0,-287.51496,0.92773136,0.19339555,4.0,15.0,0.0,296.3041,-8.2057251,1.2352304,1.6906199,0.53988877,-0.67671758,2.1590677,2.4546849,-10.357208,0.14916141,-1.0664193,0.15353752,0.036516983,-0.95773379,0.093744384,0.36249278,-10.191858,1.3956835,545130.82,7.0371043,0.047788492,0.96868226,-6.1174201,5.2998311,-1.1829413,2.7091869e-05,1.1258789,0.0022041351,0.30637628,29.144876,29.144876,0.98830461,0.0056622006,0.33923231,29.489771,0.98830461,1.098279,1.4369069,-249.83838,0.0,-17.77476,6.7503734,6.7503734,7.0263226,7.0407084,7.0491235,7.0550941,7.0597254,7.0417213,7.0449214,7.0449239,7.044929,7.0449387,7.0449554,7.0449823,7.0450232
1.0,192.0,192.0,-293.36556,0.93606815,0.19339555,4.0,15.0,0.0,304.00196,-7.8327298,0.75527978,0.41582885,0.24913553,-0.64889903,0.87297851,1.5823266,-10.810844,1.0648894,-1.1169667,0.4660671,1.1585177,-2.3860736,0.69670815,-0.33032148,-1.1741279,1.6300161,60764.891,7.5008847,0.28625938,0.80283287,-7.5186627,1.3813371,-6.2989894,6.1424342e-06,0.10043531,0.00054285803,0.0018381614,0.24502628,0.24502628,0.9937603,0.0012837687,0.00025472119,0.24656477,0.9937603,2.0071346,0.71869265,-254.61824,0.0,-21.529353,5.7833284,5.7833284,6.842384,6.9285443,6.9789479,7.0147107,7.0424509,6.9346095,6.9537723,6.9538357,6.9539003,6.9539672,6.9540375,6.954113,6.9541953
1.0,193.0,193.0,-292.4738,0.98626125,0.19339555,4.0,15.0,0.0,304.00815,-8.7860412,1.1809948,0.45491079,0.24201988,-0.73189001,0.88543993,2.1273756,-8.4399198,0.29475657,1.2520526,0.38137483,0.14956479,-2.6933528,0.91903508,-0.34465522,-2.5055679,0.8754749,45033.602,7.7340845,0.17591457,0.93911664,-8.2487939,1.8836633,-6.5422625,0.00031251156,0.97877263,0.00026157386,0.001441224,0.22236436,0.22236436,0.76653536,0.065314916,0.0024108797,0.29009016,0.76653536,2.5068703,0.70846458,-254.66835,0.0,-19.79571,6.6785971,6.6785971,7.3269973,7.379945,7.4109194,7.4328967,7.449944,7.3836733,7.3954516,7.3974411,7.399388,7.4012999,7.4031856,7.4050549,7.4069181
1.0,194.0,194.0,-288.89535,0.98963896,0.19339555,4.0,15.0,0.0,299.55197,-6.226671,1.0692375,0.5003833,0.29230949,-0.84334306,0.97550677,1.6040122,-9.6600728,0.40710358,1.5458933,0.34102289,0.1674473,-1.9035465,1.324599,-0.1882053,-4.7390107,1.4137684,308898.74,7.167242,0.27835251,0.87059706,-5.6916424,1.5647248,-4.3734348,0.00011967461,1.0225292,0.0033740468,0.012607861,2.6091771,2.6091771,0.98021784,0.025011993,0.027644819,2.6618339,0.98021784,3.7606772,0.82844461,-252.7163,0.0,-22.46906,5.4971269,5.4971269,6.8129801,6.8967715,6.9457865,6.9805634,7.0075388,6.9026714,6.9213101,6.921432,6.9215675,6.9217267,6.9219228,6.9221727,6.9224953
1.0,195.0,195.0,-284.9688,0.97528344,0.19339555,4.0,15.0,0.0,301.44966,-6.4614913,0.2655932,-1.6767071,0.44508178,1.3785332,0.55402867,0.84226587,-9.7854904,0.74151913,1.4308725,-0.23416525,0.61262546,0.12233892,0.74710599,-0.012932151,-4.5096193,1.3473445,20905.06,7.1297059,0.088718898,1.0096811,-6.9068133,0.46663944,-5.8266139,0.00016255876,0.85281101,0.0010009424,0.0029480425,0.40581884,0.40581884,0.91515183,0.03397478,0.0036506567,0.44344428,0.91515183,2.1108823,0.98715111,-254.09872,0.0,-18.107202,6.5973925,6.5973925,6.9457588,6.9724635,6.9880854,6.9991695,7.0077671,6.9743438,6.980284,6.9805886,6.9808943,6.9812038,6.9815204,6.9818484,6.9821922
1.0,196.0,196.0,-283.94451,0.87149303,0.19339555,4.0,31.0,0.0,296.06852,-4.980415,1.0050208,2.6168094,0.47954084,-0.21213159,0.97098602,0.48724187,-10.957844,0.16899157,0.15253251,-0.15599604,0.1232487,-1.9074679,0.145552,0.01318864,-6.6468598,0.63055586,60654.237,7.0832236,0.036062254,0.57415238,-2.3504672,0.47310504,-1.9790879,1.787572e-05,0.67631998,0.095324618,0.13819523,13.485155,13.485155,0.99278344,0.0037360256,0.094287821,13.583179,0.99278344,1.1566779,1.013276,-250.45574,0.0,-18.502592,6.8668501,6.8668501,7.0630176,7.0738734,7.0802236,7.0847292,7.088224,7.0746377,7.0770523,7.0770536,7.0770562,7.0770608,7.0770686,7.077081,7.0770997
1.0,197.0,197.0,-291.57392,0.87999277,0.19339555,4.0,31.0,0.0,299.03127,-7.932881,1.3190217,0.63271349,0.003406686,-0.055528113,0.55258684,0.21602884,-11.479309,0.14998823,0.66150025,-0.70874961,0.55334086,2.2586825,-0.0065136021,-0.06344129,-4.9103365,0.83978206,89151.94,7.4825711,0.35023718,1.7021488,-7.0983182,0.1193747,-6.9791326,1.1420595e-05,1.717847,0.00082649379,0.00093111047,0.084477156,0.084477156,0.95589864,0.0023869044,0.0015105357,0.088374596,0.95589864,0.99350757,0.93852922,-255.28471,0.0,-22.828687,5.381148,5.381148,6.5157977,6.6211858,6.6828449,6.7265959,6.7605338,6.628609,6.6520589,6.6524907,6.6529503,6.6534585,6.6540433,6.6547392,6.6555853
1.0,198.0,198.0,-286.71611,0.91648219,0.19339555,4.0,15.0,0.0,305.40717,-7.2142787,0.060873299,0.075739007,0.094388037,-0.68802786,1.1109766,-0.97100107,-12.972256,0.96359938,-0.2880551,-0.13229321,0.26024236,0.16027792,-0.12979603,-0.39349428,-7.9879449,1.5374311,72712.019,8.4989175,0.34075853,0.68960432,-7.2096682,-1.0787594,-8.3533693,1.7606538e-06,0.91339934,0.00073940242,0.00023560138,0.020235221,0.020235221,0.97307582,0.00036797664,0.00019191478,0.020795112,0.97307582,0.87827455,0.67469518,-256.64498,0.0,-23.50284,6.4543664,6.4543664,7.3467467,7.4491471,7.5090923,7.5516366,7.5846421,7.4563611,7.479154,7.4794223,7.4797051,7.4800132,7.4803612,7.4807672,7.4812516
1.0,199.0,199.0,-290.32057,0.99285982,0.19339555,4.0,15.0,0.0,296.54239,-11.353921,0.24855598,-1.1457695,0.14588264,1.4800732,0.52000234,1.6113406,-13.404193,0.18434932,0.6057449,-0.32076722,0.28735282,0.084592401,0.92747428,0.087809729,-2.8039816,1.2805387,72500.533,7.9996046,0.30304692,1.2521158,-11.638709,0.8379009,-10.584891,1.6870584e-06,0.74344584,8.8180553e-06,2.5295316e-05,0.003925349,0.003925349,0.91101336,0.0003525952,3.0827973e-05,0.0043087722,0.91101336,2.5281158,1.0917804,-258.64891,0.0,-19.818549,6.181323,6.181323,6.7625702,6.8529992,6.9060963,6.9438251,6.9731134,6.859384,6.8795663,6.880673,6.8817811,6.8828982,6.8840343,6.8852016,6.8864139
1.0,200.0,200.0,-286.04132,0.99813809,0.19339555,5.0,31.0,0.0,297.8416,-9.8518983,2.4000202,2.7138698,0.16739759,-1.5053923,0.15062825,0.26176657,-10.315308,0.7312561,-0.37343908,-0.73681909,0.36011857,-0.33000915,-0.17817106,-0.088130698,-10.452143,1.106961,123768.51,7.0135072,0.05114009,0.80384289,-3.3385562,0.039429439,-3.5511258,2.5207027e-05,0.42500195,0.035488159,0.02869232,2.4143316,2.4143316,0.99346511,0.0052682687,0.010612901,2.4302128,0.99346511,0.83679926,0.9156412,-251.90053,0.0,-17.334674,6.7066666,6.7066666,6.9466585,6.962053,6.9710582,6.9774476,6.9824036,6.9631367,6.9665607,6.9665662,6.9665727,6.966581,6.9665922,6.9666075,6.9666283
