theta,infection_age_days,seed,infections_total,attack_rate,recorded_onsets,index_onset_day,index_shedding_at_day0,invalid_reason,parent_infections_total,parent_attack_rate,parent_recorded_onsets
100000000000.0,0.0,20201001,2775,0.7477768795472919,82,-1.3663811429320818,True,,2151,0.5796281325788197,89
100000000000.0,0.0,20201002,2118,0.570735650767987,45,2.1764533615030124,False,,1337,0.3602802479116141,1
100000000000.0,0.0,20201003,2453,0.6610078146052277,128,-1.0057621642007222,True,,2789,0.7515494475882512,236
100000000000.0,0.0,20201004,1,0.00026946914578280785,1,0.46667241055194175,True,,3,0.0008084074373484236,1
100000000000.0,0.0,20201005,2619,0.7057396928051738,90,-7.376355015605215,True,,2573,0.6933441120991647,166
100000000000.0,0.0,20201006,1922,0.5179196981945567,22,-0.6986092890962938,True,,1796,0.48396658582592295,24
100000000000.0,0.0,20201007,2523,0.6798706548100243,93,-6.177329354588388,True,,2573,0.6933441120991647,195
100000000000.0,0.0,20201008,2705,0.7289140393424953,94,-0.6728293887946633,True,,2391,0.6443007275666937,91
100000000000.0,0.0,20201009,2680,0.7221773106979251,127,-1.1643490272194796,True,,1678,0.4521692266235516,11
100000000000.0,0.0,20201010,0,0.0,0,3.0059665881574547,False,,4,0.0010778765831312314,0
100000000000.0,0.0,20201011,2768,0.7458905955268121,120,-3.5268297763956182,True,,2818,0.7593640528159525,370
100000000000.0,0.0,20201012,2975,0.8016707087038534,125,-0.054842477040995874,True,,2859,0.7704122877930477,192
100000000000.0,0.0,20201013,2982,0.8035569927243331,259,-4.3758602585599915,True,,3136,0.8450552411748855,683
100000000000.0,0.0,20201014,1,0.00026946914578280785,0,0.14793545282991438,True,,1,0.00026946914578280785,0
100000000000.0,0.0,20201015,2201,0.5931015898679601,42,-8.479159909235273,True,,2396,0.6456480732956077,37
100000000000.0,0.0,20201016,1112,0.29964969011048237,2,1.0835755652613415,True,,1048,0.28240366478038265,2
100000000000.0,0.0,20201017,2926,0.7884667205604958,160,-2.226165683903649,True,,3117,0.8399353274050121,427
100000000000.0,0.0,20201018,1299,0.35004042037186744,10,-0.11737015657024852,True,,1037,0.27943950417677177,1
100000000000.0,0.0,20201019,87,0.023443815683104285,1,2.43257235038174,False,,1484,0.39989221234168687,0
100000000000.0,0.0,20201020,3170,0.8542171921315009,353,-1.3152257264016383,True,,2826,0.761519805982215,224
100000000000.0,0.0,20201021,889,0.2395580706009162,1,-5.950966682889597,True,,66,0.01778496362166532,0
100000000000.0,0.0,20201022,2628,0.7081649151172191,76,-2.2286373606117653,True,,1752,0.4721099434114794,38
100000000000.0,0.0,20201023,651,0.17542441390460792,1,2.4124932086277884,False,,6,0.0016168148746968471,0
100000000000.0,0.0,20201024,2691,0.725141471301536,137,-3.2643559103517843,True,,2941,0.792508757747238,298
100000000000.0,0.0,20201025,591,0.15925626515763944,2,-0.9160203647650693,True,,893,0.24063594718404743,1
100000000000.0,0.0,20201026,2888,0.7782268930207491,125,-3.442335377777394,True,,3117,0.8399353274050121,463
100000000000.0,0.0,20201027,2226,0.5998383185125303,83,-1.9977548207353144,True,,3023,0.8146052277014282,468
100000000000.0,0.0,20201028,2,0.0005389382915656157,0,0.39347676663602993,True,,715,0.1926704392347076,0
100000000000.0,0.0,20201029,2558,0.6893020749124226,63,-2.37686655030506,True,,761,0.2050660199407168,3
100000000000.0,0.0,20201030,1968,0.5303152789005658,19,-1.7718502957198519,True,,1647,0.44381568310428454,11
100000000000.0,0.0,20201031,2765,0.7450821880894638,74,-2.3867270743395075,True,,2810,0.7572082996496902,226
100000000000.0,0.0,20201032,6,0.0016168148746968471,0,0.758301456265249,True,,2,0.0005389382915656157,0
100000000000.0,0.0,20201033,2493,0.67178658043654,51,0.3337441746416312,True,,2487,0.6701697655618432,56
100000000000.0,0.0,20201034,1646,0.44354621395850174,27,-1.1356129193429503,True,,1670,0.45001347345728915,28
100000000000.0,0.0,20201035,2138,0.5761250336836432,76,-1.2964899678535815,True,,2312,0.6230126650498518,109
100000000000.0,0.0,20201036,3086,0.8315817838857451,340,-4.373860219936079,True,,3139,0.845863648612234,570
100000000000.0,0.0,20201037,1771,0.47722985718135275,21,1.6832555204519446,True,,1787,0.48154136351387766,3
100000000000.0,0.0,20201038,0,0.0,0,,False,,1,0.00026946914578280785,0
100000000000.0,0.0,20201039,153,0.041228779304769606,0,0.45427746494227517,True,,483,0.1301535974130962,0
100000000000.0,0.0,20201040,13,0.0035030988951765024,0,,False,,34,0.009161950956615468,0
100000000000.0,0.0,20201041,539,0.14524386957693344,1,1.9128879483224668,True,,340,0.09161950956615468,0
100000000000.0,0.0,20201042,2651,0.7143627054702236,61,0.04116257183249328,True,,2398,0.6461870115871733,47
100000000000.0,0.0,20201043,1,0.00026946914578280785,0,,False,,0,0.0,0
100000000000.0,0.0,20201044,2425,0.6534626785233091,87,1.095140485547148,True,,2337,0.629749393694422,98
100000000000.0,0.0,20201045,0,0.0,0,1.032818464748324,True,,4,0.0010778765831312314,0
100000000000.0,0.0,20201046,2013,0.5424413904607922,37,-0.12788669477456072,True,,407,0.10967394233360281,0
100000000000.0,0.0,20201047,361,0.09727836162759364,2,2.9244775000891394,False,,410,0.11048234977095123,0
100000000000.0,0.0,20201048,335,0.09027216383724064,0,2.877230014660336,False,,667,0.17973592023713283,1
100000000000.0,0.0,20201049,1,0.00026946914578280785,0,3.7900994573264355,False,,0,0.0,0
100000000000.0,0.0,20201050,1120,0.3018054432767448,21,0.8436689688656847,True,,2194,0.5912153058474805,25
100000000000.0,0.0,20201051,280,0.0754513608191862,1,-0.006416818223924814,True,,1725,0.4648342764753436,20
100000000000.0,0.0,20201052,2386,0.6429533818377796,52,0.0420435517578408,True,,2499,0.6734033953112368,63
100000000000.0,0.0,20201053,2,0.0005389382915656157,0,-2.7130160873382616,True,,2041,0.5499865265427109,31
100000000000.0,0.0,20201054,2191,0.590406898410132,50,2.1812727095783657,False,,1701,0.4583670169765562,26
100000000000.0,0.0,20201055,1701,0.4583670169765562,20,-1.4088857748805914,True,,2142,0.5772029102667745,46
100000000000.0,0.0,20201056,1325,0.35704661816222044,0,3.2771410927268514,False,,582,0.15683104284559418,1
100000000000.0,0.0,20201057,2174,0.5858259229318243,27,-0.42768587970424754,True,,1969,0.5305847480463487,26
100000000000.0,0.0,20201058,2676,0.7210994341147938,70,1.8505413062698093,True,,2555,0.6884936674750741,71
100000000000.0,0.0,20201059,1934,0.5211533279439504,1,1.8577349843081201,True,,1645,0.44327674481271895,1
100000000000.0,0.0,20201060,0,0.0,0,4.614610797254605,False,,1,0.00026946914578280785,0
100000000000.0,0.0,20201061,12,0.0032336297493936943,0,-1.6139060125523086,True,,337,0.09081110212880625,0
100000000000.0,0.0,20201062,1008,0.2716248989490703,1,-1.4212384836452125,True,,1096,0.2953381837779574,4
100000000000.0,0.0,20201063,1754,0.472648881703045,17,0.6605173698425908,True,,2094,0.5642683912691997,25
100000000000.0,0.0,20201064,1212,0.3265966046887631,0,-0.6568744931147492,True,,1081,0.29129614659121533,0
100000000000.0,0.0,20201065,5,0.0013473457289140394,0,6.428482832433176,False,,82,0.022096469954190245,0
100000000000.0,0.0,20201066,1,0.00026946914578280785,1,-5.717999137859049,True,,103,0.027755322015629212,0
100000000000.0,0.0,20201067,2724,0.7340339531123686,143,-5.34816904569152,True,,3125,0.8420910805712746,550
100000000000.0,0.0,20201068,747,0.20129345189975748,1,4.386989928970714,False,,850,0.2290487739153867,1
100000000000.0,0.0,20201069,447,0.12045270816491511,0,-1.7658797458571192,True,,2285,0.615736998113716,63
100000000000.0,0.0,20201070,3131,0.8437078954459715,335,-4.067193193084102,True,,3113,0.8388574508218809,611
100000000000.0,0.0,20201071,24,0.0064672594987873885,1,1.1822753074479868,True,,54,0.014551333872271624,0
100000000000.0,0.0,20201072,3159,0.85125303152789,404,-3.9936852722426552,True,,2769,0.746160064672595,204
100000000000.0,0.0,20201073,441,0.11883589329021826,0,-4.798252626999135,True,,2691,0.725141471301536,145
100000000000.0,0.0,20201074,0,0.0,0,,False,,0,0.0,0
100000000000.0,0.0,20201075,2106,0.5675020210185934,53,-1.0375144138060781,True,,2191,0.590406898410132,60
100000000000.0,0.0,20201076,3095,0.8340070061977903,351,-2.251167570980381,True,,3038,0.8186472648881703,483
100000000000.0,0.0,20201077,1929,0.5198059822150364,41,1.608901907878808,True,,2049,0.5521422797089733,25
100000000000.0,0.0,20201078,390,0.10509296685529507,0,0.5058639900419744,True,,502,0.13527351118296954,0
100000000000.0,0.0,20201079,4,0.0010778765831312314,0,5.1760713786195955,False,,1,0.00026946914578280785,0
100000000000.0,0.0,20201080,594,0.16006467259498788,2,-0.5090298939161109,True,,82,0.022096469954190245,1
100000000000.0,0.0,20201081,1611,0.43411479385610346,15,-11.036197980417189,True,,1814,0.48881703045001346,16
100000000000.0,0.0,20201082,338,0.09108057127458906,0,4.818717447259256,False,,47,0.01266504985179197,1
100000000000.0,0.0,20201083,3153,0.8496362166531932,422,-3.107047885519252,True,,3247,0.8749663163567771,969
100000000000.0,0.0,20201084,2773,0.7472379412557262,157,-4.468922005444403,True,,2875,0.7747237941255726,331
100000000000.0,0.0,20201085,437,0.11775801670708703,0,1.0947234555138596,True,,251,0.06763675559148477,0
100000000000.0,0.0,20201086,2177,0.5866343303691728,48,-2.2891375909635654,True,,1965,0.5295068714632175,40
100000000000.0,0.0,20201087,1736,0.46779843707895447,19,-1.4660071201635887,True,,1951,0.5257343034222581,51
100000000000.0,0.0,20201088,808,0.21773106979250875,2,0.6257853377724256,True,,787,0.2120722177310698,0
100000000000.0,0.0,20201089,1894,0.5103745621126381,39,-1.0800219993850404,True,,1982,0.5340878469415252,33
100000000000.0,0.0,20201090,828,0.2231204527081649,1,0.991036254315155,True,,150,0.04042037186742118,0
100000000000.0,0.0,20201091,2,0.0005389382915656157,1,0.7600923524978578,True,,1,0.00026946914578280785,1
100000000000.0,0.0,20201092,1427,0.38453247103206684,8,3.509054489340441,False,,479,0.12907572082996496,0
100000000000.0,0.0,20201093,1,0.00026946914578280785,0,-0.6939430701545044,True,,203,0.05470223659391,0
100000000000.0,0.0,20201094,1,0.00026946914578280785,0,2.5659702977436796,False,,1,0.00026946914578280785,0
100000000000.0,0.0,20201095,749,0.2018323901913231,2,1.228940857903868,True,,1349,0.3635138776610078,1
100000000000.0,0.0,20201096,15,0.004042037186742118,0,1.9897429328865606,True,,167,0.045001347345728915,0
100000000000.0,0.0,20201097,44,0.011856642414443546,0,-2.6422954691211866,True,,91,0.024521692266235517,0
100000000000.0,0.0,20201098,2824,0.7609808676906494,186,-3.3523312526003872,True,,3228,0.8698464025869038,801
100000000000.0,0.0,20201099,2345,0.6319051468606844,88,2.4254539707279177,False,,2135,0.5753166262462948,45
100000000000.0,0.0,20201100,639,0.17219078415521422,1,-2.830308848423476,True,,154,0.04149824845055241,0
100000000000.0,0.0,20201101,709,0.19105362436001078,0,3.1809743722577064,False,,1547,0.4168687685260038,3
100000000000.0,0.0,20201102,1,0.00026946914578280785,0,2.859753079850508,False,,1,0.00026946914578280785,0
100000000000.0,0.0,20201103,742,0.19994610617084344,0,1.1216714712380718,True,,34,0.009161950956615468,0
100000000000.0,0.0,20201104,3054,0.8229587712206953,360,-2.1740818781923643,True,,3252,0.8763136620856912,772
100000000000.0,0.0,20201105,29,0.007814605227701428,0,3.795552608855645,False,,1,0.00026946914578280785,0
100000000000.0,0.0,20201106,4,0.0010778765831312314,0,-2.866978667354557,True,,2135,0.5753166262462948,56
100000000000.0,0.0,20201107,8,0.002155753166262463,1,0.08481091669362151,True,,306,0.08245755860953921,1
100000000000.0,0.0,20201108,119,0.032066828348154136,0,2.164500002147321,False,,2,0.0005389382915656157,0
100000000000.0,0.0,20201109,2682,0.7227162489894907,116,-1.2637915868108882,True,,2284,0.6154675289679332,60
100000000000.0,0.0,20201110,59,0.015898679601185663,1,-0.09488232965181531,True,,176,0.047426569657774184,0
100000000000.0,0.0,20201111,209,0.05631905146860684,0,-1.5583965178456571,True,,470,0.1266504985179197,1
100000000000.0,0.0,20201112,2719,0.7326866073834546,117,-3.448465653875955,True,,2786,0.7507410401509027,279
100000000000.0,0.0,20201113,705,0.18997574777687956,1,4.550503313366736,False,,834,0.22473726758286175,1
100000000000.0,0.0,20201114,775,0.2088385879816761,0,-2.55810661719788,True,,2826,0.761519805982215,193
100000000000.0,0.0,20201115,11,0.0029641606036108865,0,1.6142806887967085,True,,42,0.01131770412287793,0
100000000000.0,0.0,20201116,2254,0.607383454594449,44,-8.00663297692374,True,,2244,0.6046887631366209,51
100000000000.0,0.0,20201117,1042,0.2807868499056858,0,-0.45093917024199737,True,,8,0.002155753166262463,0
100000000000.0,0.0,20201118,1621,0.43680948531393154,32,-0.15884112234836678,True,,1290,0.34761519805982216,0
100000000000.0,0.0,20201119,1322,0.356238210724872,5,-2.7854352825157953,True,,1,0.00026946914578280785,0
100000000000.0,0.0,20201120,12,0.0032336297493936943,0,-0.23055591009211973,True,,16,0.004311506332524926,0
100000000000.0,0.0,20201121,2041,0.5499865265427109,63,-2.196239844658593,True,,2634,0.7097817299919159,96
100000000000.0,0.0,20201122,3153,0.8496362166531932,249,-3.602907551193476,True,,2655,0.7154405820533549,174
100000000000.0,0.0,20201123,0,0.0,0,,False,,0,0.0,0
100000000000.0,0.0,20201124,2989,0.8054432767448128,223,-5.521133462237795,True,,2922,0.7873888439773646,310
100000000000.0,0.0,20201125,11,0.0029641606036108865,1,-1.9653921634585503,True,,28,0.00754513608191862,1
100000000000.0,0.0,20201126,559,0.1506332524925896,0,-11.151783010920504,True,,266,0.07167879277822689,0
100000000000.0,0.0,20201127,2955,0.7962813257881972,290,-5.1390682102255685,True,,3257,0.8776610078146052,883
100000000000.0,0.0,20201128,2,0.0005389382915656157,0,2.936891977143567,False,,38,0.010239827539746699,0
100000000000.0,0.0,20201129,730,0.19671247642144973,0,-4.905070417111616,True,,1243,0.3349501482080302,2
100000000000.0,0.0,20201130,18,0.004850444624090542,0,1.1217715841697737,True,,1450,0.3907302613850714,2
100000000000.0,0.0,20201131,117,0.03152789005658852,0,,False,,140,0.0377256804095931,0
100000000000.0,0.0,20201132,864,0.232821341956346,1,0.9983892216929551,True,,181,0.048773915386688224,0
100000000000.0,0.0,20201133,906,0.24413904607922393,1,1.078620474484405,True,,1489,0.4012395580706009,12
100000000000.0,0.0,20201134,2885,0.7774184855834007,234,-5.318023544483992,True,,2971,0.8005928321207222,545
100000000000.0,0.0,20201135,2958,0.7970897332255457,249,-6.072031260030239,True,,3152,0.8493667475074104,620
100000000000.0,0.0,20201136,3,0.0008084074373484236,1,-6.845142363584664,True,,2,0.0005389382915656157,1
100000000000.0,0.0,20201137,1575,0.4244139046079224,23,-1.2575176513503221,True,,2119,0.5710051199137699,62
100000000000.0,0.0,20201138,8,0.002155753166262463,0,-0.6917026220510101,True,,5,0.0013473457289140394,0
100000000000.0,0.0,20201139,956,0.25761250336836433,1,3.8143066723209937,False,,411,0.11075181891673404,0
100000000000.0,0.0,20201140,4,0.0010778765831312314,0,0.4789352317007136,True,,159,0.04284559417946645,1
100000000000.0,0.0,20201141,3183,0.8577202910266775,366,-3.197204073666314,True,,3212,0.8655348962543788,750
100000000000.0,0.0,20201142,46,0.012395580706009162,0,,False,,127,0.0342225815144166,0
100000000000.0,0.0,20201143,7,0.001886284020479655,1,-0.9677562584514501,True,,1528,0.41174885475613043,7
100000000000.0,0.0,20201144,3031,0.8167609808676907,281,-3.157942320398466,True,,2984,0.8040959310158987,380
100000000000.0,0.0,20201145,443,0.11937483158178389,1,0.9809773951035687,True,,994,0.267852330908111,25
100000000000.0,0.0,20201146,0,0.0,0,0.840127081285952,True,,1,0.00026946914578280785,0
100000000000.0,0.0,20201147,29,0.007814605227701428,1,0.20255924163765648,True,,485,0.13069253570466183,1
100000000000.0,0.0,20201148,1,0.00026946914578280785,0,-0.46522359678036995,True,,3,0.0008084074373484236,0
100000000000.0,0.0,20201149,22,0.005928321207221773,1,-0.35840134144819125,True,,173,0.04661816222042576,0
100000000000.0,0.0,20201150,2399,0.646456480732956,44,-2.995525716289565,True,,1808,0.4872002155753166,34
100000000000.0,0.0,20201151,152,0.040959310158986795,0,5.967769279680883,False,,32,0.008623012665049851,0
100000000000.0,0.0,20201152,1,0.00026946914578280785,1,-0.6825965009752544,True,,1,0.00026946914578280785,1
100000000000.0,0.0,20201153,0,0.0,0,1.6612092351655905,True,,1,0.00026946914578280785,0
100000000000.0,0.0,20201154,161,0.043384532471032064,1,4.7555342842320005,False,,63,0.016976556184316895,1
100000000000.0,0.0,20201155,638,0.17192131500943142,0,3.0652174844980804,False,,206,0.055510644031258424,0
100000000000.0,0.0,20201156,37,0.009970358393963891,0,4.1456464344217405,False,,67,0.018054432767448128,0
100000000000.0,0.0,20201157,645,0.17380759902991108,2,-2.8937948601559853,True,,2752,0.7415790891942873,176
100000000000.0,0.0,20201158,1,0.00026946914578280785,0,-0.8268452964270443,True,,36,0.009700889248181084,0
100000000000.0,0.0,20201159,3082,0.8305039073026138,158,-1.6449949853446801,True,,2711,0.7305308542171921,151
100000000000.0,0.0,20201160,0,0.0,0,,False,,0,0.0,0
100000000000.0,0.0,20201161,186,0.050121261115602264,0,-0.15937090177091395,True,,9,0.002425222312045271,0
100000000000.0,0.0,20201162,25,0.006736728644570197,0,,False,,95,0.025599568849366747,0
100000000000.0,0.0,20201163,2083,0.5613042306655888,46,-1.1405329197387521,True,,1039,0.27997844246833736,4
100000000000.0,0.0,20201164,1532,0.4128267313392617,0,0.6332227366830683,True,,1145,0.308542171921315,1
100000000000.0,0.0,20201165,595,0.16033414174077068,0,-2.7661254048856314,True,,1587,0.42764753435731606,2
100000000000.0,0.0,20201166,1,0.00026946914578280785,0,,False,,6,0.0016168148746968471,0
100000000000.0,0.0,20201167,1,0.00026946914578280785,0,3.2827760298292645,False,,54,0.014551333872271624,1
100000000000.0,0.0,20201168,287,0.07733764483966586,1,5.49050531270839,False,,31,0.008353543519267044,0
100000000000.0,0.0,20201169,22,0.005928321207221773,0,,False,,19,0.005119913769873349,0
100000000000.0,0.0,20201170,3185,0.858259229318243,356,-2.4839250101088233,True,,2936,0.7911614120183239,362
100000000000.0,0.0,20201171,1715,0.4621395850175155,20,3.426796511857102,False,,1751,0.4718404742656966,12
100000000000.0,0.0,20201172,1770,0.47696038803556995,14,-0.0958876835792708,True,,1694,0.45648073295607655,21
100000000000.0,0.0,20201173,1419,0.38237671786580435,0,-12.616659136917512,True,,401,0.10805712745890596,2
100000000000.0,0.0,20201174,21,0.005658852061438965,0,5.909826326887934,False,,5,0.0013473457289140394,0
100000000000.0,0.0,20201175,4,0.0010778765831312314,0,-0.44612193620621454,True,,15,0.004042037186742118,1
100000000000.0,0.0,20201176,1179,0.3177041228779305,1,2.0943204086148324,False,,16,0.004311506332524926,0
100000000000.0,0.0,20201177,1058,0.2850983562382107,1,-2.42227374058956,True,,2714,0.7313392616545406,181
100000000000.0,0.0,20201178,61,0.01643761789275128,0,-0.08633635169678922,True,,1072,0.28887092427917005,2
100000000000.0,0.0,20201179,15,0.004042037186742118,1,3.829948487988003,False,,38,0.010239827539746699,1
100000000000.0,0.0,20201180,2445,0.6588520614389652,20,0.9058616405436308,True,,2110,0.5685798976017246,31
100000000000.0,0.0,20201181,2845,0.7666397197520883,211,-2.470590452756083,True,,2870,0.7733764483966585,251
100000000000.0,0.0,20201182,3109,0.8377795742387497,437,-4.059682872321844,True,,3198,0.8617623282134196,654
100000000000.0,0.0,20201183,2179,0.5871732686607384,52,2.3997690540078267,False,,2199,0.5925626515763945,70
100000000000.0,0.0,20201184,909,0.24494745351657235,0,-4.815760901349639,True,,797,0.21476690918889788,0
100000000000.0,0.0,20201185,734,0.19779035300458098,0,4.063315789638989,False,,492,0.13257881972514146,0
100000000000.0,0.0,20201186,2605,0.7019671247642145,193,-2.391323405499818,True,,3068,0.8267313392616545,444
100000000000.0,0.0,20201187,269,0.07248720021557532,2,1.4444811852094634,True,,973,0.26219347884667205,1
100000000000.0,0.0,20201188,319,0.08596065750471571,0,2.919676020160641,False,,896,0.24144435462139585,1
100000000000.0,0.0,20201189,2127,0.5731608730800324,40,-2.1983608495301556,True,,2702,0.7281056319051469,239
100000000000.0,0.0,20201190,15,0.004042037186742118,1,4.651625836348318,False,,8,0.002155753166262463,1
100000000000.0,0.0,20201191,1643,0.44273780652115335,14,-2.8829607965245554,True,,190,0.05119913769873349,0
100000000000.0,0.0,20201192,2363,0.636755591484775,64,1.9307408134314588,True,,2062,0.5556453786041499,68
100000000000.0,0.0,20201193,614,0.16545405551064404,0,3.713445264193643,False,,21,0.005658852061438965,0
100000000000.0,0.0,20201194,1,0.00026946914578280785,0,-0.6510400494404052,True,,73,0.019671247642144975,0
100000000000.0,0.0,20201195,10,0.0026946914578280788,0,3.3696981002776023,False,,1,0.00026946914578280785,0
100000000000.0,0.0,20201196,0,0.0,1,5.2213529808677945,False,,0,0.0,1
100000000000.0,0.0,20201197,0,0.0,0,5.172456988053119,False,,0,0.0,0
100000000000.0,0.0,20201198,6,0.0016168148746968471,0,6.163334434039694,False,,5,0.0013473457289140394,0
100000000000.0,0.0,20201199,1171,0.315548369711668,2,3.7599536718973496,False,,1177,0.31716518458636483,0
100000000000.0,0.0,20201200,2971,0.8005928321207222,200,-2.382016021012335,True,,3055,0.823228240366478,398
133000000000.0,0.0,20201001,2645,0.7127458905955268,152,-1.3663811429320818,True,,2627,0.7078954459714363,114
133000000000.0,0.0,20201002,1543,0.41579089194287255,22,2.1764533615030124,False,,1535,0.41363513877661007,3
133000000000.0,0.0,20201003,2837,0.764483966585826,225,-1.0057621642007222,True,,2678,0.7216383724063594,218
133000000000.0,0.0,20201004,1,0.00026946914578280785,1,0.46667241055194175,True,,3,0.0008084074373484236,1
133000000000.0,0.0,20201005,2859,0.7704122877930477,178,-7.376355015605215,True,,2745,0.7396928051738076,250
133000000000.0,0.0,20201006,1927,0.5192670439234708,14,-0.6986092890962938,True,,1785,0.48100242522231207,24
133000000000.0,0.0,20201007,2531,0.6820264079762867,97,-6.177329354588388,True,,2754,0.7421180274858529,217
133000000000.0,0.0,20201008,2893,0.7795742387496631,130,-0.6728293887946633,True,,2655,0.7154405820533549,101
133000000000.0,0.0,20201009,2803,0.7553220156292104,118,-1.1643490272194796,True,,2004,0.540016168148747,24
133000000000.0,0.0,20201010,0,0.0,0,3.0059665881574547,False,,36,0.009700889248181084,0
133000000000.0,0.0,20201011,2641,0.7116680140123955,117,-3.5268297763956182,True,,3009,0.8108326596604689,382
133000000000.0,0.0,20201012,3043,0.8199946106170843,118,-0.054842477040995874,True,,2808,0.7566693613581245,145
133000000000.0,0.0,20201013,3059,0.8243061169496093,250,-4.3758602585599915,True,,3174,0.8552950687146321,809
133000000000.0,0.0,20201014,1,0.00026946914578280785,0,0.14793545282991438,True,,1,0.00026946914578280785,0
133000000000.0,0.0,20201015,2325,0.6265157639450283,44,-8.479159909235273,True,,2242,0.6041498248450552,31
133000000000.0,0.0,20201016,1442,0.38857450821880896,7,1.0835755652613415,True,,1933,0.5208838587981676,2
133000000000.0,0.0,20201017,3017,0.8129884128267313,222,-2.226165683903649,True,,2944,0.7933171651845864,310
133000000000.0,0.0,20201018,1030,0.2775532201562921,3,-0.11737015657024852,True,,1467,0.39531123686337916,10
133000000000.0,0.0,20201019,1881,0.5068714632174616,1,2.43257235038174,False,,2096,0.5648073295607653,8
133000000000.0,0.0,20201020,3025,0.8151441659929938,295,-1.3152257264016383,True,,2704,0.7286445701967125,291
133000000000.0,0.0,20201021,633,0.17057396928051738,1,-5.950966682889597,True,,84,0.02263540824575586,0
133000000000.0,0.0,20201022,2431,0.655079493398006,72,-2.2286373606117653,True,,2475,0.6669361358124495,86
133000000000.0,0.0,20201023,552,0.14874696847210994,0,2.4124932086277884,False,,190,0.05119913769873349,0
133000000000.0,0.0,20201024,2786,0.7507410401509027,227,-3.2643559103517843,True,,2800,0.7545136081918621,196
133000000000.0,0.0,20201025,1383,0.3726758286176233,2,-0.9160203647650693,True,,871,0.23470762597682565,0
133000000000.0,0.0,20201026,2703,0.7283751010509296,142,-3.442335377777394,True,,3155,0.8501751549447588,611
133000000000.0,0.0,20201027,2592,0.698464025869038,97,-1.9977548207353144,True,,3104,0.8364322285098357,424
133000000000.0,0.0,20201028,134,0.036108865534896256,0,0.39347676663602993,True,,1007,0.27135542980328753,0
133000000000.0,0.0,20201029,2114,0.5696577741848559,71,-2.37686655030506,True,,2589,0.6976556184316896,131
133000000000.0,0.0,20201030,1994,0.5373214766909189,15,-1.7718502957198519,True,,1931,0.520344920506602,18
133000000000.0,0.0,20201031,2555,0.6884936674750741,106,-2.3867270743395075,True,,2975,0.8016707087038534,254
133000000000.0,0.0,20201032,7,0.001886284020479655,0,0.758301456265249,True,,3,0.0008084074373484236,0
133000000000.0,0.0,20201033,2462,0.663433036917273,49,0.3337441746416312,True,,2513,0.6771759633521962,69
133000000000.0,0.0,20201034,2391,0.6443007275666937,65,-1.1356129193429503,True,,2257,0.6081918620317973,62
133000000000.0,0.0,20201035,2206,0.5944489355968742,66,-1.2964899678535815,True,,2625,0.7073565076798707,173
133000000000.0,0.0,20201036,3118,0.8402047965507949,190,-4.373860219936079,True,,3156,0.8504446240905417,563
133000000000.0,0.0,20201037,1969,0.5305847480463487,36,1.6832555204519446,True,,1614,0.4349232012934519,14
133000000000.0,0.0,20201038,0,0.0,0,,False,,1,0.00026946914578280785,0
133000000000.0,0.0,20201039,66,0.01778496362166532,0,0.45427746494227517,True,,213,0.05739692805173808,0
133000000000.0,0.0,20201040,25,0.006736728644570197,0,,False,,30,0.008084074373484237,0
133000000000.0,0.0,20201041,264,0.07113985448666128,0,1.9128879483224668,True,,299,0.08057127458905955,0
133000000000.0,0.0,20201042,2477,0.6674750741040151,51,0.04116257183249328,True,,2465,0.6642414443546214,69
133000000000.0,0.0,20201043,1,0.00026946914578280785,0,,False,,0,0.0,0
133000000000.0,0.0,20201044,2637,0.7105901374292644,129,1.095140485547148,True,,2325,0.6265157639450283,100
133000000000.0,0.0,20201045,0,0.0,0,1.032818464748324,True,,16,0.004311506332524926,0
133000000000.0,0.0,20201046,1616,0.4354621395850175,7,-0.12788669477456072,True,,971,0.26165454055510645,1
133000000000.0,0.0,20201047,411,0.11075181891673404,0,2.9244775000891394,False,,291,0.07841552142279709,0
133000000000.0,0.0,20201048,745,0.20075451360819185,0,2.877230014660336,False,,1643,0.44273780652115335,2
133000000000.0,0.0,20201049,15,0.004042037186742118,1,3.7900994573264355,False,,0,0.0,0
133000000000.0,0.0,20201050,1908,0.5141471301535974,25,0.8436689688656847,True,,1219,0.3284828887092428,6
133000000000.0,0.0,20201051,1720,0.46348693074642955,20,-0.006416818223924814,True,,1720,0.46348693074642955,19
133000000000.0,0.0,20201052,2498,0.6731339261654541,66,0.0420435517578408,True,,2629,0.7084343842630019,61
133000000000.0,0.0,20201053,1,0.00026946914578280785,0,-2.7130160873382616,True,,2236,0.6025330099703584,64
133000000000.0,0.0,20201054,2231,0.6011856642414444,28,2.1812727095783657,False,,2928,0.7890056588520614,172
133000000000.0,0.0,20201055,1686,0.45432497978981407,17,-1.4088857748805914,True,,2128,0.5734303422258151,38
133000000000.0,0.0,20201056,1547,0.4168687685260038,0,3.2771410927268514,False,,1183,0.3187819994610617,3
133000000000.0,0.0,20201057,2531,0.6820264079762867,35,-0.42768587970424754,True,,2053,0.5532201562921045,27
133000000000.0,0.0,20201058,2083,0.5613042306655888,80,1.8505413062698093,True,,2384,0.6424144435462139,86
133000000000.0,0.0,20201059,2045,0.551064403125842,13,1.8577349843081201,True,,2038,0.5491781191053624,7
133000000000.0,0.0,20201060,0,0.0,0,4.614610797254605,False,,1,0.00026946914578280785,0
133000000000.0,0.0,20201061,19,0.005119913769873349,0,-1.6139060125523086,True,,701,0.18889787119374832,0
133000000000.0,0.0,20201062,2146,0.5782807868499057,28,-1.4212384836452125,True,,2401,0.6469954190245217,54
133000000000.0,0.0,20201063,2009,0.541363513877661,24,0.6605173698425908,True,,2046,0.5513338722716249,25
133000000000.0,0.0,20201064,1978,0.5330099703583939,9,-0.6568744931147492,True,,1445,0.38938291565615735,1
133000000000.0,0.0,20201065,8,0.002155753166262463,0,6.428482832433176,False,,98,0.026407976286715172,0
133000000000.0,0.0,20201066,1,0.00026946914578280785,0,-5.717999137859049,True,,74,0.019940716787927783,0
133000000000.0,0.0,20201067,2786,0.7507410401509027,146,-5.34816904569152,True,,3128,0.842899488008623,569
133000000000.0,0.0,20201068,770,0.20749124225276205,1,4.386989928970714,False,,866,0.2333602802479116,1
133000000000.0,0.0,20201069,427,0.11506332524925895,1,-1.7658797458571192,True,,2609,0.7030450013473457,144
133000000000.0,0.0,20201070,3120,0.8407437348423605,446,-4.067193193084102,True,,3172,0.8547561304230665,716
133000000000.0,0.0,20201071,112,0.03018054432767448,0,1.1822753074479868,True,,40,0.010778765831312315,0
133000000000.0,0.0,20201072,3174,0.8552950687146321,389,-3.9936852722426552,True,,2984,0.8040959310158987,289
133000000000.0,0.0,20201073,400,0.10778765831312315,1,-4.798252626999135,True,,2479,0.6680140123955807,138
133000000000.0,0.0,20201074,0,0.0,0,,False,,0,0.0,0
133000000000.0,0.0,20201075,2127,0.5731608730800324,55,-1.0375144138060781,True,,1957,0.527351118296955,47
133000000000.0,0.0,20201076,3048,0.8213419563459984,393,-2.251167570980381,True,,3121,0.8410132039881434,565
133000000000.0,0.0,20201077,2160,0.582053354890865,45,1.608901907878808,True,,2568,0.6919967663702506,94
133000000000.0,0.0,20201078,67,0.018054432767448128,0,0.5058639900419744,True,,799,0.2153058474804635,1
133000000000.0,0.0,20201079,4,0.0010778765831312314,0,5.1760713786195955,False,,1,0.00026946914578280785,0
133000000000.0,0.0,20201080,1578,0.42522231204527083,0,-0.5090298939161109,True,,145,0.03907302613850714,1
133000000000.0,0.0,20201081,2190,0.5901374292643492,29,-11.036197980417189,True,,1916,0.5163028833198599,19
133000000000.0,0.0,20201082,235,0.06332524925895985,2,4.818717447259256,False,,49,0.013203988143357586,1
133000000000.0,0.0,20201083,3263,0.8792778226893021,553,-3.107047885519252,True,,3310,0.8919428725410941,1077
133000000000.0,0.0,20201084,2836,0.7642144974400431,227,-4.468922005444403,True,,3073,0.8280786849905686,402
133000000000.0,0.0,20201085,145,0.03907302613850714,0,1.0947234555138596,True,,700,0.18862840204796552,0
133000000000.0,0.0,20201086,2334,0.6289409862570736,54,-2.2891375909635654,True,,2253,0.6071139854486661,45
133000000000.0,0.0,20201087,1574,0.4241444354621396,20,-1.4660071201635887,True,,2392,0.6445701967124764,64
133000000000.0,0.0,20201088,266,0.07167879277822689,1,0.6257853377724256,True,,418,0.11263810293721369,2
133000000000.0,0.0,20201089,2486,0.6699002964160604,54,-1.0800219993850404,True,,1997,0.5381298841282673,34
133000000000.0,0.0,20201090,783,0.21099434114793855,1,0.991036254315155,True,,372,0.10024252223120453,0
133000000000.0,0.0,20201091,5,0.0013473457289140394,1,0.7600923524978578,True,,4,0.0010778765831312314,1
133000000000.0,0.0,20201092,1579,0.42549178119105363,17,3.509054489340441,False,,1182,0.3185125303152789,1
133000000000.0,0.0,20201093,1,0.00026946914578280785,0,-0.6939430701545044,True,,525,0.14147130153597412,0
133000000000.0,0.0,20201094,1,0.00026946914578280785,0,2.5659702977436796,False,,1,0.00026946914578280785,0
133000000000.0,0.0,20201095,1477,0.39800592832120724,0,1.228940857903868,True,,1906,0.5136081918620318,31
133000000000.0,0.0,20201096,13,0.0035030988951765024,0,1.9897429328865606,True,,93,0.025060630557801132,0
133000000000.0,0.0,20201097,119,0.032066828348154136,0,-2.6422954691211866,True,,85,0.02290487739153867,0
133000000000.0,0.0,20201098,2966,0.7992454863918081,197,-3.3523312526003872,True,,3275,0.8825114524386958,792
133000000000.0,0.0,20201099,2312,0.6230126650498518,76,2.4254539707279177,False,,2728,0.7351118296954998,153
133000000000.0,0.0,20201100,799,0.2153058474804635,0,-2.830308848423476,True,,20,0.0053893829156561575,0
133000000000.0,0.0,20201101,1372,0.3697116680140124,0,3.1809743722577064,False,,1072,0.28887092427917005,1
133000000000.0,0.0,20201102,1,0.00026946914578280785,0,2.859753079850508,False,,1,0.00026946914578280785,0
133000000000.0,0.0,20201103,1038,0.27970897332255457,0,1.1216714712380718,True,,39,0.010509296685529508,0
133000000000.0,0.0,20201104,3143,0.8469415251953651,430,-2.1740818781923643,True,,3285,0.8852061438965239,844
133000000000.0,0.0,20201105,42,0.01131770412287793,1,3.795552608855645,False,,1,0.00026946914578280785,0
133000000000.0,0.0,20201106,10,0.0026946914578280788,0,-2.866978667354557,True,,2425,0.6534626785233091,76
133000000000.0,0.0,20201107,23,0.006197790353004581,1,0.08481091669362151,True,,141,0.03799514955537591,1
133000000000.0,0.0,20201108,5,0.0013473457289140394,0,2.164500002147321,False,,20,0.0053893829156561575,0
133000000000.0,0.0,20201109,2686,0.7237941255726219,96,-1.2637915868108882,True,,2572,0.6930746429533818,85
133000000000.0,0.0,20201110,52,0.01401239558070601,0,-0.09488232965181531,True,,159,0.04284559417946645,0
133000000000.0,0.0,20201111,188,0.05066019940716788,0,-1.5583965178456571,True,,200,0.05389382915656157,0
133000000000.0,0.0,20201112,2859,0.7704122877930477,189,-3.448465653875955,True,,3037,0.8183777957423874,441
133000000000.0,0.0,20201113,626,0.16868768526003772,1,4.550503313366736,False,,1085,0.2923740231743465,0
133000000000.0,0.0,20201114,684,0.18431689571544058,0,-2.55810661719788,True,,2813,0.7580167070870385,220
133000000000.0,0.0,20201115,7,0.001886284020479655,1,1.6142806887967085,True,,4,0.0010778765831312314,0
133000000000.0,0.0,20201116,2683,0.7229857181352735,84,-8.00663297692374,True,,2463,0.6637025060630558,67
133000000000.0,0.0,20201117,337,0.09081110212880625,0,-0.45093917024199737,True,,212,0.05712745890595527,0
133000000000.0,0.0,20201118,2253,0.6071139854486661,55,-0.15884112234836678,True,,2051,0.5526812180005389,25
133000000000.0,0.0,20201119,1575,0.4244139046079224,0,-2.7854352825157953,True,,1,0.00026946914578280785,0
133000000000.0,0.0,20201120,10,0.0026946914578280788,0,-0.23055591009211973,True,,28,0.00754513608191862,0
133000000000.0,0.0,20201121,2500,0.6736728644570197,64,-2.196239844658593,True,,2445,0.6588520614389652,114
133000000000.0,0.0,20201122,3135,0.8447857720291027,307,-3.602907551193476,True,,2807,0.7563998922123417,232
133000000000.0,0.0,20201123,0,0.0,0,,False,,0,0.0,0
133000000000.0,0.0,20201124,3080,0.8299649690110482,290,-5.521133462237795,True,,2991,0.8059822150363783,341
133000000000.0,0.0,20201125,21,0.005658852061438965,1,-1.9653921634585503,True,,412,0.11102128806251685,1
133000000000.0,0.0,20201126,300,0.08084074373484236,0,-11.151783010920504,True,,1123,0.30261385071409325,0
133000000000.0,0.0,20201127,3300,0.889248181083266,304,-5.1390682102255685,True,,3264,0.8795472918350848,912
133000000000.0,0.0,20201128,7,0.001886284020479655,0,2.936891977143567,False,,358,0.09646995419024522,0
133000000000.0,0.0,20201129,1085,0.2923740231743465,4,-4.905070417111616,True,,2010,0.5416329830234439,48
133000000000.0,0.0,20201130,36,0.009700889248181084,1,1.1217715841697737,True,,1793,0.4831581783885745,14
133000000000.0,0.0,20201131,143,0.038534087846941525,0,,False,,265,0.07140932363244408,0
133000000000.0,0.0,20201132,651,0.17542441390460792,2,0.9983892216929551,True,,735,0.19805982215036377,0
133000000000.0,0.0,20201133,1003,0.2702775532201563,1,1.078620474484405,True,,971,0.26165454055510645,2
133000000000.0,0.0,20201134,3023,0.8146052277014282,265,-5.318023544483992,True,,3214,0.8660738345459444,687
133000000000.0,0.0,20201135,3163,0.8523309081110213,310,-6.072031260030239,True,,3312,0.8924818108326596,831
133000000000.0,0.0,20201136,18,0.004850444624090542,1,-6.845142363584664,True,,42,0.01131770412287793,1
133000000000.0,0.0,20201137,2308,0.6219347884667206,59,-1.2575176513503221,True,,1940,0.5227701428186473,46
133000000000.0,0.0,20201138,138,0.037186742118027485,0,-0.6917026220510101,True,,11,0.0029641606036108865,0
133000000000.0,0.0,20201139,1526,0.4112099164645648,2,3.8143066723209937,False,,1408,0.3794125572621935,1
133000000000.0,0.0,20201140,7,0.001886284020479655,0,0.4789352317007136,True,,92,0.024791161412018325,1
133000000000.0,0.0,20201141,3095,0.8340070061977903,414,-3.197204073666314,True,,3264,0.8795472918350848,795
133000000000.0,0.0,20201142,46,0.012395580706009162,0,,False,,161,0.043384532471032064,0
133000000000.0,0.0,20201143,37,0.009970358393963891,2,-0.9677562584514501,True,,1945,0.5241174885475613,0
133000000000.0,0.0,20201144,2980,0.8030180544327674,325,-3.157942320398466,True,,2954,0.7960118566424145,371
133000000000.0,0.0,20201145,1237,0.3333333333333333,4,0.9809773951035687,True,,1649,0.4443546213958502,17
133000000000.0,0.0,20201146,0,0.0,0,0.840127081285952,True,,1,0.00026946914578280785,0
133000000000.0,0.0,20201147,27,0.007275666936135812,1,0.20255924163765648,True,,279,0.07518189167340339,2
133000000000.0,0.0,20201148,1,0.00026946914578280785,0,-0.46522359678036995,True,,2,0.0005389382915656157,0
133000000000.0,0.0,20201149,26,0.007006197790353005,1,-0.35840134144819125,True,,206,0.055510644031258424,0
133000000000.0,0.0,20201150,2124,0.5723524656426839,61,-2.995525716289565,True,,2325,0.6265157639450283,47
133000000000.0,0.0,20201151,215,0.057935866343303694,0,5.967769279680883,False,,46,0.012395580706009162,1
133000000000.0,0.0,20201152,1,0.00026946914578280785,1,-0.6825965009752544,True,,1,0.00026946914578280785,1
133000000000.0,0.0,20201153,0,0.0,0,1.6612092351655905,True,,1,0.00026946914578280785,0
133000000000.0,0.0,20201154,111,0.029911075181891674,0,4.7555342842320005,False,,326,0.08784694152519537,0
133000000000.0,0.0,20201155,1238,0.33360280247911617,0,3.0652174844980804,False,,317,0.08542171921315009,0
133000000000.0,0.0,20201156,48,0.012934518997574777,0,4.1456464344217405,False,,79,0.021288062516841823,0
133000000000.0,0.0,20201157,2030,0.5470223659390999,7,-2.8937948601559853,True,,2759,0.7434653732147669,257
133000000000.0,0.0,20201158,1,0.00026946914578280785,0,-0.8268452964270443,True,,106,0.028563729452977634,0
133000000000.0,0.0,20201159,3185,0.858259229318243,247,-1.6449949853446801,True,,2594,0.6990029641606036,132
133000000000.0,0.0,20201160,0,0.0,0,,False,,0,0.0,0
133000000000.0,0.0,20201161,472,0.1271894368094853,1,-0.15937090177091395,True,,33,0.00889248181083266,0
133000000000.0,0.0,20201162,28,0.00754513608191862,0,,False,,100,0.026946914578280787,0
133000000000.0,0.0,20201163,306,0.08245755860953921,0,-1.1405329197387521,True,,1262,0.3400700619779035,2
133000000000.0,0.0,20201164,1800,0.4850444624090542,35,0.6332227366830683,True,,1983,0.534357316087308,27
133000000000.0,0.0,20201165,367,0.09889517650229049,0,-2.7661254048856314,True,,1261,0.3398005928321207,5
133000000000.0,0.0,20201166,1,0.00026946914578280785,0,,False,,6,0.0016168148746968471,0
133000000000.0,0.0,20201167,3,0.0008084074373484236,0,3.2827760298292645,False,,55,0.014820803018054433,1
133000000000.0,0.0,20201168,350,0.09431420102398276,0,5.49050531270839,False,,245,0.06601994071678793,0
133000000000.0,0.0,20201169,24,0.0064672594987873885,0,,False,,19,0.005119913769873349,0
133000000000.0,0.0,20201170,3131,0.8437078954459715,310,-2.4839250101088233,True,,3124,0.8418216114254918,450
133000000000.0,0.0,20201171,1742,0.4694152519536513,16,3.426796511857102,False,,1249,0.33656696308272704,1
133000000000.0,0.0,20201172,2069,0.5575316626246295,18,-0.0958876835792708,True,,2107,0.5677714901643762,21
133000000000.0,0.0,20201173,1771,0.47722985718135275,13,-12.616659136917512,True,,584,0.1573699811371598,1
133000000000.0,0.0,20201174,15,0.004042037186742118,0,5.909826326887934,False,,5,0.0013473457289140394,0
133000000000.0,0.0,20201175,5,0.0013473457289140394,0,-0.44612193620621454,True,,23,0.006197790353004581,1
133000000000.0,0.0,20201176,6,0.0016168148746968471,0,2.0943204086148324,False,,3,0.0008084074373484236,1
133000000000.0,0.0,20201177,669,0.18027485852869846,3,-2.42227374058956,True,,2624,0.7070870385340878,141
133000000000.0,0.0,20201178,377,0.10158986796011857,0,-0.08633635169678922,True,,1215,0.32740501212611156,0
133000000000.0,0.0,20201179,26,0.007006197790353005,0,3.829948487988003,False,,122,0.03287523578550256,0
133000000000.0,0.0,20201180,2725,0.7343034222581515,52,0.9058616405436308,True,,2530,0.6817569388305039,50
133000000000.0,0.0,20201181,2963,0.7984370789544597,171,-2.470590452756083,True,,3053,0.8226893020749124,382
133000000000.0,0.0,20201182,3147,0.8480194017784963,359,-4.059682872321844,True,,3209,0.8647264888170304,644
133000000000.0,0.0,20201183,2064,0.5561843168957155,54,2.3997690540078267,False,,2743,0.7391538668822419,98
133000000000.0,0.0,20201184,1243,0.3349501482080302,0,-4.815760901349639,True,,2204,0.5939099973053086,59
133000000000.0,0.0,20201185,1345,0.3624360010778766,0,4.063315789638989,False,,770,0.20749124225276205,0
133000000000.0,0.0,20201186,2988,0.8051738075990299,205,-2.391323405499818,True,,3277,0.8830503907302614,507
133000000000.0,0.0,20201187,1138,0.30665588790083537,1,1.4444811852094634,True,,1392,0.37510105092966856,1
133000000000.0,0.0,20201188,632,0.17030450013473458,0,2.919676020160641,False,,1847,0.49770951226084614,1
133000000000.0,0.0,20201189,2478,0.6677445432497979,55,-2.1983608495301556,True,,2771,0.7466990029641606,319
133000000000.0,0.0,20201190,27,0.007275666936135812,1,4.651625836348318,False,,9,0.002425222312045271,1
133000000000.0,0.0,20201191,1524,0.4106709781729992,0,-2.8829607965245554,True,,363,0.09781729991915926,0
133000000000.0,0.0,20201192,2685,0.7235246564268392,94,1.9307408134314588,True,,2666,0.7184047426569657,117
133000000000.0,0.0,20201193,160,0.04311506332524926,0,3.713445264193643,False,,8,0.002155753166262463,0
133000000000.0,0.0,20201194,1,0.00026946914578280785,0,-0.6510400494404052,True,,104,0.02802479116141202,0
133000000000.0,0.0,20201195,10,0.0026946914578280788,0,3.3696981002776023,False,,6,0.0016168148746968471,0
133000000000.0,0.0,20201196,0,0.0,1,5.2213529808677945,False,,1,0.00026946914578280785,1
133000000000.0,0.0,20201197,0,0.0,0,5.172456988053119,False,,12,0.0032336297493936943,0
133000000000.0,0.0,20201198,8,0.002155753166262463,0,6.163334434039694,False,,3,0.0008084074373484236,0
133000000000.0,0.0,20201199,1330,0.3583939638911345,5,3.7599536718973496,False,,1741,0.4691457828078685,14
133000000000.0,0.0,20201200,3168,0.8536782538399353,281,-2.382016021012335,True,,3145,0.8474804634869307,462
178000000000.0,0.0,20201001,2742,0.7388843977364592,130,-1.3663811429320818,True,,2410,0.649420641336567,93
178000000000.0,0.0,20201002,1468,0.39558070600916195,15,2.1764533615030124,False,,2069,0.5575316626246295,25
178000000000.0,0.0,20201003,2790,0.751818916734034,218,-1.0057621642007222,True,,2817,0.7590945836701698,215
178000000000.0,0.0,20201004,1,0.00026946914578280785,1,0.46667241055194175,True,,4,0.0010778765831312314,1
178000000000.0,0.0,20201005,2887,0.7779574238749664,178,-7.376355015605215,True,,2770,0.7464295338183778,255
178000000000.0,0.0,20201006,2197,0.5920237132848288,15,-0.6986092890962938,True,,2307,0.6216653193209377,27
178000000000.0,0.0,20201007,3167,0.8534087846941525,218,-6.177329354588388,True,,2788,0.7512799784424683,218
178000000000.0,0.0,20201008,2829,0.7623282134195635,108,-0.6728293887946633,True,,2885,0.7774184855834007,144
178000000000.0,0.0,20201009,2813,0.7580167070870385,173,-1.1643490272194796,True,,2388,0.6434923201293452,41
178000000000.0,0.0,20201010,0,0.0,0,3.0059665881574547,False,,2,0.0005389382915656157,0
178000000000.0,0.0,20201011,2887,0.7779574238749664,188,-3.5268297763956182,True,,3188,0.8590676367555915,550
178000000000.0,0.0,20201012,3124,0.8418216114254918,105,-0.054842477040995874,True,,2774,0.747507410401509,162
178000000000.0,0.0,20201013,3272,0.8817030450013473,309,-4.3758602585599915,True,,3260,0.8784694152519537,836
178000000000.0,0.0,20201014,1,0.00026946914578280785,0,0.14793545282991438,True,,1,0.00026946914578280785,0
178000000000.0,0.0,20201015,2591,0.6981945567232551,50,-8.479159909235273,True,,2436,0.65642683912692,48
178000000000.0,0.0,20201016,2220,0.5982215036378334,32,1.0835755652613415,True,,1976,0.5324710320668283,30
178000000000.0,0.0,20201017,3075,0.8286176232821342,206,-2.226165683903649,True,,3219,0.8674211802748585,558
178000000000.0,0.0,20201018,2167,0.5839396389113447,30,-0.11737015657024852,True,,1674,0.4510913500404204,14
178000000000.0,0.0,20201019,2011,0.5419024521692266,0,2.43257235038174,False,,1873,0.5047157100511991,0
178000000000.0,0.0,20201020,3205,0.8636486122338992,402,-1.3152257264016383,True,,2947,0.7941255726219348,350
178000000000.0,0.0,20201021,1255,0.3381837779574239,0,-5.950966682889597,True,,19,0.005119913769873349,0
178000000000.0,0.0,20201022,2725,0.7343034222581515,102,-2.2286373606117653,True,,2502,0.6742118027485853,61
178000000000.0,0.0,20201023,986,0.26569657774184857,1,2.4124932086277884,False,,6,0.0016168148746968471,0
178000000000.0,0.0,20201024,3100,0.8353543519267044,246,-3.2643559103517843,True,,2956,0.7965507949339801,351
178000000000.0,0.0,20201025,1675,0.4513608191862032,3,-0.9160203647650693,True,,872,0.23497709512260845,0
178000000000.0,0.0,20201026,2999,0.8081379682026408,167,-3.442335377777394,True,,3107,0.837240635947184,596
178000000000.0,0.0,20201027,2857,0.7698733495014821,203,-1.9977548207353144,True,,3086,0.8315817838857451,517
178000000000.0,0.0,20201028,468,0.12611156022635409,0,0.39347676663602993,True,,1582,0.426300188628402,0
178000000000.0,0.0,20201029,1886,0.5082188089463756,15,-2.37686655030506,True,,2832,0.7631366208569119,128
178000000000.0,0.0,20201030,2386,0.6429533818377796,35,-1.7718502957198519,True,,2405,0.6480732956076529,28
178000000000.0,0.0,20201031,2642,0.7119374831581784,140,-2.3867270743395075,True,,2935,0.790891942872541,333
178000000000.0,0.0,20201032,15,0.004042037186742118,0,0.758301456265249,True,,143,0.038534087846941525,0
178000000000.0,0.0,20201033,2674,0.7205604958232282,78,0.3337441746416312,True,,2518,0.6785233090811102,50
178000000000.0,0.0,20201034,2717,0.732147669091889,96,-1.1356129193429503,True,,2244,0.6046887631366209,61
178000000000.0,0.0,20201035,2530,0.6817569388305039,116,-1.2964899678535815,True,,2968,0.7997844246833737,225
178000000000.0,0.0,20201036,2858,0.7701428186472649,189,-4.373860219936079,True,,3146,0.8477499326327136,632
178000000000.0,0.0,20201037,2254,0.607383454594449,48,1.6832555204519446,True,,1838,0.49528428994880086,13
178000000000.0,0.0,20201038,0,0.0,0,,False,,1,0.00026946914578280785,0
178000000000.0,0.0,20201039,1003,0.2702775532201563,0,0.45427746494227517,True,,1153,0.3106979250875775,0
178000000000.0,0.0,20201040,32,0.008623012665049851,0,,False,,42,0.01131770412287793,0
178000000000.0,0.0,20201041,1416,0.38156831042845596,0,1.9128879483224668,True,,309,0.08326596604688763,1
178000000000.0,0.0,20201042,2773,0.7472379412557262,83,0.04116257183249328,True,,2525,0.6804095931015899,48
178000000000.0,0.0,20201043,2,0.0005389382915656157,0,,False,,2,0.0005389382915656157,0
178000000000.0,0.0,20201044,2859,0.7704122877930477,152,1.095140485547148,True,,2655,0.7154405820533549,123
178000000000.0,0.0,20201045,0,0.0,0,1.032818464748324,True,,46,0.012395580706009162,0
178000000000.0,0.0,20201046,1573,0.4238749663163568,12,-0.12788669477456072,True,,1412,0.3804904338453247,0
178000000000.0,0.0,20201047,1238,0.33360280247911617,0,2.9244775000891394,False,,586,0.1579089194287254,1
178000000000.0,0.0,20201048,634,0.17084343842630018,0,2.877230014660336,False,,1678,0.4521692266235516,2
178000000000.0,0.0,20201049,3,0.0008084074373484236,0,3.7900994573264355,False,,0,0.0,0
178000000000.0,0.0,20201050,1916,0.5163028833198599,27,0.8436689688656847,True,,2379,0.6410670978172999,41
178000000000.0,0.0,20201051,1544,0.41606036108865535,2,-0.006416818223924814,True,,1359,0.36620856911883587,18
178000000000.0,0.0,20201052,2732,0.7361897062786311,76,0.0420435517578408,True,,2606,0.7022365939099973,78
178000000000.0,0.0,20201053,379,0.10212880625168418,0,-2.7130160873382616,True,,2417,0.6513069253570466,56
178000000000.0,0.0,20201054,2338,0.6300188628402048,31,2.1812727095783657,False,,2546,0.6860684451630288,92
178000000000.0,0.0,20201055,2143,0.5774723794125572,22,-1.4088857748805914,True,,2196,0.5917542441390461,52
178000000000.0,0.0,20201056,1484,0.39989221234168687,0,3.2771410927268514,False,,1287,0.3468067906224737,1
178000000000.0,0.0,20201057,2494,0.6720560495823228,40,-0.42768587970424754,True,,2148,0.5788197251414713,26
178000000000.0,0.0,20201058,3112,0.838587981676098,228,1.8505413062698093,True,,1966,0.5297763406090003,45
178000000000.0,0.0,20201059,2311,0.622743195904069,11,1.8577349843081201,True,,1898,0.5114524386957693,11
178000000000.0,0.0,20201060,0,0.0,0,4.614610797254605,False,,1,0.00026946914578280785,0
178000000000.0,0.0,20201061,9,0.002425222312045271,0,-1.6139060125523086,True,,344,0.09269738614928591,0
178000000000.0,0.0,20201062,2244,0.6046887631366209,48,-1.4212384836452125,True,,2368,0.638102937213689,39
178000000000.0,0.0,20201063,2294,0.6181622204257613,23,0.6605173698425908,True,,2176,0.5863648612233899,22
178000000000.0,0.0,20201064,2054,0.5534896254378874,27,-0.6568744931147492,True,,1870,0.5039073026138507,0
178000000000.0,0.0,20201065,4,0.0010778765831312314,0,6.428482832433176,False,,15,0.004042037186742118,0
178000000000.0,0.0,20201066,905,0.24386957693344113,0,-5.717999137859049,True,,22,0.005928321207221773,0
178000000000.0,0.0,20201067,2737,0.7375370520075452,164,-5.34816904569152,True,,3169,0.8539477229857181,605
178000000000.0,0.0,20201068,1518,0.40905416329830235,1,4.386989928970714,False,,1201,0.32363244408515224,1
178000000000.0,0.0,20201069,972,0.26192400970088925,0,-1.7658797458571192,True,,2755,0.7423874966316357,107
178000000000.0,0.0,20201070,3133,0.8442468337375371,421,-4.067193193084102,True,,3218,0.8671517111290757,695
178000000000.0,0.0,20201071,87,0.023443815683104285,0,1.1822753074479868,True,,49,0.013203988143357586,0
178000000000.0,0.0,20201072,3266,0.8800862301266505,491,-3.9936852722426552,True,,3163,0.8523309081110213,511
178000000000.0,0.0,20201073,1452,0.39126919967663704,1,-4.798252626999135,True,,2944,0.7933171651845864,204
178000000000.0,0.0,20201074,0,0.0,0,,False,,0,0.0,0
178000000000.0,0.0,20201075,2598,0.7000808407437349,104,-1.0375144138060781,True,,2235,0.6022635408245756,68
178000000000.0,0.0,20201076,3217,0.8668822419832929,427,-2.251167570980381,True,,3177,0.8561034761519806,666
178000000000.0,0.0,20201077,2202,0.5933710590137429,66,1.608901907878808,True,,2490,0.6709781729991916,92
178000000000.0,0.0,20201078,473,0.12745890595526813,1,0.5058639900419744,True,,1303,0.35111829695499863,0
178000000000.0,0.0,20201079,4,0.0010778765831312314,0,5.1760713786195955,False,,1,0.00026946914578280785,0
178000000000.0,0.0,20201080,1915,0.5160334141740771,3,-0.5090298939161109,True,,90,0.024252223120452707,0
178000000000.0,0.0,20201081,2227,0.6001077876583131,33,-11.036197980417189,True,,2487,0.6701697655618432,22
178000000000.0,0.0,20201082,349,0.09404473187819995,0,4.818717447259256,False,,679,0.18296954998652654,1
178000000000.0,0.0,20201083,3261,0.8787388843977365,549,-3.107047885519252,True,,3337,0.8992185394772299,1077
178000000000.0,0.0,20201084,3049,0.8216114254917812,206,-4.468922005444403,True,,2971,0.8005928321207222,368
178000000000.0,0.0,20201085,148,0.039881433575855565,0,1.0947234555138596,True,,753,0.2029102667744543,0
178000000000.0,0.0,20201086,2595,0.6992724333063864,56,-2.2891375909635654,True,,2476,0.6672056049582323,84
178000000000.0,0.0,20201087,1578,0.42522231204527083,23,-1.4660071201635887,True,,2612,0.7038534087846942,84
178000000000.0,0.0,20201088,687,0.185125303152789,1,0.6257853377724256,True,,1616,0.4354621395850175,3
178000000000.0,0.0,20201089,2547,0.6863379143088116,66,-1.0800219993850404,True,,2208,0.5949878738884398,60
178000000000.0,0.0,20201090,970,0.26138507140932365,3,0.991036254315155,True,,284,0.07652923740231743,0
178000000000.0,0.0,20201091,24,0.0064672594987873885,1,0.7600923524978578,True,,160,0.04311506332524926,1
178000000000.0,0.0,20201092,1708,0.4602533009970358,10,3.509054489340441,False,,1595,0.42980328752357855,1
178000000000.0,0.0,20201093,1,0.00026946914578280785,0,-0.6939430701545044,True,,448,0.12072217731069793,0
178000000000.0,0.0,20201094,42,0.01131770412287793,0,2.5659702977436796,False,,1,0.00026946914578280785,0
178000000000.0,0.0,20201095,1290,0.34761519805982216,0,1.228940857903868,True,,1531,0.4125572621934788,3
178000000000.0,0.0,20201096,21,0.005658852061438965,0,1.9897429328865606,True,,115,0.030988951765022903,0
178000000000.0,0.0,20201097,465,0.12530315278900567,0,-2.6422954691211866,True,,182,0.049043384532471035,0
178000000000.0,0.0,20201098,3140,0.8461331177580167,314,-3.3523312526003872,True,,3318,0.8940986257073565,839
178000000000.0,0.0,20201099,2493,0.67178658043654,133,2.4254539707279177,False,,2764,0.744812718943681,150
178000000000.0,0.0,20201100,1805,0.48639180813796823,7,-2.830308848423476,True,,40,0.010778765831312315,0
178000000000.0,0.0,20201101,1445,0.38938291565615735,1,3.1809743722577064,False,,2380,0.6413365669630827,29
178000000000.0,0.0,20201102,1,0.00026946914578280785,0,2.859753079850508,False,,1,0.00026946914578280785,0
178000000000.0,0.0,20201103,922,0.24845055241174885,0,1.1216714712380718,True,,833,0.22446779843707895,0
178000000000.0,0.0,20201104,3175,0.855564537860415,349,-2.1740818781923643,True,,3276,0.8827809215844786,858
178000000000.0,0.0,20201105,194,0.05227701428186473,0,3.795552608855645,False,,1,0.00026946914578280785,0
178000000000.0,0.0,20201106,9,0.002425222312045271,1,-2.866978667354557,True,,2681,0.7224467798437079,112
178000000000.0,0.0,20201107,107,0.02883319859876044,1,0.08481091669362151,True,,683,0.18404742656965778,1
178000000000.0,0.0,20201108,6,0.0016168148746968471,0,2.164500002147321,False,,25,0.006736728644570197,0
178000000000.0,0.0,20201109,2912,0.7846941525195366,140,-1.2637915868108882,True,,2790,0.751818916734034,115
178000000000.0,0.0,20201110,87,0.023443815683104285,0,-0.09488232965181531,True,,194,0.05227701428186473,1
178000000000.0,0.0,20201111,220,0.059283212072217734,0,-1.5583965178456571,True,,1656,0.4462409054163298,2
178000000000.0,0.0,20201112,3129,0.8431689571544059,228,-3.448465653875955,True,,3171,0.8544866612772838,495
178000000000.0,0.0,20201113,1443,0.38884397736459175,1,4.550503313366736,False,,944,0.2543788736189706,1
178000000000.0,0.0,20201114,2222,0.598760441929399,33,-2.55810661719788,True,,2906,0.7830773376448397,277
178000000000.0,0.0,20201115,6,0.0016168148746968471,1,1.6142806887967085,True,,8,0.002155753166262463,0
178000000000.0,0.0,20201116,3001,0.8086769064942064,82,-8.00663297692374,True,,2353,0.6340609000269469,52
178000000000.0,0.0,20201117,787,0.2120722177310698,0,-0.45093917024199737,True,,212,0.05712745890595527,0
178000000000.0,0.0,20201118,2637,0.7105901374292644,89,-0.15884112234836678,True,,2446,0.6591215305847481,55
178000000000.0,0.0,20201119,2227,0.6001077876583131,30,-2.7854352825157953,True,,2,0.0005389382915656157,0
178000000000.0,0.0,20201120,43,0.011587173268660739,0,-0.23055591009211973,True,,68,0.018323901913230935,0
178000000000.0,0.0,20201121,2557,0.6890326057666397,78,-2.196239844658593,True,,1937,0.5219617353812989,55
178000000000.0,0.0,20201122,2912,0.7846941525195366,279,-3.602907551193476,True,,2991,0.8059822150363783,307
178000000000.0,0.0,20201123,0,0.0,0,,False,,0,0.0,0
178000000000.0,0.0,20201124,3134,0.8445163028833199,262,-5.521133462237795,True,,2757,0.7429264349232013,199
178000000000.0,0.0,20201125,16,0.004311506332524926,1,-1.9653921634585503,True,,173,0.04661816222042576,1
178000000000.0,0.0,20201126,761,0.2050660199407168,0,-11.151783010920504,True,,1373,0.3699811371597952,1
178000000000.0,0.0,20201127,3206,0.8639180813796821,366,-5.1390682102255685,True,,3303,0.8900565885206144,961
178000000000.0,0.0,20201128,68,0.018323901913230935,0,2.936891977143567,False,,1807,0.4869307464295338,1
178000000000.0,0.0,20201129,2443,0.6583131231473996,71,-4.905070417111616,True,,1853,0.499326327135543,38
178000000000.0,0.0,20201130,1963,0.5289679331716518,15,1.1217715841697737,True,,2335,0.6292104554028564,47
178000000000.0,0.0,20201131,128,0.034492050660199405,0,,False,,520,0.14012395580706008,0
178000000000.0,0.0,20201132,1741,0.4691457828078685,11,0.9983892216929551,True,,572,0.1541363513877661,1
178000000000.0,0.0,20201133,2129,0.573699811371598,14,1.078620474484405,True,,1768,0.4764214497440043,8
178000000000.0,0.0,20201134,2892,0.7793047696038804,219,-5.318023544483992,True,,3168,0.8536782538399353,728
178000000000.0,0.0,20201135,3014,0.812180005389383,370,-6.072031260030239,True,,3268,0.8806251684182161,761
178000000000.0,0.0,20201136,28,0.00754513608191862,1,-6.845142363584664,True,,6,0.0016168148746968471,1
178000000000.0,0.0,20201137,2223,0.5990299110751819,59,-1.2575176513503221,True,,2813,0.7580167070870385,164
178000000000.0,0.0,20201138,108,0.02910266774454325,0,-0.6917026220510101,True,,14,0.00377256804095931,0
178000000000.0,0.0,20201139,1643,0.44273780652115335,2,3.8143066723209937,False,,1289,0.34734572891403936,0
178000000000.0,0.0,20201140,6,0.0016168148746968471,0,0.4789352317007136,True,,287,0.07733764483966586,1
178000000000.0,0.0,20201141,3293,0.8873618970627863,544,-3.197204073666314,True,,3243,0.8738884397736459,766
178000000000.0,0.0,20201142,47,0.01266504985179197,0,,False,,172,0.046348693074642955,0
178000000000.0,0.0,20201143,855,0.23039611964430073,1,-0.9677562584514501,True,,984,0.2651576394502829,1
178000000000.0,0.0,20201144,2989,0.8054432767448128,328,-3.157942320398466,True,,3048,0.8213419563459984,462
178000000000.0,0.0,20201145,2533,0.6825653462678524,27,0.9809773951035687,True,,2653,0.7149016437617893,78
178000000000.0,0.0,20201146,0,0.0,0,0.840127081285952,True,,1,0.00026946914578280785,0
178000000000.0,0.0,20201147,81,0.021827000808407437,1,0.20255924163765648,True,,568,0.15305847480463486,1
178000000000.0,0.0,20201148,1,0.00026946914578280785,0,-0.46522359678036995,True,,2,0.0005389382915656157,0
178000000000.0,0.0,20201149,413,0.11129075720829965,0,-0.35840134144819125,True,,524,0.14120183239019132,1
178000000000.0,0.0,20201150,2363,0.636755591484775,71,-2.995525716289565,True,,2455,0.6615467528967933,53
178000000000.0,0.0,20201151,298,0.08030180544327674,0,5.967769279680883,False,,52,0.01401239558070601,0
178000000000.0,0.0,20201152,1,0.00026946914578280785,1,-0.6825965009752544,True,,1,0.00026946914578280785,1
178000000000.0,0.0,20201153,22,0.005928321207221773,0,1.6612092351655905,True,,1,0.00026946914578280785,0
178000000000.0,0.0,20201154,209,0.05631905146860684,1,4.7555342842320005,False,,694,0.18701158717326866,1
178000000000.0,0.0,20201155,1290,0.34761519805982216,0,3.0652174844980804,False,,264,0.07113985448666128,0
178000000000.0,0.0,20201156,58,0.015629210455402855,0,4.1456464344217405,False,,91,0.024521692266235517,0
178000000000.0,0.0,20201157,1256,0.3384532471032067,6,-2.8937948601559853,True,,2977,0.8022096469954191,327
178000000000.0,0.0,20201158,1,0.00026946914578280785,0,-0.8268452964270443,True,,61,0.01643761789275128,0
178000000000.0,0.0,20201159,3121,0.8410132039881434,238,-1.6449949853446801,True,,2467,0.664780382646187,125
178000000000.0,0.0,20201160,0,0.0,0,,False,,0,0.0,0
178000000000.0,0.0,20201161,496,0.1336566963082727,1,-0.15937090177091395,True,,133,0.035839396389113445,0
178000000000.0,0.0,20201162,29,0.007814605227701428,0,,False,,114,0.030719482619240096,0
178000000000.0,0.0,20201163,620,0.16707087038534088,0,-1.1405329197387521,True,,2356,0.6348693074642954,50
178000000000.0,0.0,20201164,2463,0.6637025060630558,69,0.6332227366830683,True,,2225,0.5995688493667475,48
178000000000.0,0.0,20201165,1246,0.3357585556453786,3,-2.7661254048856314,True,,2500,0.6736728644570197,75
178000000000.0,0.0,20201166,2,0.0005389382915656157,0,,False,,6,0.0016168148746968471,0
178000000000.0,0.0,20201167,5,0.0013473457289140394,1,3.2827760298292645,False,,2,0.0005389382915656157,0
178000000000.0,0.0,20201168,501,0.13500404203718674,0,5.49050531270839,False,,261,0.07033144704931285,0
178000000000.0,0.0,20201169,27,0.007275666936135812,0,,False,,16,0.004311506332524926,0
178000000000.0,0.0,20201170,3015,0.8124494745351657,376,-2.4839250101088233,True,,3095,0.8340070061977903,512
178000000000.0,0.0,20201171,2105,0.5672325518728105,22,3.426796511857102,False,,1225,0.33009970358393964,0
178000000000.0,0.0,20201172,1938,0.5222312045270816,14,-0.0958876835792708,True,,2360,0.6359471840474266,30
178000000000.0,0.0,20201173,1714,0.4618701158717327,12,-12.616659136917512,True,,1126,0.30342225815144164,0
178000000000.0,0.0,20201174,46,0.012395580706009162,0,5.909826326887934,False,,5,0.0013473457289140394,0
178000000000.0,0.0,20201175,329,0.08865534896254379,0,-0.44612193620621454,True,,324,0.08730800323362975,1
178000000000.0,0.0,20201176,1509,0.40662894098625707,1,2.0943204086148324,False,,2,0.0005389382915656157,1
178000000000.0,0.0,20201177,1747,0.47076259768256534,25,-2.42227374058956,True,,2763,0.7445432497978981,215
178000000000.0,0.0,20201178,310,0.08353543519267044,0,-0.08633635169678922,True,,1390,0.37456211263810296,0
178000000000.0,0.0,20201179,28,0.00754513608191862,0,3.829948487988003,False,,136,0.03664780382646187,1
178000000000.0,0.0,20201180,2640,0.7113985448666128,41,0.9058616405436308,True,,2484,0.6693613581244947,63
178000000000.0,0.0,20201181,2948,0.7943950417677176,204,-2.470590452756083,True,,3089,0.8323901913230936,385
178000000000.0,0.0,20201182,3194,0.8606844516302883,396,-4.059682872321844,True,,3190,0.8596065750471571,736
178000000000.0,0.0,20201183,2738,0.7378065211533279,131,2.3997690540078267,False,,2589,0.6976556184316896,77
178000000000.0,0.0,20201184,1047,0.28213419563459985,0,-4.815760901349639,True,,1869,0.5036378334680679,2
178000000000.0,0.0,20201185,1546,0.41659929938022094,1,4.063315789638989,False,,1009,0.2718943680948531,0
178000000000.0,0.0,20201186,2704,0.7286445701967125,132,-2.391323405499818,True,,3130,0.8434384263001886,629
178000000000.0,0.0,20201187,1239,0.33387227162489896,2,1.4444811852094634,True,,1741,0.4691457828078685,1
178000000000.0,0.0,20201188,1739,0.46860684451630286,10,2.919676020160641,False,,1949,0.5251953651306925,2
178000000000.0,0.0,20201189,2771,0.7466990029641606,131,-2.1983608495301556,True,,2805,0.7558609539207761,282
178000000000.0,0.0,20201190,348,0.09377526273241714,0,4.651625836348318,False,,532,0.14335758555645378,1
178000000000.0,0.0,20201191,2282,0.6149285906763675,42,-2.8829607965245554,True,,1658,0.4467798437078954,0
178000000000.0,0.0,20201192,2667,0.7186742118027486,115,1.9307408134314588,True,,2398,0.6461870115871733,89
178000000000.0,0.0,20201193,303,0.08164915117219078,0,3.713445264193643,False,,107,0.02883319859876044,0
178000000000.0,0.0,20201194,1,0.00026946914578280785,0,-0.6510400494404052,True,,475,0.12799784424683375,0
178000000000.0,0.0,20201195,474,0.12772837510105092,1,3.3696981002776023,False,,20,0.0053893829156561575,0
178000000000.0,0.0,20201196,0,0.0,1,5.2213529808677945,False,,1,0.00026946914578280785,1
178000000000.0,0.0,20201197,0,0.0,0,5.172456988053119,False,,12,0.0032336297493936943,0
178000000000.0,0.0,20201198,11,0.0029641606036108865,0,6.163334434039694,False,,3,0.0008084074373484236,0
178000000000.0,0.0,20201199,1361,0.3667475074104015,0,3.7599536718973496,False,,1578,0.42522231204527083,13
178000000000.0,0.0,20201200,3194,0.8606844516302883,353,-2.382016021012335,True,,3192,0.8601455133387227,526
237000000000.0,0.0,20201001,2937,0.7914308811641068,117,-1.3663811429320818,True,,3016,0.8127189436809485,194
237000000000.0,0.0,20201002,2619,0.7057396928051738,40,2.1764533615030124,False,,2541,0.6847210994341147,48
237000000000.0,0.0,20201003,3031,0.8167609808676907,263,-1.0057621642007222,True,,2944,0.7933171651845864,291
237000000000.0,0.0,20201004,1,0.00026946914578280785,1,0.46667241055194175,True,,5,0.0013473457289140394,1
237000000000.0,0.0,20201005,3079,0.8296954998652655,301,-7.376355015605215,True,,2947,0.7941255726219348,298
237000000000.0,0.0,20201006,2396,0.6456480732956077,26,-0.6986092890962938,True,,2298,0.6192400970088925,25
237000000000.0,0.0,20201007,3148,0.8482888709242792,283,-6.177329354588388,True,,3056,0.8234977095122609,276
237000000000.0,0.0,20201008,2911,0.7844246833737537,150,-0.6728293887946633,True,,2907,0.7833468067906225,128
237000000000.0,0.0,20201009,2757,0.7429264349232013,196,-1.1643490272194796,True,,2812,0.7577472379412558,192
237000000000.0,0.0,20201010,0,0.0,0,3.0059665881574547,False,,2,0.0005389382915656157,0
237000000000.0,0.0,20201011,3033,0.8172999191592563,216,-3.5268297763956182,True,,3241,0.8733495014820803,612
237000000000.0,0.0,20201012,3178,0.8563729452977634,168,-0.054842477040995874,True,,2921,0.7871193748315818,228
237000000000.0,0.0,20201013,2969,0.8000538938291566,324,-4.3758602585599915,True,,3333,0.8981406628940987,865
237000000000.0,0.0,20201014,1,0.00026946914578280785,0,0.14793545282991438,True,,1,0.00026946914578280785,0
237000000000.0,0.0,20201015,2736,0.7372675828617623,70,-8.479159909235273,True,,2547,0.6863379143088116,54
237000000000.0,0.0,20201016,1708,0.4602533009970358,21,1.0835755652613415,True,,1769,0.4766909188897871,3
237000000000.0,0.0,20201017,3201,0.862570735650768,439,-2.226165683903649,True,,3172,0.8547561304230665,562
237000000000.0,0.0,20201018,2058,0.5545675020210186,44,-0.11737015657024852,True,,2406,0.6483427647534358,64
237000000000.0,0.0,20201019,1670,0.45001347345728915,0,2.43257235038174,False,,547,0.1473996227431959,0
237000000000.0,0.0,20201020,3221,0.8679601185664242,512,-1.3152257264016383,True,,3048,0.8213419563459984,487
237000000000.0,0.0,20201021,1892,0.5098356238210725,0,-5.950966682889597,True,,125,0.03368364322285099,0
237000000000.0,0.0,20201022,2823,0.7607113985448666,134,-2.2286373606117653,True,,2786,0.7507410401509027,156
237000000000.0,0.0,20201023,1388,0.3740231743465373,0,2.4124932086277884,False,,1835,0.4944758825114524,2
237000000000.0,0.0,20201024,3083,0.8307733764483967,286,-3.2643559103517843,True,,2945,0.7935866343303691,264
237000000000.0,0.0,20201025,1795,0.48369711668014015,1,-0.9160203647650693,True,,1139,0.30692535704661816,0
237000000000.0,0.0,20201026,3182,0.8574508218808946,274,-3.442335377777394,True,,3168,0.8536782538399353,654
237000000000.0,0.0,20201027,2671,0.7197520883858798,125,-1.9977548207353144,True,,3111,0.8383185125303153,556
237000000000.0,0.0,20201028,555,0.14955537590945836,0,0.39347676663602993,True,,618,0.16653193209377526,0
237000000000.0,0.0,20201029,2163,0.5828617623282134,18,-2.37686655030506,True,,2428,0.6542710859606575,36
237000000000.0,0.0,20201030,2351,0.6335219617353813,45,-1.7718502957198519,True,,2491,0.6712476421449745,32
237000000000.0,0.0,20201031,2729,0.7353812988412827,201,-2.3867270743395075,True,,3062,0.8251145243869576,375
237000000000.0,0.0,20201032,17,0.004580975478307734,0,0.758301456265249,True,,144,0.038803556992724336,0
237000000000.0,0.0,20201033,2525,0.6804095931015899,75,0.3337441746416312,True,,2613,0.704122877930477,81
237000000000.0,0.0,20201034,2851,0.7682565346267852,98,-1.1356129193429503,True,,2671,0.7197520883858798,94
237000000000.0,0.0,20201035,2804,0.7555914847749933,115,-1.2964899678535815,True,,2718,0.7324171382376717,162
237000000000.0,0.0,20201036,2974,0.8014012395580706,267,-4.373860219936079,True,,3225,0.8690379951495554,752
237000000000.0,0.0,20201037,2838,0.7647534357316087,70,1.6832555204519446,True,,2161,0.5823228240366478,36
237000000000.0,0.0,20201038,0,0.0,0,,False,,2,0.0005389382915656157,0
237000000000.0,0.0,20201039,1552,0.41821611425491784,1,0.45427746494227517,True,,752,0.20264079762867152,0
237000000000.0,0.0,20201040,28,0.00754513608191862,0,,False,,48,0.012934518997574777,0
237000000000.0,0.0,20201041,2402,0.6472648881703045,46,1.9128879483224668,True,,1490,0.4015090272163837,7
237000000000.0,0.0,20201042,2965,0.7989760172460253,113,0.04116257183249328,True,,2529,0.6814874696847211,60
237000000000.0,0.0,20201043,2,0.0005389382915656157,0,,False,,2,0.0005389382915656157,0
237000000000.0,0.0,20201044,3023,0.8146052277014282,192,1.095140485547148,True,,2690,0.7248720021557532,141
237000000000.0,0.0,20201045,0,0.0,0,1.032818464748324,True,,225,0.060630557801131774,0
237000000000.0,0.0,20201046,2559,0.6895715440582053,60,-0.12788669477456072,True,,1401,0.37752627324171384,0
237000000000.0,0.0,20201047,742,0.19994610617084344,0,2.9244775000891394,False,,66,0.01778496362166532,1
237000000000.0,0.0,20201048,1973,0.5316626246294799,12,2.877230014660336,False,,1981,0.5338183777957424,2
237000000000.0,0.0,20201049,5,0.0013473457289140394,1,3.7900994573264355,False,,2,0.0005389382915656157,0
237000000000.0,0.0,20201050,2146,0.5782807868499057,46,0.8436689688656847,True,,2426,0.6537321476690919,31
237000000000.0,0.0,20201051,2196,0.5917542441390461,38,-0.006416818223924814,True,,2047,0.5516033414174077,17
237000000000.0,0.0,20201052,2825,0.7612503368364322,111,0.0420435517578408,True,,2617,0.7052007545136082,66
237000000000.0,0.0,20201053,491,0.13230935057935866,0,-2.7130160873382616,True,,2664,0.7178658043654002,82
237000000000.0,0.0,20201054,2661,0.7170573969280517,68,2.1812727095783657,False,,2710,0.7302613850714094,89
237000000000.0,0.0,20201055,2330,0.6278631096739423,34,-1.4088857748805914,True,,3034,0.8175693883050391,251
237000000000.0,0.0,20201056,1787,0.48154136351387766,0,3.2771410927268514,False,,2351,0.6335219617353813,13
237000000000.0,0.0,20201057,2752,0.7415790891942873,62,-0.42768587970424754,True,,2370,0.6386418755052546,39
237000000000.0,0.0,20201058,2729,0.7353812988412827,107,1.8505413062698093,True,,2619,0.7057396928051738,97
237000000000.0,0.0,20201059,2356,0.6348693074642954,19,1.8577349843081201,True,,925,0.24925895984909727,0
237000000000.0,0.0,20201060,58,0.015629210455402855,0,4.614610797254605,False,,1,0.00026946914578280785,0
237000000000.0,0.0,20201061,56,0.01509027216383724,0,-1.6139060125523086,True,,776,0.20910805712745892,0
237000000000.0,0.0,20201062,2853,0.7687954729183508,159,-1.4212384836452125,True,,2124,0.5723524656426839,31
237000000000.0,0.0,20201063,2328,0.6273241713823767,22,0.6605173698425908,True,,2147,0.5785502559956885,25
237000000000.0,0.0,20201064,2011,0.5419024521692266,24,-0.6568744931147492,True,,2024,0.5454055510644031,2
237000000000.0,0.0,20201065,8,0.002155753166262463,0,6.428482832433176,False,,47,0.01266504985179197,0
237000000000.0,0.0,20201066,1440,0.3880355699272433,1,-5.717999137859049,True,,1023,0.27566693613581245,1
237000000000.0,0.0,20201067,3036,0.8181083265966047,293,-5.34816904569152,True,,3217,0.8668822419832929,700
237000000000.0,0.0,20201068,1606,0.4327674481271894,1,4.386989928970714,False,,908,0.24467798437078955,2
237000000000.0,0.0,20201069,950,0.2559956884936675,1,-1.7658797458571192,True,,2757,0.7429264349232013,181
237000000000.0,0.0,20201070,3188,0.8590676367555915,451,-4.067193193084102,True,,3246,0.8746968472109944,817
237000000000.0,0.0,20201071,73,0.019671247642144975,0,1.1822753074479868,True,,72,0.019401778496362168,0
237000000000.0,0.0,20201072,3289,0.886284020479655,463,-3.9936852722426552,True,,3135,0.8447857720291027,442
237000000000.0,0.0,20201073,1810,0.48773915386688227,6,-4.798252626999135,True,,2938,0.7917003503098895,272
237000000000.0,0.0,20201074,0,0.0,0,,False,,0,0.0,0
237000000000.0,0.0,20201075,2578,0.6946914578280787,103,-1.0375144138060781,True,,2920,0.7868499056857989,292
237000000000.0,0.0,20201076,3328,0.8967933171651846,590,-2.251167570980381,True,,3277,0.8830503907302614,806
237000000000.0,0.0,20201077,2464,0.6639719752088385,60,1.608901907878808,True,,2746,0.7399622743195904,116
237000000000.0,0.0,20201078,1395,0.375909458367017,1,0.5058639900419744,True,,1005,0.27081649151172194,3
237000000000.0,0.0,20201079,5,0.0013473457289140394,1,5.1760713786195955,False,,1,0.00026946914578280785,0
237000000000.0,0.0,20201080,2030,0.5470223659390999,0,-0.5090298939161109,True,,168,0.04527081649151172,0
237000000000.0,0.0,20201081,2509,0.6760980867690649,75,-11.036197980417189,True,,2084,0.5615736998113716,21
237000000000.0,0.0,20201082,474,0.12772837510105092,1,4.818717447259256,False,,1452,0.39126919967663704,1
237000000000.0,0.0,20201083,3307,0.8911344651037456,636,-3.107047885519252,True,,3408,0.9183508488278093,1213
237000000000.0,0.0,20201084,3145,0.8474804634869307,281,-4.468922005444403,True,,3226,0.8693074642953382,505
237000000000.0,0.0,20201085,542,0.14605227701428186,1,1.0947234555138596,True,,53,0.014281864726488817,0
237000000000.0,0.0,20201086,2721,0.7332255456750202,106,-2.2891375909635654,True,,2618,0.705470223659391,74
237000000000.0,0.0,20201087,2384,0.6424144435462139,56,-1.4660071201635887,True,,2772,0.7469684721099434,157
237000000000.0,0.0,20201088,1887,0.5084882780921585,23,0.6257853377724256,True,,1925,0.5187281056319052,14
237000000000.0,0.0,20201089,2698,0.7270277553220156,78,-1.0800219993850404,True,,2522,0.6796011856642414,90
237000000000.0,0.0,20201090,1717,0.4626785233090811,3,0.991036254315155,True,,482,0.12988412826731338,1
237000000000.0,0.0,20201091,9,0.002425222312045271,1,0.7600923524978578,True,,299,0.08057127458905955,1
237000000000.0,0.0,20201092,1875,0.5052546483427648,17,3.509054489340441,False,,2205,0.5941794664510913,7
237000000000.0,0.0,20201093,1,0.00026946914578280785,0,-0.6939430701545044,True,,387,0.10428455941794665,0
237000000000.0,0.0,20201094,168,0.04527081649151172,0,2.5659702977436796,False,,2,0.0005389382915656157,0
237000000000.0,0.0,20201095,1945,0.5241174885475613,8,1.228940857903868,True,,2460,0.6628940986257074,38
237000000000.0,0.0,20201096,25,0.006736728644570197,0,1.9897429328865606,True,,140,0.0377256804095931,0
237000000000.0,0.0,20201097,595,0.16033414174077068,0,-2.6422954691211866,True,,323,0.08703853408784694,0
237000000000.0,0.0,20201098,3182,0.8574508218808946,422,-3.3523312526003872,True,,3299,0.8889787119374831,981
237000000000.0,0.0,20201099,3008,0.8105631905146861,169,2.4254539707279177,False,,2710,0.7302613850714094,190
237000000000.0,0.0,20201100,2303,0.6205874427378065,23,-2.830308848423476,True,,230,0.06197790353004581,0
237000000000.0,0.0,20201101,1264,0.34060900026946916,0,3.1809743722577064,False,,1652,0.4451630288331986,1
237000000000.0,0.0,20201102,1,0.00026946914578280785,0,2.859753079850508,False,,1,0.00026946914578280785,0
237000000000.0,0.0,20201103,1805,0.48639180813796823,0,1.1216714712380718,True,,1212,0.3265966046887631,0
237000000000.0,0.0,20201104,3198,0.8617623282134196,412,-2.1740818781923643,True,,3322,0.8951765022904877,939
237000000000.0,0.0,20201105,68,0.018323901913230935,0,3.795552608855645,False,,1,0.00026946914578280785,0
237000000000.0,0.0,20201106,73,0.019671247642144975,1,-2.866978667354557,True,,2920,0.7868499056857989,206
237000000000.0,0.0,20201107,399,0.10751818916734034,1,0.08481091669362151,True,,788,0.2123416868768526,2
237000000000.0,0.0,20201108,34,0.009161950956615468,0,2.164500002147321,False,,143,0.038534087846941525,1
237000000000.0,0.0,20201109,2958,0.7970897332255457,143,-1.2637915868108882,True,,3058,0.8240366478038265,360
237000000000.0,0.0,20201110,318,0.0856911883589329,0,-0.09488232965181531,True,,365,0.09835623821072487,0
237000000000.0,0.0,20201111,317,0.08542171921315009,0,-1.5583965178456571,True,,1149,0.30962004850444624,1
237000000000.0,0.0,20201112,3113,0.8388574508218809,267,-3.448465653875955,True,,3151,0.8490972783616276,497
237000000000.0,0.0,20201113,1231,0.3317165184586365,1,4.550503313366736,False,,722,0.19455672325518727,1
237000000000.0,0.0,20201114,2562,0.6903799514955538,41,-2.55810661719788,True,,2892,0.7793047696038804,291
237000000000.0,0.0,20201115,36,0.009700889248181084,0,1.6142806887967085,True,,11,0.0029641606036108865,0
237000000000.0,0.0,20201116,2786,0.7507410401509027,99,-8.00663297692374,True,,2660,0.716787927782269,81
237000000000.0,0.0,20201117,89,0.0239827539746699,0,-0.45093917024199737,True,,797,0.21476690918889788,0
237000000000.0,0.0,20201118,3052,0.8224198329291296,83,-0.15884112234836678,True,,2222,0.598760441929399,22
237000000000.0,0.0,20201119,2404,0.6478038264618701,12,-2.7854352825157953,True,,7,0.001886284020479655,0
237000000000.0,0.0,20201120,72,0.019401778496362168,0,-0.23055591009211973,True,,132,0.03556992724333064,0
237000000000.0,0.0,20201121,2794,0.7528967933171652,117,-2.196239844658593,True,,2695,0.7262193478846672,127
237000000000.0,0.0,20201122,3086,0.8315817838857451,297,-3.602907551193476,True,,2944,0.7933171651845864,198
237000000000.0,0.0,20201123,0,0.0,0,,False,,0,0.0,0
237000000000.0,0.0,20201124,3199,0.8620317973592023,320,-5.521133462237795,True,,3142,0.8466720560495823,353
237000000000.0,0.0,20201125,19,0.005119913769873349,1,-1.9653921634585503,True,,176,0.047426569657774184,1
237000000000.0,0.0,20201126,723,0.1948261924009701,0,-11.151783010920504,True,,1067,0.287523578550256,1
237000000000.0,0.0,20201127,3224,0.8687685260037725,440,-5.1390682102255685,True,,3345,0.9013742926434923,1040
237000000000.0,0.0,20201128,232,0.06251684182161142,0,2.936891977143567,False,,1303,0.35111829695499863,1
237000000000.0,0.0,20201129,2002,0.5394772298571814,22,-4.905070417111616,True,,2664,0.7178658043654002,89
237000000000.0,0.0,20201130,2230,0.6009161950956615,13,1.1217715841697737,True,,2134,0.575047157100512,14
237000000000.0,0.0,20201131,201,0.054163298302344384,0,,False,,471,0.1269199676637025,0
237000000000.0,0.0,20201132,1250,0.33683643222850984,2,0.9983892216929551,True,,959,0.2584209108057127,1
237000000000.0,0.0,20201133,2436,0.65642683912692,16,1.078620474484405,True,,2224,0.5992993802209647,27
237000000000.0,0.0,20201134,3157,0.8507140932363244,356,-5.318023544483992,True,,3262,0.8790083535435192,690
237000000000.0,0.0,20201135,3297,0.8884397736459175,493,-6.072031260030239,True,,3343,0.9008353543519267,888
237000000000.0,0.0,20201136,31,0.008353543519267044,1,-6.845142363584664,True,,4,0.0010778765831312314,1
237000000000.0,0.0,20201137,2506,0.6752896793317165,78,-1.2575176513503221,True,,2613,0.704122877930477,115
237000000000.0,0.0,20201138,214,0.05766639719752088,0,-0.6917026220510101,True,,40,0.010778765831312315,1
237000000000.0,0.0,20201139,1661,0.44758825114524387,3,3.8143066723209937,False,,1411,0.3802209646995419,3
237000000000.0,0.0,20201140,6,0.0016168148746968471,1,0.4789352317007136,True,,299,0.08057127458905955,1
237000000000.0,0.0,20201141,3353,0.9035300458097548,584,-3.197204073666314,True,,3392,0.9140393424952843,1100
237000000000.0,0.0,20201142,46,0.012395580706009162,0,,False,,203,0.05470223659391,0
237000000000.0,0.0,20201143,1001,0.2697386149285907,0,-0.9677562584514501,True,,441,0.11883589329021826,0
237000000000.0,0.0,20201144,3205,0.8636486122338992,368,-3.157942320398466,True,,3164,0.852600377256804,566
237000000000.0,0.0,20201145,2179,0.5871732686607384,38,0.9809773951035687,True,,2552,0.6876852600377257,85
237000000000.0,0.0,20201146,0,0.0,0,0.840127081285952,True,,1,0.00026946914578280785,0
237000000000.0,0.0,20201147,89,0.0239827539746699,1,0.20255924163765648,True,,1601,0.4314201023982754,1
237000000000.0,0.0,20201148,2,0.0005389382915656157,0,-0.46522359678036995,True,,5,0.0013473457289140394,0
237000000000.0,0.0,20201149,371,0.09997305308542172,0,-0.35840134144819125,True,,351,0.09458367016976556,0
237000000000.0,0.0,20201150,2621,0.7062786310967394,69,-2.995525716289565,True,,2651,0.7143627054702236,88
237000000000.0,0.0,20201151,241,0.06494206413365669,0,5.967769279680883,False,,86,0.023174346537321477,0
237000000000.0,0.0,20201152,1,0.00026946914578280785,1,-0.6825965009752544,True,,1,0.00026946914578280785,1
237000000000.0,0.0,20201153,25,0.006736728644570197,0,1.6612092351655905,True,,1,0.00026946914578280785,0
237000000000.0,0.0,20201154,144,0.038803556992724336,1,4.7555342842320005,False,,600,0.16168148746968472,1
237000000000.0,0.0,20201155,672,0.18108326596604687,0,3.0652174844980804,False,,1024,0.27593640528159524,0
237000000000.0,0.0,20201156,59,0.015898679601185663,0,4.1456464344217405,False,,120,0.03233629749393695,0
237000000000.0,0.0,20201157,2443,0.6583131231473996,15,-2.8937948601559853,True,,3072,0.8278092158447857,342
237000000000.0,0.0,20201158,1,0.00026946914578280785,0,-0.8268452964270443,True,,63,0.016976556184316895,0
237000000000.0,0.0,20201159,3149,0.8485583400700619,246,-1.6449949853446801,True,,2800,0.7545136081918621,171
237000000000.0,0.0,20201160,0,0.0,0,,False,,0,0.0,0
237000000000.0,0.0,20201161,380,0.10239827539746699,0,-0.15937090177091395,True,,258,0.06952303961196443,0
237000000000.0,0.0,20201162,31,0.008353543519267044,0,,False,,117,0.03152789005658852,0
237000000000.0,0.0,20201163,860,0.23174346537321477,0,-1.1405329197387521,True,,2673,0.7202910266774454,111
237000000000.0,0.0,20201164,2366,0.6375639989221235,59,0.6332227366830683,True,,2622,0.7065481002425222,86
237000000000.0,0.0,20201165,1686,0.45432497978981407,9,-2.7661254048856314,True,,2622,0.7065481002425222,83
237000000000.0,0.0,20201166,3,0.0008084074373484236,0,,False,,8,0.002155753166262463,0
237000000000.0,0.0,20201167,73,0.019671247642144975,1,3.2827760298292645,False,,4,0.0010778765831312314,1
237000000000.0,0.0,20201168,135,0.03637833468067906,0,5.49050531270839,False,,431,0.1161412018323902,0
237000000000.0,0.0,20201169,33,0.00889248181083266,0,,False,,159,0.04284559417946645,0
237000000000.0,0.0,20201170,3078,0.8294260307194826,372,-2.4839250101088233,True,,3176,0.8558340070061978,548
237000000000.0,0.0,20201171,1856,0.5001347345728914,18,3.426796511857102,False,,1985,0.5348962543788737,18
237000000000.0,0.0,20201172,2457,0.6620856911883589,26,-0.0958876835792708,True,,2516,0.6779843707895445,29
237000000000.0,0.0,20201173,2147,0.5785502559956885,24,-12.616659136917512,True,,1498,0.4036647803826462,0
237000000000.0,0.0,20201174,183,0.04931285367825384,0,5.909826326887934,False,,392,0.10563190514686069,0
237000000000.0,0.0,20201175,175,0.04715710051199138,0,-0.44612193620621454,True,,79,0.021288062516841823,2
237000000000.0,0.0,20201176,435,0.11721907841552143,0,2.0943204086148324,False,,165,0.0444624090541633,0
237000000000.0,0.0,20201177,2373,0.6394502829426031,21,-2.42227374058956,True,,2993,0.8065211533279439,285
237000000000.0,0.0,20201178,305,0.0821880894637564,0,-0.08633635169678922,True,,2122,0.5718135273511183,1
237000000000.0,0.0,20201179,56,0.01509027216383724,0,3.829948487988003,False,,181,0.048773915386688224,1
237000000000.0,0.0,20201180,2792,0.7523578550255996,45,0.9058616405436308,True,,2525,0.6804095931015899,50
237000000000.0,0.0,20201181,3109,0.8377795742387497,213,-2.470590452756083,True,,3080,0.8299649690110482,409
237000000000.0,0.0,20201182,3219,0.8674211802748585,356,-4.059682872321844,True,,3304,0.8903260576663972,811
237000000000.0,0.0,20201183,2868,0.7728375101050929,109,2.3997690540078267,False,,2701,0.727836162759364,99
237000000000.0,0.0,20201184,283,0.07625976825653463,0,-4.815760901349639,True,,2204,0.5939099973053086,29
237000000000.0,0.0,20201185,1721,0.46375639989221235,0,4.063315789638989,False,,1459,0.39315548369711667,0
237000000000.0,0.0,20201186,3020,0.8137968202640797,254,-2.391323405499818,True,,3244,0.8741579089194287,698
237000000000.0,0.0,20201187,1840,0.49582322824036645,0,1.4444811852094634,True,,1376,0.37078954459714364,1
237000000000.0,0.0,20201188,2127,0.5731608730800324,15,2.919676020160641,False,,2324,0.6262462947992455,26
237000000000.0,0.0,20201189,2924,0.7879277822689302,170,-2.1983608495301556,True,,2945,0.7935866343303691,316
237000000000.0,0.0,20201190,529,0.14254917811910536,1,4.651625836348318,False,,1127,0.3036917272972245,1
237000000000.0,0.0,20201191,1876,0.5055241174885475,19,-2.8829607965245554,True,,1186,0.3195904068984101,1
237000000000.0,0.0,20201192,2797,0.7537052007545136,99,1.9307408134314588,True,,2699,0.7272972244677984,184
237000000000.0,0.0,20201193,269,0.07248720021557532,0,3.713445264193643,False,,188,0.05066019940716788,0
237000000000.0,0.0,20201194,1,0.00026946914578280785,0,-0.6510400494404052,True,,122,0.03287523578550256,0
237000000000.0,0.0,20201195,600,0.16168148746968472,0,3.3696981002776023,False,,4,0.0010778765831312314,1
237000000000.0,0.0,20201196,0,0.0,1,5.2213529808677945,False,,1,0.00026946914578280785,1
237000000000.0,0.0,20201197,11,0.0029641606036108865,0,5.172456988053119,False,,18,0.004850444624090542,0
237000000000.0,0.0,20201198,16,0.004311506332524926,0,6.163334434039694,False,,10,0.0026946914578280788,0
237000000000.0,0.0,20201199,1834,0.4942064133656696,7,3.7599536718973496,False,,1585,0.42710859606575047,13
237000000000.0,0.0,20201200,3126,0.8423605497170574,297,-2.382016021012335,True,,3378,0.910266774454325,825
316000000000.0,0.0,20201001,2944,0.7933171651845864,236,-1.3663811429320818,True,,2839,0.7650229048773916,195
316000000000.0,0.0,20201002,2444,0.6585825922931824,26,2.1764533615030124,False,,2370,0.6386418755052546,20
316000000000.0,0.0,20201003,3099,0.8350848827809216,289,-1.0057621642007222,True,,3033,0.8172999191592563,339
316000000000.0,0.0,20201004,1,0.00026946914578280785,1,0.46667241055194175,True,,7,0.001886284020479655,1
316000000000.0,0.0,20201005,3108,0.8375101050929669,286,-7.376355015605215,True,,3135,0.8447857720291027,419
316000000000.0,0.0,20201006,2328,0.6273241713823767,17,-0.6986092890962938,True,,2524,0.680140123955807,20
316000000000.0,0.0,20201007,3186,0.8585286984640259,352,-6.177329354588388,True,,3119,0.8404742656965778,506
316000000000.0,0.0,20201008,3128,0.842899488008623,178,-0.6728293887946633,True,,2965,0.7989760172460253,158
316000000000.0,0.0,20201009,3092,0.8331985987604419,242,-1.1643490272194796,True,,2877,0.7752627324171383,136
316000000000.0,0.0,20201010,0,0.0,0,3.0059665881574547,False,,2,0.0005389382915656157,0
316000000000.0,0.0,20201011,3023,0.8146052277014282,224,-3.5268297763956182,True,,3198,0.8617623282134196,637
316000000000.0,0.0,20201012,3180,0.856911883589329,168,-0.054842477040995874,True,,3018,0.8132578819725141,277
316000000000.0,0.0,20201013,3328,0.8967933171651846,516,-4.3758602585599915,True,,3366,0.9070331447049312,982
316000000000.0,0.0,20201014,1,0.00026946914578280785,0,0.14793545282991438,True,,1,0.00026946914578280785,0
316000000000.0,0.0,20201015,2710,0.7302613850714094,67,-8.479159909235273,True,,2673,0.7202910266774454,95
316000000000.0,0.0,20201016,2517,0.6782538399353274,38,1.0835755652613415,True,,2648,0.7135542980328753,73
316000000000.0,0.0,20201017,3257,0.8776610078146052,508,-2.226165683903649,True,,3196,0.861223389921854,611
316000000000.0,0.0,20201018,2577,0.6944219886822959,60,-0.11737015657024852,True,,2804,0.7555914847749933,73
316000000000.0,0.0,20201019,507,0.13662085691188358,0,2.43257235038174,False,,1123,0.30261385071409325,2
316000000000.0,0.0,20201020,3260,0.8784694152519537,470,-1.3152257264016383,True,,3250,0.8757747237941256,533
316000000000.0,0.0,20201021,1936,0.521692266235516,9,-5.950966682889597,True,,1,0.00026946914578280785,0
316000000000.0,0.0,20201022,3006,0.8100242522231205,279,-2.2286373606117653,True,,2843,0.7661007814605227,174
316000000000.0,0.0,20201023,1509,0.40662894098625707,2,2.4124932086277884,False,,2115,0.5699272433306386,0
316000000000.0,0.0,20201024,2832,0.7631366208569119,186,-3.2643559103517843,True,,3206,0.8639180813796821,387
316000000000.0,0.0,20201025,156,0.04203718674211803,0,-0.9160203647650693,True,,2049,0.5521422797089733,11
316000000000.0,0.0,20201026,2993,0.8065211533279439,236,-3.442335377777394,True,,3247,0.8749663163567771,799
316000000000.0,0.0,20201027,3090,0.8326596604688763,235,-1.9977548207353144,True,,3235,0.8717326866073835,631
316000000000.0,0.0,20201028,1435,0.38668822419832927,0,0.39347676663602993,True,,1728,0.465642683912692,0
316000000000.0,0.0,20201029,2218,0.5976825653462678,37,-2.37686655030506,True,,2486,0.6699002964160604,50
316000000000.0,0.0,20201030,2516,0.6779843707895445,40,-1.7718502957198519,True,,2428,0.6542710859606575,27
316000000000.0,0.0,20201031,3167,0.8534087846941525,246,-2.3867270743395075,True,,3314,0.8930207491242252,527
316000000000.0,0.0,20201032,27,0.007275666936135812,0,0.758301456265249,True,,539,0.14524386957693344,0
316000000000.0,0.0,20201033,2856,0.7696038803556993,97,0.3337441746416312,True,,2471,0.6658582592293183,84
316000000000.0,0.0,20201034,3017,0.8129884128267313,148,-1.1356129193429503,True,,2638,0.7108596065750472,112
316000000000.0,0.0,20201035,2925,0.788197251414713,138,-1.2964899678535815,True,,2922,0.7873888439773646,244
316000000000.0,0.0,20201036,3283,0.8846672056049583,313,-4.373860219936079,True,,3269,0.8808946375639989,792
316000000000.0,0.0,20201037,2534,0.6828348154136351,64,1.6832555204519446,True,,2420,0.652115332794395,53
316000000000.0,0.0,20201038,0,0.0,0,,False,,2,0.0005389382915656157,0
316000000000.0,0.0,20201039,1541,0.4152519536513069,0,0.45427746494227517,True,,1988,0.535704661816222,0
316000000000.0,0.0,20201040,35,0.009431420102398275,0,,False,,32,0.008623012665049851,0
316000000000.0,0.0,20201041,2713,0.7310697925087577,31,1.9128879483224668,True,,1484,0.39989221234168687,0
316000000000.0,0.0,20201042,2907,0.7833468067906225,95,0.04116257183249328,True,,2672,0.7200215575316626,69
316000000000.0,0.0,20201043,2,0.0005389382915656157,0,,False,,2,0.0005389382915656157,0
316000000000.0,0.0,20201044,2977,0.8022096469954191,192,1.095140485547148,True,,2727,0.7348423605497171,143
316000000000.0,0.0,20201045,1,0.00026946914578280785,0,1.032818464748324,True,,75,0.02021018593371059,0
316000000000.0,0.0,20201046,2319,0.6248989490703315,21,-0.12788669477456072,True,,1370,0.3691727297224468,1
316000000000.0,0.0,20201047,559,0.1506332524925896,1,2.9244775000891394,False,,1799,0.48477499326327134,0
316000000000.0,0.0,20201048,2178,0.5869037995149555,24,2.877230014660336,False,,1650,0.444624090541633,3
316000000000.0,0.0,20201049,10,0.0026946914578280788,1,3.7900994573264355,False,,144,0.038803556992724336,1
316000000000.0,0.0,20201050,2553,0.6879547291835085,73,0.8436689688656847,True,,2897,0.7806521153327944,241
316000000000.0,0.0,20201051,2685,0.7235246564268392,68,-0.006416818223924814,True,,2401,0.6469954190245217,20
316000000000.0,0.0,20201052,2907,0.7833468067906225,108,0.0420435517578408,True,,2764,0.744812718943681,92
316000000000.0,0.0,20201053,174,0.04688763136620857,0,-2.7130160873382616,True,,2870,0.7733764483966585,143
316000000000.0,0.0,20201054,2872,0.7739153866882242,164,2.1812727095783657,False,,2134,0.575047157100512,48
316000000000.0,0.0,20201055,2391,0.6443007275666937,35,-1.4088857748805914,True,,3153,0.8496362166531932,393
316000000000.0,0.0,20201056,2208,0.5949878738884398,16,3.2771410927268514,False,,1696,0.45701967124764215,3
316000000000.0,0.0,20201057,2837,0.764483966585826,70,-0.42768587970424754,True,,2518,0.6785233090811102,32
316000000000.0,0.0,20201058,3033,0.8172999191592563,149,1.8505413062698093,True,,2774,0.747507410401509,82
316000000000.0,0.0,20201059,2443,0.6583131231473996,28,1.8577349843081201,True,,1564,0.4214497440043115,2
316000000000.0,0.0,20201060,25,0.006736728644570197,0,4.614610797254605,False,,1,0.00026946914578280785,0
316000000000.0,0.0,20201061,426,0.11479385610347616,0,-1.6139060125523086,True,,1117,0.3009970358393964,0
316000000000.0,0.0,20201062,2384,0.6424144435462139,25,-1.4212384836452125,True,,2645,0.7127458905955268,74
316000000000.0,0.0,20201063,2417,0.6513069253570466,35,0.6605173698425908,True,,2353,0.6340609000269469,23
316000000000.0,0.0,20201064,2398,0.6461870115871733,18,-0.6568744931147492,True,,2429,0.6545405551064403,19
316000000000.0,0.0,20201065,13,0.0035030988951765024,0,6.428482832433176,False,,256,0.06898410132039881,0
316000000000.0,0.0,20201066,364,0.09808676906494207,1,-5.717999137859049,True,,700,0.18862840204796552,0
316000000000.0,0.0,20201067,3161,0.8517919698194557,283,-5.34816904569152,True,,3297,0.8884397736459175,755
316000000000.0,0.0,20201068,1826,0.4920506601994072,2,4.386989928970714,False,,1595,0.42980328752357855,1
316000000000.0,0.0,20201069,1533,0.4130962004850445,3,-1.7658797458571192,True,,2941,0.792508757747238,132
316000000000.0,0.0,20201070,3337,0.8992185394772299,640,-4.067193193084102,True,,3321,0.8949070331447049,917
316000000000.0,0.0,20201071,102,0.0274858528698464,0,1.1822753074479868,True,,208,0.05604958232282404,0
316000000000.0,0.0,20201072,3289,0.886284020479655,545,-3.9936852722426552,True,,3225,0.8690379951495554,551
316000000000.0,0.0,20201073,1960,0.5281595257343035,14,-4.798252626999135,True,,3072,0.8278092158447857,314
316000000000.0,0.0,20201074,0,0.0,0,,False,,0,0.0,0
316000000000.0,0.0,20201075,2979,0.8027485852869847,169,-1.0375144138060781,True,,3048,0.8213419563459984,264
316000000000.0,0.0,20201076,3264,0.8795472918350848,542,-2.251167570980381,True,,3270,0.8811641067097817,687
316000000000.0,0.0,20201077,2808,0.7566693613581245,88,1.608901907878808,True,,2576,0.694152519536513,71
316000000000.0,0.0,20201078,1454,0.39180813796820263,1,0.5058639900419744,True,,2072,0.5583400700619779,23
316000000000.0,0.0,20201079,6,0.0016168148746968471,1,5.1760713786195955,False,,1,0.00026946914578280785,0
316000000000.0,0.0,20201080,2600,0.7006197790353005,54,-0.5090298939161109,True,,690,0.18593371059013744,0
316000000000.0,0.0,20201081,2582,0.6957693344112099,64,-11.036197980417189,True,,2475,0.6669361358124495,34
316000000000.0,0.0,20201082,772,0.20803018054432768,1,4.818717447259256,False,,98,0.026407976286715172,0
316000000000.0,0.0,20201083,3369,0.9078415521422797,714,-3.107047885519252,True,,3417,0.9207760711398545,1375
316000000000.0,0.0,20201084,3158,0.8509835623821073,377,-4.468922005444403,True,,3218,0.8671517111290757,540
316000000000.0,0.0,20201085,135,0.03637833468067906,1,1.0947234555138596,True,,1756,0.4731878199946106,0
316000000000.0,0.0,20201086,2786,0.7507410401509027,101,-2.2891375909635654,True,,2610,0.7033144704931286,61
316000000000.0,0.0,20201087,2678,0.7216383724063594,52,-1.4660071201635887,True,,2811,0.7574777687954729,151
316000000000.0,0.0,20201088,2229,0.6006467259498788,22,0.6257853377724256,True,,2482,0.6688224198329291,25
316000000000.0,0.0,20201089,2822,0.7604419293990838,89,-1.0800219993850404,True,,2590,0.6979250875774724,100
316000000000.0,0.0,20201090,2586,0.6968472109943411,21,0.991036254315155,True,,1646,0.44354621395850174,1
316000000000.0,0.0,20201091,4,0.0010778765831312314,1,0.7600923524978578,True,,376,0.10132039881433576,1
316000000000.0,0.0,20201092,2639,0.71112907572083,19,3.509054489340441,False,,1603,0.43195904068984103,3
316000000000.0,0.0,20201093,1,0.00026946914578280785,0,-0.6939430701545044,True,,996,0.26839126919967665,1
316000000000.0,0.0,20201094,39,0.010509296685529508,0,2.5659702977436796,False,,198,0.05335489086499596,1
316000000000.0,0.0,20201095,2631,0.7089733225545675,39,1.228940857903868,True,,2489,0.6707087038534087,66
316000000000.0,0.0,20201096,63,0.016976556184316895,0,1.9897429328865606,True,,161,0.043384532471032064,0
316000000000.0,0.0,20201097,773,0.20829964969011047,0,-2.6422954691211866,True,,350,0.09431420102398276,0
316000000000.0,0.0,20201098,3182,0.8574508218808946,336,-3.3523312526003872,True,,3337,0.8992185394772299,1029
316000000000.0,0.0,20201099,2947,0.7941255726219348,155,2.4254539707279177,False,,3125,0.8420910805712746,296
316000000000.0,0.0,20201100,2102,0.5664241444354622,11,-2.830308848423476,True,,332,0.08946375639989221,0
316000000000.0,0.0,20201101,1526,0.4112099164645648,0,3.1809743722577064,False,,1801,0.485313931554837,1
316000000000.0,0.0,20201102,1,0.00026946914578280785,0,2.859753079850508,False,,1,0.00026946914578280785,0
316000000000.0,0.0,20201103,2276,0.6133117758016707,12,1.1216714712380718,True,,355,0.09566154675289679,0
316000000000.0,0.0,20201104,3073,0.8280786849905686,336,-2.1740818781923643,True,,3345,0.9013742926434923,955
316000000000.0,0.0,20201105,554,0.14928590676367556,0,3.795552608855645,False,,327,0.08811641067097817,0
316000000000.0,0.0,20201106,41,0.011048234977095122,0,-2.866978667354557,True,,2944,0.7933171651845864,269
316000000000.0,0.0,20201107,433,0.1166801401239558,1,0.08481091669362151,True,,1289,0.34734572891403936,1
316000000000.0,0.0,20201108,109,0.029372136890326056,0,2.164500002147321,False,,203,0.05470223659391,1
316000000000.0,0.0,20201109,2967,0.799514955537591,172,-1.2637915868108882,True,,2795,0.753166262462948,144
316000000000.0,0.0,20201110,1334,0.35947184047426567,0,-0.09488232965181531,True,,843,0.22716248989490703,0
316000000000.0,0.0,20201111,470,0.1266504985179197,0,-1.5583965178456571,True,,2108,0.568040959310159,0
316000000000.0,0.0,20201112,3072,0.8278092158447857,259,-3.448465653875955,True,,3281,0.8841282673133927,708
316000000000.0,0.0,20201113,1873,0.5047157100511991,3,4.550503313366736,False,,1758,0.4737267582861762,0
316000000000.0,0.0,20201114,2619,0.7057396928051738,95,-2.55810661719788,True,,2978,0.8024791161412018,340
316000000000.0,0.0,20201115,524,0.14120183239019132,0,1.6142806887967085,True,,10,0.0026946914578280788,0
316000000000.0,0.0,20201116,2984,0.8040959310158987,104,-8.00663297692374,True,,2892,0.7793047696038804,174
316000000000.0,0.0,20201117,1327,0.35758555645378604,0,-0.45093917024199737,True,,696,0.18755052546483428,0
316000000000.0,0.0,20201118,2006,0.5405551064403126,18,-0.15884112234836678,True,,1945,0.5241174885475613,23
316000000000.0,0.0,20201119,2667,0.7186742118027486,68,-2.7854352825157953,True,,10,0.0026946914578280788,0
316000000000.0,0.0,20201120,296,0.07976286715171113,0,-0.23055591009211973,True,,829,0.2233899218539477,0
316000000000.0,0.0,20201121,2858,0.7701428186472649,162,-2.196239844658593,True,,3009,0.8108326596604689,280
316000000000.0,0.0,20201122,3256,0.8773915386688225,431,-3.602907551193476,True,,3210,0.8649959579628133,585
316000000000.0,0.0,20201123,0,0.0,0,,False,,0,0.0,0
316000000000.0,0.0,20201124,3280,0.8838587981676098,334,-5.521133462237795,True,,2983,0.8038264618701159,314
316000000000.0,0.0,20201125,17,0.004580975478307734,1,-1.9653921634585503,True,,426,0.11479385610347616,1
316000000000.0,0.0,20201126,860,0.23174346537321477,0,-11.151783010920504,True,,1631,0.4395041767717596,1
316000000000.0,0.0,20201127,3240,0.8730800323362975,574,-5.1390682102255685,True,,3370,0.9081110212880625,1188
316000000000.0,0.0,20201128,271,0.07302613850714093,0,2.936891977143567,False,,2094,0.5642683912691997,1
316000000000.0,0.0,20201129,1518,0.40905416329830235,1,-4.905070417111616,True,,2522,0.6796011856642414,64
316000000000.0,0.0,20201130,2302,0.6203179735920237,14,1.1217715841697737,True,,2194,0.5912153058474805,21
316000000000.0,0.0,20201131,254,0.0684451630288332,0,,False,,293,0.0789544597143627,0
316000000000.0,0.0,20201132,1969,0.5305847480463487,23,0.9983892216929551,True,,1462,0.3939638911344651,0
316000000000.0,0.0,20201133,2284,0.6154675289679332,14,1.078620474484405,True,,2348,0.6327135542980329,22
316000000000.0,0.0,20201134,3244,0.8741579089194287,419,-5.318023544483992,True,,3276,0.8827809215844786,804
316000000000.0,0.0,20201135,3295,0.8879008353543519,588,-6.072031260030239,True,,3283,0.8846672056049583,876
316000000000.0,0.0,20201136,83,0.022365939099973052,1,-6.845142363584664,True,,6,0.0016168148746968471,1
316000000000.0,0.0,20201137,2775,0.7477768795472919,118,-1.2575176513503221,True,,2788,0.7512799784424683,173
316000000000.0,0.0,20201138,652,0.17569388305039074,0,-0.6917026220510101,True,,34,0.009161950956615468,0
316000000000.0,0.0,20201139,1978,0.5330099703583939,4,3.8143066723209937,False,,1765,0.4756130423066559,1
316000000000.0,0.0,20201140,6,0.0016168148746968471,0,0.4789352317007136,True,,943,0.2541094044731878,1
316000000000.0,0.0,20201141,3287,0.8857450821880894,696,-3.197204073666314,True,,3383,0.9116141201832391,1022
316000000000.0,0.0,20201142,46,0.012395580706009162,0,,False,,189,0.05092966855295069,0
316000000000.0,0.0,20201143,695,0.18728105631905148,0,-0.9677562584514501,True,,1112,0.29964969011048237,1
316000000000.0,0.0,20201144,3202,0.8628402047965508,425,-3.157942320398466,True,,3313,0.8927512799784425,635
316000000000.0,0.0,20201145,2641,0.7116680140123955,56,0.9809773951035687,True,,2944,0.7933171651845864,248
316000000000.0,0.0,20201146,0,0.0,0,0.840127081285952,True,,1,0.00026946914578280785,0
316000000000.0,0.0,20201147,63,0.016976556184316895,1,0.20255924163765648,True,,1474,0.3971975208838588,1
316000000000.0,0.0,20201148,12,0.0032336297493936943,0,-0.46522359678036995,True,,15,0.004042037186742118,0
316000000000.0,0.0,20201149,1611,0.43411479385610346,1,-0.35840134144819125,True,,1807,0.4869307464295338,1
316000000000.0,0.0,20201150,2714,0.7313392616545406,88,-2.995525716289565,True,,2561,0.6901104823497709,97
316000000000.0,0.0,20201151,415,0.11182969549986527,0,5.967769279680883,False,,445,0.11991376987334951,1
316000000000.0,0.0,20201152,1,0.00026946914578280785,1,-0.6825965009752544,True,,1,0.00026946914578280785,1
316000000000.0,0.0,20201153,36,0.009700889248181084,0,1.6612092351655905,True,,1,0.00026946914578280785,0
316000000000.0,0.0,20201154,514,0.13850714093236324,1,4.7555342842320005,False,,683,0.18404742656965778,1
316000000000.0,0.0,20201155,1332,0.3589329021827001,1,3.0652174844980804,False,,565,0.15225006736728644,0
316000000000.0,0.0,20201156,72,0.019401778496362168,0,4.1456464344217405,False,,104,0.02802479116141202,0
316000000000.0,0.0,20201157,1838,0.49528428994880086,14,-2.8937948601559853,True,,3117,0.8399353274050121,418
316000000000.0,0.0,20201158,3,0.0008084074373484236,0,-0.8268452964270443,True,,97,0.026138507140932365,0
316000000000.0,0.0,20201159,3293,0.8873618970627863,208,-1.6449949853446801,True,,2953,0.7957423874966316,203
316000000000.0,0.0,20201160,0,0.0,0,,False,,0,0.0,0
316000000000.0,0.0,20201161,721,0.19428725410940448,3,-0.15937090177091395,True,,228,0.06143896523848019,0
316000000000.0,0.0,20201162,32,0.008623012665049851,0,,False,,129,0.034761519805982216,0
316000000000.0,0.0,20201163,2008,0.5410940447318782,30,-1.1405329197387521,True,,2575,0.6938830503907303,48
316000000000.0,0.0,20201164,2888,0.7782268930207491,83,0.6332227366830683,True,,2770,0.7464295338183778,94
316000000000.0,0.0,20201165,2792,0.7523578550255996,59,-2.7661254048856314,True,,2615,0.7046618162220426,84
316000000000.0,0.0,20201166,4,0.0010778765831312314,0,,False,,9,0.002425222312045271,0
316000000000.0,0.0,20201167,186,0.050121261115602264,1,3.2827760298292645,False,,32,0.008623012665049851,1
316000000000.0,0.0,20201168,154,0.04149824845055241,0,5.49050531270839,False,,583,0.15710051199137698,0
316000000000.0,0.0,20201169,34,0.009161950956615468,0,,False,,388,0.10455402856372946,0
316000000000.0,0.0,20201170,3266,0.8800862301266505,493,-2.4839250101088233,True,,3245,0.8744273780652115,699
316000000000.0,0.0,20201171,2223,0.5990299110751819,16,3.426796511857102,False,,2015,0.5429803287523579,2
316000000000.0,0.0,20201172,2511,0.6766370250606305,30,-0.0958876835792708,True,,2567,0.6917272972244678,40
316000000000.0,0.0,20201173,1957,0.527351118296955,24,-12.616659136917512,True,,1991,0.5365130692535705,0
316000000000.0,0.0,20201174,156,0.04203718674211803,1,5.909826326887934,False,,136,0.03664780382646187,0
316000000000.0,0.0,20201175,1472,0.3966585825922932,2,-0.44612193620621454,True,,964,0.25976825653462676,0
316000000000.0,0.0,20201176,1790,0.4823497709512261,1,2.0943204086148324,False,,411,0.11075181891673404,0
316000000000.0,0.0,20201177,2508,0.6758286176232822,70,-2.42227374058956,True,,3065,0.8259229318243061,327
316000000000.0,0.0,20201178,579,0.15602263540824576,1,-0.08633635169678922,True,,2061,0.555375909458367,0
316000000000.0,0.0,20201179,43,0.011587173268660739,0,3.829948487988003,False,,1870,0.5039073026138507,0
316000000000.0,0.0,20201180,2926,0.7884667205604958,60,0.9058616405436308,True,,2728,0.7351118296954998,86
316000000000.0,0.0,20201181,3146,0.8477499326327136,266,-2.470590452756083,True,,3100,0.8353543519267044,540
316000000000.0,0.0,20201182,3261,0.8787388843977365,406,-4.059682872321844,True,,3391,0.9137698733495014,976
316000000000.0,0.0,20201183,2886,0.7776879547291835,157,2.3997690540078267,False,,2929,0.7892751279978443,155
316000000000.0,0.0,20201184,532,0.14335758555645378,0,-4.815760901349639,True,,2307,0.6216653193209377,33
316000000000.0,0.0,20201185,2154,0.5804365400161682,11,4.063315789638989,False,,1806,0.486661277283751,0
316000000000.0,0.0,20201186,2920,0.7868499056857989,163,-2.391323405499818,True,,3346,0.9016437617892751,806
316000000000.0,0.0,20201187,1879,0.506332524925896,19,1.4444811852094634,True,,2329,0.6275936405281596,16
316000000000.0,0.0,20201188,2410,0.649420641336567,21,2.919676020160641,False,,1675,0.4513608191862032,9
316000000000.0,0.0,20201189,2854,0.7690649420641337,138,-2.1983608495301556,True,,3122,0.8412826731339261,396
316000000000.0,0.0,20201190,456,0.12287793047696038,1,4.651625836348318,False,,467,0.12584209108057126,0
316000000000.0,0.0,20201191,2735,0.7369981137159796,52,-2.8829607965245554,True,,1627,0.4384263001886284,0
316000000000.0,0.0,20201192,2893,0.7795742387496631,140,1.9307408134314588,True,,2780,0.7491242252762059,152
316000000000.0,0.0,20201193,46,0.012395580706009162,1,3.713445264193643,False,,382,0.10293721368903261,0
316000000000.0,0.0,20201194,51,0.0137429264349232,0,-0.6510400494404052,True,,193,0.05200754513608192,0
316000000000.0,0.0,20201195,1302,0.35084882780921584,1,3.3696981002776023,False,,617,0.16626246294799246,0
316000000000.0,0.0,20201196,0,0.0,1,5.2213529808677945,False,,1,0.00026946914578280785,1
316000000000.0,0.0,20201197,25,0.006736728644570197,0,5.172456988053119,False,,21,0.005658852061438965,0
316000000000.0,0.0,20201198,52,0.01401239558070601,0,6.163334434039694,False,,10,0.0026946914578280788,0
316000000000.0,0.0,20201199,2071,0.5580706009161951,5,3.7599536718973496,False,,2409,0.6491511721907841,41
316000000000.0,0.0,20201200,3183,0.8577202910266775,325,-2.382016021012335,True,,3239,0.8728105631905146,719
422000000000.0,0.0,20201001,3192,0.8601455133387227,253,-1.3663811429320818,True,,3060,0.824575586095392,249
422000000000.0,0.0,20201002,2776,0.7480463486930746,55,2.1764533615030124,False,,2158,0.5815144165992994,23
422000000000.0,0.0,20201003,3227,0.869576933441121,306,-1.0057621642007222,True,,3019,0.813527351118297,416
422000000000.0,0.0,20201004,1,0.00026946914578280785,1,0.46667241055194175,True,,2196,0.5917542441390461,2
422000000000.0,0.0,20201005,3134,0.8445163028833199,306,-7.376355015605215,True,,3170,0.8542171921315009,444
422000000000.0,0.0,20201006,2692,0.7254109404473188,42,-0.6986092890962938,True,,2591,0.6981945567232551,44
422000000000.0,0.0,20201007,3181,0.8571813527351119,341,-6.177329354588388,True,,3152,0.8493667475074104,514
422000000000.0,0.0,20201008,3243,0.8738884397736459,244,-0.6728293887946633,True,,3069,0.8270008084074374,219
422000000000.0,0.0,20201009,3142,0.8466720560495823,279,-1.1643490272194796,True,,2862,0.7712206952303962,113
422000000000.0,0.0,20201010,1,0.00026946914578280785,1,3.0059665881574547,False,,2,0.0005389382915656157,0
422000000000.0,0.0,20201011,3179,0.8566424144435462,304,-3.5268297763956182,True,,3228,0.8698464025869038,664
422000000000.0,0.0,20201012,3168,0.8536782538399353,220,-0.054842477040995874,True,,3167,0.8534087846941525,440
422000000000.0,0.0,20201013,3230,0.8703853408784694,452,-4.3758602585599915,True,,3416,0.9205066019940716,1026
422000000000.0,0.0,20201014,1,0.00026946914578280785,0,0.14793545282991438,True,,1,0.00026946914578280785,0
422000000000.0,0.0,20201015,2840,0.7652923740231743,105,-8.479159909235273,True,,2707,0.7294529776340609,86
422000000000.0,0.0,20201016,2538,0.6839126919967664,55,1.0835755652613415,True,,2859,0.7704122877930477,171
422000000000.0,0.0,20201017,3358,0.9048773915386689,675,-2.226165683903649,True,,3296,0.8881703045001348,680
422000000000.0,0.0,20201018,2376,0.6402586903799515,40,-0.11737015657024852,True,,2516,0.6779843707895445,65
422000000000.0,0.0,20201019,1157,0.31177580167070873,0,2.43257235038174,False,,1037,0.27943950417677177,1
422000000000.0,0.0,20201020,3311,0.8922123416868768,611,-1.3152257264016383,True,,3287,0.8857450821880894,780
422000000000.0,0.0,20201021,2492,0.6715171112907572,18,-5.950966682889597,True,,1,0.00026946914578280785,0
422000000000.0,0.0,20201022,2920,0.7868499056857989,187,-2.2286373606117653,True,,2893,0.7795742387496631,200
422000000000.0,0.0,20201023,2041,0.5499865265427109,4,2.4124932086277884,False,,1870,0.5039073026138507,3
422000000000.0,0.0,20201024,3038,0.8186472648881703,202,-3.2643559103517843,True,,3225,0.8690379951495554,453
422000000000.0,0.0,20201025,318,0.0856911883589329,0,-0.9160203647650693,True,,1647,0.44381568310428454,0
422000000000.0,0.0,20201026,3062,0.8251145243869576,242,-3.442335377777394,True,,3319,0.8943680948531393,838
422000000000.0,0.0,20201027,3006,0.8100242522231205,229,-1.9977548207353144,True,,3336,0.898949070331447,796
422000000000.0,0.0,20201028,2301,0.6200485044462409,11,0.39347676663602993,True,,1903,0.5127997844246833,0
422000000000.0,0.0,20201029,2638,0.7108596065750472,68,-2.37686655030506,True,,2881,0.7763406090002695,113
422000000000.0,0.0,20201030,2769,0.746160064672595,61,-1.7718502957198519,True,,2685,0.7235246564268392,45
422000000000.0,0.0,20201031,3088,0.8321207221773107,245,-2.3867270743395075,True,,3155,0.8501751549447588,398
422000000000.0,0.0,20201032,66,0.01778496362166532,0,0.758301456265249,True,,2203,0.5936405281595257,0
422000000000.0,0.0,20201033,3068,0.8267313392616545,148,0.3337441746416312,True,,2830,0.7625976825653462,120
422000000000.0,0.0,20201034,2991,0.8059822150363783,222,-1.1356129193429503,True,,2690,0.7248720021557532,64
422000000000.0,0.0,20201035,3040,0.8191862031797359,230,-1.2964899678535815,True,,3009,0.8108326596604689,264
422000000000.0,0.0,20201036,3260,0.8784694152519537,523,-4.373860219936079,True,,3281,0.8841282673133927,916
422000000000.0,0.0,20201037,3103,0.8361627593640528,140,1.6832555204519446,True,,2955,0.7962813257881972,179
422000000000.0,0.0,20201038,1,0.00026946914578280785,0,,False,,1,0.00026946914578280785,0
422000000000.0,0.0,20201039,1927,0.5192670439234708,1,0.45427746494227517,True,,1873,0.5047157100511991,3
422000000000.0,0.0,20201040,39,0.010509296685529508,0,,False,,48,0.012934518997574777,0
422000000000.0,0.0,20201041,2949,0.7946645109135004,90,1.9128879483224668,True,,2274,0.6127728375101051,3
422000000000.0,0.0,20201042,3006,0.8100242522231205,133,0.04116257183249328,True,,2734,0.7367286445701967,75
422000000000.0,0.0,20201043,2,0.0005389382915656157,0,,False,,2,0.0005389382915656157,0
422000000000.0,0.0,20201044,3007,0.8102937213689032,256,1.095140485547148,True,,3161,0.8517919698194557,355
422000000000.0,0.0,20201045,228,0.06143896523848019,0,1.032818464748324,True,,270,0.07275666936135812,0
422000000000.0,0.0,20201046,3109,0.8377795742387497,163,-0.12788669477456072,True,,2650,0.7140932363244409,37
422000000000.0,0.0,20201047,1446,0.3896523848019402,0,2.9244775000891394,False,,1755,0.47291835084882783,1
422000000000.0,0.0,20201048,2128,0.5734303422258151,28,2.877230014660336,False,,1411,0.3802209646995419,1
422000000000.0,0.0,20201049,147,0.039611964430072755,0,3.7900994573264355,False,,5,0.0013473457289140394,0
422000000000.0,0.0,20201050,2924,0.7879277822689302,91,0.8436689688656847,True,,2645,0.7127458905955268,56
422000000000.0,0.0,20201051,2469,0.6653193209377526,43,-0.006416818223924814,True,,2735,0.7369981137159796,66
422000000000.0,0.0,20201052,2954,0.7960118566424145,144,0.0420435517578408,True,,2922,0.7873888439773646,104
422000000000.0,0.0,20201053,175,0.04715710051199138,0,-2.7130160873382616,True,,2849,0.7677175963352196,91
422000000000.0,0.0,20201054,3020,0.8137968202640797,175,2.1812727095783657,False,,2858,0.7701428186472649,147
422000000000.0,0.0,20201055,2793,0.7526273241713823,85,-1.4088857748805914,True,,3025,0.8151441659929938,351
422000000000.0,0.0,20201056,2344,0.6316356777149016,22,3.2771410927268514,False,,2128,0.5734303422258151,16
422000000000.0,0.0,20201057,2779,0.7488547561304231,64,-0.42768587970424754,True,,2680,0.7221773106979251,64
422000000000.0,0.0,20201058,3268,0.8806251684182161,248,1.8505413062698093,True,,2909,0.7838857450821881,165
422000000000.0,0.0,20201059,2878,0.775532201562921,73,1.8577349843081201,True,,2354,0.6343303691727297,12
422000000000.0,0.0,20201060,83,0.022365939099973052,0,4.614610797254605,False,,1,0.00026946914578280785,0
422000000000.0,0.0,20201061,158,0.042576125033683646,0,-1.6139060125523086,True,,1576,0.4246833737537052,0
422000000000.0,0.0,20201062,2740,0.7383454594448936,56,-1.4212384836452125,True,,2188,0.5895984909727836,1
422000000000.0,0.0,20201063,2556,0.6887631366208569,30,0.6605173698425908,True,,2524,0.680140123955807,32
422000000000.0,0.0,20201064,2801,0.7547830773376448,43,-0.6568744931147492,True,,2494,0.6720560495823228,23
422000000000.0,0.0,20201065,13,0.0035030988951765024,0,6.428482832433176,False,,124,0.033414174077068176,0
422000000000.0,0.0,20201066,1838,0.49528428994880086,16,-5.717999137859049,True,,1086,0.2926434923201294,1
422000000000.0,0.0,20201067,3108,0.8375101050929669,475,-5.34816904569152,True,,3367,0.9073026138507141,912
422000000000.0,0.0,20201068,1769,0.4766909188897871,1,4.386989928970714,False,,2042,0.5502559956884937,1
422000000000.0,0.0,20201069,1797,0.48423605497170574,0,-1.7658797458571192,True,,3148,0.8482888709242792,386
422000000000.0,0.0,20201070,3275,0.8825114524386958,715,-4.067193193084102,True,,3394,0.9145782807868499,1035
422000000000.0,0.0,20201071,176,0.047426569657774184,1,1.1822753074479868,True,,189,0.05092966855295069,0
422000000000.0,0.0,20201072,3378,0.910266774454325,703,-3.9936852722426552,True,,3332,0.8978711937483158,788
422000000000.0,0.0,20201073,2761,0.7440043115063325,46,-4.798252626999135,True,,3222,0.8682295877122069,479
422000000000.0,0.0,20201074,0,0.0,0,,False,,0,0.0,0
422000000000.0,0.0,20201075,2890,0.7787658313123147,137,-1.0375144138060781,True,,2940,0.7922392886014551,270
422000000000.0,0.0,20201076,3274,0.8822419832929129,679,-2.251167570980381,True,,3304,0.8903260576663972,761
422000000000.0,0.0,20201077,2829,0.7623282134195635,120,1.608901907878808,True,,2931,0.7898140662894099,248
422000000000.0,0.0,20201078,3057,0.8237671786580436,121,0.5058639900419744,True,,2636,0.7103206682834815,59
422000000000.0,0.0,20201079,8,0.002155753166262463,0,5.1760713786195955,False,,1,0.00026946914578280785,0
422000000000.0,0.0,20201080,2412,0.6499595796281326,27,-0.5090298939161109,True,,1763,0.47507410401509026,0
422000000000.0,0.0,20201081,2535,0.683104284559418,47,-11.036197980417189,True,,2679,0.7219078415521423,33
422000000000.0,0.0,20201082,733,0.19752088385879818,1,4.818717447259256,False,,989,0.26650498517919696,1
422000000000.0,0.0,20201083,3335,0.8986796011856643,713,-3.107047885519252,True,,3368,0.9075720829964969,1254
422000000000.0,0.0,20201084,3271,0.8814335758555646,475,-4.468922005444403,True,,3201,0.862570735650768,605
422000000000.0,0.0,20201085,737,0.1985987604419294,0,1.0947234555138596,True,,1717,0.4626785233090811,2
422000000000.0,0.0,20201086,2981,0.8032875235785503,183,-2.2891375909635654,True,,2727,0.7348423605497171,76
422000000000.0,0.0,20201087,3057,0.8237671786580436,220,-1.4660071201635887,True,,3043,0.8199946106170843,205
422000000000.0,0.0,20201088,2595,0.6992724333063864,31,0.6257853377724256,True,,2468,0.6650498517919698,32
422000000000.0,0.0,20201089,2737,0.7375370520075452,93,-1.0800219993850404,True,,3041,0.8194556723255187,261
422000000000.0,0.0,20201090,2018,0.5437887361897062,14,0.991036254315155,True,,2229,0.6006467259498788,2
422000000000.0,0.0,20201091,7,0.001886284020479655,1,0.7600923524978578,True,,1444,0.38911344651037455,1
422000000000.0,0.0,20201092,2393,0.6448396658582592,29,3.509054489340441,False,,2525,0.6804095931015899,32
422000000000.0,0.0,20201093,2,0.0005389382915656157,0,-0.6939430701545044,True,,1414,0.3810293721368903,0
422000000000.0,0.0,20201094,57,0.015359741309620048,0,2.5659702977436796,False,,90,0.024252223120452707,0
422000000000.0,0.0,20201095,3204,0.8633791430881164,107,1.228940857903868,True,,2754,0.7421180274858529,71
422000000000.0,0.0,20201096,120,0.03233629749393695,0,1.9897429328865606,True,,200,0.05389382915656157,0
422000000000.0,0.0,20201097,1477,0.39800592832120724,0,-2.6422954691211866,True,,2285,0.615736998113716,20
422000000000.0,0.0,20201098,3300,0.889248181083266,526,-3.3523312526003872,True,,3416,0.9205066019940716,1244
422000000000.0,0.0,20201099,2909,0.7838857450821881,206,2.4254539707279177,False,,3103,0.8361627593640528,309
422000000000.0,0.0,20201100,2387,0.6432228509835624,20,-2.830308848423476,True,,159,0.04284559417946645,0
422000000000.0,0.0,20201101,1832,0.493667475074104,2,3.1809743722577064,False,,2292,0.6176232821341956,23
422000000000.0,0.0,20201102,8,0.002155753166262463,0,2.859753079850508,False,,1739,0.46860684451630286,0
422000000000.0,0.0,20201103,2345,0.6319051468606844,17,1.1216714712380718,True,,1149,0.30962004850444624,1
422000000000.0,0.0,20201104,3333,0.8981406628940987,554,-2.1740818781923643,True,,3417,0.9207760711398545,1141
422000000000.0,0.0,20201105,1078,0.2904877391538669,1,3.795552608855645,False,,467,0.12584209108057126,0
422000000000.0,0.0,20201106,22,0.005928321207221773,0,-2.866978667354557,True,,3130,0.8434384263001886,404
422000000000.0,0.0,20201107,1517,0.40878469415251956,1,0.08481091669362151,True,,1286,0.3465373214766909,1
422000000000.0,0.0,20201108,1806,0.486661277283751,0,2.164500002147321,False,,204,0.0549717057396928,0
422000000000.0,0.0,20201109,3066,0.826192400970089,297,-1.2637915868108882,True,,2998,0.807868499056858,215
422000000000.0,0.0,20201110,403,0.10859606575047157,0,-0.09488232965181531,True,,928,0.2500673672864457,0
422000000000.0,0.0,20201111,325,0.08757747237941256,0,-1.5583965178456571,True,,2496,0.6725949878738885,11
422000000000.0,0.0,20201112,3152,0.8493667475074104,322,-3.448465653875955,True,,3306,0.8908649959579629,659
422000000000.0,0.0,20201113,2038,0.5491781191053624,2,4.550503313366736,False,,1525,0.410940447318782,1
422000000000.0,0.0,20201114,2701,0.727836162759364,74,-2.55810661719788,True,,3191,0.85987604419294,552
422000000000.0,0.0,20201115,139,0.037456211263810296,1,1.6142806887967085,True,,20,0.0053893829156561575,0
422000000000.0,0.0,20201116,3203,0.8631096739423336,278,-8.00663297692374,True,,2981,0.8032875235785503,210
422000000000.0,0.0,20201117,1082,0.29156561573699813,1,-0.45093917024199737,True,,767,0.20668283481541364,0
422000000000.0,0.0,20201118,2536,0.6833737537052007,38,-0.15884112234836678,True,,2493,0.67178658043654,49
422000000000.0,0.0,20201119,2720,0.7329560765292374,45,-2.7854352825157953,True,,30,0.008084074373484237,0
422000000000.0,0.0,20201120,784,0.21126381029372138,0,-0.23055591009211973,True,,1737,0.46806790622473726,4
422000000000.0,0.0,20201121,3130,0.8434384263001886,256,-2.196239844658593,True,,3071,0.827539746699003,259
422000000000.0,0.0,20201122,3460,0.9323632444085153,764,-3.602907551193476,True,,3232,0.870924279170035,667
422000000000.0,0.0,20201123,0,0.0,0,,False,,0,0.0,0
422000000000.0,0.0,20201124,3279,0.883589329021827,601,-5.521133462237795,True,,3064,0.8256534626785234,386
422000000000.0,0.0,20201125,44,0.011856642414443546,1,-1.9653921634585503,True,,833,0.22446779843707895,1
422000000000.0,0.0,20201126,910,0.24521692266235515,0,-11.151783010920504,True,,2077,0.559687415790892,1
422000000000.0,0.0,20201127,3302,0.8897871193748316,557,-5.1390682102255685,True,,3419,0.9213150094314201,1278
422000000000.0,0.0,20201128,237,0.06386418755052546,0,2.936891977143567,False,,2196,0.5917542441390461,1
422000000000.0,0.0,20201129,2645,0.7127458905955268,45,-4.905070417111616,True,,3066,0.826192400970089,200
422000000000.0,0.0,20201130,155,0.04176771759633522,1,1.1217715841697737,True,,2651,0.7143627054702236,31
422000000000.0,0.0,20201131,327,0.08811641067097817,0,,False,,678,0.18270008084074374,0
422000000000.0,0.0,20201132,2534,0.6828348154136351,20,0.9983892216929551,True,,2128,0.5734303422258151,1
422000000000.0,0.0,20201133,1816,0.4893559687415791,4,1.078620474484405,True,,2476,0.6672056049582323,20
422000000000.0,0.0,20201134,3102,0.83589329021827,391,-5.318023544483992,True,,3384,0.9118835893290218,894
422000000000.0,0.0,20201135,3347,0.9019132309350579,598,-6.072031260030239,True,,3379,0.9105362436001078,1025
422000000000.0,0.0,20201136,432,0.116410670978173,1,-6.845142363584664,True,,7,0.001886284020479655,1
422000000000.0,0.0,20201137,2770,0.7464295338183778,125,-1.2575176513503221,True,,2911,0.7844246833737537,176
422000000000.0,0.0,20201138,489,0.13177041228779304,0,-0.6917026220510101,True,,137,0.036917272972244675,0
422000000000.0,0.0,20201139,2152,0.5798976017246026,12,3.8143066723209937,False,,1777,0.4788466720560496,2
422000000000.0,0.0,20201140,6,0.0016168148746968471,0,0.4789352317007136,True,,1838,0.49528428994880086,1
422000000000.0,0.0,20201141,3319,0.8943680948531393,830,-3.197204073666314,True,,3363,0.9062247372675829,1157
422000000000.0,0.0,20201142,49,0.013203988143357586,0,,False,,202,0.05443276744812719,0
422000000000.0,0.0,20201143,1587,0.42764753435731606,0,-0.9677562584514501,True,,1582,0.426300188628402,0
422000000000.0,0.0,20201144,3233,0.8711937483158179,460,-3.157942320398466,True,,3262,0.8790083535435192,653
422000000000.0,0.0,20201145,2721,0.7332255456750202,94,0.9809773951035687,True,,3101,0.8356238210724872,307
422000000000.0,0.0,20201146,0,0.0,0,0.840127081285952,True,,1,0.00026946914578280785,0
422000000000.0,0.0,20201147,186,0.050121261115602264,1,0.20255924163765648,True,,684,0.18431689571544058,2
422000000000.0,0.0,20201148,6,0.0016168148746968471,0,-0.46522359678036995,True,,30,0.008084074373484237,0
422000000000.0,0.0,20201149,145,0.03907302613850714,1,-0.35840134144819125,True,,2488,0.670439234707626,19
422000000000.0,0.0,20201150,2886,0.7776879547291835,98,-2.995525716289565,True,,2626,0.7076259768256534,98
422000000000.0,0.0,20201151,433,0.1166801401239558,0,5.967769279680883,False,,652,0.17569388305039074,0
422000000000.0,0.0,20201152,1,0.00026946914578280785,1,-0.6825965009752544,True,,131,0.03530045809754783,1
422000000000.0,0.0,20201153,67,0.018054432767448128,0,1.6612092351655905,True,,46,0.012395580706009162,0
422000000000.0,0.0,20201154,362,0.09754783077337645,0,4.7555342842320005,False,,655,0.17650229048773916,0
422000000000.0,0.0,20201155,1428,0.38480194017784963,0,3.0652174844980804,False,,2162,0.5825922931824307,10
422000000000.0,0.0,20201156,67,0.018054432767448128,0,4.1456464344217405,False,,118,0.031797359202371325,0
422000000000.0,0.0,20201157,2631,0.7089733225545675,20,-2.8937948601559853,True,,3183,0.8577202910266775,435
422000000000.0,0.0,20201158,1,0.00026946914578280785,0,-0.8268452964270443,True,,335,0.09027216383724064,0
422000000000.0,0.0,20201159,3326,0.8962543788736189,502,-1.6449949853446801,True,,3221,0.8679601185664242,430
422000000000.0,0.0,20201160,0,0.0,0,,False,,0,0.0,0
422000000000.0,0.0,20201161,1670,0.45001347345728915,1,-0.15937090177091395,True,,619,0.16680140123955808,1
422000000000.0,0.0,20201162,31,0.008353543519267044,0,,False,,135,0.03637833468067906,0
422000000000.0,0.0,20201163,2769,0.746160064672595,81,-1.1405329197387521,True,,2853,0.7687954729183508,108
422000000000.0,0.0,20201164,2708,0.7297224467798437,93,0.6332227366830683,True,,2824,0.7609808676906494,209
422000000000.0,0.0,20201165,2838,0.7647534357316087,87,-2.7661254048856314,True,,2757,0.7429264349232013,129
422000000000.0,0.0,20201166,5,0.0013473457289140394,0,,False,,12,0.0032336297493936943,0
422000000000.0,0.0,20201167,212,0.05712745890595527,0,3.2827760298292645,False,,163,0.043923470762597686,1
422000000000.0,0.0,20201168,153,0.041228779304769606,0,5.49050531270839,False,,1157,0.31177580167070873,0
422000000000.0,0.0,20201169,48,0.012934518997574777,0,,False,,30,0.008084074373484237,0
422000000000.0,0.0,20201170,3337,0.8992185394772299,538,-2.4839250101088233,True,,3355,0.9040689841013204,789
422000000000.0,0.0,20201171,2348,0.6327135542980329,24,3.426796511857102,False,,2098,0.5653462678523309,2
422000000000.0,0.0,20201172,2699,0.7272972244677984,40,-0.0958876835792708,True,,2711,0.7305308542171921,54
422000000000.0,0.0,20201173,2504,0.6747507410401509,26,-12.616659136917512,True,,2456,0.6618162220425762,26
422000000000.0,0.0,20201174,95,0.025599568849366747,0,5.909826326887934,False,,214,0.05766639719752088,0
422000000000.0,0.0,20201175,2270,0.6116949609269738,27,-0.44612193620621454,True,,1636,0.44085152250067366,0
422000000000.0,0.0,20201176,178,0.0479655079493398,0,2.0943204086148324,False,,1399,0.3769873349501482,0
422000000000.0,0.0,20201177,2895,0.7801131770412287,132,-2.42227374058956,True,,3062,0.8251145243869576,387
422000000000.0,0.0,20201178,1240,0.33414174077068176,1,-0.08633635169678922,True,,2226,0.5998383185125303,17
422000000000.0,0.0,20201179,96,0.025869037995149554,0,3.829948487988003,False,,1172,0.3158178388574508,0
422000000000.0,0.0,20201180,3052,0.8224198329291296,173,0.9058616405436308,True,,2973,0.8011317704122878,84
422000000000.0,0.0,20201181,3185,0.858259229318243,359,-2.470590452756083,True,,3242,0.8736189706278631,585
422000000000.0,0.0,20201182,3324,0.8957154405820533,524,-4.059682872321844,True,,3336,0.898949070331447,933
422000000000.0,0.0,20201183,2931,0.7898140662894099,188,2.3997690540078267,False,,2964,0.7987065481002426,205
422000000000.0,0.0,20201184,815,0.21961735381298841,1,-4.815760901349639,True,,2537,0.6836432228509836,26
422000000000.0,0.0,20201185,1730,0.46618162220425763,0,4.063315789638989,False,,1978,0.5330099703583939,0
422000000000.0,0.0,20201186,3192,0.8601455133387227,261,-2.391323405499818,True,,3292,0.8870924279170035,832
422000000000.0,0.0,20201187,2711,0.7305308542171921,31,1.4444811852094634,True,,2275,0.6130423066558879,19
422000000000.0,0.0,20201188,1895,0.510644031258421,2,2.919676020160641,False,,2053,0.5532201562921045,13
422000000000.0,0.0,20201189,2801,0.7547830773376448,214,-2.1983608495301556,True,,3139,0.845863648612234,509
422000000000.0,0.0,20201190,1063,0.28644570196712477,0,4.651625836348318,False,,415,0.11182969549986527,0
422000000000.0,0.0,20201191,3083,0.8307733764483967,288,-2.8829607965245554,True,,1732,0.4667205604958232,0
422000000000.0,0.0,20201192,2965,0.7989760172460253,179,1.9307408134314588,True,,2857,0.7698733495014821,182
422000000000.0,0.0,20201193,881,0.23740231743465373,1,3.713445264193643,False,,844,0.22743195904068983,0
422000000000.0,0.0,20201194,9,0.002425222312045271,0,-0.6510400494404052,True,,631,0.17003503098895176,0
422000000000.0,0.0,20201195,1394,0.37563998922123415,0,3.3696981002776023,False,,1408,0.3794125572621935,1
422000000000.0,0.0,20201196,0,0.0,1,5.2213529808677945,False,,4,0.0010778765831312314,1
422000000000.0,0.0,20201197,41,0.011048234977095122,0,5.172456988053119,False,,124,0.033414174077068176,0
422000000000.0,0.0,20201198,77,0.020749124225276205,0,6.163334434039694,False,,21,0.005658852061438965,1
422000000000.0,0.0,20201199,2121,0.5715440582053355,18,3.7599536718973496,False,,2421,0.6523848019401779,27
422000000000.0,0.0,20201200,3266,0.8800862301266505,331,-2.382016021012335,True,,3307,0.8911344651037456,863
562000000000.0,0.0,20201001,2902,0.7819994610617085,160,-1.3663811429320818,True,,3004,0.8094853139315549,225
562000000000.0,0.0,20201002,2775,0.7477768795472919,47,2.1764533615030124,False,,2648,0.7135542980328753,49
562000000000.0,0.0,20201003,3225,0.8690379951495554,440,-1.0057621642007222,True,,3207,0.8641875505254648,471
562000000000.0,0.0,20201004,5,0.0013473457289140394,1,0.46667241055194175,True,,2352,0.6337914308811641,8
562000000000.0,0.0,20201005,3266,0.8800862301266505,434,-7.376355015605215,True,,3115,0.8393963891134465,427
562000000000.0,0.0,20201006,2697,0.7267582861762328,30,-0.6986092890962938,True,,2844,0.7663702506063056,72
562000000000.0,0.0,20201007,3303,0.8900565885206144,435,-6.177329354588388,True,,3160,0.8515225006736729,462
562000000000.0,0.0,20201008,3170,0.8542171921315009,246,-0.6728293887946633,True,,3094,0.8337375370520076,301
562000000000.0,0.0,20201009,3201,0.862570735650768,313,-1.1643490272194796,True,,3024,0.814874696847211,199
562000000000.0,0.0,20201010,1,0.00026946914578280785,0,3.0059665881574547,False,,2,0.0005389382915656157,0
562000000000.0,0.0,20201011,3164,0.852600377256804,301,-3.5268297763956182,True,,3375,0.9094583670169766,887
562000000000.0,0.0,20201012,3168,0.8536782538399353,288,-0.054842477040995874,True,,3233,0.8711937483158179,550
562000000000.0,0.0,20201013,3324,0.8957154405820533,581,-4.3758602585599915,True,,3419,0.9213150094314201,1201
562000000000.0,0.0,20201014,1,0.00026946914578280785,0,0.14793545282991438,True,,1,0.00026946914578280785,0
562000000000.0,0.0,20201015,3011,0.8113715979520345,100,-8.479159909235273,True,,2905,0.7828078684990568,85
562000000000.0,0.0,20201016,2400,0.6467259498787389,40,1.0835755652613415,True,,2694,0.7259498787388844,56
562000000000.0,0.0,20201017,3398,0.9156561573699812,647,-2.226165683903649,True,,3393,0.9143088116410671,820
562000000000.0,0.0,20201018,2628,0.7081649151172191,75,-0.11737015657024852,True,,2826,0.761519805982215,99
562000000000.0,0.0,20201019,2648,0.7135542980328753,14,2.43257235038174,False,,1933,0.5208838587981676,0
562000000000.0,0.0,20201020,3332,0.8978711937483158,695,-1.3152257264016383,True,,3307,0.8911344651037456,713
562000000000.0,0.0,20201021,2745,0.7396928051738076,24,-5.950966682889597,True,,342,0.09215844785772029,0
562000000000.0,0.0,20201022,3200,0.8623012665049852,351,-2.2286373606117653,True,,3121,0.8410132039881434,302
562000000000.0,0.0,20201023,2173,0.5855564537860415,1,2.4124932086277884,False,,1659,0.44704931285367827,0
562000000000.0,0.0,20201024,3229,0.8701158717326866,383,-3.2643559103517843,True,,3076,0.828887092427917,450
562000000000.0,0.0,20201025,716,0.19293990838049044,0,-0.9160203647650693,True,,1661,0.44758825114524387,1
562000000000.0,0.0,20201026,3271,0.8814335758555646,378,-3.442335377777394,True,,3350,0.9027216383724064,872
562000000000.0,0.0,20201027,3256,0.8773915386688225,521,-1.9977548207353144,True,,3313,0.8927512799784425,713
562000000000.0,0.0,20201028,2173,0.5855564537860415,0,0.39347676663602993,True,,2173,0.5855564537860415,0
562000000000.0,0.0,20201029,2708,0.7297224467798437,56,-2.37686655030506,True,,2994,0.8067906224737268,158
562000000000.0,0.0,20201030,3226,0.8693074642953382,239,-1.7718502957198519,True,,2647,0.7132848288870924,38
562000000000.0,0.0,20201031,3105,0.8367016976556184,318,-2.3867270743395075,True,,3219,0.8674211802748585,500
562000000000.0,0.0,20201032,69,0.018593371059013743,0,0.758301456265249,True,,1861,0.5014820803018054,0
562000000000.0,0.0,20201033,2976,0.8019401778496362,217,0.3337441746416312,True,,2957,0.7968202640797629,167
562000000000.0,0.0,20201034,3122,0.8412826731339261,246,-1.1356129193429503,True,,3009,0.8108326596604689,157
562000000000.0,0.0,20201035,3204,0.8633791430881164,261,-1.2964899678535815,True,,3035,0.8178388574508219,307
562000000000.0,0.0,20201036,3190,0.8596065750471571,434,-4.373860219936079,True,,3366,0.9070331447049312,965
562000000000.0,0.0,20201037,2754,0.7421180274858529,72,1.6832555204519446,True,,2789,0.7515494475882512,88
562000000000.0,0.0,20201038,1,0.00026946914578280785,0,,False,,4,0.0010778765831312314,0
562000000000.0,0.0,20201039,1546,0.41659929938022094,0,0.45427746494227517,True,,2111,0.5688493667475074,1
562000000000.0,0.0,20201040,42,0.01131770412287793,0,,False,,75,0.02021018593371059,0
562000000000.0,0.0,20201041,2666,0.7184047426569657,57,1.9128879483224668,True,,2694,0.7259498787388844,51
562000000000.0,0.0,20201042,3144,0.847210994341148,284,0.04116257183249328,True,,2937,0.7914308811641068,141
562000000000.0,0.0,20201043,4,0.0010778765831312314,0,,False,,3,0.0008084074373484236,0
562000000000.0,0.0,20201044,3184,0.8579897601724602,270,1.095140485547148,True,,3069,0.8270008084074374,233
562000000000.0,0.0,20201045,2251,0.6065750471571005,9,1.032818464748324,True,,245,0.06601994071678793,1
562000000000.0,0.0,20201046,2711,0.7305308542171921,73,-0.12788669477456072,True,,2686,0.7237941255726219,33
562000000000.0,0.0,20201047,1818,0.4898949070331447,0,2.9244775000891394,False,,1492,0.40204796550794936,0
562000000000.0,0.0,20201048,2669,0.7192131500943142,32,2.877230014660336,False,,2287,0.6162759364052816,1
562000000000.0,0.0,20201049,37,0.009970358393963891,0,3.7900994573264355,False,,30,0.008084074373484237,1
562000000000.0,0.0,20201050,3012,0.8116410670978172,170,0.8436689688656847,True,,2877,0.7752627324171383,95
562000000000.0,0.0,20201051,2837,0.764483966585826,97,-0.006416818223924814,True,,2689,0.7246025330099704,58
562000000000.0,0.0,20201052,3028,0.8159525734303422,157,0.0420435517578408,True,,2940,0.7922392886014551,150
562000000000.0,0.0,20201053,182,0.049043384532471035,0,-2.7130160873382616,True,,2782,0.7496631635677715,125
562000000000.0,0.0,20201054,3145,0.8474804634869307,294,2.1812727095783657,False,,2793,0.7526273241713823,112
562000000000.0,0.0,20201055,2795,0.753166262462948,51,-1.4088857748805914,True,,3123,0.841552142279709,454
562000000000.0,0.0,20201056,2607,0.7025060630557801,22,3.2771410927268514,False,,2749,0.7407706817569388,42
562000000000.0,0.0,20201057,2942,0.7927782268930208,94,-0.42768587970424754,True,,2700,0.7275666936135813,44
562000000000.0,0.0,20201058,3236,0.8720021557531663,294,1.8505413062698093,True,,3075,0.8286176232821342,202
562000000000.0,0.0,20201059,2628,0.7081649151172191,54,1.8577349843081201,True,,2511,0.6766370250606305,21
562000000000.0,0.0,20201060,122,0.03287523578550256,0,4.614610797254605,False,,186,0.050121261115602264,0
562000000000.0,0.0,20201061,153,0.041228779304769606,0,-1.6139060125523086,True,,1684,0.45378604149824847,1
562000000000.0,0.0,20201062,2981,0.8032875235785503,131,-1.4212384836452125,True,,2541,0.6847210994341147,23
562000000000.0,0.0,20201063,2657,0.7159795203449205,26,0.6605173698425908,True,,2830,0.7625976825653462,69
562000000000.0,0.0,20201064,2809,0.7569388305039073,87,-0.6568744931147492,True,,2824,0.7609808676906494,85
562000000000.0,0.0,20201065,249,0.06709781729991916,0,6.428482832433176,False,,80,0.02155753166262463,0
562000000000.0,0.0,20201066,2530,0.6817569388305039,25,-5.717999137859049,True,,2113,0.569388305039073,0
562000000000.0,0.0,20201067,3311,0.8922123416868768,450,-5.34816904569152,True,,3394,0.9145782807868499,905
562000000000.0,0.0,20201068,1718,0.4629479924548639,2,4.386989928970714,False,,2324,0.6262462947992455,1
562000000000.0,0.0,20201069,2236,0.6025330099703584,12,-1.7658797458571192,True,,3005,0.8097547830773376,225
562000000000.0,0.0,20201070,3308,0.8914039342495285,679,-4.067193193084102,True,,3314,0.8930207491242252,947
562000000000.0,0.0,20201071,187,0.05039073026138507,0,1.1822753074479868,True,,2197,0.5920237132848288,1
562000000000.0,0.0,20201072,3445,0.9283212072217731,762,-3.9936852722426552,True,,3300,0.889248181083266,650
562000000000.0,0.0,20201073,2221,0.5984909727836163,12,-4.798252626999135,True,,3304,0.8903260576663972,569
562000000000.0,0.0,20201074,0,0.0,0,,False,,0,0.0,0
562000000000.0,0.0,20201075,3170,0.8542171921315009,267,-1.0375144138060781,True,,3170,0.8542171921315009,480
562000000000.0,0.0,20201076,3375,0.9094583670169766,727,-2.251167570980381,True,,3374,0.9091888978711937,927
562000000000.0,0.0,20201077,2923,0.7876583131231474,169,1.608901907878808,True,,3060,0.824575586095392,298
562000000000.0,0.0,20201078,2219,0.5979520344920507,26,0.5058639900419744,True,,2548,0.6866073834545945,28
562000000000.0,0.0,20201079,14,0.00377256804095931,0,5.1760713786195955,False,,2,0.0005389382915656157,0
562000000000.0,0.0,20201080,2578,0.6946914578280787,60,-0.5090298939161109,True,,1702,0.458636486122339,3
562000000000.0,0.0,20201081,2603,0.7014281864726489,43,-11.036197980417189,True,,2782,0.7496631635677715,66
562000000000.0,0.0,20201082,1403,0.37806521153327943,0,4.818717447259256,False,,1482,0.3993532740501213,0
562000000000.0,0.0,20201083,3411,0.9191592562651576,803,-3.107047885519252,True,,3452,0.9302074912422528,1363
562000000000.0,0.0,20201084,3252,0.8763136620856912,546,-4.468922005444403,True,,3315,0.8932902182700081,809
562000000000.0,0.0,20201085,1687,0.45459444893559686,0,1.0947234555138596,True,,1733,0.466990029641606,0
562000000000.0,0.0,20201086,3181,0.8571813527351119,220,-2.2891375909635654,True,,2897,0.7806521153327944,145
562000000000.0,0.0,20201087,3061,0.8248450552411749,213,-1.4660071201635887,True,,3022,0.8143357585556453,184
562000000000.0,0.0,20201088,2589,0.6976556184316896,40,0.6257853377724256,True,,1897,0.5111829695499865,11
562000000000.0,0.0,20201089,2864,0.7717596335219618,113,-1.0800219993850404,True,,2894,0.779843707895446,156
562000000000.0,0.0,20201090,2376,0.6402586903799515,23,0.991036254315155,True,,2734,0.7367286445701967,45
562000000000.0,0.0,20201091,28,0.00754513608191862,1,0.7600923524978578,True,,557,0.15009431420102398,0
562000000000.0,0.0,20201092,2403,0.6475343573160873,24,3.509054489340441,False,,2558,0.6893020749124226,19
562000000000.0,0.0,20201093,2,0.0005389382915656157,0,-0.6939430701545044,True,,1296,0.349232012934519,1
562000000000.0,0.0,20201094,2131,0.5742387496631636,3,2.5659702977436796,False,,14,0.00377256804095931,0
562000000000.0,0.0,20201095,3185,0.858259229318243,103,1.228940857903868,True,,2786,0.7507410401509027,87
562000000000.0,0.0,20201096,176,0.047426569657774184,0,1.9897429328865606,True,,63,0.016976556184316895,0
562000000000.0,0.0,20201097,2020,0.5443276744812718,0,-2.6422954691211866,True,,2321,0.6254378873618971,19
562000000000.0,0.0,20201098,3345,0.9013742926434923,539,-3.3523312526003872,True,,3390,0.9135004042037187,1104
562000000000.0,0.0,20201099,3127,0.8426300188628402,377,2.4254539707279177,False,,2938,0.7917003503098895,226
562000000000.0,0.0,20201100,2551,0.6874157908919428,44,-2.830308848423476,True,,1144,0.3082727027755322,0
562000000000.0,0.0,20201101,2145,0.5780113177041228,2,3.1809743722577064,False,,2341,0.6308272702775533,24
562000000000.0,0.0,20201102,36,0.009700889248181084,0,2.859753079850508,False,,2362,0.6364861223389922,0
562000000000.0,0.0,20201103,2630,0.7087038534087847,19,1.1216714712380718,True,,2441,0.657774184855834,1
562000000000.0,0.0,20201104,3340,0.9000269469145783,611,-2.1740818781923643,True,,3465,0.9337105901374293,1235
562000000000.0,0.0,20201105,964,0.25976825653462676,1,3.795552608855645,False,,314,0.08461331177580167,0
562000000000.0,0.0,20201106,1134,0.3055780113177041,0,-2.866978667354557,True,,3169,0.8539477229857181,396
562000000000.0,0.0,20201107,1169,0.3150094314201024,1,0.08481091669362151,True,,1973,0.5316626246294799,1
562000000000.0,0.0,20201108,1035,0.2789005658852061,0,2.164500002147321,False,,271,0.07302613850714093,0
562000000000.0,0.0,20201109,2945,0.7935866343303691,192,-1.2637915868108882,True,,3148,0.8482888709242792,275
562000000000.0,0.0,20201110,1438,0.3874966316356777,1,-0.09488232965181531,True,,1211,0.3263271355429803,1
562000000000.0,0.0,20201111,1795,0.48369711668014015,2,-1.5583965178456571,True,,1882,0.5071409323632444,2
562000000000.0,0.0,20201112,3347,0.9019132309350579,514,-3.448465653875955,True,,3344,0.9011048234977095,849
562000000000.0,0.0,20201113,2294,0.6181622204257613,1,4.550503313366736,False,,2301,0.6200485044462409,1
562000000000.0,0.0,20201114,2792,0.7523578550255996,87,-2.55810661719788,True,,3172,0.8547561304230665,571
562000000000.0,0.0,20201115,60,0.016168148746968473,0,1.6142806887967085,True,,23,0.006197790353004581,1
562000000000.0,0.0,20201116,3208,0.8644570196712477,367,-8.00663297692374,True,,3091,0.8329291296146591,352
562000000000.0,0.0,20201117,1748,0.47103206682834814,0,-0.45093917024199737,True,,1787,0.48154136351387766,0
562000000000.0,0.0,20201118,2739,0.7380759902991108,73,-0.15884112234836678,True,,2360,0.6359471840474266,21
562000000000.0,0.0,20201119,3029,0.8162220425761251,104,-2.7854352825157953,True,,219,0.05901374292643492,0
562000000000.0,0.0,20201120,1128,0.3039611964430073,0,-0.23055591009211973,True,,2664,0.7178658043654002,43
562000000000.0,0.0,20201121,3094,0.8337375370520076,330,-2.196239844658593,True,,3009,0.8108326596604689,232
562000000000.0,0.0,20201122,3324,0.8957154405820533,553,-3.602907551193476,True,,3080,0.8299649690110482,377
562000000000.0,0.0,20201123,0,0.0,0,,False,,0,0.0,0
562000000000.0,0.0,20201124,3277,0.8830503907302614,485,-5.521133462237795,True,,3219,0.8674211802748585,467
562000000000.0,0.0,20201125,101,0.027216383724063594,1,-1.9653921634585503,True,,187,0.05039073026138507,1
562000000000.0,0.0,20201126,2087,0.5623821072487201,0,-11.151783010920504,True,,1941,0.52303961196443,1
562000000000.0,0.0,20201127,3354,0.9037995149555376,804,-5.1390682102255685,True,,3414,0.919967663702506,1299
562000000000.0,0.0,20201128,1325,0.35704661816222044,0,2.936891977143567,False,,1936,0.521692266235516,0
562000000000.0,0.0,20201129,2418,0.6515763945028294,29,-4.905070417111616,True,,3035,0.8178388574508219,235
562000000000.0,0.0,20201130,47,0.01266504985179197,0,1.1217715841697737,True,,2679,0.7219078415521423,24
562000000000.0,0.0,20201131,297,0.08003233629749394,0,,False,,732,0.19725141471301536,0
562000000000.0,0.0,20201132,2991,0.8059822150363783,100,0.9983892216929551,True,,2479,0.6680140123955807,0
562000000000.0,0.0,20201133,2382,0.6418755052546483,12,1.078620474484405,True,,2802,0.7550525464834277,53
562000000000.0,0.0,20201134,3217,0.8668822419832929,513,-5.318023544483992,True,,3336,0.898949070331447,929
562000000000.0,0.0,20201135,3298,0.8887092427917004,651,-6.072031260030239,True,,3355,0.9040689841013204,1056
562000000000.0,0.0,20201136,343,0.0924279170035031,1,-6.845142363584664,True,,5,0.0013473457289140394,1
562000000000.0,0.0,20201137,3065,0.8259229318243061,156,-1.2575176513503221,True,,2954,0.7960118566424145,190
562000000000.0,0.0,20201138,466,0.12557262193478846,0,-0.6917026220510101,True,,30,0.008084074373484237,0
562000000000.0,0.0,20201139,2133,0.5747776879547292,5,3.8143066723209937,False,,2814,0.7582861762328214,49
562000000000.0,0.0,20201140,28,0.00754513608191862,0,0.4789352317007136,True,,2187,0.5893290218270008,0
562000000000.0,0.0,20201141,3467,0.9342495284289949,1010,-3.197204073666314,True,,3421,0.9218539477229857,1305
562000000000.0,0.0,20201142,87,0.023443815683104285,0,,False,,450,0.12126111560226355,0
562000000000.0,0.0,20201143,1492,0.40204796550794936,0,-0.9677562584514501,True,,1752,0.4721099434114794,1
562000000000.0,0.0,20201144,3378,0.910266774454325,560,-3.157942320398466,True,,3331,0.897601724602533,755
562000000000.0,0.0,20201145,2967,0.799514955537591,174,0.9809773951035687,True,,2871,0.7736459175424414,97
562000000000.0,0.0,20201146,0,0.0,0,0.840127081285952,True,,1,0.00026946914578280785,0
562000000000.0,0.0,20201147,131,0.03530045809754783,1,0.20255924163765648,True,,1453,0.39153866882241983,1
562000000000.0,0.0,20201148,23,0.006197790353004581,0,-0.46522359678036995,True,,54,0.014551333872271624,0
562000000000.0,0.0,20201149,1500,0.4042037186742118,1,-0.35840134144819125,True,,2385,0.6426839126919968,19
562000000000.0,0.0,20201150,3051,0.8221503637833468,138,-2.995525716289565,True,,2994,0.8067906224737268,140
562000000000.0,0.0,20201151,846,0.22797089733225545,1,5.967769279680883,False,,860,0.23174346537321477,1
562000000000.0,0.0,20201152,1,0.00026946914578280785,1,-0.6825965009752544,True,,448,0.12072217731069793,1
562000000000.0,0.0,20201153,4,0.0010778765831312314,0,1.6612092351655905,True,,390,0.10509296685529507,0
562000000000.0,0.0,20201154,1905,0.513338722716249,0,4.7555342842320005,False,,2151,0.5796281325788197,0
562000000000.0,0.0,20201155,2614,0.7043923470762598,14,3.0652174844980804,False,,2361,0.6362166531932094,1
562000000000.0,0.0,20201156,75,0.02021018593371059,0,4.1456464344217405,False,,133,0.035839396389113445,0
562000000000.0,0.0,20201157,2920,0.7868499056857989,49,-2.8937948601559853,True,,3231,0.8706548100242523,707
562000000000.0,0.0,20201158,3,0.0008084074373484236,0,-0.8268452964270443,True,,311,0.08380490433845325,0
562000000000.0,0.0,20201159,3376,0.9097278361627593,541,-1.6449949853446801,True,,3173,0.8550255995688494,416
562000000000.0,0.0,20201160,0,0.0,0,,False,,0,0.0,0
562000000000.0,0.0,20201161,2262,0.6095392077607114,10,-0.15937090177091395,True,,2214,0.5966046887631367,0
562000000000.0,0.0,20201162,36,0.009700889248181084,0,,False,,289,0.07787658313123147,0
562000000000.0,0.0,20201163,3011,0.8113715979520345,130,-1.1405329197387521,True,,2826,0.761519805982215,92
562000000000.0,0.0,20201164,3138,0.8455941794664511,222,0.6332227366830683,True,,3029,0.8162220425761251,212
562000000000.0,0.0,20201165,2869,0.7731069792508758,88,-2.7661254048856314,True,,2947,0.7941255726219348,180
562000000000.0,0.0,20201166,20,0.0053893829156561575,0,,False,,15,0.004042037186742118,0
562000000000.0,0.0,20201167,658,0.17731069792508758,1,3.2827760298292645,False,,291,0.07841552142279709,1
562000000000.0,0.0,20201168,1251,0.33710590137429264,0,5.49050531270839,False,,2050,0.5524117488547561,0
562000000000.0,0.0,20201169,64,0.017246025330099703,0,,False,,44,0.011856642414443546,0
562000000000.0,0.0,20201170,3246,0.8746968472109944,558,-2.4839250101088233,True,,3309,0.8916734033953112,850
562000000000.0,0.0,20201171,2438,0.6569657774184856,29,3.426796511857102,False,,2710,0.7302613850714094,34
562000000000.0,0.0,20201172,2712,0.730800323362975,32,-0.0958876835792708,True,,2834,0.7636755591484775,75
562000000000.0,0.0,20201173,2611,0.7035839396389113,36,-12.616659136917512,True,,2805,0.7558609539207761,66
562000000000.0,0.0,20201174,575,0.15494475882511452,1,5.909826326887934,False,,1287,0.3468067906224737,0
562000000000.0,0.0,20201175,2639,0.71112907572083,41,-0.44612193620621454,True,,246,0.06628940986257073,0
562000000000.0,0.0,20201176,984,0.2651576394502829,0,2.0943204086148324,False,,1880,0.5066019940716788,1
562000000000.0,0.0,20201177,3105,0.8367016976556184,166,-2.42227374058956,True,,3364,0.9064942064133656,809
562000000000.0,0.0,20201178,1709,0.46052277014281867,2,-0.08633635169678922,True,,2334,0.6289409862570736,5
562000000000.0,0.0,20201179,654,0.17623282134195634,1,3.829948487988003,False,,1282,0.3454594448935597,0
562000000000.0,0.0,20201180,3124,0.8418216114254918,185,0.9058616405436308,True,,2775,0.7477768795472919,87
562000000000.0,0.0,20201181,3243,0.8738884397736459,339,-2.470590452756083,True,,3323,0.8954459714362706,659
562000000000.0,0.0,20201182,3311,0.8922123416868768,534,-4.059682872321844,True,,3415,0.9202371328482889,1086
562000000000.0,0.0,20201183,3040,0.8191862031797359,275,2.3997690540078267,False,,3011,0.8113715979520345,245
562000000000.0,0.0,20201184,1806,0.486661277283751,1,-4.815760901349639,True,,2945,0.7935866343303691,173
562000000000.0,0.0,20201185,2099,0.5656157369981137,1,4.063315789638989,False,,2144,0.5777418485583401,0
562000000000.0,0.0,20201186,3277,0.8830503907302614,483,-2.391323405499818,True,,3362,0.9059552681218,972
562000000000.0,0.0,20201187,2113,0.569388305039073,2,1.4444811852094634,True,,1461,0.3936944219886823,1
562000000000.0,0.0,20201188,2300,0.6197790353004581,11,2.919676020160641,False,,2163,0.5828617623282134,14
562000000000.0,0.0,20201189,2860,0.7706817569388305,184,-2.1983608495301556,True,,3189,0.8593371059013742,451
562000000000.0,0.0,20201190,898,0.24198329291296147,0,4.651625836348318,False,,551,0.14847749932632714,1
562000000000.0,0.0,20201191,2899,0.78119105362436,203,-2.8829607965245554,True,,2059,0.5548369711668014,0
562000000000.0,0.0,20201192,3104,0.8364322285098357,187,1.9307408134314588,True,,3127,0.8426300188628402,344
562000000000.0,0.0,20201193,974,0.26246294799245484,1,3.713445264193643,False,,562,0.15144165992993802,0
562000000000.0,0.0,20201194,15,0.004042037186742118,0,-0.6510400494404052,True,,279,0.07518189167340339,0
562000000000.0,0.0,20201195,1465,0.3947722985718135,0,3.3696981002776023,False,,1573,0.4238749663163568,1
562000000000.0,0.0,20201196,0,0.0,1,5.2213529808677945,False,,9,0.002425222312045271,1
562000000000.0,0.0,20201197,50,0.013473457289140393,0,5.172456988053119,False,,35,0.009431420102398275,0
562000000000.0,0.0,20201198,160,0.04311506332524926,0,6.163334434039694,False,,15,0.004042037186742118,0
562000000000.0,0.0,20201199,2562,0.6903799514955538,21,3.7599536718973496,False,,2762,0.7442737806521154,50
562000000000.0,0.0,20201200,3281,0.8841282673133927,457,-2.382016021012335,True,,3403,0.9170035030988952,1048
750000000000.0,0.0,20201001,3258,0.8779304769603881,323,-1.3663811429320818,True,,3301,0.8895176502290488,783
750000000000.0,0.0,20201002,3172,0.8547561304230665,132,2.1764533615030124,False,,2906,0.7830773376448397,104
750000000000.0,0.0,20201003,3237,0.872271624898949,458,-1.0057621642007222,True,,3293,0.8873618970627863,673
750000000000.0,0.0,20201004,16,0.004311506332524926,1,0.46667241055194175,True,,11,0.0029641606036108865,1
750000000000.0,0.0,20201005,3203,0.8631096739423336,425,-7.376355015605215,True,,3306,0.8908649959579629,585
750000000000.0,0.0,20201006,2890,0.7787658313123147,58,-0.6986092890962938,True,,2811,0.7574777687954729,56
750000000000.0,0.0,20201007,3236,0.8720021557531663,520,-6.177329354588388,True,,3209,0.8647264888170304,532
750000000000.0,0.0,20201008,3251,0.8760441929399084,316,-0.6728293887946633,True,,3075,0.8286176232821342,231
750000000000.0,0.0,20201009,3275,0.8825114524386958,364,-1.1643490272194796,True,,2979,0.8027485852869847,260
750000000000.0,0.0,20201010,1,0.00026946914578280785,0,3.0059665881574547,False,,2,0.0005389382915656157,0
750000000000.0,0.0,20201011,3265,0.8798167609808677,445,-3.5268297763956182,True,,3355,0.9040689841013204,843
750000000000.0,0.0,20201012,3350,0.9027216383724064,319,-0.054842477040995874,True,,3196,0.861223389921854,351
750000000000.0,0.0,20201013,3333,0.8981406628940987,518,-4.3758602585599915,True,,3406,0.9178119105362436,1154
750000000000.0,0.0,20201014,1,0.00026946914578280785,0,0.14793545282991438,True,,1,0.00026946914578280785,0
750000000000.0,0.0,20201015,2995,0.8070600916195095,129,-8.479159909235273,True,,3088,0.8321207221773107,220
750000000000.0,0.0,20201016,2808,0.7566693613581245,80,1.0835755652613415,True,,2921,0.7871193748315818,114
750000000000.0,0.0,20201017,3310,0.8919428725410941,578,-2.226165683903649,True,,3402,0.9167340339531124,1028
750000000000.0,0.0,20201018,2820,0.7599029911075182,84,-0.11737015657024852,True,,2922,0.7873888439773646,116
750000000000.0,0.0,20201019,2442,0.6580436540016168,18,2.43257235038174,False,,2045,0.551064403125842,0
750000000000.0,0.0,20201020,3372,0.9086499595796281,670,-1.3152257264016383,True,,3277,0.8830503907302614,820
750000000000.0,0.0,20201021,2854,0.7690649420641337,58,-5.950966682889597,True,,1130,0.3045001347345729,1
750000000000.0,0.0,20201022,3176,0.8558340070061978,341,-2.2286373606117653,True,,3076,0.828887092427917,300
750000000000.0,0.0,20201023,2165,0.583400700619779,2,2.4124932086277884,False,,1964,0.5292374023174347,4
750000000000.0,0.0,20201024,3307,0.8911344651037456,414,-3.2643559103517843,True,,3322,0.8951765022904877,636
750000000000.0,0.0,20201025,454,0.12233899218539478,0,-0.9160203647650693,True,,2096,0.5648073295607653,0
750000000000.0,0.0,20201026,3327,0.8965238480194018,545,-3.442335377777394,True,,3448,0.9291296146591216,1074
750000000000.0,0.0,20201027,3420,0.9215844785772029,620,-1.9977548207353144,True,,3414,0.919967663702506,1010
750000000000.0,0.0,20201028,2419,0.6518458636486122,8,0.39347676663602993,True,,2440,0.6575047157100512,9
750000000000.0,0.0,20201029,2964,0.7987065481002426,124,-2.37686655030506,True,,3042,0.8197251414713015,240
750000000000.0,0.0,20201030,3139,0.845863648612234,214,-1.7718502957198519,True,,2886,0.7776879547291835,99
750000000000.0,0.0,20201031,3333,0.8981406628940987,393,-2.3867270743395075,True,,3275,0.8825114524386958,609
750000000000.0,0.0,20201032,13,0.0035030988951765024,0,0.758301456265249,True,,1547,0.4168687685260038,0
750000000000.0,0.0,20201033,3021,0.8140662894098626,152,0.3337441746416312,True,,3039,0.8189167340339532,248
750000000000.0,0.0,20201034,3275,0.8825114524386958,322,-1.1356129193429503,True,,2969,0.8000538938291566,189
750000000000.0,0.0,20201035,3167,0.8534087846941525,330,-1.2964899678535815,True,,3097,0.8345459444893559,410
750000000000.0,0.0,20201036,3296,0.8881703045001348,532,-4.373860219936079,True,,3443,0.9277822689302075,1106
750000000000.0,0.0,20201037,3001,0.8086769064942064,145,1.6832555204519446,True,,3027,0.8156831042845594,295
750000000000.0,0.0,20201038,2,0.0005389382915656157,0,,False,,4,0.0010778765831312314,0
750000000000.0,0.0,20201039,1858,0.500673672864457,1,0.45427746494227517,True,,2486,0.6699002964160604,8
750000000000.0,0.0,20201040,112,0.03018054432767448,0,,False,,216,0.0582053354890865,0
750000000000.0,0.0,20201041,2815,0.7585556453786042,80,1.9128879483224668,True,,2575,0.6938830503907303,25
750000000000.0,0.0,20201042,3117,0.8399353274050121,203,0.04116257183249328,True,,3062,0.8251145243869576,154
750000000000.0,0.0,20201043,8,0.002155753166262463,0,,False,,3,0.0008084074373484236,0
750000000000.0,0.0,20201044,3285,0.8852061438965239,339,1.095140485547148,True,,3025,0.8151441659929938,199
750000000000.0,0.0,20201045,1780,0.47965507949339803,1,1.032818464748324,True,,212,0.05712745890595527,0
750000000000.0,0.0,20201046,2988,0.8051738075990299,116,-0.12788669477456072,True,,2743,0.7391538668822419,30
750000000000.0,0.0,20201047,2300,0.6197790353004581,7,2.9244775000891394,False,,2331,0.6281325788197252,0
750000000000.0,0.0,20201048,2747,0.7402317434653732,60,2.877230014660336,False,,2590,0.6979250875774724,13
750000000000.0,0.0,20201049,48,0.012934518997574777,1,3.7900994573264355,False,,280,0.0754513608191862,1
750000000000.0,0.0,20201050,3127,0.8426300188628402,274,0.8436689688656847,True,,3060,0.824575586095392,158
750000000000.0,0.0,20201051,2887,0.7779574238749664,97,-0.006416818223924814,True,,2827,0.7617892751279979,66
750000000000.0,0.0,20201052,3185,0.858259229318243,179,0.0420435517578408,True,,3021,0.8140662894098626,176
750000000000.0,0.0,20201053,10,0.0026946914578280788,0,-2.7130160873382616,True,,3046,0.8208030180544328,249
750000000000.0,0.0,20201054,3105,0.8367016976556184,253,2.1812727095783657,False,,2770,0.7464295338183778,91
750000000000.0,0.0,20201055,3151,0.8490972783616276,210,-1.4088857748805914,True,,3249,0.8755052546483427,588
750000000000.0,0.0,20201056,2668,0.7189436809485313,36,3.2771410927268514,False,,2836,0.7642144974400431,64
750000000000.0,0.0,20201057,3082,0.8305039073026138,144,-0.42768587970424754,True,,2772,0.7469684721099434,61
750000000000.0,0.0,20201058,3277,0.8830503907302614,284,1.8505413062698093,True,,3019,0.813527351118297,252
750000000000.0,0.0,20201059,3095,0.8340070061977903,149,1.8577349843081201,True,,2587,0.697116680140124,25
750000000000.0,0.0,20201060,99,0.02667744543249798,0,4.614610797254605,False,,16,0.004311506332524926,0
750000000000.0,0.0,20201061,82,0.022096469954190245,0,-1.6139060125523086,True,,2532,0.6822958771220695,1
750000000000.0,0.0,20201062,3254,0.8768526003772568,430,-1.4212384836452125,True,,2716,0.7318781999461061,29
750000000000.0,0.0,20201063,2964,0.7987065481002426,72,0.6605173698425908,True,,2730,0.7356507679870655,48
750000000000.0,0.0,20201064,2876,0.7749932632713554,55,-0.6568744931147492,True,,2565,0.6911883589329022,14
750000000000.0,0.0,20201065,334,0.09000269469145783,0,6.428482832433176,False,,707,0.19051468606844515,0
750000000000.0,0.0,20201066,1810,0.48773915386688227,1,-5.717999137859049,True,,2426,0.6537321476690919,16
750000000000.0,0.0,20201067,3371,0.9083804904338453,752,-5.34816904569152,True,,3370,0.9081110212880625,970
750000000000.0,0.0,20201068,2532,0.6822958771220695,15,4.386989928970714,False,,2472,0.666127728375101,3
750000000000.0,0.0,20201069,1067,0.287523578550256,0,-1.7658797458571192,True,,3027,0.8156831042845594,262
750000000000.0,0.0,20201070,3426,0.9232012934518997,849,-4.067193193084102,True,,3360,0.9054163298302345,1001
750000000000.0,0.0,20201071,1203,0.3241713823767179,2,1.1822753074479868,True,,2395,0.6453786041498248,0
750000000000.0,0.0,20201072,3339,0.8997574777687954,752,-3.9936852722426552,True,,3349,0.9024521692266235,778
750000000000.0,0.0,20201073,2482,0.6688224198329291,17,-4.798252626999135,True,,3304,0.8903260576663972,658
750000000000.0,0.0,20201074,0,0.0,0,,False,,0,0.0,0
750000000000.0,0.0,20201075,3097,0.8345459444893559,185,-1.0375144138060781,True,,3062,0.8251145243869576,324
750000000000.0,0.0,20201076,3475,0.9364052815952574,955,-2.251167570980381,True,,3395,0.9148477499326327,1056
750000000000.0,0.0,20201077,3196,0.861223389921854,310,1.608901907878808,True,,3103,0.8361627593640528,406
750000000000.0,0.0,20201078,2319,0.6248989490703315,29,0.5058639900419744,True,,2787,0.7510105092966856,54
750000000000.0,0.0,20201079,18,0.004850444624090542,0,5.1760713786195955,False,,2,0.0005389382915656157,0
750000000000.0,0.0,20201080,2933,0.7903530045809755,99,-0.5090298939161109,True,,2334,0.6289409862570736,22
750000000000.0,0.0,20201081,3121,0.8410132039881434,130,-11.036197980417189,True,,2980,0.8030180544327674,87
750000000000.0,0.0,20201082,1751,0.4718404742656966,0,4.818717447259256,False,,1592,0.4289948800862301,1
750000000000.0,0.0,20201083,3460,0.9323632444085153,945,-3.107047885519252,True,,3482,0.938291565615737,1479
750000000000.0,0.0,20201084,3388,0.9129614659121531,658,-4.468922005444403,True,,3345,0.9013742926434923,792
750000000000.0,0.0,20201085,1680,0.45270816491511723,1,1.0947234555138596,True,,1853,0.499326327135543,1
750000000000.0,0.0,20201086,3003,0.809215844785772,167,-2.2891375909635654,True,,3120,0.8407437348423605,206
750000000000.0,0.0,20201087,3279,0.883589329021827,290,-1.4660071201635887,True,,3086,0.8315817838857451,259
750000000000.0,0.0,20201088,2877,0.7752627324171383,74,0.6257853377724256,True,,2697,0.7267582861762328,33
750000000000.0,0.0,20201089,2920,0.7868499056857989,145,-1.0800219993850404,True,,2968,0.7997844246833737,152
750000000000.0,0.0,20201090,2931,0.7898140662894099,103,0.991036254315155,True,,2588,0.6973861492859068,38
750000000000.0,0.0,20201091,116,0.03125842091080571,0,0.7600923524978578,True,,174,0.04688763136620857,0
750000000000.0,0.0,20201092,2681,0.7224467798437079,35,3.509054489340441,False,,2699,0.7272972244677984,32
750000000000.0,0.0,20201093,2,0.0005389382915656157,0,-0.6939430701545044,True,,2492,0.6715171112907572,0
750000000000.0,0.0,20201094,2205,0.5941794664510913,2,2.5659702977436796,False,,756,0.20371867421180276,0
750000000000.0,0.0,20201095,2855,0.7693344112099164,73,1.228940857903868,True,,3158,0.8509835623821073,239
750000000000.0,0.0,20201096,60,0.016168148746968473,0,1.9897429328865606,True,,13,0.0035030988951765024,0
750000000000.0,0.0,20201097,2272,0.6122338992185394,0,-2.6422954691211866,True,,2539,0.6841821611425492,26
750000000000.0,0.0,20201098,3318,0.8940986257073565,619,-3.3523312526003872,True,,3503,0.9439504176771759,1263
750000000000.0,0.0,20201099,3291,0.8868229587712207,431,2.4254539707279177,False,,3020,0.8137968202640797,250
750000000000.0,0.0,20201100,2850,0.7679870654810024,40,-2.830308848423476,True,,1197,0.322554567502021,0
750000000000.0,0.0,20201101,2359,0.6356777149016437,0,3.1809743722577064,False,,2947,0.7941255726219348,153
750000000000.0,0.0,20201102,234,0.06305578011317704,0,2.859753079850508,False,,1964,0.5292374023174347,0
750000000000.0,0.0,20201103,2183,0.5882511452438696,15,1.1216714712380718,True,,2622,0.7065481002425222,17
750000000000.0,0.0,20201104,3412,0.9194287254109405,747,-2.1740818781923643,True,,3474,0.9361358124494745,1240
750000000000.0,0.0,20201105,1496,0.40312584209108054,0,3.795552608855645,False,,1105,0.2977634060900027,0
750000000000.0,0.0,20201106,29,0.007814605227701428,0,-2.866978667354557,True,,3361,0.9056857989760172,671
750000000000.0,0.0,20201107,4,0.0010778765831312314,1,0.08481091669362151,True,,2716,0.7318781999461061,36
750000000000.0,0.0,20201108,1570,0.42306655887900835,1,2.164500002147321,False,,1982,0.5340878469415252,0
750000000000.0,0.0,20201109,3165,0.8528698464025869,271,-1.2637915868108882,True,,3189,0.8593371059013742,367
750000000000.0,0.0,20201110,1455,0.3920776071139854,1,-0.09488232965181531,True,,2334,0.6289409862570736,1
750000000000.0,0.0,20201111,2350,0.6332524925895985,13,-1.5583965178456571,True,,2882,0.7766100781460523,65
750000000000.0,0.0,20201112,3303,0.8900565885206144,484,-3.448465653875955,True,,3368,0.9075720829964969,954
750000000000.0,0.0,20201113,2348,0.6327135542980329,14,4.550503313366736,False,,2457,0.6620856911883589,0
750000000000.0,0.0,20201114,2775,0.7477768795472919,68,-2.55810661719788,True,,3297,0.8884397736459175,682
750000000000.0,0.0,20201115,2364,0.6370250606305577,10,1.6142806887967085,True,,2267,0.6108865534896254,0
750000000000.0,0.0,20201116,3195,0.8609539207760711,309,-8.00663297692374,True,,3105,0.8367016976556184,225
750000000000.0,0.0,20201117,2005,0.5402856372945298,0,-0.45093917024199737,True,,2476,0.6672056049582323,0
750000000000.0,0.0,20201118,2945,0.7935866343303691,110,-0.15884112234836678,True,,2650,0.7140932363244409,39
750000000000.0,0.0,20201119,2793,0.7526273241713823,55,-2.7854352825157953,True,,634,0.17084343842630018,0
750000000000.0,0.0,20201120,2137,0.5758555645378605,1,-0.23055591009211973,True,,2850,0.7679870654810024,42
750000000000.0,0.0,20201121,3260,0.8784694152519537,398,-2.196239844658593,True,,3213,0.8658043654001617,413
750000000000.0,0.0,20201122,3219,0.8674211802748585,417,-3.602907551193476,True,,3260,0.8784694152519537,568
750000000000.0,0.0,20201123,0,0.0,0,,False,,0,0.0,0
750000000000.0,0.0,20201124,3303,0.8900565885206144,647,-5.521133462237795,True,,3194,0.8606844516302883,475
750000000000.0,0.0,20201125,102,0.0274858528698464,2,-1.9653921634585503,True,,1252,0.33737537052007543,1
750000000000.0,0.0,20201126,1932,0.5206143896523848,0,-11.151783010920504,True,,2186,0.589059552681218,0
750000000000.0,0.0,20201127,3336,0.898949070331447,708,-5.1390682102255685,True,,3461,0.932632713554298,1379
750000000000.0,0.0,20201128,1480,0.3988143357585556,0,2.936891977143567,False,,2529,0.6814874696847211,20
750000000000.0,0.0,20201129,2429,0.6545405551064403,33,-4.905070417111616,True,,3089,0.8323901913230936,295
750000000000.0,0.0,20201130,1349,0.3635138776610078,0,1.1217715841697737,True,,2805,0.7558609539207761,35
750000000000.0,0.0,20201131,445,0.11991376987334951,0,,False,,1028,0.2770142818647265,0
750000000000.0,0.0,20201132,3072,0.8278092158447857,151,0.9983892216929551,True,,2360,0.6359471840474266,3
750000000000.0,0.0,20201133,2909,0.7838857450821881,95,1.078620474484405,True,,2847,0.767178658043654,104
750000000000.0,0.0,20201134,3348,0.9021827000808408,446,-5.318023544483992,True,,3376,0.9097278361627593,870
750000000000.0,0.0,20201135,3392,0.9140393424952843,687,-6.072031260030239,True,,3375,0.9094583670169766,1062
750000000000.0,0.0,20201136,503,0.13554298032875237,1,-6.845142363584664,True,,47,0.01266504985179197,1
750000000000.0,0.0,20201137,3038,0.8186472648881703,177,-1.2575176513503221,True,,3007,0.8102937213689032,198
750000000000.0,0.0,20201138,788,0.2123416868768526,1,-0.6917026220510101,True,,64,0.017246025330099703,1
750000000000.0,0.0,20201139,2944,0.7933171651845864,20,3.8143066723209937,False,,2814,0.7582861762328214,21
750000000000.0,0.0,20201140,9,0.002425222312045271,0,0.4789352317007136,True,,2657,0.7159795203449205,29
750000000000.0,0.0,20201141,3393,0.9143088116410671,859,-3.197204073666314,True,,3460,0.9323632444085153,1342
750000000000.0,0.0,20201142,118,0.031797359202371325,0,,False,,205,0.055241174885475613,0
750000000000.0,0.0,20201143,2036,0.5486391808137968,1,-0.9677562584514501,True,,2328,0.6273241713823767,0
750000000000.0,0.0,20201144,3387,0.9126919967663703,548,-3.157942320398466,True,,3418,0.9210455402856373,852
750000000000.0,0.0,20201145,3069,0.8270008084074374,158,0.9809773951035687,True,,3033,0.8172999191592563,195
750000000000.0,0.0,20201146,0,0.0,0,0.840127081285952,True,,1,0.00026946914578280785,0
750000000000.0,0.0,20201147,704,0.18970627863109674,1,0.20255924163765648,True,,1699,0.4578280786849906,1
750000000000.0,0.0,20201148,29,0.007814605227701428,0,-0.46522359678036995,True,,41,0.011048234977095122,0
750000000000.0,0.0,20201149,1122,0.30234438156831045,3,-0.35840134144819125,True,,2501,0.6739423336028024,24
750000000000.0,0.0,20201150,3200,0.8623012665049852,177,-2.995525716289565,True,,3013,0.8119105362436001,189
750000000000.0,0.0,20201151,734,0.19779035300458098,0,5.967769279680883,False,,655,0.17650229048773916,0
750000000000.0,0.0,20201152,1,0.00026946914578280785,1,-0.6825965009752544,True,,296,0.07976286715171113,1
750000000000.0,0.0,20201153,437,0.11775801670708703,0,1.6612092351655905,True,,561,0.15117219078415522,0
750000000000.0,0.0,20201154,1315,0.35435192670439236,0,4.7555342842320005,False,,1813,0.48854756130423066,0
750000000000.0,0.0,20201155,2176,0.5863648612233899,2,3.0652174844980804,False,,2422,0.6526542710859606,4
750000000000.0,0.0,20201156,134,0.036108865534896256,0,4.1456464344217405,False,,198,0.05335489086499596,0
750000000000.0,0.0,20201157,2962,0.798167609808677,68,-2.8937948601559853,True,,3336,0.898949070331447,751
750000000000.0,0.0,20201158,2647,0.7132848288870924,24,-0.8268452964270443,True,,186,0.050121261115602264,0
750000000000.0,0.0,20201159,3374,0.9091888978711937,489,-1.6449949853446801,True,,3229,0.8701158717326866,479
750000000000.0,0.0,20201160,0,0.0,0,,False,,0,0.0,0
750000000000.0,0.0,20201161,2821,0.760172460253301,33,-0.15937090177091395,True,,2359,0.6356777149016437,10
750000000000.0,0.0,20201162,43,0.011587173268660739,0,,False,,186,0.050121261115602264,0
750000000000.0,0.0,20201163,3013,0.8119105362436001,150,-1.1405329197387521,True,,3184,0.8579897601724602,349
750000000000.0,0.0,20201164,3113,0.8388574508218809,210,0.6332227366830683,True,,2922,0.7873888439773646,170
750000000000.0,0.0,20201165,2906,0.7830773376448397,63,-2.7661254048856314,True,,2911,0.7844246833737537,158
750000000000.0,0.0,20201166,21,0.005658852061438965,0,,False,,8,0.002155753166262463,0
750000000000.0,0.0,20201167,604,0.16275936405281596,1,3.2827760298292645,False,,95,0.025599568849366747,1
750000000000.0,0.0,20201168,1197,0.322554567502021,0,5.49050531270839,False,,2417,0.6513069253570466,0
750000000000.0,0.0,20201169,124,0.033414174077068176,0,,False,,108,0.02910266774454325,0
750000000000.0,0.0,20201170,3370,0.9081110212880625,670,-2.4839250101088233,True,,3351,0.9029911075181891,851
750000000000.0,0.0,20201171,2804,0.7555914847749933,60,3.426796511857102,False,,2847,0.767178658043654,61
750000000000.0,0.0,20201172,2676,0.7210994341147938,32,-0.0958876835792708,True,,2789,0.7515494475882512,44
750000000000.0,0.0,20201173,2634,0.7097817299919159,35,-12.616659136917512,True,,2548,0.6866073834545945,24
750000000000.0,0.0,20201174,664,0.17892751279978442,1,5.909826326887934,False,,711,0.1915925626515764,0
750000000000.0,0.0,20201175,2613,0.704122877930477,24,-0.44612193620621454,True,,656,0.17677175963352196,0
750000000000.0,0.0,20201176,1173,0.31608730800323365,1,2.0943204086148324,False,,2038,0.5491781191053624,1
750000000000.0,0.0,20201177,2965,0.7989760172460253,136,-2.42227374058956,True,,3251,0.8760441929399084,597
750000000000.0,0.0,20201178,2368,0.638102937213689,26,-0.08633635169678922,True,,2682,0.7227162489894907,68
750000000000.0,0.0,20201179,203,0.05470223659391,0,3.829948487988003,False,,1822,0.49097278361627594,0
750000000000.0,0.0,20201180,3184,0.8579897601724602,182,0.9058616405436308,True,,2880,0.7760711398544866,95
750000000000.0,0.0,20201181,3284,0.884936674750741,465,-2.470590452756083,True,,3340,0.9000269469145783,789
750000000000.0,0.0,20201182,3328,0.8967933171651846,596,-4.059682872321844,True,,3403,0.9170035030988952,1122
750000000000.0,0.0,20201183,3189,0.8593371059013742,329,2.3997690540078267,False,,3212,0.8655348962543788,429
750000000000.0,0.0,20201184,2501,0.6739423336028024,12,-4.815760901349639,True,,2818,0.7593640528159525,64
750000000000.0,0.0,20201185,2675,0.7208299649690111,18,4.063315789638989,False,,2561,0.6901104823497709,11
750000000000.0,0.0,20201186,3270,0.8811641067097817,369,-2.391323405499818,True,,3384,0.9118835893290218,1006
750000000000.0,0.0,20201187,2695,0.7262193478846672,48,1.4444811852094634,True,,1990,0.5362436001077877,2
750000000000.0,0.0,20201188,2499,0.6734033953112368,14,2.919676020160641,False,,2493,0.67178658043654,32
750000000000.0,0.0,20201189,3080,0.8299649690110482,293,-2.1983608495301556,True,,3285,0.8852061438965239,762
750000000000.0,0.0,20201190,1289,0.34734572891403936,1,4.651625836348318,False,,1758,0.4737267582861762,0
750000000000.0,0.0,20201191,3101,0.8356238210724872,197,-2.8829607965245554,True,,2565,0.6911883589329022,21
750000000000.0,0.0,20201192,2999,0.8081379682026408,182,1.9307408134314588,True,,3104,0.8364322285098357,386
750000000000.0,0.0,20201193,2023,0.5451360819186203,1,3.713445264193643,False,,2001,0.5392077607113985,0
750000000000.0,0.0,20201194,175,0.04715710051199138,0,-0.6510400494404052,True,,447,0.12045270816491511,0
750000000000.0,0.0,20201195,2016,0.5432497978981407,0,3.3696981002776023,False,,2132,0.5745082188089464,0
750000000000.0,0.0,20201196,0,0.0,1,5.2213529808677945,False,,14,0.00377256804095931,1
750000000000.0,0.0,20201197,71,0.019132309350579357,0,5.172456988053119,False,,67,0.018054432767448128,0
750000000000.0,0.0,20201198,168,0.04527081649151172,0,6.163334434039694,False,,16,0.004311506332524926,0
750000000000.0,0.0,20201199,2268,0.6111560226354082,0,3.7599536718973496,False,,2738,0.7378065211533279,50
750000000000.0,0.0,20201200,3403,0.9170035030988952,610,-2.382016021012335,True,,3400,0.9161950956615468,982
1000000000000.0,0.0,20201001,3176,0.8558340070061978,296,-1.3663811429320818,True,,3188,0.8590676367555915,390
1000000000000.0,0.0,20201002,3143,0.8469415251953651,154,2.1764533615030124,False,,2894,0.779843707895446,75
1000000000000.0,0.0,20201003,3304,0.8903260576663972,595,-1.0057621642007222,True,,3359,0.9051468606844516,780
1000000000000.0,0.0,20201004,2147,0.5785502559956885,2,0.46667241055194175,True,,408,0.1099434114793856,2
1000000000000.0,0.0,20201005,3356,0.9043384532471032,574,-7.376355015605215,True,,3293,0.8873618970627863,643
1000000000000.0,0.0,20201006,2870,0.7733764483966585,59,-0.6986092890962938,True,,2825,0.7612503368364322,55
1000000000000.0,0.0,20201007,3417,0.9207760711398545,723,-6.177329354588388,True,,3327,0.8965238480194018,709
1000000000000.0,0.0,20201008,3280,0.8838587981676098,316,-0.6728293887946633,True,,3130,0.8434384263001886,307
1000000000000.0,0.0,20201009,3286,0.8854756130423067,455,-1.1643490272194796,True,,3193,0.8604149824845055,340
1000000000000.0,0.0,20201010,1,0.00026946914578280785,0,3.0059665881574547,False,,3,0.0008084074373484236,0
1000000000000.0,0.0,20201011,3241,0.8733495014820803,408,-3.5268297763956182,True,,3387,0.9126919967663703,1042
1000000000000.0,0.0,20201012,3341,0.900296416060361,350,-0.054842477040995874,True,,3281,0.8841282673133927,588
1000000000000.0,0.0,20201013,3358,0.9048773915386689,644,-4.3758602585599915,True,,3503,0.9439504176771759,1299
1000000000000.0,0.0,20201014,1,0.00026946914578280785,0,0.14793545282991438,True,,1,0.00026946914578280785,0
1000000000000.0,0.0,20201015,3095,0.8340070061977903,190,-8.479159909235273,True,,3150,0.8488278092158448,298
1000000000000.0,0.0,20201016,3041,0.8194556723255187,174,1.0835755652613415,True,,2958,0.7970897332255457,153
1000000000000.0,0.0,20201017,3315,0.8932902182700081,683,-2.226165683903649,True,,3383,0.9116141201832391,870
1000000000000.0,0.0,20201018,3063,0.8253839935327405,128,-0.11737015657024852,True,,2901,0.7817299919159256,143
1000000000000.0,0.0,20201019,3001,0.8086769064942064,98,2.43257235038174,False,,2672,0.7200215575316626,25
1000000000000.0,0.0,20201020,3368,0.9075720829964969,835,-1.3152257264016383,True,,3339,0.8997574777687954,911
1000000000000.0,0.0,20201021,3037,0.8183777957423874,80,-5.950966682889597,True,,986,0.26569657774184857,0
1000000000000.0,0.0,20201022,3323,0.8954459714362706,498,-2.2286373606117653,True,,2957,0.7968202640797629,178
1000000000000.0,0.0,20201023,2419,0.6518458636486122,19,2.4124932086277884,False,,2429,0.6545405551064403,0
1000000000000.0,0.0,20201024,3383,0.9116141201832391,661,-3.2643559103517843,True,,3289,0.886284020479655,772
1000000000000.0,0.0,20201025,2217,0.597413096200485,0,-0.9160203647650693,True,,2613,0.704122877930477,0
1000000000000.0,0.0,20201026,3289,0.886284020479655,394,-3.442335377777394,True,,3357,0.904607922392886,1099
1000000000000.0,0.0,20201027,3301,0.8895176502290488,539,-1.9977548207353144,True,,3412,0.9194287254109405,871
1000000000000.0,0.0,20201028,2533,0.6825653462678524,14,0.39347676663602993,True,,2613,0.704122877930477,8
1000000000000.0,0.0,20201029,3053,0.8226893020749124,101,-2.37686655030506,True,,3149,0.8485583400700619,255
1000000000000.0,0.0,20201030,3089,0.8323901913230936,158,-1.7718502957198519,True,,2807,0.7563998922123417,80
1000000000000.0,0.0,20201031,3278,0.8833198598760442,397,-2.3867270743395075,True,,3328,0.8967933171651846,819
1000000000000.0,0.0,20201032,8,0.002155753166262463,0,0.758301456265249,True,,2501,0.6739423336028024,1
1000000000000.0,0.0,20201033,3164,0.852600377256804,205,0.3337441746416312,True,,3120,0.8407437348423605,182
1000000000000.0,0.0,20201034,3206,0.8639180813796821,279,-1.1356129193429503,True,,2937,0.7914308811641068,102
1000000000000.0,0.0,20201035,3193,0.8604149824845055,382,-1.2964899678535815,True,,3245,0.8744273780652115,488
1000000000000.0,0.0,20201036,3360,0.9054163298302345,602,-4.373860219936079,True,,3448,0.9291296146591216,1291
1000000000000.0,0.0,20201037,3162,0.8520614389652384,260,1.6832555204519446,True,,2846,0.7669091888978712,96
1000000000000.0,0.0,20201038,2,0.0005389382915656157,0,,False,,11,0.0029641606036108865,0
1000000000000.0,0.0,20201039,1646,0.44354621395850174,2,0.45427746494227517,True,,2699,0.7272972244677984,25
1000000000000.0,0.0,20201040,100,0.026946914578280787,0,,False,,167,0.045001347345728915,0
1000000000000.0,0.0,20201041,3084,0.8310428455941795,132,1.9128879483224668,True,,2823,0.7607113985448666,38
1000000000000.0,0.0,20201042,3167,0.8534087846941525,210,0.04116257183249328,True,,3107,0.837240635947184,192
1000000000000.0,0.0,20201043,9,0.002425222312045271,0,,False,,3,0.0008084074373484236,0
1000000000000.0,0.0,20201044,3278,0.8833198598760442,377,1.095140485547148,True,,3151,0.8490972783616276,298
1000000000000.0,0.0,20201045,2267,0.6108865534896254,2,1.032818464748324,True,,1649,0.4443546213958502,0
1000000000000.0,0.0,20201046,2799,0.7542441390460792,45,-0.12788669477456072,True,,3070,0.8272702775532201,103
1000000000000.0,0.0,20201047,2332,0.6284020479655079,9,2.9244775000891394,False,,2552,0.6876852600377257,16
1000000000000.0,0.0,20201048,2955,0.7962813257881972,95,2.877230014660336,False,,2448,0.6596604688763137,3
1000000000000.0,0.0,20201049,217,0.05847480463486931,0,3.7900994573264355,False,,940,0.2533009970358394,0
1000000000000.0,0.0,20201050,3079,0.8296954998652655,211,0.8436689688656847,True,,3039,0.8189167340339532,197
1000000000000.0,0.0,20201051,2816,0.758825114524387,75,-0.006416818223924814,True,,2797,0.7537052007545136,66
1000000000000.0,0.0,20201052,3183,0.8577202910266775,255,0.0420435517578408,True,,3172,0.8547561304230665,190
1000000000000.0,0.0,20201053,12,0.0032336297493936943,1,-2.7130160873382616,True,,3060,0.824575586095392,208
1000000000000.0,0.0,20201054,3321,0.8949070331447049,397,2.1812727095783657,False,,3106,0.8369711668014013,228
1000000000000.0,0.0,20201055,3143,0.8469415251953651,176,-1.4088857748805914,True,,3307,0.8911344651037456,589
1000000000000.0,0.0,20201056,2815,0.7585556453786042,38,3.2771410927268514,False,,2904,0.7825383993532741,97
1000000000000.0,0.0,20201057,3090,0.8326596604688763,141,-0.42768587970424754,True,,3040,0.8191862031797359,112
1000000000000.0,0.0,20201058,3329,0.8970627863109674,358,1.8505413062698093,True,,3155,0.8501751549447588,231
1000000000000.0,0.0,20201059,3025,0.8151441659929938,87,1.8577349843081201,True,,2881,0.7763406090002695,30
1000000000000.0,0.0,20201060,300,0.08084074373484236,0,4.614610797254605,False,,14,0.00377256804095931,0
1000000000000.0,0.0,20201061,745,0.20075451360819185,0,-1.6139060125523086,True,,2441,0.657774184855834,0
1000000000000.0,0.0,20201062,3368,0.9075720829964969,483,-1.4212384836452125,True,,2951,0.795203449205066,110
1000000000000.0,0.0,20201063,2962,0.798167609808677,74,0.6605173698425908,True,,2962,0.798167609808677,116
1000000000000.0,0.0,20201064,3047,0.8210724872002155,95,-0.6568744931147492,True,,2725,0.7343034222581515,34
1000000000000.0,0.0,20201065,1120,0.3018054432767448,0,6.428482832433176,False,,217,0.05847480463486931,0
1000000000000.0,0.0,20201066,1973,0.5316626246294799,1,-5.717999137859049,True,,2427,0.6540016168148747,1
1000000000000.0,0.0,20201067,3394,0.9145782807868499,790,-5.34816904569152,True,,3454,0.9307464295338184,1192
1000000000000.0,0.0,20201068,2606,0.7022365939099973,6,4.386989928970714,False,,2743,0.7391538668822419,2
1000000000000.0,0.0,20201069,2963,0.7984370789544597,70,-1.7658797458571192,True,,3046,0.8208030180544328,283
1000000000000.0,0.0,20201070,3432,0.9248181083265966,874,-4.067193193084102,True,,3452,0.9302074912422528,1123
1000000000000.0,0.0,20201071,2174,0.5858259229318243,0,1.1822753074479868,True,,2044,0.5507949339800593,2
1000000000000.0,0.0,20201072,3377,0.9099973053085422,758,-3.9936852722426552,True,,3430,0.924279170035031,889
1000000000000.0,0.0,20201073,2702,0.7281056319051469,29,-4.798252626999135,True,,3363,0.9062247372675829,820
1000000000000.0,0.0,20201074,0,0.0,0,,False,,0,0.0,0
1000000000000.0,0.0,20201075,3204,0.8633791430881164,299,-1.0375144138060781,True,,3155,0.8501751549447588,394
1000000000000.0,0.0,20201076,3484,0.9388305039073026,952,-2.251167570980381,True,,3396,0.9151172190784155,1022
1000000000000.0,0.0,20201077,3269,0.8808946375639989,397,1.608901907878808,True,,3155,0.8501751549447588,313
1000000000000.0,0.0,20201078,2816,0.758825114524387,70,0.5058639900419744,True,,2867,0.7725680409593102,77
1000000000000.0,0.0,20201079,19,0.005119913769873349,0,5.1760713786195955,False,,2,0.0005389382915656157,0
1000000000000.0,0.0,20201080,3054,0.8229587712206953,111,-0.5090298939161109,True,,2865,0.7720291026677445,46
1000000000000.0,0.0,20201081,3059,0.8243061169496093,114,-11.036197980417189,True,,3005,0.8097547830773376,103
1000000000000.0,0.0,20201082,1800,0.4850444624090542,0,4.818717447259256,False,,2662,0.7173268660738346,7
1000000000000.0,0.0,20201083,3459,0.9320937752627324,902,-3.107047885519252,True,,3458,0.9318243061169497,1454
1000000000000.0,0.0,20201084,3462,0.9329021827000809,662,-4.468922005444403,True,,3451,0.9299380220964699,958
1000000000000.0,0.0,20201085,1017,0.2740501212611156,1,1.0947234555138596,True,,2465,0.6642414443546214,0
1000000000000.0,0.0,20201086,3213,0.8658043654001617,319,-2.2891375909635654,True,,3090,0.8326596604688763,229
1000000000000.0,0.0,20201087,3295,0.8879008353543519,350,-1.4660071201635887,True,,3106,0.8369711668014013,187
1000000000000.0,0.0,20201088,3006,0.8100242522231205,119,0.6257853377724256,True,,2733,0.7364591754244139,28
1000000000000.0,0.0,20201089,3307,0.8911344651037456,325,-1.0800219993850404,True,,2928,0.7890056588520614,149
1000000000000.0,0.0,20201090,2973,0.8011317704122878,58,0.991036254315155,True,,2835,0.7639450282942603,58
1000000000000.0,0.0,20201091,2192,0.5906763675559148,0,0.7600923524978578,True,,1243,0.3349501482080302,0
1000000000000.0,0.0,20201092,2804,0.7555914847749933,31,3.509054489340441,False,,2912,0.7846941525195366,76
1000000000000.0,0.0,20201093,3,0.0008084074373484236,0,-0.6939430701545044,True,,2509,0.6760980867690649,5
1000000000000.0,0.0,20201094,2484,0.6693613581244947,9,2.5659702977436796,False,,51,0.0137429264349232,0
1000000000000.0,0.0,20201095,3256,0.8773915386688225,195,1.228940857903868,True,,3012,0.8116410670978172,91
1000000000000.0,0.0,20201096,139,0.037456211263810296,0,1.9897429328865606,True,,54,0.014551333872271624,0
1000000000000.0,0.0,20201097,1955,0.5268121800053894,1,-2.6422954691211866,True,,2608,0.702775532201563,28
1000000000000.0,0.0,20201098,3399,0.9159256265157639,737,-3.3523312526003872,True,,3479,0.9374831581783886,1454
1000000000000.0,0.0,20201099,3097,0.8345459444893559,312,2.4254539707279177,False,,3173,0.8550255995688494,414
1000000000000.0,0.0,20201100,2982,0.8035569927243331,70,-2.830308848423476,True,,2654,0.7151711129075721,15
1000000000000.0,0.0,20201101,2926,0.7884667205604958,64,3.1809743722577064,False,,2514,0.677445432497979,1
1000000000000.0,0.0,20201102,2266,0.6106170843438427,9,2.859753079850508,False,,2463,0.6637025060630558,8
1000000000000.0,0.0,20201103,2761,0.7440043115063325,23,1.1216714712380718,True,,2599,0.7003503098895176,9
1000000000000.0,0.0,20201104,3422,0.9221234168687685,824,-2.1740818781923643,True,,3482,0.938291565615737,1286
1000000000000.0,0.0,20201105,2408,0.6488817030450014,1,3.795552608855645,False,,5,0.0013473457289140394,0
1000000000000.0,0.0,20201106,46,0.012395580706009162,0,-2.866978667354557,True,,3328,0.8967933171651846,638
1000000000000.0,0.0,20201107,3,0.0008084074373484236,1,0.08481091669362151,True,,2563,0.6906494206413366,3
1000000000000.0,0.0,20201108,1649,0.4443546213958502,1,2.164500002147321,False,,2147,0.5785502559956885,0
1000000000000.0,0.0,20201109,3267,0.8803556992724333,311,-1.2637915868108882,True,,3146,0.8477499326327136,347
1000000000000.0,0.0,20201110,1830,0.4931285367825384,0,-0.09488232965181531,True,,2434,0.6558879008353543,0
1000000000000.0,0.0,20201111,2498,0.6731339261654541,13,-1.5583965178456571,True,,2269,0.6114254917811911,0
1000000000000.0,0.0,20201112,3266,0.8800862301266505,534,-3.448465653875955,True,,3382,0.9113446510374562,975
1000000000000.0,0.0,20201113,2502,0.6742118027485853,14,4.550503313366736,False,,2520,0.6790622473726758,11
1000000000000.0,0.0,20201114,3143,0.8469415251953651,246,-2.55810661719788,True,,3358,0.9048773915386689,899
1000000000000.0,0.0,20201115,2324,0.6262462947992455,15,1.6142806887967085,True,,1778,0.4791161412018324,1
1000000000000.0,0.0,20201116,3194,0.8606844516302883,296,-8.00663297692374,True,,3166,0.8531393155483697,349
1000000000000.0,0.0,20201117,1978,0.5330099703583939,1,-0.45093917024199737,True,,2525,0.6804095931015899,0
1000000000000.0,0.0,20201118,2911,0.7844246833737537,65,-0.15884112234836678,True,,2845,0.7666397197520883,90
1000000000000.0,0.0,20201119,3018,0.8132578819725141,102,-2.7854352825157953,True,,412,0.11102128806251685,0
1000000000000.0,0.0,20201120,1798,0.48450552411748854,10,-0.23055591009211973,True,,1619,0.43627054702236595,1
1000000000000.0,0.0,20201121,3305,0.89059552681218,405,-2.196239844658593,True,,3195,0.8609539207760711,408
1000000000000.0,0.0,20201122,3439,0.9267043923470762,630,-3.602907551193476,True,,3260,0.8784694152519537,755
1000000000000.0,0.0,20201123,0,0.0,0,,False,,0,0.0,0
1000000000000.0,0.0,20201124,3397,0.9153866882241983,798,-5.521133462237795,True,,3256,0.8773915386688225,603
1000000000000.0,0.0,20201125,194,0.05227701428186473,1,-1.9653921634585503,True,,1726,0.4651037456211264,1
1000000000000.0,0.0,20201126,2504,0.6747507410401509,0,-11.151783010920504,True,,2466,0.6645109135004043,1
1000000000000.0,0.0,20201127,3384,0.9118835893290218,697,-5.1390682102255685,True,,3482,0.938291565615737,1477
1000000000000.0,0.0,20201128,1291,0.34788466720560496,1,2.936891977143567,False,,2512,0.6769064942064134,0
1000000000000.0,0.0,20201129,3134,0.8445163028833199,184,-4.905070417111616,True,,3177,0.8561034761519806,357
1000000000000.0,0.0,20201130,2927,0.7887361897062787,53,1.1217715841697737,True,,2947,0.7941255726219348,128
1000000000000.0,0.0,20201131,545,0.14686068445163028,0,,False,,1337,0.3602802479116141,0
1000000000000.0,0.0,20201132,3253,0.876583131231474,270,0.9983892216929551,True,,2632,0.7092427917003503,2
1000000000000.0,0.0,20201133,2855,0.7693344112099164,56,1.078620474484405,True,,2826,0.761519805982215,86
1000000000000.0,0.0,20201134,3347,0.9019132309350579,576,-5.318023544483992,True,,3439,0.9267043923470762,1058
1000000000000.0,0.0,20201135,3388,0.9129614659121531,795,-6.072031260030239,True,,3407,0.9180813796820264,1150
1000000000000.0,0.0,20201136,1091,0.29399083804904336,1,-6.845142363584664,True,,75,0.02021018593371059,1
1000000000000.0,0.0,20201137,3081,0.8302344381568311,240,-1.2575176513503221,True,,3205,0.8636486122338992,380
1000000000000.0,0.0,20201138,1407,0.3791430881164107,0,-0.6917026220510101,True,,35,0.009431420102398275,0
1000000000000.0,0.0,20201139,2876,0.7749932632713554,14,3.8143066723209937,False,,2638,0.7108596065750472,17
1000000000000.0,0.0,20201140,777,0.20937752627324172,1,0.4789352317007136,True,,2805,0.7558609539207761,32
1000000000000.0,0.0,20201141,3473,0.9358663433036917,975,-3.197204073666314,True,,3458,0.9318243061169497,1331
1000000000000.0,0.0,20201142,125,0.03368364322285099,0,,False,,324,0.08730800323362975,0
1000000000000.0,0.0,20201143,1939,0.5225006736728645,0,-0.9677562584514501,True,,2300,0.6197790353004581,0
1000000000000.0,0.0,20201144,3361,0.9056857989760172,666,-3.157942320398466,True,,3367,0.9073026138507141,1007
1000000000000.0,0.0,20201145,2990,0.8057127458905955,163,0.9809773951035687,True,,3126,0.8423605497170574,302
1000000000000.0,0.0,20201146,0,0.0,0,0.840127081285952,True,,1,0.00026946914578280785,0
1000000000000.0,0.0,20201147,1245,0.3354890864995958,1,0.20255924163765648,True,,2546,0.6860684451630288,17
1000000000000.0,0.0,20201148,44,0.011856642414443546,0,-0.46522359678036995,True,,355,0.09566154675289679,0
1000000000000.0,0.0,20201149,1939,0.5225006736728645,2,-0.35840134144819125,True,,2283,0.6151980598221504,10
1000000000000.0,0.0,20201150,3192,0.8601455133387227,197,-2.995525716289565,True,,3162,0.8520614389652384,366
1000000000000.0,0.0,20201151,1359,0.36620856911883587,0,5.967769279680883,False,,141,0.03799514955537591,0
1000000000000.0,0.0,20201152,1,0.00026946914578280785,1,-0.6825965009752544,True,,452,0.12180005389382915,1
1000000000000.0,0.0,20201153,595,0.16033414174077068,0,1.6612092351655905,True,,111,0.029911075181891674,0
1000000000000.0,0.0,20201154,1946,0.5243869576933441,0,4.7555342842320005,False,,1874,0.5049851791969819,1
1000000000000.0,0.0,20201155,2379,0.6410670978172999,15,3.0652174844980804,False,,2333,0.6286715171112908,1
1000000000000.0,0.0,20201156,154,0.04149824845055241,0,4.1456464344217405,False,,167,0.045001347345728915,0
1000000000000.0,0.0,20201157,2852,0.7685260037725681,64,-2.8937948601559853,True,,3352,0.903260576663972,808
1000000000000.0,0.0,20201158,2972,0.800862301266505,72,-0.8268452964270443,True,,347,0.09350579358663433,0
1000000000000.0,0.0,20201159,3399,0.9159256265157639,524,-1.6449949853446801,True,,3365,0.9067636755591485,634
1000000000000.0,0.0,20201160,0,0.0,0,,False,,0,0.0,0
1000000000000.0,0.0,20201161,2773,0.7472379412557262,33,-0.15937090177091395,True,,2395,0.6453786041498248,17
1000000000000.0,0.0,20201162,38,0.010239827539746699,0,,False,,194,0.05227701428186473,0
1000000000000.0,0.0,20201163,2952,0.7954729183508489,110,-1.1405329197387521,True,,3223,0.8684990568579898,360
1000000000000.0,0.0,20201164,3223,0.8684990568579898,274,0.6332227366830683,True,,3108,0.8375101050929669,321
1000000000000.0,0.0,20201165,3110,0.8380490433845325,106,-2.7661254048856314,True,,2940,0.7922392886014551,110
1000000000000.0,0.0,20201166,17,0.004580975478307734,0,,False,,16,0.004311506332524926,0
1000000000000.0,0.0,20201167,166,0.044731878199946104,0,3.2827760298292645,False,,667,0.17973592023713283,0
1000000000000.0,0.0,20201168,321,0.08649959579628133,0,5.49050531270839,False,,2425,0.6534626785233091,0
1000000000000.0,0.0,20201169,407,0.10967394233360281,0,,False,,101,0.027216383724063594,0
1000000000000.0,0.0,20201170,3361,0.9056857989760172,715,-2.4839250101088233,True,,3405,0.9175424413904608,1142
1000000000000.0,0.0,20201171,2890,0.7787658313123147,44,3.426796511857102,False,,2796,0.7534357316087308,54
1000000000000.0,0.0,20201172,2880,0.7760711398544866,35,-0.0958876835792708,True,,2992,0.8062516841821611,90
1000000000000.0,0.0,20201173,2879,0.7758016707087039,58,-12.616659136917512,True,,2838,0.7647534357316087,56
1000000000000.0,0.0,20201174,465,0.12530315278900567,0,5.909826326887934,False,,759,0.20452708164915118,0
1000000000000.0,0.0,20201175,2919,0.7865804365400162,66,-0.44612193620621454,True,,2088,0.5626515763945028,0
1000000000000.0,0.0,20201176,1960,0.5281595257343035,1,2.0943204086148324,False,,2212,0.596065750471571,0
1000000000000.0,0.0,20201177,3167,0.8534087846941525,247,-2.42227374058956,True,,3354,0.9037995149555376,800
1000000000000.0,0.0,20201178,2474,0.6666666666666666,11,-0.08633635169678922,True,,2626,0.7076259768256534,22
1000000000000.0,0.0,20201179,978,0.2635408245755861,0,3.829948487988003,False,,2143,0.5774723794125572,0
1000000000000.0,0.0,20201180,3245,0.8744273780652115,258,0.9058616405436308,True,,3095,0.8340070061977903,172
1000000000000.0,0.0,20201181,3341,0.900296416060361,476,-2.470590452756083,True,,3345,0.9013742926434923,843
1000000000000.0,0.0,20201182,3393,0.9143088116410671,619,-4.059682872321844,True,,3490,0.9404473187819995,1245
1000000000000.0,0.0,20201183,3284,0.884936674750741,422,2.3997690540078267,False,,3315,0.8932902182700081,630
1000000000000.0,0.0,20201184,2580,0.6952303961196443,22,-4.815760901349639,True,,3013,0.8119105362436001,103
1000000000000.0,0.0,20201185,2584,0.6963082727027755,15,4.063315789638989,False,,2621,0.7062786310967394,1
1000000000000.0,0.0,20201186,3255,0.8771220695230396,452,-2.391323405499818,True,,3451,0.9299380220964699,1263
1000000000000.0,0.0,20201187,2926,0.7884667205604958,82,1.4444811852094634,True,,2523,0.6798706548100243,20
1000000000000.0,0.0,20201188,2789,0.7515494475882512,33,2.919676020160641,False,,2757,0.7429264349232013,39
1000000000000.0,0.0,20201189,3287,0.8857450821880894,483,-2.1983608495301556,True,,3341,0.900296416060361,842
1000000000000.0,0.0,20201190,739,0.19913769873349502,1,4.651625836348318,False,,2288,0.6165454055510644,0
1000000000000.0,0.0,20201191,3187,0.8587981676098086,273,-2.8829607965245554,True,,2632,0.7092427917003503,15
1000000000000.0,0.0,20201192,3211,0.8652654271085961,296,1.9307408134314588,True,,3186,0.8585286984640259,278
1000000000000.0,0.0,20201193,1729,0.46591215305847483,0,3.713445264193643,False,,1592,0.4289948800862301,0
1000000000000.0,0.0,20201194,228,0.06143896523848019,0,-0.6510400494404052,True,,1419,0.38237671786580435,0
1000000000000.0,0.0,20201195,2072,0.5583400700619779,1,3.3696981002776023,False,,1082,0.29156561573699813,1
1000000000000.0,0.0,20201196,0,0.0,1,5.2213529808677945,False,,13,0.0035030988951765024,1
1000000000000.0,0.0,20201197,93,0.025060630557801132,0,5.172456988053119,False,,38,0.010239827539746699,0
1000000000000.0,0.0,20201198,218,0.05874427378065211,0,6.163334434039694,False,,482,0.12988412826731338,0
1000000000000.0,0.0,20201199,2412,0.6499595796281326,21,3.7599536718973496,False,,2945,0.7935866343303691,84
1000000000000.0,0.0,20201200,3316,0.8935596874157908,505,-2.382016021012335,True,,3438,0.9264349232012935,1170
