theta,infection_age_days,seed,infections_total,attack_rate,recorded_onsets,index_onset_day,index_shedding_at_day0,invalid_reason,parent_infections_total,parent_attack_rate,parent_recorded_onsets
10000.0,0.0,20201001,0,0.0,0,-1.3663811429320818,True,,,,
10000.0,0.0,20201002,3,0.0008084074373484236,1,2.1764533615030124,False,,,,
10000.0,0.0,20201003,1,0.00026946914578280785,0,-1.0057621642007222,True,,,,
10000.0,0.0,20201004,0,0.0,1,0.46667241055194175,True,,,,
10000.0,0.0,20201005,1,0.00026946914578280785,0,-7.376355015605215,True,,,,
10000.0,0.0,20201006,0,0.0,0,-0.6986092890962938,True,,,,
10000.0,0.0,20201007,0,0.0,0,-6.177329354588388,True,,,,
10000.0,0.0,20201008,7,0.001886284020479655,0,-0.6728293887946633,True,,,,
10000.0,0.0,20201009,0,0.0,0,-1.1643490272194796,True,,,,
10000.0,0.0,20201010,0,0.0,0,3.0059665881574547,False,,,,
10000.0,0.0,20201011,0,0.0,0,-3.5268297763956182,True,,,,
10000.0,0.0,20201012,61,0.01643761789275128,0,-0.054842477040995874,True,,,,
10000.0,0.0,20201013,1,0.00026946914578280785,0,-4.3758602585599915,True,,,,
10000.0,0.0,20201014,0,0.0,0,0.14793545282991438,True,,,,
10000.0,0.0,20201015,0,0.0,0,-8.479159909235273,True,,,,
10000.0,0.0,20201016,1,0.00026946914578280785,1,1.0835755652613415,True,,,,
10000.0,0.0,20201017,0,0.0,0,-2.226165683903649,True,,,,
10000.0,0.0,20201018,0,0.0,0,-0.11737015657024852,True,,,,
10000.0,0.0,20201019,0,0.0,0,2.43257235038174,False,,,,
10000.0,0.0,20201020,0,0.0,1,-1.3152257264016383,True,,,,
10000.0,0.0,20201021,0,0.0,0,-5.950966682889597,True,,,,
10000.0,0.0,20201022,0,0.0,0,-2.2286373606117653,True,,,,
10000.0,0.0,20201023,0,0.0,0,2.4124932086277884,False,,,,
10000.0,0.0,20201024,0,0.0,0,-3.2643559103517843,True,,,,
10000.0,0.0,20201025,0,0.0,0,-0.9160203647650693,True,,,,
10000.0,0.0,20201026,1,0.00026946914578280785,0,-3.442335377777394,True,,,,
10000.0,0.0,20201027,1,0.00026946914578280785,0,-1.9977548207353144,True,,,,
10000.0,0.0,20201028,0,0.0,0,0.39347676663602993,True,,,,
10000.0,0.0,20201029,0,0.0,1,-2.37686655030506,True,,,,
10000.0,0.0,20201030,0,0.0,0,-1.7718502957198519,True,,,,
10000.0,0.0,20201031,0,0.0,0,-2.3867270743395075,True,,,,
10000.0,0.0,20201032,0,0.0,0,0.758301456265249,True,,,,
10000.0,0.0,20201033,1,0.00026946914578280785,1,0.3337441746416312,True,,,,
10000.0,0.0,20201034,0,0.0,0,-1.1356129193429503,True,,,,
10000.0,0.0,20201035,0,0.0,0,-1.2964899678535815,True,,,,
10000.0,0.0,20201036,2,0.0005389382915656157,0,-4.373860219936079,True,,,,
10000.0,0.0,20201037,0,0.0,0,1.6832555204519446,True,,,,
10000.0,0.0,20201038,0,0.0,0,,False,,,,
10000.0,0.0,20201039,1,0.00026946914578280785,0,0.45427746494227517,True,,,,
10000.0,0.0,20201040,0,0.0,0,,False,,,,
10000.0,0.0,20201041,1,0.00026946914578280785,0,1.9128879483224668,True,,,,
10000.0,0.0,20201042,1,0.00026946914578280785,0,0.04116257183249328,True,,,,
10000.0,0.0,20201043,0,0.0,0,,False,,,,
10000.0,0.0,20201044,0,0.0,0,1.095140485547148,True,,,,
10000.0,0.0,20201045,0,0.0,0,1.032818464748324,True,,,,
10000.0,0.0,20201046,0,0.0,0,-0.12788669477456072,True,,,,
10000.0,0.0,20201047,0,0.0,0,2.9244775000891394,False,,,,
10000.0,0.0,20201048,2,0.0005389382915656157,1,2.877230014660336,False,,,,
10000.0,0.0,20201049,0,0.0,0,3.7900994573264355,False,,,,
10000.0,0.0,20201050,1,0.00026946914578280785,0,0.8436689688656847,True,,,,
10000.0,0.0,20201051,0,0.0,1,-0.006416818223924814,True,,,,
10000.0,0.0,20201052,3,0.0008084074373484236,0,0.0420435517578408,True,,,,
10000.0,0.0,20201053,0,0.0,0,-2.7130160873382616,True,,,,
10000.0,0.0,20201054,0,0.0,0,2.1812727095783657,False,,,,
10000.0,0.0,20201055,0,0.0,1,-1.4088857748805914,True,,,,
10000.0,0.0,20201056,0,0.0,0,3.2771410927268514,False,,,,
10000.0,0.0,20201057,2,0.0005389382915656157,0,-0.42768587970424754,True,,,,
10000.0,0.0,20201058,0,0.0,0,1.8505413062698093,True,,,,
10000.0,0.0,20201059,2,0.0005389382915656157,0,1.8577349843081201,True,,,,
10000.0,0.0,20201060,0,0.0,0,4.614610797254605,False,,,,
10000.0,0.0,20201061,0,0.0,0,-1.6139060125523086,True,,,,
10000.0,0.0,20201062,0,0.0,0,-1.4212384836452125,True,,,,
10000.0,0.0,20201063,0,0.0,0,0.6605173698425908,True,,,,
10000.0,0.0,20201064,1,0.00026946914578280785,0,-0.6568744931147492,True,,,,
10000.0,0.0,20201065,0,0.0,0,6.428482832433176,False,,,,
10000.0,0.0,20201066,0,0.0,0,-5.717999137859049,True,,,,
10000.0,0.0,20201067,2,0.0005389382915656157,0,-5.34816904569152,True,,,,
10000.0,0.0,20201068,0,0.0,1,4.386989928970714,False,,,,
10000.0,0.0,20201069,0,0.0,1,-1.7658797458571192,True,,,,
10000.0,0.0,20201070,1,0.00026946914578280785,0,-4.067193193084102,True,,,,
10000.0,0.0,20201071,0,0.0,0,1.1822753074479868,True,,,,
10000.0,0.0,20201072,0,0.0,0,-3.9936852722426552,True,,,,
10000.0,0.0,20201073,0,0.0,0,-4.798252626999135,True,,,,
10000.0,0.0,20201074,0,0.0,0,,False,,,,
10000.0,0.0,20201075,0,0.0,0,-1.0375144138060781,True,,,,
10000.0,0.0,20201076,0,0.0,0,-2.251167570980381,True,,,,
10000.0,0.0,20201077,0,0.0,1,1.608901907878808,True,,,,
10000.0,0.0,20201078,1,0.00026946914578280785,1,0.5058639900419744,True,,,,
10000.0,0.0,20201079,0,0.0,0,5.1760713786195955,False,,,,
10000.0,0.0,20201080,1,0.00026946914578280785,1,-0.5090298939161109,True,,,,
10000.0,0.0,20201081,0,0.0,0,-11.036197980417189,True,,,,
10000.0,0.0,20201082,0,0.0,0,4.818717447259256,False,,,,
10000.0,0.0,20201083,17,0.004580975478307734,1,-3.107047885519252,True,,,,
10000.0,0.0,20201084,0,0.0,1,-4.468922005444403,True,,,,
10000.0,0.0,20201085,0,0.0,0,1.0947234555138596,True,,,,
10000.0,0.0,20201086,0,0.0,1,-2.2891375909635654,True,,,,
10000.0,0.0,20201087,0,0.0,1,-1.4660071201635887,True,,,,
10000.0,0.0,20201088,0,0.0,0,0.6257853377724256,True,,,,
10000.0,0.0,20201089,1,0.00026946914578280785,0,-1.0800219993850404,True,,,,
10000.0,0.0,20201090,0,0.0,0,0.991036254315155,True,,,,
10000.0,0.0,20201091,0,0.0,1,0.7600923524978578,True,,,,
10000.0,0.0,20201092,0,0.0,0,3.509054489340441,False,,,,
10000.0,0.0,20201093,0,0.0,0,-0.6939430701545044,True,,,,
10000.0,0.0,20201094,0,0.0,0,2.5659702977436796,False,,,,
10000.0,0.0,20201095,1,0.00026946914578280785,0,1.228940857903868,True,,,,
10000.0,0.0,20201096,0,0.0,0,1.9897429328865606,True,,,,
10000.0,0.0,20201097,0,0.0,0,-2.6422954691211866,True,,,,
10000.0,0.0,20201098,4,0.0010778765831312314,0,-3.3523312526003872,True,,,,
10000.0,0.0,20201099,0,0.0,0,2.4254539707279177,False,,,,
10000.0,0.0,20201100,0,0.0,0,-2.830308848423476,True,,,,
10000.0,0.0,20201101,0,0.0,0,3.1809743722577064,False,,,,
10000.0,0.0,20201102,0,0.0,0,2.859753079850508,False,,,,
10000.0,0.0,20201103,0,0.0,0,1.1216714712380718,True,,,,
10000.0,0.0,20201104,4,0.0010778765831312314,1,-2.1740818781923643,True,,,,
10000.0,0.0,20201105,0,0.0,0,3.795552608855645,False,,,,
10000.0,0.0,20201106,0,0.0,0,-2.866978667354557,True,,,,
10000.0,0.0,20201107,0,0.0,1,0.08481091669362151,True,,,,
10000.0,0.0,20201108,0,0.0,0,2.164500002147321,False,,,,
10000.0,0.0,20201109,0,0.0,0,-1.2637915868108882,True,,,,
10000.0,0.0,20201110,0,0.0,0,-0.09488232965181531,True,,,,
10000.0,0.0,20201111,0,0.0,0,-1.5583965178456571,True,,,,
10000.0,0.0,20201112,1,0.00026946914578280785,0,-3.448465653875955,True,,,,
10000.0,0.0,20201113,0,0.0,0,4.550503313366736,False,,,,
10000.0,0.0,20201114,1,0.00026946914578280785,0,-2.55810661719788,True,,,,
10000.0,0.0,20201115,0,0.0,0,1.6142806887967085,True,,,,
10000.0,0.0,20201116,0,0.0,0,-8.00663297692374,True,,,,
10000.0,0.0,20201117,0,0.0,0,-0.45093917024199737,True,,,,
10000.0,0.0,20201118,0,0.0,0,-0.15884112234836678,True,,,,
10000.0,0.0,20201119,0,0.0,0,-2.7854352825157953,True,,,,
10000.0,0.0,20201120,0,0.0,0,-0.23055591009211973,True,,,,
10000.0,0.0,20201121,0,0.0,0,-2.196239844658593,True,,,,
10000.0,0.0,20201122,0,0.0,0,-3.602907551193476,True,,,,
10000.0,0.0,20201123,0,0.0,0,,False,,,,
10000.0,0.0,20201124,0,0.0,0,-5.521133462237795,True,,,,
10000.0,0.0,20201125,0,0.0,1,-1.9653921634585503,True,,,,
10000.0,0.0,20201126,0,0.0,0,-11.151783010920504,True,,,,
10000.0,0.0,20201127,2,0.0005389382915656157,0,-5.1390682102255685,True,,,,
10000.0,0.0,20201128,0,0.0,0,2.936891977143567,False,,,,
10000.0,0.0,20201129,0,0.0,0,-4.905070417111616,True,,,,
10000.0,0.0,20201130,0,0.0,1,1.1217715841697737,True,,,,
10000.0,0.0,20201131,0,0.0,0,,False,,,,
10000.0,0.0,20201132,0,0.0,0,0.9983892216929551,True,,,,
10000.0,0.0,20201133,0,0.0,0,1.078620474484405,True,,,,
10000.0,0.0,20201134,1,0.00026946914578280785,0,-5.318023544483992,True,,,,
10000.0,0.0,20201135,0,0.0,0,-6.072031260030239,True,,,,
10000.0,0.0,20201136,0,0.0,1,-6.845142363584664,True,,,,
10000.0,0.0,20201137,0,0.0,0,-1.2575176513503221,True,,,,
10000.0,0.0,20201138,0,0.0,1,-0.6917026220510101,True,,,,
10000.0,0.0,20201139,0,0.0,0,3.8143066723209937,False,,,,
10000.0,0.0,20201140,0,0.0,0,0.4789352317007136,True,,,,
10000.0,0.0,20201141,2,0.0005389382915656157,1,-3.197204073666314,True,,,,
10000.0,0.0,20201142,0,0.0,0,,False,,,,
10000.0,0.0,20201143,1,0.00026946914578280785,0,-0.9677562584514501,True,,,,
10000.0,0.0,20201144,0,0.0,0,-3.157942320398466,True,,,,
10000.0,0.0,20201145,0,0.0,0,0.9809773951035687,True,,,,
10000.0,0.0,20201146,0,0.0,0,0.840127081285952,True,,,,
10000.0,0.0,20201147,1,0.00026946914578280785,1,0.20255924163765648,True,,,,
10000.0,0.0,20201148,0,0.0,0,-0.46522359678036995,True,,,,
10000.0,0.0,20201149,0,0.0,0,-0.35840134144819125,True,,,,
10000.0,0.0,20201150,1,0.00026946914578280785,0,-2.995525716289565,True,,,,
10000.0,0.0,20201151,0,0.0,0,5.967769279680883,False,,,,
10000.0,0.0,20201152,0,0.0,1,-0.6825965009752544,True,,,,
10000.0,0.0,20201153,0,0.0,0,1.6612092351655905,True,,,,
10000.0,0.0,20201154,0,0.0,0,4.7555342842320005,False,,,,
10000.0,0.0,20201155,0,0.0,0,3.0652174844980804,False,,,,
10000.0,0.0,20201156,0,0.0,0,4.1456464344217405,False,,,,
10000.0,0.0,20201157,1,0.00026946914578280785,0,-2.8937948601559853,True,,,,
10000.0,0.0,20201158,0,0.0,0,-0.8268452964270443,True,,,,
10000.0,0.0,20201159,40,0.010778765831312315,0,-1.6449949853446801,True,,,,
10000.0,0.0,20201160,0,0.0,0,,False,,,,
10000.0,0.0,20201161,0,0.0,0,-0.15937090177091395,True,,,,
10000.0,0.0,20201162,0,0.0,0,,False,,,,
10000.0,0.0,20201163,0,0.0,0,-1.1405329197387521,True,,,,
10000.0,0.0,20201164,1,0.00026946914578280785,0,0.6332227366830683,True,,,,
10000.0,0.0,20201165,0,0.0,0,-2.7661254048856314,True,,,,
10000.0,0.0,20201166,0,0.0,0,,False,,,,
10000.0,0.0,20201167,0,0.0,1,3.2827760298292645,False,,,,
10000.0,0.0,20201168,0,0.0,0,5.49050531270839,False,,,,
10000.0,0.0,20201169,0,0.0,0,,False,,,,
10000.0,0.0,20201170,0,0.0,0,-2.4839250101088233,True,,,,
10000.0,0.0,20201171,0,0.0,0,3.426796511857102,False,,,,
10000.0,0.0,20201172,0,0.0,0,-0.0958876835792708,True,,,,
10000.0,0.0,20201173,0,0.0,0,-12.616659136917512,True,,,,
10000.0,0.0,20201174,0,0.0,0,5.909826326887934,False,,,,
10000.0,0.0,20201175,0,0.0,1,-0.44612193620621454,True,,,,
10000.0,0.0,20201176,0,0.0,0,2.0943204086148324,False,,,,
10000.0,0.0,20201177,0,0.0,0,-2.42227374058956,True,,,,
10000.0,0.0,20201178,0,0.0,0,-0.08633635169678922,True,,,,
10000.0,0.0,20201179,0,0.0,0,3.829948487988003,False,,,,
10000.0,0.0,20201180,6,0.0016168148746968471,1,0.9058616405436308,True,,,,
10000.0,0.0,20201181,0,0.0,1,-2.470590452756083,True,,,,
10000.0,0.0,20201182,3,0.0008084074373484236,0,-4.059682872321844,True,,,,
10000.0,0.0,20201183,0,0.0,0,2.3997690540078267,False,,,,
10000.0,0.0,20201184,0,0.0,0,-4.815760901349639,True,,,,
10000.0,0.0,20201185,0,0.0,1,4.063315789638989,False,,,,
10000.0,0.0,20201186,0,0.0,0,-2.391323405499818,True,,,,
10000.0,0.0,20201187,0,0.0,0,1.4444811852094634,True,,,,
10000.0,0.0,20201188,0,0.0,0,2.919676020160641,False,,,,
10000.0,0.0,20201189,0,0.0,1,-2.1983608495301556,True,,,,
10000.0,0.0,20201190,0,0.0,1,4.651625836348318,False,,,,
10000.0,0.0,20201191,0,0.0,0,-2.8829607965245554,True,,,,
10000.0,0.0,20201192,0,0.0,0,1.9307408134314588,True,,,,
10000.0,0.0,20201193,0,0.0,0,3.713445264193643,False,,,,
10000.0,0.0,20201194,0,0.0,0,-0.6510400494404052,True,,,,
10000.0,0.0,20201195,0,0.0,0,3.3696981002776023,False,,,,
10000.0,0.0,20201196,0,0.0,1,5.2213529808677945,False,,,,
10000.0,0.0,20201197,0,0.0,0,5.172456988053119,False,,,,
10000.0,0.0,20201198,0,0.0,0,6.163334434039694,False,,,,
10000.0,0.0,20201199,0,0.0,0,3.7599536718973496,False,,,,
10000.0,0.0,20201200,14,0.00377256804095931,0,-2.382016021012335,True,,,,
100000.0,0.0,20201001,0,0.0,0,-1.3663811429320818,True,,,,
100000.0,0.0,20201002,13,0.0035030988951765024,1,2.1764533615030124,False,,,,
100000.0,0.0,20201003,1,0.00026946914578280785,0,-1.0057621642007222,True,,,,
100000.0,0.0,20201004,0,0.0,1,0.46667241055194175,True,,,,
100000.0,0.0,20201005,8,0.002155753166262463,0,-7.376355015605215,True,,,,
100000.0,0.0,20201006,0,0.0,0,-0.6986092890962938,True,,,,
100000.0,0.0,20201007,2,0.0005389382915656157,0,-6.177329354588388,True,,,,
100000.0,0.0,20201008,26,0.007006197790353005,0,-0.6728293887946633,True,,,,
100000.0,0.0,20201009,0,0.0,0,-1.1643490272194796,True,,,,
100000.0,0.0,20201010,0,0.0,0,3.0059665881574547,False,,,,
100000.0,0.0,20201011,1,0.00026946914578280785,0,-3.5268297763956182,True,,,,
100000.0,0.0,20201012,157,0.042306655887900835,0,-0.054842477040995874,True,,,,
100000.0,0.0,20201013,8,0.002155753166262463,1,-4.3758602585599915,True,,,,
100000.0,0.0,20201014,0,0.0,0,0.14793545282991438,True,,,,
100000.0,0.0,20201015,1,0.00026946914578280785,0,-8.479159909235273,True,,,,
100000.0,0.0,20201016,1,0.00026946914578280785,1,1.0835755652613415,True,,,,
100000.0,0.0,20201017,1,0.00026946914578280785,0,-2.226165683903649,True,,,,
100000.0,0.0,20201018,0,0.0,0,-0.11737015657024852,True,,,,
100000.0,0.0,20201019,8,0.002155753166262463,0,2.43257235038174,False,,,,
100000.0,0.0,20201020,0,0.0,1,-1.3152257264016383,True,,,,
100000.0,0.0,20201021,0,0.0,0,-5.950966682889597,True,,,,
100000.0,0.0,20201022,0,0.0,0,-2.2286373606117653,True,,,,
100000.0,0.0,20201023,0,0.0,0,2.4124932086277884,False,,,,
100000.0,0.0,20201024,0,0.0,0,-3.2643559103517843,True,,,,
100000.0,0.0,20201025,0,0.0,0,-0.9160203647650693,True,,,,
100000.0,0.0,20201026,1,0.00026946914578280785,0,-3.442335377777394,True,,,,
100000.0,0.0,20201027,1,0.00026946914578280785,0,-1.9977548207353144,True,,,,
100000.0,0.0,20201028,0,0.0,0,0.39347676663602993,True,,,,
100000.0,0.0,20201029,0,0.0,1,-2.37686655030506,True,,,,
100000.0,0.0,20201030,2,0.0005389382915656157,0,-1.7718502957198519,True,,,,
100000.0,0.0,20201031,1,0.00026946914578280785,0,-2.3867270743395075,True,,,,
100000.0,0.0,20201032,0,0.0,0,0.758301456265249,True,,,,
100000.0,0.0,20201033,1,0.00026946914578280785,1,0.3337441746416312,True,,,,
100000.0,0.0,20201034,0,0.0,0,-1.1356129193429503,True,,,,
100000.0,0.0,20201035,0,0.0,0,-1.2964899678535815,True,,,,
100000.0,0.0,20201036,2,0.0005389382915656157,0,-4.373860219936079,True,,,,
100000.0,0.0,20201037,1,0.00026946914578280785,0,1.6832555204519446,True,,,,
100000.0,0.0,20201038,0,0.0,0,,False,,,,
100000.0,0.0,20201039,1,0.00026946914578280785,0,0.45427746494227517,True,,,,
100000.0,0.0,20201040,0,0.0,0,,False,,,,
100000.0,0.0,20201041,1,0.00026946914578280785,0,1.9128879483224668,True,,,,
100000.0,0.0,20201042,6,0.0016168148746968471,0,0.04116257183249328,True,,,,
100000.0,0.0,20201043,0,0.0,0,,False,,,,
100000.0,0.0,20201044,1,0.00026946914578280785,0,1.095140485547148,True,,,,
100000.0,0.0,20201045,0,0.0,0,1.032818464748324,True,,,,
100000.0,0.0,20201046,0,0.0,0,-0.12788669477456072,True,,,,
100000.0,0.0,20201047,1,0.00026946914578280785,0,2.9244775000891394,False,,,,
100000.0,0.0,20201048,5,0.0013473457289140394,1,2.877230014660336,False,,,,
100000.0,0.0,20201049,0,0.0,0,3.7900994573264355,False,,,,
100000.0,0.0,20201050,1,0.00026946914578280785,0,0.8436689688656847,True,,,,
100000.0,0.0,20201051,0,0.0,1,-0.006416818223924814,True,,,,
100000.0,0.0,20201052,15,0.004042037186742118,0,0.0420435517578408,True,,,,
100000.0,0.0,20201053,0,0.0,0,-2.7130160873382616,True,,,,
100000.0,0.0,20201054,0,0.0,0,2.1812727095783657,False,,,,
100000.0,0.0,20201055,0,0.0,1,-1.4088857748805914,True,,,,
100000.0,0.0,20201056,0,0.0,0,3.2771410927268514,False,,,,
100000.0,0.0,20201057,6,0.0016168148746968471,0,-0.42768587970424754,True,,,,
100000.0,0.0,20201058,1,0.00026946914578280785,0,1.8505413062698093,True,,,,
100000.0,0.0,20201059,11,0.0029641606036108865,0,1.8577349843081201,True,,,,
100000.0,0.0,20201060,0,0.0,0,4.614610797254605,False,,,,
100000.0,0.0,20201061,0,0.0,0,-1.6139060125523086,True,,,,
100000.0,0.0,20201062,0,0.0,0,-1.4212384836452125,True,,,,
100000.0,0.0,20201063,3,0.0008084074373484236,0,0.6605173698425908,True,,,,
100000.0,0.0,20201064,1,0.00026946914578280785,0,-0.6568744931147492,True,,,,
100000.0,0.0,20201065,0,0.0,0,6.428482832433176,False,,,,
100000.0,0.0,20201066,0,0.0,0,-5.717999137859049,True,,,,
100000.0,0.0,20201067,2,0.0005389382915656157,0,-5.34816904569152,True,,,,
100000.0,0.0,20201068,0,0.0,1,4.386989928970714,False,,,,
100000.0,0.0,20201069,1,0.00026946914578280785,1,-1.7658797458571192,True,,,,
100000.0,0.0,20201070,6,0.0016168148746968471,0,-4.067193193084102,True,,,,
100000.0,0.0,20201071,0,0.0,0,1.1822753074479868,True,,,,
100000.0,0.0,20201072,1,0.00026946914578280785,0,-3.9936852722426552,True,,,,
100000.0,0.0,20201073,1,0.00026946914578280785,0,-4.798252626999135,True,,,,
100000.0,0.0,20201074,0,0.0,0,,False,,,,
100000.0,0.0,20201075,0,0.0,0,-1.0375144138060781,True,,,,
100000.0,0.0,20201076,1,0.00026946914578280785,0,-2.251167570980381,True,,,,
100000.0,0.0,20201077,0,0.0,1,1.608901907878808,True,,,,
100000.0,0.0,20201078,1,0.00026946914578280785,1,0.5058639900419744,True,,,,
100000.0,0.0,20201079,0,0.0,0,5.1760713786195955,False,,,,
100000.0,0.0,20201080,1,0.00026946914578280785,1,-0.5090298939161109,True,,,,
100000.0,0.0,20201081,0,0.0,0,-11.036197980417189,True,,,,
100000.0,0.0,20201082,0,0.0,0,4.818717447259256,False,,,,
100000.0,0.0,20201083,122,0.03287523578550256,1,-3.107047885519252,True,,,,
100000.0,0.0,20201084,0,0.0,1,-4.468922005444403,True,,,,
100000.0,0.0,20201085,0,0.0,0,1.0947234555138596,True,,,,
100000.0,0.0,20201086,0,0.0,1,-2.2891375909635654,True,,,,
100000.0,0.0,20201087,1,0.00026946914578280785,1,-1.4660071201635887,True,,,,
100000.0,0.0,20201088,0,0.0,0,0.6257853377724256,True,,,,
100000.0,0.0,20201089,1,0.00026946914578280785,0,-1.0800219993850404,True,,,,
100000.0,0.0,20201090,0,0.0,0,0.991036254315155,True,,,,
100000.0,0.0,20201091,0,0.0,1,0.7600923524978578,True,,,,
100000.0,0.0,20201092,0,0.0,0,3.509054489340441,False,,,,
100000.0,0.0,20201093,0,0.0,0,-0.6939430701545044,True,,,,
100000.0,0.0,20201094,0,0.0,0,2.5659702977436796,False,,,,
100000.0,0.0,20201095,1,0.00026946914578280785,0,1.228940857903868,True,,,,
100000.0,0.0,20201096,0,0.0,0,1.9897429328865606,True,,,,
100000.0,0.0,20201097,1,0.00026946914578280785,0,-2.6422954691211866,True,,,,
100000.0,0.0,20201098,19,0.005119913769873349,1,-3.3523312526003872,True,,,,
100000.0,0.0,20201099,1,0.00026946914578280785,0,2.4254539707279177,False,,,,
100000.0,0.0,20201100,0,0.0,0,-2.830308848423476,True,,,,
100000.0,0.0,20201101,0,0.0,0,3.1809743722577064,False,,,,
100000.0,0.0,20201102,0,0.0,0,2.859753079850508,False,,,,
100000.0,0.0,20201103,1,0.00026946914578280785,0,1.1216714712380718,True,,,,
100000.0,0.0,20201104,4,0.0010778765831312314,1,-2.1740818781923643,True,,,,
100000.0,0.0,20201105,0,0.0,0,3.795552608855645,False,,,,
100000.0,0.0,20201106,0,0.0,0,-2.866978667354557,True,,,,
100000.0,0.0,20201107,0,0.0,1,0.08481091669362151,True,,,,
100000.0,0.0,20201108,0,0.0,0,2.164500002147321,False,,,,
100000.0,0.0,20201109,11,0.0029641606036108865,0,-1.2637915868108882,True,,,,
100000.0,0.0,20201110,0,0.0,0,-0.09488232965181531,True,,,,
100000.0,0.0,20201111,0,0.0,0,-1.5583965178456571,True,,,,
100000.0,0.0,20201112,1,0.00026946914578280785,0,-3.448465653875955,True,,,,
100000.0,0.0,20201113,0,0.0,0,4.550503313366736,False,,,,
100000.0,0.0,20201114,1,0.00026946914578280785,0,-2.55810661719788,True,,,,
100000.0,0.0,20201115,1,0.00026946914578280785,0,1.6142806887967085,True,,,,
100000.0,0.0,20201116,2,0.0005389382915656157,0,-8.00663297692374,True,,,,
100000.0,0.0,20201117,0,0.0,0,-0.45093917024199737,True,,,,
100000.0,0.0,20201118,0,0.0,0,-0.15884112234836678,True,,,,
100000.0,0.0,20201119,0,0.0,0,-2.7854352825157953,True,,,,
100000.0,0.0,20201120,0,0.0,0,-0.23055591009211973,True,,,,
100000.0,0.0,20201121,0,0.0,0,-2.196239844658593,True,,,,
100000.0,0.0,20201122,0,0.0,0,-3.602907551193476,True,,,,
100000.0,0.0,20201123,0,0.0,0,,False,,,,
100000.0,0.0,20201124,0,0.0,0,-5.521133462237795,True,,,,
100000.0,0.0,20201125,0,0.0,1,-1.9653921634585503,True,,,,
100000.0,0.0,20201126,0,0.0,0,-11.151783010920504,True,,,,
100000.0,0.0,20201127,20,0.0053893829156561575,1,-5.1390682102255685,True,,,,
100000.0,0.0,20201128,0,0.0,0,2.936891977143567,False,,,,
100000.0,0.0,20201129,0,0.0,0,-4.905070417111616,True,,,,
100000.0,0.0,20201130,0,0.0,1,1.1217715841697737,True,,,,
100000.0,0.0,20201131,0,0.0,0,,False,,,,
100000.0,0.0,20201132,0,0.0,0,0.9983892216929551,True,,,,
100000.0,0.0,20201133,0,0.0,0,1.078620474484405,True,,,,
100000.0,0.0,20201134,3,0.0008084074373484236,0,-5.318023544483992,True,,,,
100000.0,0.0,20201135,1,0.00026946914578280785,0,-6.072031260030239,True,,,,
100000.0,0.0,20201136,0,0.0,1,-6.845142363584664,True,,,,
100000.0,0.0,20201137,0,0.0,0,-1.2575176513503221,True,,,,
100000.0,0.0,20201138,0,0.0,1,-0.6917026220510101,True,,,,
100000.0,0.0,20201139,0,0.0,0,3.8143066723209937,False,,,,
100000.0,0.0,20201140,0,0.0,0,0.4789352317007136,True,,,,
100000.0,0.0,20201141,7,0.001886284020479655,0,-3.197204073666314,True,,,,
100000.0,0.0,20201142,0,0.0,0,,False,,,,
100000.0,0.0,20201143,1,0.00026946914578280785,0,-0.9677562584514501,True,,,,
100000.0,0.0,20201144,0,0.0,0,-3.157942320398466,True,,,,
100000.0,0.0,20201145,1,0.00026946914578280785,0,0.9809773951035687,True,,,,
100000.0,0.0,20201146,0,0.0,0,0.840127081285952,True,,,,
100000.0,0.0,20201147,1,0.00026946914578280785,1,0.20255924163765648,True,,,,
100000.0,0.0,20201148,0,0.0,0,-0.46522359678036995,True,,,,
100000.0,0.0,20201149,0,0.0,0,-0.35840134144819125,True,,,,
100000.0,0.0,20201150,1,0.00026946914578280785,0,-2.995525716289565,True,,,,
100000.0,0.0,20201151,0,0.0,0,5.967769279680883,False,,,,
100000.0,0.0,20201152,0,0.0,1,-0.6825965009752544,True,,,,
100000.0,0.0,20201153,0,0.0,0,1.6612092351655905,True,,,,
100000.0,0.0,20201154,0,0.0,0,4.7555342842320005,False,,,,
100000.0,0.0,20201155,0,0.0,0,3.0652174844980804,False,,,,
100000.0,0.0,20201156,0,0.0,0,4.1456464344217405,False,,,,
100000.0,0.0,20201157,1,0.00026946914578280785,0,-2.8937948601559853,True,,,,
100000.0,0.0,20201158,0,0.0,0,-0.8268452964270443,True,,,,
100000.0,0.0,20201159,143,0.038534087846941525,0,-1.6449949853446801,True,,,,
100000.0,0.0,20201160,0,0.0,0,,False,,,,
100000.0,0.0,20201161,0,0.0,0,-0.15937090177091395,True,,,,
100000.0,0.0,20201162,0,0.0,0,,False,,,,
100000.0,0.0,20201163,0,0.0,0,-1.1405329197387521,True,,,,
100000.0,0.0,20201164,1,0.00026946914578280785,0,0.6332227366830683,True,,,,
100000.0,0.0,20201165,0,0.0,0,-2.7661254048856314,True,,,,
100000.0,0.0,20201166,0,0.0,0,,False,,,,
100000.0,0.0,20201167,0,0.0,1,3.2827760298292645,False,,,,
100000.0,0.0,20201168,0,0.0,0,5.49050531270839,False,,,,
100000.0,0.0,20201169,0,0.0,0,,False,,,,
100000.0,0.0,20201170,0,0.0,0,-2.4839250101088233,True,,,,
100000.0,0.0,20201171,0,0.0,0,3.426796511857102,False,,,,
100000.0,0.0,20201172,5,0.0013473457289140394,0,-0.0958876835792708,True,,,,
100000.0,0.0,20201173,0,0.0,0,-12.616659136917512,True,,,,
100000.0,0.0,20201174,0,0.0,0,5.909826326887934,False,,,,
100000.0,0.0,20201175,0,0.0,1,-0.44612193620621454,True,,,,
100000.0,0.0,20201176,0,0.0,0,2.0943204086148324,False,,,,
100000.0,0.0,20201177,0,0.0,0,-2.42227374058956,True,,,,
100000.0,0.0,20201178,0,0.0,0,-0.08633635169678922,True,,,,
100000.0,0.0,20201179,0,0.0,0,3.829948487988003,False,,,,
100000.0,0.0,20201180,28,0.00754513608191862,1,0.9058616405436308,True,,,,
100000.0,0.0,20201181,0,0.0,1,-2.470590452756083,True,,,,
100000.0,0.0,20201182,8,0.002155753166262463,0,-4.059682872321844,True,,,,
100000.0,0.0,20201183,0,0.0,0,2.3997690540078267,False,,,,
100000.0,0.0,20201184,0,0.0,0,-4.815760901349639,True,,,,
100000.0,0.0,20201185,0,0.0,1,4.063315789638989,False,,,,
100000.0,0.0,20201186,2,0.0005389382915656157,0,-2.391323405499818,True,,,,
100000.0,0.0,20201187,0,0.0,0,1.4444811852094634,True,,,,
100000.0,0.0,20201188,0,0.0,0,2.919676020160641,False,,,,
100000.0,0.0,20201189,0,0.0,1,-2.1983608495301556,True,,,,
100000.0,0.0,20201190,0,0.0,1,4.651625836348318,False,,,,
100000.0,0.0,20201191,0,0.0,0,-2.8829607965245554,True,,,,
100000.0,0.0,20201192,1,0.00026946914578280785,0,1.9307408134314588,True,,,,
100000.0,0.0,20201193,0,0.0,0,3.713445264193643,False,,,,
100000.0,0.0,20201194,0,0.0,0,-0.6510400494404052,True,,,,
100000.0,0.0,20201195,0,0.0,0,3.3696981002776023,False,,,,
100000.0,0.0,20201196,0,0.0,1,5.2213529808677945,False,,,,
100000.0,0.0,20201197,0,0.0,0,5.172456988053119,False,,,,
100000.0,0.0,20201198,0,0.0,0,6.163334434039694,False,,,,
100000.0,0.0,20201199,0,0.0,0,3.7599536718973496,False,,,,
100000.0,0.0,20201200,45,0.012126111560226353,0,-2.382016021012335,True,,,,
1000000.0,0.0,20201001,1,0.00026946914578280785,0,-1.3663811429320818,True,,,,
1000000.0,0.0,20201002,39,0.010509296685529508,1,2.1764533615030124,False,,,,
1000000.0,0.0,20201003,1,0.00026946914578280785,0,-1.0057621642007222,True,,,,
1000000.0,0.0,20201004,0,0.0,1,0.46667241055194175,True,,,,
1000000.0,0.0,20201005,45,0.012126111560226353,0,-7.376355015605215,True,,,,
1000000.0,0.0,20201006,6,0.0016168148746968471,0,-0.6986092890962938,True,,,,
1000000.0,0.0,20201007,8,0.002155753166262463,0,-6.177329354588388,True,,,,
1000000.0,0.0,20201008,93,0.025060630557801132,0,-0.6728293887946633,True,,,,
1000000.0,0.0,20201009,0,0.0,0,-1.1643490272194796,True,,,,
1000000.0,0.0,20201010,0,0.0,0,3.0059665881574547,False,,,,
1000000.0,0.0,20201011,3,0.0008084074373484236,1,-3.5268297763956182,True,,,,
1000000.0,0.0,20201012,268,0.07221773106979251,0,-0.054842477040995874,True,,,,
1000000.0,0.0,20201013,44,0.011856642414443546,5,-4.3758602585599915,True,,,,
1000000.0,0.0,20201014,0,0.0,0,0.14793545282991438,True,,,,
1000000.0,0.0,20201015,14,0.00377256804095931,0,-8.479159909235273,True,,,,
1000000.0,0.0,20201016,1,0.00026946914578280785,1,1.0835755652613415,True,,,,
1000000.0,0.0,20201017,5,0.0013473457289140394,0,-2.226165683903649,True,,,,
1000000.0,0.0,20201018,1,0.00026946914578280785,0,-0.11737015657024852,True,,,,
1000000.0,0.0,20201019,36,0.009700889248181084,0,2.43257235038174,False,,,,
1000000.0,0.0,20201020,2,0.0005389382915656157,1,-1.3152257264016383,True,,,,
1000000.0,0.0,20201021,0,0.0,0,-5.950966682889597,True,,,,
1000000.0,0.0,20201022,0,0.0,0,-2.2286373606117653,True,,,,
1000000.0,0.0,20201023,0,0.0,0,2.4124932086277884,False,,,,
1000000.0,0.0,20201024,2,0.0005389382915656157,0,-3.2643559103517843,True,,,,
1000000.0,0.0,20201025,0,0.0,0,-0.9160203647650693,True,,,,
1000000.0,0.0,20201026,3,0.0008084074373484236,0,-3.442335377777394,True,,,,
1000000.0,0.0,20201027,4,0.0010778765831312314,1,-1.9977548207353144,True,,,,
1000000.0,0.0,20201028,0,0.0,0,0.39347676663602993,True,,,,
1000000.0,0.0,20201029,0,0.0,1,-2.37686655030506,True,,,,
1000000.0,0.0,20201030,9,0.002425222312045271,0,-1.7718502957198519,True,,,,
1000000.0,0.0,20201031,1,0.00026946914578280785,0,-2.3867270743395075,True,,,,
1000000.0,0.0,20201032,0,0.0,0,0.758301456265249,True,,,,
1000000.0,0.0,20201033,1,0.00026946914578280785,1,0.3337441746416312,True,,,,
1000000.0,0.0,20201034,0,0.0,0,-1.1356129193429503,True,,,,
1000000.0,0.0,20201035,0,0.0,0,-1.2964899678535815,True,,,,
1000000.0,0.0,20201036,32,0.008623012665049851,0,-4.373860219936079,True,,,,
1000000.0,0.0,20201037,1,0.00026946914578280785,0,1.6832555204519446,True,,,,
1000000.0,0.0,20201038,0,0.0,0,,False,,,,
1000000.0,0.0,20201039,1,0.00026946914578280785,0,0.45427746494227517,True,,,,
1000000.0,0.0,20201040,0,0.0,0,,False,,,,
1000000.0,0.0,20201041,1,0.00026946914578280785,0,1.9128879483224668,True,,,,
1000000.0,0.0,20201042,27,0.007275666936135812,0,0.04116257183249328,True,,,,
1000000.0,0.0,20201043,0,0.0,0,,False,,,,
1000000.0,0.0,20201044,1,0.00026946914578280785,0,1.095140485547148,True,,,,
1000000.0,0.0,20201045,0,0.0,0,1.032818464748324,True,,,,
1000000.0,0.0,20201046,0,0.0,0,-0.12788669477456072,True,,,,
1000000.0,0.0,20201047,1,0.00026946914578280785,0,2.9244775000891394,False,,,,
1000000.0,0.0,20201048,26,0.007006197790353005,1,2.877230014660336,False,,,,
1000000.0,0.0,20201049,0,0.0,0,3.7900994573264355,False,,,,
1000000.0,0.0,20201050,1,0.00026946914578280785,0,0.8436689688656847,True,,,,
1000000.0,0.0,20201051,0,0.0,1,-0.006416818223924814,True,,,,
1000000.0,0.0,20201052,46,0.012395580706009162,0,0.0420435517578408,True,,,,
1000000.0,0.0,20201053,0,0.0,0,-2.7130160873382616,True,,,,
1000000.0,0.0,20201054,0,0.0,0,2.1812727095783657,False,,,,
1000000.0,0.0,20201055,1,0.00026946914578280785,1,-1.4088857748805914,True,,,,
1000000.0,0.0,20201056,1,0.00026946914578280785,0,3.2771410927268514,False,,,,
1000000.0,0.0,20201057,21,0.005658852061438965,0,-0.42768587970424754,True,,,,
1000000.0,0.0,20201058,1,0.00026946914578280785,0,1.8505413062698093,True,,,,
1000000.0,0.0,20201059,29,0.007814605227701428,0,1.8577349843081201,True,,,,
1000000.0,0.0,20201060,0,0.0,0,4.614610797254605,False,,,,
1000000.0,0.0,20201061,0,0.0,0,-1.6139060125523086,True,,,,
1000000.0,0.0,20201062,0,0.0,0,-1.4212384836452125,True,,,,
1000000.0,0.0,20201063,9,0.002425222312045271,0,0.6605173698425908,True,,,,
1000000.0,0.0,20201064,1,0.00026946914578280785,0,-0.6568744931147492,True,,,,
1000000.0,0.0,20201065,0,0.0,0,6.428482832433176,False,,,,
1000000.0,0.0,20201066,0,0.0,0,-5.717999137859049,True,,,,
1000000.0,0.0,20201067,11,0.0029641606036108865,1,-5.34816904569152,True,,,,
1000000.0,0.0,20201068,3,0.0008084074373484236,1,4.386989928970714,False,,,,
1000000.0,0.0,20201069,1,0.00026946914578280785,1,-1.7658797458571192,True,,,,
1000000.0,0.0,20201070,15,0.004042037186742118,1,-4.067193193084102,True,,,,
1000000.0,0.0,20201071,1,0.00026946914578280785,0,1.1822753074479868,True,,,,
1000000.0,0.0,20201072,6,0.0016168148746968471,0,-3.9936852722426552,True,,,,
1000000.0,0.0,20201073,1,0.00026946914578280785,0,-4.798252626999135,True,,,,
1000000.0,0.0,20201074,0,0.0,0,,False,,,,
1000000.0,0.0,20201075,1,0.00026946914578280785,0,-1.0375144138060781,True,,,,
1000000.0,0.0,20201076,3,0.0008084074373484236,0,-2.251167570980381,True,,,,
1000000.0,0.0,20201077,0,0.0,1,1.608901907878808,True,,,,
1000000.0,0.0,20201078,1,0.00026946914578280785,1,0.5058639900419744,True,,,,
1000000.0,0.0,20201079,0,0.0,0,5.1760713786195955,False,,,,
1000000.0,0.0,20201080,1,0.00026946914578280785,1,-0.5090298939161109,True,,,,
1000000.0,0.0,20201081,0,0.0,0,-11.036197980417189,True,,,,
1000000.0,0.0,20201082,0,0.0,0,4.818717447259256,False,,,,
1000000.0,0.0,20201083,126,0.03395311236863379,49,-3.107047885519252,True,,,,
1000000.0,0.0,20201084,0,0.0,1,-4.468922005444403,True,,,,
1000000.0,0.0,20201085,0,0.0,0,1.0947234555138596,True,,,,
1000000.0,0.0,20201086,2,0.0005389382915656157,1,-2.2891375909635654,True,,,,
1000000.0,0.0,20201087,1,0.00026946914578280785,1,-1.4660071201635887,True,,,,
1000000.0,0.0,20201088,0,0.0,0,0.6257853377724256,True,,,,
1000000.0,0.0,20201089,1,0.00026946914578280785,0,-1.0800219993850404,True,,,,
1000000.0,0.0,20201090,1,0.00026946914578280785,0,0.991036254315155,True,,,,
1000000.0,0.0,20201091,0,0.0,1,0.7600923524978578,True,,,,
1000000.0,0.0,20201092,1,0.00026946914578280785,0,3.509054489340441,False,,,,
1000000.0,0.0,20201093,0,0.0,0,-0.6939430701545044,True,,,,
1000000.0,0.0,20201094,0,0.0,0,2.5659702977436796,False,,,,
1000000.0,0.0,20201095,1,0.00026946914578280785,0,1.228940857903868,True,,,,
1000000.0,0.0,20201096,0,0.0,0,1.9897429328865606,True,,,,
1000000.0,0.0,20201097,1,0.00026946914578280785,0,-2.6422954691211866,True,,,,
1000000.0,0.0,20201098,48,0.012934518997574777,1,-3.3523312526003872,True,,,,
1000000.0,0.0,20201099,1,0.00026946914578280785,0,2.4254539707279177,False,,,,
1000000.0,0.0,20201100,1,0.00026946914578280785,0,-2.830308848423476,True,,,,
1000000.0,0.0,20201101,2,0.0005389382915656157,0,3.1809743722577064,False,,,,
1000000.0,0.0,20201102,0,0.0,0,2.859753079850508,False,,,,
1000000.0,0.0,20201103,1,0.00026946914578280785,0,1.1216714712380718,True,,,,
1000000.0,0.0,20201104,24,0.0064672594987873885,1,-2.1740818781923643,True,,,,
1000000.0,0.0,20201105,0,0.0,0,3.795552608855645,False,,,,
1000000.0,0.0,20201106,1,0.00026946914578280785,0,-2.866978667354557,True,,,,
1000000.0,0.0,20201107,1,0.00026946914578280785,1,0.08481091669362151,True,,,,
1000000.0,0.0,20201108,0,0.0,0,2.164500002147321,False,,,,
1000000.0,0.0,20201109,36,0.009700889248181084,0,-1.2637915868108882,True,,,,
1000000.0,0.0,20201110,1,0.00026946914578280785,0,-0.09488232965181531,True,,,,
1000000.0,0.0,20201111,0,0.0,0,-1.5583965178456571,True,,,,
1000000.0,0.0,20201112,4,0.0010778765831312314,0,-3.448465653875955,True,,,,
1000000.0,0.0,20201113,0,0.0,0,4.550503313366736,False,,,,
1000000.0,0.0,20201114,1,0.00026946914578280785,0,-2.55810661719788,True,,,,
1000000.0,0.0,20201115,1,0.00026946914578280785,0,1.6142806887967085,True,,,,
1000000.0,0.0,20201116,20,0.0053893829156561575,0,-8.00663297692374,True,,,,
1000000.0,0.0,20201117,0,0.0,0,-0.45093917024199737,True,,,,
1000000.0,0.0,20201118,1,0.00026946914578280785,0,-0.15884112234836678,True,,,,
1000000.0,0.0,20201119,0,0.0,0,-2.7854352825157953,True,,,,
1000000.0,0.0,20201120,0,0.0,0,-0.23055591009211973,True,,,,
1000000.0,0.0,20201121,1,0.00026946914578280785,0,-2.196239844658593,True,,,,
1000000.0,0.0,20201122,2,0.0005389382915656157,0,-3.602907551193476,True,,,,
1000000.0,0.0,20201123,0,0.0,0,,False,,,,
1000000.0,0.0,20201124,1,0.00026946914578280785,0,-5.521133462237795,True,,,,
1000000.0,0.0,20201125,0,0.0,1,-1.9653921634585503,True,,,,
1000000.0,0.0,20201126,0,0.0,0,-11.151783010920504,True,,,,
1000000.0,0.0,20201127,178,0.0479655079493398,20,-5.1390682102255685,True,,,,
1000000.0,0.0,20201128,0,0.0,0,2.936891977143567,False,,,,
1000000.0,0.0,20201129,1,0.00026946914578280785,0,-4.905070417111616,True,,,,
1000000.0,0.0,20201130,8,0.002155753166262463,1,1.1217715841697737,True,,,,
1000000.0,0.0,20201131,0,0.0,0,,False,,,,
1000000.0,0.0,20201132,0,0.0,0,0.9983892216929551,True,,,,
1000000.0,0.0,20201133,0,0.0,0,1.078620474484405,True,,,,
1000000.0,0.0,20201134,11,0.0029641606036108865,0,-5.318023544483992,True,,,,
1000000.0,0.0,20201135,15,0.004042037186742118,0,-6.072031260030239,True,,,,
1000000.0,0.0,20201136,0,0.0,1,-6.845142363584664,True,,,,
1000000.0,0.0,20201137,0,0.0,0,-1.2575176513503221,True,,,,
1000000.0,0.0,20201138,0,0.0,1,-0.6917026220510101,True,,,,
1000000.0,0.0,20201139,0,0.0,0,3.8143066723209937,False,,,,
1000000.0,0.0,20201140,0,0.0,0,0.4789352317007136,True,,,,
1000000.0,0.0,20201141,36,0.009700889248181084,3,-3.197204073666314,True,,,,
1000000.0,0.0,20201142,0,0.0,0,,False,,,,
1000000.0,0.0,20201143,1,0.00026946914578280785,0,-0.9677562584514501,True,,,,
1000000.0,0.0,20201144,5,0.0013473457289140394,0,-3.157942320398466,True,,,,
1000000.0,0.0,20201145,1,0.00026946914578280785,0,0.9809773951035687,True,,,,
1000000.0,0.0,20201146,0,0.0,0,0.840127081285952,True,,,,
1000000.0,0.0,20201147,1,0.00026946914578280785,1,0.20255924163765648,True,,,,
1000000.0,0.0,20201148,0,0.0,0,-0.46522359678036995,True,,,,
1000000.0,0.0,20201149,0,0.0,0,-0.35840134144819125,True,,,,
1000000.0,0.0,20201150,1,0.00026946914578280785,0,-2.995525716289565,True,,,,
1000000.0,0.0,20201151,0,0.0,0,5.967769279680883,False,,,,
1000000.0,0.0,20201152,0,0.0,1,-0.6825965009752544,True,,,,
1000000.0,0.0,20201153,1,0.00026946914578280785,0,1.6612092351655905,True,,,,
1000000.0,0.0,20201154,0,0.0,0,4.7555342842320005,False,,,,
1000000.0,0.0,20201155,1,0.00026946914578280785,0,3.0652174844980804,False,,,,
1000000.0,0.0,20201156,0,0.0,0,4.1456464344217405,False,,,,
1000000.0,0.0,20201157,1,0.00026946914578280785,0,-2.8937948601559853,True,,,,
1000000.0,0.0,20201158,1,0.00026946914578280785,0,-0.8268452964270443,True,,,,
1000000.0,0.0,20201159,229,0.061708434384263,0,-1.6449949853446801,True,,,,
1000000.0,0.0,20201160,0,0.0,0,,False,,,,
1000000.0,0.0,20201161,0,0.0,0,-0.15937090177091395,True,,,,
1000000.0,0.0,20201162,0,0.0,0,,False,,,,
1000000.0,0.0,20201163,0,0.0,0,-1.1405329197387521,True,,,,
1000000.0,0.0,20201164,1,0.00026946914578280785,0,0.6332227366830683,True,,,,
1000000.0,0.0,20201165,0,0.0,0,-2.7661254048856314,True,,,,
1000000.0,0.0,20201166,0,0.0,0,,False,,,,
1000000.0,0.0,20201167,0,0.0,1,3.2827760298292645,False,,,,
1000000.0,0.0,20201168,0,0.0,0,5.49050531270839,False,,,,
1000000.0,0.0,20201169,0,0.0,0,,False,,,,
1000000.0,0.0,20201170,4,0.0010778765831312314,1,-2.4839250101088233,True,,,,
1000000.0,0.0,20201171,1,0.00026946914578280785,0,3.426796511857102,False,,,,
1000000.0,0.0,20201172,16,0.004311506332524926,0,-0.0958876835792708,True,,,,
1000000.0,0.0,20201173,0,0.0,0,-12.616659136917512,True,,,,
1000000.0,0.0,20201174,0,0.0,0,5.909826326887934,False,,,,
1000000.0,0.0,20201175,0,0.0,1,-0.44612193620621454,True,,,,
1000000.0,0.0,20201176,0,0.0,0,2.0943204086148324,False,,,,
1000000.0,0.0,20201177,1,0.00026946914578280785,0,-2.42227374058956,True,,,,
1000000.0,0.0,20201178,0,0.0,0,-0.08633635169678922,True,,,,
1000000.0,0.0,20201179,0,0.0,0,3.829948487988003,False,,,,
1000000.0,0.0,20201180,102,0.0274858528698464,0,0.9058616405436308,True,,,,
1000000.0,0.0,20201181,0,0.0,1,-2.470590452756083,True,,,,
1000000.0,0.0,20201182,35,0.009431420102398275,1,-4.059682872321844,True,,,,
1000000.0,0.0,20201183,1,0.00026946914578280785,0,2.3997690540078267,False,,,,
1000000.0,0.0,20201184,1,0.00026946914578280785,0,-4.815760901349639,True,,,,
1000000.0,0.0,20201185,0,0.0,1,4.063315789638989,False,,,,
1000000.0,0.0,20201186,7,0.001886284020479655,0,-2.391323405499818,True,,,,
1000000.0,0.0,20201187,0,0.0,0,1.4444811852094634,True,,,,
1000000.0,0.0,20201188,0,0.0,0,2.919676020160641,False,,,,
1000000.0,0.0,20201189,1,0.00026946914578280785,0,-2.1983608495301556,True,,,,
1000000.0,0.0,20201190,0,0.0,1,4.651625836348318,False,,,,
1000000.0,0.0,20201191,1,0.00026946914578280785,0,-2.8829607965245554,True,,,,
1000000.0,0.0,20201192,1,0.00026946914578280785,0,1.9307408134314588,True,,,,
1000000.0,0.0,20201193,0,0.0,0,3.713445264193643,False,,,,
1000000.0,0.0,20201194,0,0.0,0,-0.6510400494404052,True,,,,
1000000.0,0.0,20201195,0,0.0,0,3.3696981002776023,False,,,,
1000000.0,0.0,20201196,0,0.0,1,5.2213529808677945,False,,,,
1000000.0,0.0,20201197,0,0.0,0,5.172456988053119,False,,,,
1000000.0,0.0,20201198,0,0.0,0,6.163334434039694,False,,,,
1000000.0,0.0,20201199,0,0.0,0,3.7599536718973496,False,,,,
1000000.0,0.0,20201200,134,0.036108865534896256,0,-2.382016021012335,True,,,,
10000000.0,0.0,20201001,1,0.00026946914578280785,0,-1.3663811429320818,True,,,,
10000000.0,0.0,20201002,121,0.03260576663971975,1,2.1764533615030124,False,,,,
10000000.0,0.0,20201003,3,0.0008084074373484236,1,-1.0057621642007222,True,,,,
10000000.0,0.0,20201004,0,0.0,1,0.46667241055194175,True,,,,
10000000.0,0.0,20201005,114,0.030719482619240096,0,-7.376355015605215,True,,,,
10000000.0,0.0,20201006,19,0.005119913769873349,0,-0.6986092890962938,True,,,,
10000000.0,0.0,20201007,49,0.013203988143357586,0,-6.177329354588388,True,,,,
10000000.0,0.0,20201008,223,0.06009161950956615,0,-0.6728293887946633,True,,,,
10000000.0,0.0,20201009,2,0.0005389382915656157,0,-1.1643490272194796,True,,,,
10000000.0,0.0,20201010,0,0.0,0,3.0059665881574547,False,,,,
10000000.0,0.0,20201011,7,0.001886284020479655,0,-3.5268297763956182,True,,,,
10000000.0,0.0,20201012,376,0.10132039881433576,0,-0.054842477040995874,True,,,,
10000000.0,0.0,20201013,108,0.02910266774454325,5,-4.3758602585599915,True,,,,
10000000.0,0.0,20201014,0,0.0,0,0.14793545282991438,True,,,,
10000000.0,0.0,20201015,27,0.007275666936135812,0,-8.479159909235273,True,,,,
10000000.0,0.0,20201016,1,0.00026946914578280785,1,1.0835755652613415,True,,,,
10000000.0,0.0,20201017,40,0.010778765831312315,1,-2.226165683903649,True,,,,
10000000.0,0.0,20201018,1,0.00026946914578280785,0,-0.11737015657024852,True,,,,
10000000.0,0.0,20201019,97,0.026138507140932365,0,2.43257235038174,False,,,,
10000000.0,0.0,20201020,7,0.001886284020479655,1,-1.3152257264016383,True,,,,
10000000.0,0.0,20201021,0,0.0,0,-5.950966682889597,True,,,,
10000000.0,0.0,20201022,0,0.0,0,-2.2286373606117653,True,,,,
10000000.0,0.0,20201023,0,0.0,0,2.4124932086277884,False,,,,
10000000.0,0.0,20201024,4,0.0010778765831312314,0,-3.2643559103517843,True,,,,
10000000.0,0.0,20201025,0,0.0,0,-0.9160203647650693,True,,,,
10000000.0,0.0,20201026,7,0.001886284020479655,1,-3.442335377777394,True,,,,
10000000.0,0.0,20201027,12,0.0032336297493936943,1,-1.9977548207353144,True,,,,
10000000.0,0.0,20201028,1,0.00026946914578280785,0,0.39347676663602993,True,,,,
10000000.0,0.0,20201029,1,0.00026946914578280785,1,-2.37686655030506,True,,,,
10000000.0,0.0,20201030,27,0.007275666936135812,0,-1.7718502957198519,True,,,,
10000000.0,0.0,20201031,1,0.00026946914578280785,0,-2.3867270743395075,True,,,,
10000000.0,0.0,20201032,0,0.0,0,0.758301456265249,True,,,,
10000000.0,0.0,20201033,1,0.00026946914578280785,1,0.3337441746416312,True,,,,
10000000.0,0.0,20201034,0,0.0,0,-1.1356129193429503,True,,,,
10000000.0,0.0,20201035,0,0.0,0,-1.2964899678535815,True,,,,
10000000.0,0.0,20201036,29,0.007814605227701428,0,-4.373860219936079,True,,,,
10000000.0,0.0,20201037,1,0.00026946914578280785,0,1.6832555204519446,True,,,,
10000000.0,0.0,20201038,0,0.0,0,,False,,,,
10000000.0,0.0,20201039,1,0.00026946914578280785,0,0.45427746494227517,True,,,,
10000000.0,0.0,20201040,0,0.0,0,,False,,,,
10000000.0,0.0,20201041,1,0.00026946914578280785,0,1.9128879483224668,True,,,,
10000000.0,0.0,20201042,60,0.016168148746968473,0,0.04116257183249328,True,,,,
10000000.0,0.0,20201043,0,0.0,0,,False,,,,
10000000.0,0.0,20201044,2,0.0005389382915656157,0,1.095140485547148,True,,,,
10000000.0,0.0,20201045,0,0.0,0,1.032818464748324,True,,,,
10000000.0,0.0,20201046,0,0.0,0,-0.12788669477456072,True,,,,
10000000.0,0.0,20201047,1,0.00026946914578280785,0,2.9244775000891394,False,,,,
10000000.0,0.0,20201048,60,0.016168148746968473,1,2.877230014660336,False,,,,
10000000.0,0.0,20201049,0,0.0,0,3.7900994573264355,False,,,,
10000000.0,0.0,20201050,1,0.00026946914578280785,0,0.8436689688656847,True,,,,
10000000.0,0.0,20201051,0,0.0,1,-0.006416818223924814,True,,,,
10000000.0,0.0,20201052,119,0.032066828348154136,0,0.0420435517578408,True,,,,
10000000.0,0.0,20201053,1,0.00026946914578280785,0,-2.7130160873382616,True,,,,
10000000.0,0.0,20201054,2,0.0005389382915656157,0,2.1812727095783657,False,,,,
10000000.0,0.0,20201055,1,0.00026946914578280785,1,-1.4088857748805914,True,,,,
10000000.0,0.0,20201056,1,0.00026946914578280785,0,3.2771410927268514,False,,,,
10000000.0,0.0,20201057,61,0.01643761789275128,0,-0.42768587970424754,True,,,,
10000000.0,0.0,20201058,1,0.00026946914578280785,0,1.8505413062698093,True,,,,
10000000.0,0.0,20201059,82,0.022096469954190245,0,1.8577349843081201,True,,,,
10000000.0,0.0,20201060,0,0.0,0,4.614610797254605,False,,,,
10000000.0,0.0,20201061,0,0.0,0,-1.6139060125523086,True,,,,
10000000.0,0.0,20201062,0,0.0,0,-1.4212384836452125,True,,,,
10000000.0,0.0,20201063,25,0.006736728644570197,0,0.6605173698425908,True,,,,
10000000.0,0.0,20201064,1,0.00026946914578280785,0,-0.6568744931147492,True,,,,
10000000.0,0.0,20201065,0,0.0,0,6.428482832433176,False,,,,
10000000.0,0.0,20201066,0,0.0,0,-5.717999137859049,True,,,,
10000000.0,0.0,20201067,186,0.050121261115602264,0,-5.34816904569152,True,,,,
10000000.0,0.0,20201068,8,0.002155753166262463,1,4.386989928970714,False,,,,
10000000.0,0.0,20201069,1,0.00026946914578280785,1,-1.7658797458571192,True,,,,
10000000.0,0.0,20201070,77,0.020749124225276205,1,-4.067193193084102,True,,,,
10000000.0,0.0,20201071,1,0.00026946914578280785,0,1.1822753074479868,True,,,,
10000000.0,0.0,20201072,17,0.004580975478307734,0,-3.9936852722426552,True,,,,
10000000.0,0.0,20201073,1,0.00026946914578280785,0,-4.798252626999135,True,,,,
10000000.0,0.0,20201074,0,0.0,0,,False,,,,
10000000.0,0.0,20201075,1,0.00026946914578280785,0,-1.0375144138060781,True,,,,
10000000.0,0.0,20201076,16,0.004311506332524926,1,-2.251167570980381,True,,,,
10000000.0,0.0,20201077,0,0.0,1,1.608901907878808,True,,,,
10000000.0,0.0,20201078,1,0.00026946914578280785,1,0.5058639900419744,True,,,,
10000000.0,0.0,20201079,0,0.0,0,5.1760713786195955,False,,,,
10000000.0,0.0,20201080,1,0.00026946914578280785,1,-0.5090298939161109,True,,,,
10000000.0,0.0,20201081,5,0.0013473457289140394,0,-11.036197980417189,True,,,,
10000000.0,0.0,20201082,0,0.0,0,4.818717447259256,False,,,,
10000000.0,0.0,20201083,291,0.07841552142279709,107,-3.107047885519252,True,,,,
10000000.0,0.0,20201084,2,0.0005389382915656157,0,-4.468922005444403,True,,,,
10000000.0,0.0,20201085,0,0.0,0,1.0947234555138596,True,,,,
10000000.0,0.0,20201086,5,0.0013473457289140394,1,-2.2891375909635654,True,,,,
10000000.0,0.0,20201087,1,0.00026946914578280785,1,-1.4660071201635887,True,,,,
10000000.0,0.0,20201088,1,0.00026946914578280785,0,0.6257853377724256,True,,,,
10000000.0,0.0,20201089,1,0.00026946914578280785,0,-1.0800219993850404,True,,,,
10000000.0,0.0,20201090,1,0.00026946914578280785,0,0.991036254315155,True,,,,
10000000.0,0.0,20201091,0,0.0,1,0.7600923524978578,True,,,,
10000000.0,0.0,20201092,1,0.00026946914578280785,0,3.509054489340441,False,,,,
10000000.0,0.0,20201093,1,0.00026946914578280785,0,-0.6939430701545044,True,,,,
10000000.0,0.0,20201094,0,0.0,0,2.5659702977436796,False,,,,
10000000.0,0.0,20201095,1,0.00026946914578280785,0,1.228940857903868,True,,,,
10000000.0,0.0,20201096,0,0.0,0,1.9897429328865606,True,,,,
10000000.0,0.0,20201097,1,0.00026946914578280785,0,-2.6422954691211866,True,,,,
10000000.0,0.0,20201098,181,0.048773915386688224,44,-3.3523312526003872,True,,,,
10000000.0,0.0,20201099,2,0.0005389382915656157,0,2.4254539707279177,False,,,,
10000000.0,0.0,20201100,1,0.00026946914578280785,0,-2.830308848423476,True,,,,
10000000.0,0.0,20201101,28,0.00754513608191862,0,3.1809743722577064,False,,,,
10000000.0,0.0,20201102,1,0.00026946914578280785,0,2.859753079850508,False,,,,
10000000.0,0.0,20201103,1,0.00026946914578280785,0,1.1216714712380718,True,,,,
10000000.0,0.0,20201104,89,0.0239827539746699,35,-2.1740818781923643,True,,,,
10000000.0,0.0,20201105,0,0.0,0,3.795552608855645,False,,,,
10000000.0,0.0,20201106,1,0.00026946914578280785,0,-2.866978667354557,True,,,,
10000000.0,0.0,20201107,1,0.00026946914578280785,1,0.08481091669362151,True,,,,
10000000.0,0.0,20201108,1,0.00026946914578280785,0,2.164500002147321,False,,,,
10000000.0,0.0,20201109,119,0.032066828348154136,0,-1.2637915868108882,True,,,,
10000000.0,0.0,20201110,1,0.00026946914578280785,0,-0.09488232965181531,True,,,,
10000000.0,0.0,20201111,1,0.00026946914578280785,0,-1.5583965178456571,True,,,,
10000000.0,0.0,20201112,29,0.007814605227701428,3,-3.448465653875955,True,,,,
10000000.0,0.0,20201113,0,0.0,0,4.550503313366736,False,,,,
10000000.0,0.0,20201114,2,0.0005389382915656157,0,-2.55810661719788,True,,,,
10000000.0,0.0,20201115,1,0.00026946914578280785,0,1.6142806887967085,True,,,,
10000000.0,0.0,20201116,62,0.016707087038534088,0,-8.00663297692374,True,,,,
10000000.0,0.0,20201117,0,0.0,0,-0.45093917024199737,True,,,,
10000000.0,0.0,20201118,1,0.00026946914578280785,0,-0.15884112234836678,True,,,,
10000000.0,0.0,20201119,0,0.0,0,-2.7854352825157953,True,,,,
10000000.0,0.0,20201120,0,0.0,0,-0.23055591009211973,True,,,,
10000000.0,0.0,20201121,1,0.00026946914578280785,0,-2.196239844658593,True,,,,
10000000.0,0.0,20201122,8,0.002155753166262463,0,-3.602907551193476,True,,,,
10000000.0,0.0,20201123,0,0.0,0,,False,,,,
10000000.0,0.0,20201124,9,0.002425222312045271,1,-5.521133462237795,True,,,,
10000000.0,0.0,20201125,0,0.0,1,-1.9653921634585503,True,,,,
10000000.0,0.0,20201126,0,0.0,0,-11.151783010920504,True,,,,
10000000.0,0.0,20201127,286,0.07706817569388305,60,-5.1390682102255685,True,,,,
10000000.0,0.0,20201128,0,0.0,0,2.936891977143567,False,,,,
10000000.0,0.0,20201129,1,0.00026946914578280785,0,-4.905070417111616,True,,,,
10000000.0,0.0,20201130,41,0.011048234977095122,1,1.1217715841697737,True,,,,
10000000.0,0.0,20201131,0,0.0,0,,False,,,,
10000000.0,0.0,20201132,0,0.0,0,0.9983892216929551,True,,,,
10000000.0,0.0,20201133,0,0.0,0,1.078620474484405,True,,,,
10000000.0,0.0,20201134,133,0.035839396389113445,2,-5.318023544483992,True,,,,
10000000.0,0.0,20201135,122,0.03287523578550256,4,-6.072031260030239,True,,,,
10000000.0,0.0,20201136,0,0.0,1,-6.845142363584664,True,,,,
10000000.0,0.0,20201137,0,0.0,0,-1.2575176513503221,True,,,,
10000000.0,0.0,20201138,1,0.00026946914578280785,1,-0.6917026220510101,True,,,,
10000000.0,0.0,20201139,0,0.0,0,3.8143066723209937,False,,,,
10000000.0,0.0,20201140,1,0.00026946914578280785,0,0.4789352317007136,True,,,,
10000000.0,0.0,20201141,214,0.05766639719752088,50,-3.197204073666314,True,,,,
10000000.0,0.0,20201142,1,0.00026946914578280785,0,,False,,,,
10000000.0,0.0,20201143,1,0.00026946914578280785,0,-0.9677562584514501,True,,,,
10000000.0,0.0,20201144,8,0.002155753166262463,0,-3.157942320398466,True,,,,
10000000.0,0.0,20201145,1,0.00026946914578280785,0,0.9809773951035687,True,,,,
10000000.0,0.0,20201146,0,0.0,0,0.840127081285952,True,,,,
10000000.0,0.0,20201147,1,0.00026946914578280785,1,0.20255924163765648,True,,,,
10000000.0,0.0,20201148,0,0.0,0,-0.46522359678036995,True,,,,
10000000.0,0.0,20201149,0,0.0,0,-0.35840134144819125,True,,,,
10000000.0,0.0,20201150,1,0.00026946914578280785,0,-2.995525716289565,True,,,,
10000000.0,0.0,20201151,0,0.0,0,5.967769279680883,False,,,,
10000000.0,0.0,20201152,1,0.00026946914578280785,1,-0.6825965009752544,True,,,,
10000000.0,0.0,20201153,1,0.00026946914578280785,0,1.6612092351655905,True,,,,
10000000.0,0.0,20201154,0,0.0,0,4.7555342842320005,False,,,,
10000000.0,0.0,20201155,1,0.00026946914578280785,0,3.0652174844980804,False,,,,
10000000.0,0.0,20201156,0,0.0,0,4.1456464344217405,False,,,,
10000000.0,0.0,20201157,3,0.0008084074373484236,0,-2.8937948601559853,True,,,,
10000000.0,0.0,20201158,1,0.00026946914578280785,0,-0.8268452964270443,True,,,,
10000000.0,0.0,20201159,354,0.09539207760711399,14,-1.6449949853446801,True,,,,
10000000.0,0.0,20201160,0,0.0,0,,False,,,,
10000000.0,0.0,20201161,0,0.0,0,-0.15937090177091395,True,,,,
10000000.0,0.0,20201162,0,0.0,0,,False,,,,
10000000.0,0.0,20201163,0,0.0,0,-1.1405329197387521,True,,,,
10000000.0,0.0,20201164,1,0.00026946914578280785,0,0.6332227366830683,True,,,,
10000000.0,0.0,20201165,0,0.0,0,-2.7661254048856314,True,,,,
10000000.0,0.0,20201166,0,0.0,0,,False,,,,
10000000.0,0.0,20201167,0,0.0,1,3.2827760298292645,False,,,,
10000000.0,0.0,20201168,0,0.0,0,5.49050531270839,False,,,,
10000000.0,0.0,20201169,0,0.0,0,,False,,,,
10000000.0,0.0,20201170,6,0.0016168148746968471,1,-2.4839250101088233,True,,,,
10000000.0,0.0,20201171,1,0.00026946914578280785,0,3.426796511857102,False,,,,
10000000.0,0.0,20201172,62,0.016707087038534088,0,-0.0958876835792708,True,,,,
10000000.0,0.0,20201173,0,0.0,0,-12.616659136917512,True,,,,
10000000.0,0.0,20201174,0,0.0,0,5.909826326887934,False,,,,
10000000.0,0.0,20201175,0,0.0,1,-0.44612193620621454,True,,,,
10000000.0,0.0,20201176,0,0.0,0,2.0943204086148324,False,,,,
10000000.0,0.0,20201177,1,0.00026946914578280785,0,-2.42227374058956,True,,,,
10000000.0,0.0,20201178,0,0.0,0,-0.08633635169678922,True,,,,
10000000.0,0.0,20201179,0,0.0,0,3.829948487988003,False,,,,
10000000.0,0.0,20201180,171,0.046079223928860144,0,0.9058616405436308,True,,,,
10000000.0,0.0,20201181,28,0.00754513608191862,0,-2.470590452756083,True,,,,
10000000.0,0.0,20201182,79,0.021288062516841823,25,-4.059682872321844,True,,,,
10000000.0,0.0,20201183,1,0.00026946914578280785,0,2.3997690540078267,False,,,,
10000000.0,0.0,20201184,1,0.00026946914578280785,0,-4.815760901349639,True,,,,
10000000.0,0.0,20201185,0,0.0,1,4.063315789638989,False,,,,
10000000.0,0.0,20201186,28,0.00754513608191862,2,-2.391323405499818,True,,,,
10000000.0,0.0,20201187,1,0.00026946914578280785,0,1.4444811852094634,True,,,,
10000000.0,0.0,20201188,1,0.00026946914578280785,0,2.919676020160641,False,,,,
10000000.0,0.0,20201189,2,0.0005389382915656157,0,-2.1983608495301556,True,,,,
10000000.0,0.0,20201190,0,0.0,1,4.651625836348318,False,,,,
10000000.0,0.0,20201191,1,0.00026946914578280785,0,-2.8829607965245554,True,,,,
10000000.0,0.0,20201192,2,0.0005389382915656157,0,1.9307408134314588,True,,,,
10000000.0,0.0,20201193,1,0.00026946914578280785,0,3.713445264193643,False,,,,
10000000.0,0.0,20201194,1,0.00026946914578280785,0,-0.6510400494404052,True,,,,
10000000.0,0.0,20201195,0,0.0,0,3.3696981002776023,False,,,,
10000000.0,0.0,20201196,0,0.0,1,5.2213529808677945,False,,,,
10000000.0,0.0,20201197,0,0.0,0,5.172456988053119,False,,,,
10000000.0,0.0,20201198,0,0.0,0,6.163334434039694,False,,,,
10000000.0,0.0,20201199,0,0.0,0,3.7599536718973496,False,,,,
10000000.0,0.0,20201200,235,0.06332524925895985,1,-2.382016021012335,True,,,,
100000000.0,0.0,20201001,1,0.00026946914578280785,0,-1.3663811429320818,True,,,,
100000000.0,0.0,20201002,267,0.0719482619240097,1,2.1764533615030124,False,,,,
100000000.0,0.0,20201003,39,0.010509296685529508,0,-1.0057621642007222,True,,,,
100000000.0,0.0,20201004,0,0.0,1,0.46667241055194175,True,,,,
100000000.0,0.0,20201005,201,0.054163298302344384,0,-7.376355015605215,True,,,,
100000000.0,0.0,20201006,54,0.014551333872271624,0,-0.6986092890962938,True,,,,
100000000.0,0.0,20201007,159,0.04284559417946645,1,-6.177329354588388,True,,,,
100000000.0,0.0,20201008,371,0.09997305308542172,0,-0.6728293887946633,True,,,,
100000000.0,0.0,20201009,2,0.0005389382915656157,0,-1.1643490272194796,True,,,,
100000000.0,0.0,20201010,1,0.00026946914578280785,0,3.0059665881574547,False,,,,
100000000.0,0.0,20201011,25,0.006736728644570197,1,-3.5268297763956182,True,,,,
100000000.0,0.0,20201012,498,0.13419563459983833,0,-0.054842477040995874,True,,,,
100000000.0,0.0,20201013,694,0.18701158717326866,80,-4.3758602585599915,True,,,,
100000000.0,0.0,20201014,0,0.0,0,0.14793545282991438,True,,,,
100000000.0,0.0,20201015,184,0.04958232282403665,0,-8.479159909235273,True,,,,
100000000.0,0.0,20201016,2,0.0005389382915656157,1,1.0835755652613415,True,,,,
100000000.0,0.0,20201017,345,0.09296685529506872,3,-2.226165683903649,True,,,,
100000000.0,0.0,20201018,2,0.0005389382915656157,0,-0.11737015657024852,True,,,,
100000000.0,0.0,20201019,193,0.05200754513608192,0,2.43257235038174,False,,,,
100000000.0,0.0,20201020,28,0.00754513608191862,3,-1.3152257264016383,True,,,,
100000000.0,0.0,20201021,0,0.0,0,-5.950966682889597,True,,,,
100000000.0,0.0,20201022,1,0.00026946914578280785,0,-2.2286373606117653,True,,,,
100000000.0,0.0,20201023,1,0.00026946914578280785,0,2.4124932086277884,False,,,,
100000000.0,0.0,20201024,70,0.01886284020479655,0,-3.2643559103517843,True,,,,
100000000.0,0.0,20201025,0,0.0,0,-0.9160203647650693,True,,,,
100000000.0,0.0,20201026,45,0.012126111560226353,4,-3.442335377777394,True,,,,
100000000.0,0.0,20201027,42,0.01131770412287793,0,-1.9977548207353144,True,,,,
100000000.0,0.0,20201028,1,0.00026946914578280785,0,0.39347676663602993,True,,,,
100000000.0,0.0,20201029,1,0.00026946914578280785,1,-2.37686655030506,True,,,,
100000000.0,0.0,20201030,84,0.02263540824575586,0,-1.7718502957198519,True,,,,
100000000.0,0.0,20201031,3,0.0008084074373484236,1,-2.3867270743395075,True,,,,
100000000.0,0.0,20201032,1,0.00026946914578280785,0,0.758301456265249,True,,,,
100000000.0,0.0,20201033,3,0.0008084074373484236,1,0.3337441746416312,True,,,,
100000000.0,0.0,20201034,0,0.0,0,-1.1356129193429503,True,,,,
100000000.0,0.0,20201035,5,0.0013473457289140394,0,-1.2964899678535815,True,,,,
100000000.0,0.0,20201036,195,0.05254648342764753,20,-4.373860219936079,True,,,,
100000000.0,0.0,20201037,1,0.00026946914578280785,0,1.6832555204519446,True,,,,
100000000.0,0.0,20201038,0,0.0,0,,False,,,,
100000000.0,0.0,20201039,1,0.00026946914578280785,0,0.45427746494227517,True,,,,
100000000.0,0.0,20201040,0,0.0,0,,False,,,,
100000000.0,0.0,20201041,1,0.00026946914578280785,0,1.9128879483224668,True,,,,
100000000.0,0.0,20201042,127,0.0342225815144166,0,0.04116257183249328,True,,,,
100000000.0,0.0,20201043,0,0.0,0,,False,,,,
100000000.0,0.0,20201044,14,0.00377256804095931,0,1.095140485547148,True,,,,
100000000.0,0.0,20201045,0,0.0,0,1.032818464748324,True,,,,
100000000.0,0.0,20201046,0,0.0,0,-0.12788669477456072,True,,,,
100000000.0,0.0,20201047,1,0.00026946914578280785,0,2.9244775000891394,False,,,,
100000000.0,0.0,20201048,185,0.04985179196981945,1,2.877230014660336,False,,,,
100000000.0,0.0,20201049,0,0.0,0,3.7900994573264355,False,,,,
100000000.0,0.0,20201050,4,0.0010778765831312314,0,0.8436689688656847,True,,,,
100000000.0,0.0,20201051,1,0.00026946914578280785,0,-0.006416818223924814,True,,,,
100000000.0,0.0,20201052,216,0.0582053354890865,1,0.0420435517578408,True,,,,
100000000.0,0.0,20201053,1,0.00026946914578280785,0,-2.7130160873382616,True,,,,
100000000.0,0.0,20201054,4,0.0010778765831312314,0,2.1812727095783657,False,,,,
100000000.0,0.0,20201055,1,0.00026946914578280785,1,-1.4088857748805914,True,,,,
100000000.0,0.0,20201056,1,0.00026946914578280785,0,3.2771410927268514,False,,,,
100000000.0,0.0,20201057,134,0.036108865534896256,0,-0.42768587970424754,True,,,,
100000000.0,0.0,20201058,5,0.0013473457289140394,0,1.8505413062698093,True,,,,
100000000.0,0.0,20201059,196,0.052815952573430344,0,1.8577349843081201,True,,,,
100000000.0,0.0,20201060,0,0.0,0,4.614610797254605,False,,,,
100000000.0,0.0,20201061,1,0.00026946914578280785,0,-1.6139060125523086,True,,,,
100000000.0,0.0,20201062,0,0.0,0,-1.4212384836452125,True,,,,
100000000.0,0.0,20201063,96,0.025869037995149554,1,0.6605173698425908,True,,,,
100000000.0,0.0,20201064,5,0.0013473457289140394,1,-0.6568744931147492,True,,,,
100000000.0,0.0,20201065,0,0.0,0,6.428482832433176,False,,,,
100000000.0,0.0,20201066,0,0.0,0,-5.717999137859049,True,,,,
100000000.0,0.0,20201067,225,0.060630557801131774,25,-5.34816904569152,True,,,,
100000000.0,0.0,20201068,34,0.009161950956615468,1,4.386989928970714,False,,,,
100000000.0,0.0,20201069,1,0.00026946914578280785,1,-1.7658797458571192,True,,,,
100000000.0,0.0,20201070,240,0.0646725949878739,50,-4.067193193084102,True,,,,
100000000.0,0.0,20201071,1,0.00026946914578280785,0,1.1822753074479868,True,,,,
100000000.0,0.0,20201072,69,0.018593371059013743,1,-3.9936852722426552,True,,,,
100000000.0,0.0,20201073,3,0.0008084074373484236,0,-4.798252626999135,True,,,,
100000000.0,0.0,20201074,0,0.0,0,,False,,,,
100000000.0,0.0,20201075,2,0.0005389382915656157,0,-1.0375144138060781,True,,,,
100000000.0,0.0,20201076,265,0.07140932363244408,3,-2.251167570980381,True,,,,
100000000.0,0.0,20201077,2,0.0005389382915656157,0,1.608901907878808,True,,,,
100000000.0,0.0,20201078,1,0.00026946914578280785,1,0.5058639900419744,True,,,,
100000000.0,0.0,20201079,0,0.0,0,5.1760713786195955,False,,,,
100000000.0,0.0,20201080,1,0.00026946914578280785,1,-0.5090298939161109,True,,,,
100000000.0,0.0,20201081,27,0.007275666936135812,0,-11.036197980417189,True,,,,
100000000.0,0.0,20201082,0,0.0,0,4.818717447259256,False,,,,
100000000.0,0.0,20201083,822,0.22150363783346808,166,-3.107047885519252,True,,,,
100000000.0,0.0,20201084,27,0.007275666936135812,1,-4.468922005444403,True,,,,
100000000.0,0.0,20201085,1,0.00026946914578280785,0,1.0947234555138596,True,,,,
100000000.0,0.0,20201086,2,0.0005389382915656157,1,-2.2891375909635654,True,,,,
100000000.0,0.0,20201087,1,0.00026946914578280785,1,-1.4660071201635887,True,,,,
100000000.0,0.0,20201088,1,0.00026946914578280785,0,0.6257853377724256,True,,,,
100000000.0,0.0,20201089,1,0.00026946914578280785,0,-1.0800219993850404,True,,,,
100000000.0,0.0,20201090,1,0.00026946914578280785,0,0.991036254315155,True,,,,
100000000.0,0.0,20201091,0,0.0,1,0.7600923524978578,True,,,,
100000000.0,0.0,20201092,1,0.00026946914578280785,0,3.509054489340441,False,,,,
100000000.0,0.0,20201093,1,0.00026946914578280785,0,-0.6939430701545044,True,,,,
100000000.0,0.0,20201094,0,0.0,0,2.5659702977436796,False,,,,
100000000.0,0.0,20201095,1,0.00026946914578280785,0,1.228940857903868,True,,,,
100000000.0,0.0,20201096,0,0.0,0,1.9897429328865606,True,,,,
100000000.0,0.0,20201097,1,0.00026946914578280785,0,-2.6422954691211866,True,,,,
100000000.0,0.0,20201098,309,0.08326596604688763,94,-3.3523312526003872,True,,,,
100000000.0,0.0,20201099,4,0.0010778765831312314,1,2.4254539707279177,False,,,,
100000000.0,0.0,20201100,1,0.00026946914578280785,0,-2.830308848423476,True,,,,
100000000.0,0.0,20201101,81,0.021827000808407437,0,3.1809743722577064,False,,,,
100000000.0,0.0,20201102,1,0.00026946914578280785,0,2.859753079850508,False,,,,
100000000.0,0.0,20201103,1,0.00026946914578280785,0,1.1216714712380718,True,,,,
100000000.0,0.0,20201104,617,0.16626246294799246,86,-2.1740818781923643,True,,,,
100000000.0,0.0,20201105,0,0.0,0,3.795552608855645,False,,,,
100000000.0,0.0,20201106,30,0.008084074373484237,1,-2.866978667354557,True,,,,
100000000.0,0.0,20201107,1,0.00026946914578280785,1,0.08481091669362151,True,,,,
100000000.0,0.0,20201108,1,0.00026946914578280785,0,2.164500002147321,False,,,,
100000000.0,0.0,20201109,280,0.0754513608191862,0,-1.2637915868108882,True,,,,
100000000.0,0.0,20201110,1,0.00026946914578280785,0,-0.09488232965181531,True,,,,
100000000.0,0.0,20201111,1,0.00026946914578280785,0,-1.5583965178456571,True,,,,
100000000.0,0.0,20201112,72,0.019401778496362168,2,-3.448465653875955,True,,,,
100000000.0,0.0,20201113,1,0.00026946914578280785,0,4.550503313366736,False,,,,
100000000.0,0.0,20201114,19,0.005119913769873349,1,-2.55810661719788,True,,,,
100000000.0,0.0,20201115,1,0.00026946914578280785,0,1.6142806887967085,True,,,,
100000000.0,0.0,20201116,167,0.045001347345728915,0,-8.00663297692374,True,,,,
100000000.0,0.0,20201117,0,0.0,0,-0.45093917024199737,True,,,,
100000000.0,0.0,20201118,1,0.00026946914578280785,0,-0.15884112234836678,True,,,,
100000000.0,0.0,20201119,0,0.0,0,-2.7854352825157953,True,,,,
100000000.0,0.0,20201120,0,0.0,0,-0.23055591009211973,True,,,,
100000000.0,0.0,20201121,2,0.0005389382915656157,0,-2.196239844658593,True,,,,
100000000.0,0.0,20201122,29,0.007814605227701428,2,-3.602907551193476,True,,,,
100000000.0,0.0,20201123,0,0.0,0,,False,,,,
100000000.0,0.0,20201124,8,0.002155753166262463,1,-5.521133462237795,True,,,,
100000000.0,0.0,20201125,0,0.0,1,-1.9653921634585503,True,,,,
100000000.0,0.0,20201126,0,0.0,0,-11.151783010920504,True,,,,
100000000.0,0.0,20201127,378,0.10185933710590138,117,-5.1390682102255685,True,,,,
100000000.0,0.0,20201128,0,0.0,0,2.936891977143567,False,,,,
100000000.0,0.0,20201129,1,0.00026946914578280785,0,-4.905070417111616,True,,,,
100000000.0,0.0,20201130,96,0.025869037995149554,1,1.1217715841697737,True,,,,
100000000.0,0.0,20201131,1,0.00026946914578280785,0,,False,,,,
100000000.0,0.0,20201132,0,0.0,0,0.9983892216929551,True,,,,
100000000.0,0.0,20201133,0,0.0,0,1.078620474484405,True,,,,
100000000.0,0.0,20201134,132,0.03556992724333064,41,-5.318023544483992,True,,,,
100000000.0,0.0,20201135,317,0.08542171921315009,60,-6.072031260030239,True,,,,
100000000.0,0.0,20201136,0,0.0,1,-6.845142363584664,True,,,,
100000000.0,0.0,20201137,3,0.0008084074373484236,0,-1.2575176513503221,True,,,,
100000000.0,0.0,20201138,1,0.00026946914578280785,1,-0.6917026220510101,True,,,,
100000000.0,0.0,20201139,0,0.0,0,3.8143066723209937,False,,,,
100000000.0,0.0,20201140,1,0.00026946914578280785,0,0.4789352317007136,True,,,,
100000000.0,0.0,20201141,538,0.14497440043115065,109,-3.197204073666314,True,,,,
100000000.0,0.0,20201142,3,0.0008084074373484236,0,,False,,,,
100000000.0,0.0,20201143,2,0.0005389382915656157,0,-0.9677562584514501,True,,,,
100000000.0,0.0,20201144,58,0.015629210455402855,3,-3.157942320398466,True,,,,
100000000.0,0.0,20201145,3,0.0008084074373484236,0,0.9809773951035687,True,,,,
100000000.0,0.0,20201146,0,0.0,0,0.840127081285952,True,,,,
100000000.0,0.0,20201147,1,0.00026946914578280785,1,0.20255924163765648,True,,,,
100000000.0,0.0,20201148,0,0.0,0,-0.46522359678036995,True,,,,
100000000.0,0.0,20201149,0,0.0,0,-0.35840134144819125,True,,,,
100000000.0,0.0,20201150,5,0.0013473457289140394,0,-2.995525716289565,True,,,,
100000000.0,0.0,20201151,0,0.0,0,5.967769279680883,False,,,,
100000000.0,0.0,20201152,1,0.00026946914578280785,1,-0.6825965009752544,True,,,,
100000000.0,0.0,20201153,1,0.00026946914578280785,0,1.6612092351655905,True,,,,
100000000.0,0.0,20201154,0,0.0,0,4.7555342842320005,False,,,,
100000000.0,0.0,20201155,1,0.00026946914578280785,0,3.0652174844980804,False,,,,
100000000.0,0.0,20201156,2,0.0005389382915656157,0,4.1456464344217405,False,,,,
100000000.0,0.0,20201157,31,0.008353543519267044,0,-2.8937948601559853,True,,,,
100000000.0,0.0,20201158,1,0.00026946914578280785,0,-0.8268452964270443,True,,,,
100000000.0,0.0,20201159,499,0.13446510374562112,28,-1.6449949853446801,True,,,,
100000000.0,0.0,20201160,0,0.0,0,,False,,,,
100000000.0,0.0,20201161,0,0.0,0,-0.15937090177091395,True,,,,
100000000.0,0.0,20201162,0,0.0,0,,False,,,,
100000000.0,0.0,20201163,0,0.0,0,-1.1405329197387521,True,,,,
100000000.0,0.0,20201164,1,0.00026946914578280785,0,0.6332227366830683,True,,,,
100000000.0,0.0,20201165,1,0.00026946914578280785,0,-2.7661254048856314,True,,,,
100000000.0,0.0,20201166,0,0.0,0,,False,,,,
100000000.0,0.0,20201167,0,0.0,1,3.2827760298292645,False,,,,
100000000.0,0.0,20201168,0,0.0,0,5.49050531270839,False,,,,
100000000.0,0.0,20201169,0,0.0,0,,False,,,,
100000000.0,0.0,20201170,37,0.009970358393963891,3,-2.4839250101088233,True,,,,
100000000.0,0.0,20201171,4,0.0010778765831312314,0,3.426796511857102,False,,,,
100000000.0,0.0,20201172,174,0.04688763136620857,0,-0.0958876835792708,True,,,,
100000000.0,0.0,20201173,0,0.0,0,-12.616659136917512,True,,,,
100000000.0,0.0,20201174,0,0.0,0,5.909826326887934,False,,,,
100000000.0,0.0,20201175,0,0.0,1,-0.44612193620621454,True,,,,
100000000.0,0.0,20201176,1,0.00026946914578280785,0,2.0943204086148324,False,,,,
100000000.0,0.0,20201177,6,0.0016168148746968471,1,-2.42227374058956,True,,,,
100000000.0,0.0,20201178,1,0.00026946914578280785,0,-0.08633635169678922,True,,,,
100000000.0,0.0,20201179,0,0.0,0,3.829948487988003,False,,,,
100000000.0,0.0,20201180,258,0.06952303961196443,0,0.9058616405436308,True,,,,
100000000.0,0.0,20201181,17,0.004580975478307734,1,-2.470590452756083,True,,,,
100000000.0,0.0,20201182,595,0.16033414174077068,80,-4.059682872321844,True,,,,
100000000.0,0.0,20201183,2,0.0005389382915656157,0,2.3997690540078267,False,,,,
100000000.0,0.0,20201184,1,0.00026946914578280785,0,-4.815760901349639,True,,,,
100000000.0,0.0,20201185,2,0.0005389382915656157,1,4.063315789638989,False,,,,
100000000.0,0.0,20201186,339,0.09135004042037187,23,-2.391323405499818,True,,,,
100000000.0,0.0,20201187,1,0.00026946914578280785,0,1.4444811852094634,True,,,,
100000000.0,0.0,20201188,1,0.00026946914578280785,0,2.919676020160641,False,,,,
100000000.0,0.0,20201189,58,0.015629210455402855,1,-2.1983608495301556,True,,,,
100000000.0,0.0,20201190,0,0.0,1,4.651625836348318,False,,,,
100000000.0,0.0,20201191,1,0.00026946914578280785,0,-2.8829607965245554,True,,,,
100000000.0,0.0,20201192,7,0.001886284020479655,0,1.9307408134314588,True,,,,
100000000.0,0.0,20201193,1,0.00026946914578280785,0,3.713445264193643,False,,,,
100000000.0,0.0,20201194,1,0.00026946914578280785,0,-0.6510400494404052,True,,,,
100000000.0,0.0,20201195,0,0.0,0,3.3696981002776023,False,,,,
100000000.0,0.0,20201196,0,0.0,1,5.2213529808677945,False,,,,
100000000.0,0.0,20201197,0,0.0,0,5.172456988053119,False,,,,
100000000.0,0.0,20201198,0,0.0,0,6.163334434039694,False,,,,
100000000.0,0.0,20201199,0,0.0,0,3.7599536718973496,False,,,,
100000000.0,0.0,20201200,175,0.04715710051199138,2,-2.382016021012335,True,,,,
1000000000.0,0.0,20201001,11,0.0029641606036108865,1,-1.3663811429320818,True,,,,
1000000000.0,0.0,20201002,405,0.10913500404203719,1,2.1764533615030124,False,,,,
1000000000.0,0.0,20201003,465,0.12530315278900567,2,-1.0057621642007222,True,,,,
1000000000.0,0.0,20201004,1,0.00026946914578280785,1,0.46667241055194175,True,,,,
1000000000.0,0.0,20201005,639,0.17219078415521422,4,-7.376355015605215,True,,,,
1000000000.0,0.0,20201006,199,0.05362436001077876,0,-0.6986092890962938,True,,,,
1000000000.0,0.0,20201007,331,0.08919428725410941,1,-6.177329354588388,True,,,,
1000000000.0,0.0,20201008,784,0.21126381029372138,20,-0.6728293887946633,True,,,,
1000000000.0,0.0,20201009,76,0.020479655079493397,0,-1.1643490272194796,True,,,,
1000000000.0,0.0,20201010,1,0.00026946914578280785,0,3.0059665881574547,False,,,,
1000000000.0,0.0,20201011,675,0.18189167340339532,39,-3.5268297763956182,True,,,,
1000000000.0,0.0,20201012,814,0.21934788466720562,30,-0.054842477040995874,True,,,,
1000000000.0,0.0,20201013,1243,0.3349501482080302,152,-4.3758602585599915,True,,,,
1000000000.0,0.0,20201014,1,0.00026946914578280785,0,0.14793545282991438,True,,,,
1000000000.0,0.0,20201015,283,0.07625976825653463,1,-8.479159909235273,True,,,,
1000000000.0,0.0,20201016,3,0.0008084074373484236,1,1.0835755652613415,True,,,,
1000000000.0,0.0,20201017,642,0.17299919159256266,46,-2.226165683903649,True,,,,
1000000000.0,0.0,20201018,4,0.0010778765831312314,1,-0.11737015657024852,True,,,,
1000000000.0,0.0,20201019,307,0.08272702775532202,0,2.43257235038174,False,,,,
1000000000.0,0.0,20201020,426,0.11479385610347616,18,-1.3152257264016383,True,,,,
1000000000.0,0.0,20201021,0,0.0,0,-5.950966682889597,True,,,,
1000000000.0,0.0,20201022,1,0.00026946914578280785,0,-2.2286373606117653,True,,,,
1000000000.0,0.0,20201023,1,0.00026946914578280785,0,2.4124932086277884,False,,,,
1000000000.0,0.0,20201024,206,0.055510644031258424,5,-3.2643559103517843,True,,,,
1000000000.0,0.0,20201025,1,0.00026946914578280785,0,-0.9160203647650693,True,,,,
1000000000.0,0.0,20201026,251,0.06763675559148477,29,-3.442335377777394,True,,,,
1000000000.0,0.0,20201027,279,0.07518189167340339,53,-1.9977548207353144,True,,,,
1000000000.0,0.0,20201028,1,0.00026946914578280785,0,0.39347676663602993,True,,,,
1000000000.0,0.0,20201029,1,0.00026946914578280785,1,-2.37686655030506,True,,,,
1000000000.0,0.0,20201030,242,0.0652115332794395,0,-1.7718502957198519,True,,,,
1000000000.0,0.0,20201031,56,0.01509027216383724,0,-2.3867270743395075,True,,,,
1000000000.0,0.0,20201032,1,0.00026946914578280785,0,0.758301456265249,True,,,,
1000000000.0,0.0,20201033,364,0.09808676906494207,1,0.3337441746416312,True,,,,
1000000000.0,0.0,20201034,5,0.0013473457289140394,1,-1.1356129193429503,True,,,,
1000000000.0,0.0,20201035,309,0.08326596604688763,0,-1.2964899678535815,True,,,,
1000000000.0,0.0,20201036,619,0.16680140123955808,72,-4.373860219936079,True,,,,
1000000000.0,0.0,20201037,3,0.0008084074373484236,0,1.6832555204519446,True,,,,
1000000000.0,0.0,20201038,0,0.0,0,,False,,,,
1000000000.0,0.0,20201039,6,0.0016168148746968471,0,0.45427746494227517,True,,,,
1000000000.0,0.0,20201040,0,0.0,0,,False,,,,
1000000000.0,0.0,20201041,1,0.00026946914578280785,0,1.9128879483224668,True,,,,
1000000000.0,0.0,20201042,274,0.07383454594448935,0,0.04116257183249328,True,,,,
1000000000.0,0.0,20201043,0,0.0,0,,False,,,,
1000000000.0,0.0,20201044,23,0.006197790353004581,2,1.095140485547148,True,,,,
1000000000.0,0.0,20201045,0,0.0,0,1.032818464748324,True,,,,
1000000000.0,0.0,20201046,0,0.0,0,-0.12788669477456072,True,,,,
1000000000.0,0.0,20201047,1,0.00026946914578280785,0,2.9244775000891394,False,,,,
1000000000.0,0.0,20201048,319,0.08596065750471571,1,2.877230014660336,False,,,,
1000000000.0,0.0,20201049,0,0.0,0,3.7900994573264355,False,,,,
1000000000.0,0.0,20201050,18,0.004850444624090542,0,0.8436689688656847,True,,,,
1000000000.0,0.0,20201051,1,0.00026946914578280785,0,-0.006416818223924814,True,,,,
1000000000.0,0.0,20201052,349,0.09404473187819995,9,0.0420435517578408,True,,,,
1000000000.0,0.0,20201053,2,0.0005389382915656157,0,-2.7130160873382616,True,,,,
1000000000.0,0.0,20201054,9,0.002425222312045271,0,2.1812727095783657,False,,,,
1000000000.0,0.0,20201055,22,0.005928321207221773,1,-1.4088857748805914,True,,,,
1000000000.0,0.0,20201056,1,0.00026946914578280785,0,3.2771410927268514,False,,,,
1000000000.0,0.0,20201057,273,0.07356507679870655,1,-0.42768587970424754,True,,,,
1000000000.0,0.0,20201058,22,0.005928321207221773,1,1.8505413062698093,True,,,,
1000000000.0,0.0,20201059,365,0.09835623821072487,0,1.8577349843081201,True,,,,
1000000000.0,0.0,20201060,0,0.0,0,4.614610797254605,False,,,,
1000000000.0,0.0,20201061,1,0.00026946914578280785,0,-1.6139060125523086,True,,,,
1000000000.0,0.0,20201062,0,0.0,0,-1.4212384836452125,True,,,,
1000000000.0,0.0,20201063,254,0.0684451630288332,0,0.6605173698425908,True,,,,
1000000000.0,0.0,20201064,33,0.00889248181083266,0,-0.6568744931147492,True,,,,
1000000000.0,0.0,20201065,0,0.0,0,6.428482832433176,False,,,,
1000000000.0,0.0,20201066,0,0.0,0,-5.717999137859049,True,,,,
1000000000.0,0.0,20201067,578,0.15575316626246294,95,-5.34816904569152,True,,,,
1000000000.0,0.0,20201068,138,0.037186742118027485,1,4.386989928970714,False,,,,
1000000000.0,0.0,20201069,2,0.0005389382915656157,1,-1.7658797458571192,True,,,,
1000000000.0,0.0,20201070,1069,0.2880625168418216,140,-4.067193193084102,True,,,,
1000000000.0,0.0,20201071,2,0.0005389382915656157,0,1.1822753074479868,True,,,,
1000000000.0,0.0,20201072,196,0.052815952573430344,27,-3.9936852722426552,True,,,,
1000000000.0,0.0,20201073,7,0.001886284020479655,0,-4.798252626999135,True,,,,
1000000000.0,0.0,20201074,0,0.0,0,,False,,,,
1000000000.0,0.0,20201075,8,0.002155753166262463,0,-1.0375144138060781,True,,,,
1000000000.0,0.0,20201076,483,0.1301535974130962,78,-2.251167570980381,True,,,,
1000000000.0,0.0,20201077,3,0.0008084074373484236,1,1.608901907878808,True,,,,
1000000000.0,0.0,20201078,1,0.00026946914578280785,1,0.5058639900419744,True,,,,
1000000000.0,0.0,20201079,0,0.0,0,5.1760713786195955,False,,,,
1000000000.0,0.0,20201080,2,0.0005389382915656157,1,-0.5090298939161109,True,,,,
1000000000.0,0.0,20201081,103,0.027755322015629212,0,-11.036197980417189,True,,,,
1000000000.0,0.0,20201082,0,0.0,0,4.818717447259256,False,,,,
1000000000.0,0.0,20201083,1872,0.5044462409054163,297,-3.107047885519252,True,,,,
1000000000.0,0.0,20201084,862,0.2322824036647804,31,-4.468922005444403,True,,,,
1000000000.0,0.0,20201085,1,0.00026946914578280785,0,1.0947234555138596,True,,,,
1000000000.0,0.0,20201086,107,0.02883319859876044,0,-2.2891375909635654,True,,,,
1000000000.0,0.0,20201087,33,0.00889248181083266,2,-1.4660071201635887,True,,,,
1000000000.0,0.0,20201088,3,0.0008084074373484236,0,0.6257853377724256,True,,,,
1000000000.0,0.0,20201089,8,0.002155753166262463,1,-1.0800219993850404,True,,,,
1000000000.0,0.0,20201090,1,0.00026946914578280785,0,0.991036254315155,True,,,,
1000000000.0,0.0,20201091,3,0.0008084074373484236,1,0.7600923524978578,True,,,,
1000000000.0,0.0,20201092,5,0.0013473457289140394,0,3.509054489340441,False,,,,
1000000000.0,0.0,20201093,5,0.0013473457289140394,0,-0.6939430701545044,True,,,,
1000000000.0,0.0,20201094,1,0.00026946914578280785,0,2.5659702977436796,False,,,,
1000000000.0,0.0,20201095,3,0.0008084074373484236,0,1.228940857903868,True,,,,
1000000000.0,0.0,20201096,0,0.0,0,1.9897429328865606,True,,,,
1000000000.0,0.0,20201097,1,0.00026946914578280785,0,-2.6422954691211866,True,,,,
1000000000.0,0.0,20201098,1370,0.3691727297224468,151,-3.3523312526003872,True,,,,
1000000000.0,0.0,20201099,461,0.12422527620587442,1,2.4254539707279177,False,,,,
1000000000.0,0.0,20201100,1,0.00026946914578280785,0,-2.830308848423476,True,,,,
1000000000.0,0.0,20201101,219,0.05901374292643492,0,3.1809743722577064,False,,,,
1000000000.0,0.0,20201102,1,0.00026946914578280785,0,2.859753079850508,False,,,,
1000000000.0,0.0,20201103,3,0.0008084074373484236,0,1.1216714712380718,True,,,,
1000000000.0,0.0,20201104,1324,0.35677714901643764,197,-2.1740818781923643,True,,,,
1000000000.0,0.0,20201105,0,0.0,0,3.795552608855645,False,,,,
1000000000.0,0.0,20201106,59,0.015898679601185663,0,-2.866978667354557,True,,,,
1000000000.0,0.0,20201107,1,0.00026946914578280785,1,0.08481091669362151,True,,,,
1000000000.0,0.0,20201108,1,0.00026946914578280785,0,2.164500002147321,False,,,,
1000000000.0,0.0,20201109,523,0.14093236324440853,1,-1.2637915868108882,True,,,,
1000000000.0,0.0,20201110,1,0.00026946914578280785,0,-0.09488232965181531,True,,,,
1000000000.0,0.0,20201111,1,0.00026946914578280785,0,-1.5583965178456571,True,,,,
1000000000.0,0.0,20201112,1147,0.30908111021288065,62,-3.448465653875955,True,,,,
1000000000.0,0.0,20201113,2,0.0005389382915656157,0,4.550503313366736,False,,,,
1000000000.0,0.0,20201114,158,0.042576125033683646,2,-2.55810661719788,True,,,,
1000000000.0,0.0,20201115,1,0.00026946914578280785,0,1.6142806887967085,True,,,,
1000000000.0,0.0,20201116,328,0.08838587981676098,1,-8.00663297692374,True,,,,
1000000000.0,0.0,20201117,0,0.0,0,-0.45093917024199737,True,,,,
1000000000.0,0.0,20201118,1,0.00026946914578280785,0,-0.15884112234836678,True,,,,
1000000000.0,0.0,20201119,0,0.0,0,-2.7854352825157953,True,,,,
1000000000.0,0.0,20201120,1,0.00026946914578280785,0,-0.23055591009211973,True,,,,
1000000000.0,0.0,20201121,9,0.002425222312045271,0,-2.196239844658593,True,,,,
1000000000.0,0.0,20201122,351,0.09458367016976556,5,-3.602907551193476,True,,,,
1000000000.0,0.0,20201123,0,0.0,0,,False,,,,
1000000000.0,0.0,20201124,159,0.04284559417946645,4,-5.521133462237795,True,,,,
1000000000.0,0.0,20201125,1,0.00026946914578280785,1,-1.9653921634585503,True,,,,
1000000000.0,0.0,20201126,1,0.00026946914578280785,0,-11.151783010920504,True,,,,
1000000000.0,0.0,20201127,1823,0.49124225276205874,236,-5.1390682102255685,True,,,,
1000000000.0,0.0,20201128,1,0.00026946914578280785,0,2.936891977143567,False,,,,
1000000000.0,0.0,20201129,1,0.00026946914578280785,0,-4.905070417111616,True,,,,
1000000000.0,0.0,20201130,184,0.04958232282403665,1,1.1217715841697737,True,,,,
1000000000.0,0.0,20201131,13,0.0035030988951765024,0,,False,,,,
1000000000.0,0.0,20201132,0,0.0,0,0.9983892216929551,True,,,,
1000000000.0,0.0,20201133,0,0.0,0,1.078620474484405,True,,,,
1000000000.0,0.0,20201134,951,0.2562651576394503,100,-5.318023544483992,True,,,,
1000000000.0,0.0,20201135,1504,0.40528159525734303,145,-6.072031260030239,True,,,,
1000000000.0,0.0,20201136,0,0.0,1,-6.845142363584664,True,,,,
1000000000.0,0.0,20201137,12,0.0032336297493936943,1,-1.2575176513503221,True,,,,
1000000000.0,0.0,20201138,1,0.00026946914578280785,1,-0.6917026220510101,True,,,,
1000000000.0,0.0,20201139,10,0.0026946914578280788,0,3.8143066723209937,False,,,,
1000000000.0,0.0,20201140,1,0.00026946914578280785,0,0.4789352317007136,True,,,,
1000000000.0,0.0,20201141,1807,0.4869307464295338,199,-3.197204073666314,True,,,,
1000000000.0,0.0,20201142,21,0.005658852061438965,0,,False,,,,
1000000000.0,0.0,20201143,1,0.00026946914578280785,0,-0.9677562584514501,True,,,,
1000000000.0,0.0,20201144,551,0.14847749932632714,55,-3.157942320398466,True,,,,
1000000000.0,0.0,20201145,3,0.0008084074373484236,0,0.9809773951035687,True,,,,
1000000000.0,0.0,20201146,1,0.00026946914578280785,0,0.840127081285952,True,,,,
1000000000.0,0.0,20201147,2,0.0005389382915656157,1,0.20255924163765648,True,,,,
1000000000.0,0.0,20201148,0,0.0,0,-0.46522359678036995,True,,,,
1000000000.0,0.0,20201149,5,0.0013473457289140394,0,-0.35840134144819125,True,,,,
1000000000.0,0.0,20201150,28,0.00754513608191862,0,-2.995525716289565,True,,,,
1000000000.0,0.0,20201151,0,0.0,0,5.967769279680883,False,,,,
1000000000.0,0.0,20201152,1,0.00026946914578280785,1,-0.6825965009752544,True,,,,
1000000000.0,0.0,20201153,1,0.00026946914578280785,0,1.6612092351655905,True,,,,
1000000000.0,0.0,20201154,1,0.00026946914578280785,0,4.7555342842320005,False,,,,
1000000000.0,0.0,20201155,1,0.00026946914578280785,0,3.0652174844980804,False,,,,
1000000000.0,0.0,20201156,5,0.0013473457289140394,0,4.1456464344217405,False,,,,
1000000000.0,0.0,20201157,141,0.03799514955537591,1,-2.8937948601559853,True,,,,
1000000000.0,0.0,20201158,1,0.00026946914578280785,0,-0.8268452964270443,True,,,,
1000000000.0,0.0,20201159,862,0.2322824036647804,44,-1.6449949853446801,True,,,,
1000000000.0,0.0,20201160,0,0.0,0,,False,,,,
1000000000.0,0.0,20201161,0,0.0,0,-0.15937090177091395,True,,,,
1000000000.0,0.0,20201162,7,0.001886284020479655,0,,False,,,,
1000000000.0,0.0,20201163,1,0.00026946914578280785,0,-1.1405329197387521,True,,,,
1000000000.0,0.0,20201164,5,0.0013473457289140394,0,0.6332227366830683,True,,,,
1000000000.0,0.0,20201165,1,0.00026946914578280785,0,-2.7661254048856314,True,,,,
1000000000.0,0.0,20201166,0,0.0,0,,False,,,,
1000000000.0,0.0,20201167,0,0.0,1,3.2827760298292645,False,,,,
1000000000.0,0.0,20201168,0,0.0,0,5.49050531270839,False,,,,
1000000000.0,0.0,20201169,0,0.0,0,,False,,,,
1000000000.0,0.0,20201170,463,0.12476421449744005,49,-2.4839250101088233,True,,,,
1000000000.0,0.0,20201171,3,0.0008084074373484236,0,3.426796511857102,False,,,,
1000000000.0,0.0,20201172,489,0.13177041228779304,0,-0.0958876835792708,True,,,,
1000000000.0,0.0,20201173,1,0.00026946914578280785,0,-12.616659136917512,True,,,,
1000000000.0,0.0,20201174,0,0.0,0,5.909826326887934,False,,,,
1000000000.0,0.0,20201175,0,0.0,1,-0.44612193620621454,True,,,,
1000000000.0,0.0,20201176,1,0.00026946914578280785,0,2.0943204086148324,False,,,,
1000000000.0,0.0,20201177,81,0.021827000808407437,0,-2.42227374058956,True,,,,
1000000000.0,0.0,20201178,1,0.00026946914578280785,0,-0.08633635169678922,True,,,,
1000000000.0,0.0,20201179,2,0.0005389382915656157,1,3.829948487988003,False,,,,
1000000000.0,0.0,20201180,375,0.10105092966855295,1,0.9058616405436308,True,,,,
1000000000.0,0.0,20201181,317,0.08542171921315009,3,-2.470590452756083,True,,,,
1000000000.0,0.0,20201182,996,0.26839126919967665,139,-4.059682872321844,True,,,,
1000000000.0,0.0,20201183,297,0.08003233629749394,0,2.3997690540078267,False,,,,
1000000000.0,0.0,20201184,3,0.0008084074373484236,0,-4.815760901349639,True,,,,
1000000000.0,0.0,20201185,9,0.002425222312045271,1,4.063315789638989,False,,,,
1000000000.0,0.0,20201186,631,0.17003503098895176,78,-2.391323405499818,True,,,,
1000000000.0,0.0,20201187,1,0.00026946914578280785,0,1.4444811852094634,True,,,,
1000000000.0,0.0,20201188,2,0.0005389382915656157,0,2.919676020160641,False,,,,
1000000000.0,0.0,20201189,151,0.04068984101320399,4,-2.1983608495301556,True,,,,
1000000000.0,0.0,20201190,1,0.00026946914578280785,1,4.651625836348318,False,,,,
1000000000.0,0.0,20201191,9,0.002425222312045271,0,-2.8829607965245554,True,,,,
1000000000.0,0.0,20201192,23,0.006197790353004581,1,1.9307408134314588,True,,,,
1000000000.0,0.0,20201193,1,0.00026946914578280785,0,3.713445264193643,False,,,,
1000000000.0,0.0,20201194,3,0.0008084074373484236,0,-0.6510400494404052,True,,,,
1000000000.0,0.0,20201195,1,0.00026946914578280785,0,3.3696981002776023,False,,,,
1000000000.0,0.0,20201196,0,0.0,1,5.2213529808677945,False,,,,
1000000000.0,0.0,20201197,0,0.0,0,5.172456988053119,False,,,,
1000000000.0,0.0,20201198,0,0.0,0,6.163334434039694,False,,,,
1000000000.0,0.0,20201199,2,0.0005389382915656157,0,3.7599536718973496,False,,,,
1000000000.0,0.0,20201200,1171,0.315548369711668,83,-2.382016021012335,True,,,,
10000000000.0,0.0,20201001,1151,0.31015898679601184,33,-1.3663811429320818,True,,,,
10000000000.0,0.0,20201002,637,0.17165184586364862,1,2.1764533615030124,False,,,,
10000000000.0,0.0,20201003,1532,0.4128267313392617,51,-1.0057621642007222,True,,,,
10000000000.0,0.0,20201004,1,0.00026946914578280785,1,0.46667241055194175,True,,,,
10000000000.0,0.0,20201005,1719,0.46321746160064675,72,-7.376355015605215,True,,,,
10000000000.0,0.0,20201006,598,0.1611425491781191,0,-0.6986092890962938,True,,,,
10000000000.0,0.0,20201007,1000,0.2694691457828079,55,-6.177329354588388,True,,,,
10000000000.0,0.0,20201008,1458,0.3928860145513339,49,-0.6728293887946633,True,,,,
10000000000.0,0.0,20201009,21,0.005658852061438965,1,-1.1643490272194796,True,,,,
10000000000.0,0.0,20201010,1,0.00026946914578280785,0,3.0059665881574547,False,,,,
10000000000.0,0.0,20201011,1622,0.43707895445971434,109,-3.5268297763956182,True,,,,
10000000000.0,0.0,20201012,1789,0.48208030180544326,52,-0.054842477040995874,True,,,,
10000000000.0,0.0,20201013,2638,0.7108596065750472,309,-4.3758602585599915,True,,,,
10000000000.0,0.0,20201014,1,0.00026946914578280785,0,0.14793545282991438,True,,,,
10000000000.0,0.0,20201015,868,0.23389921853947723,2,-8.479159909235273,True,,,,
10000000000.0,0.0,20201016,65,0.01751549447588251,0,1.0835755652613415,True,,,,
10000000000.0,0.0,20201017,2010,0.5416329830234439,135,-2.226165683903649,True,,,,
10000000000.0,0.0,20201018,29,0.007814605227701428,0,-0.11737015657024852,True,,,,
10000000000.0,0.0,20201019,2,0.0005389382915656157,1,2.43257235038174,False,,,,
10000000000.0,0.0,20201020,1380,0.3718674211802749,90,-1.3152257264016383,True,,,,
10000000000.0,0.0,20201021,0,0.0,0,-5.950966682889597,True,,,,
10000000000.0,0.0,20201022,5,0.0013473457289140394,0,-2.2286373606117653,True,,,,
10000000000.0,0.0,20201023,2,0.0005389382915656157,0,2.4124932086277884,False,,,,
10000000000.0,0.0,20201024,843,0.22716248989490703,46,-3.2643559103517843,True,,,,
10000000000.0,0.0,20201025,163,0.043923470762597686,0,-0.9160203647650693,True,,,,
10000000000.0,0.0,20201026,1720,0.46348693074642955,132,-3.442335377777394,True,,,,
10000000000.0,0.0,20201027,2154,0.5804365400161682,150,-1.9977548207353144,True,,,,
10000000000.0,0.0,20201028,88,0.023713284828887092,0,0.39347676663602993,True,,,,
10000000000.0,0.0,20201029,3,0.0008084074373484236,0,-2.37686655030506,True,,,,
10000000000.0,0.0,20201030,718,0.19347884667205606,2,-1.7718502957198519,True,,,,
10000000000.0,0.0,20201031,1399,0.3769873349501482,70,-2.3867270743395075,True,,,,
10000000000.0,0.0,20201032,1,0.00026946914578280785,0,0.758301456265249,True,,,,
10000000000.0,0.0,20201033,275,0.07410401509027216,0,0.3337441746416312,True,,,,
10000000000.0,0.0,20201034,34,0.009161950956615468,0,-1.1356129193429503,True,,,,
10000000000.0,0.0,20201035,542,0.14605227701428186,4,-1.2964899678535815,True,,,,
10000000000.0,0.0,20201036,2196,0.5917542441390461,207,-4.373860219936079,True,,,,
10000000000.0,0.0,20201037,75,0.02021018593371059,0,1.6832555204519446,True,,,,
10000000000.0,0.0,20201038,0,0.0,0,,False,,,,
10000000000.0,0.0,20201039,97,0.026138507140932365,0,0.45427746494227517,True,,,,
10000000000.0,0.0,20201040,3,0.0008084074373484236,0,,False,,,,
10000000000.0,0.0,20201041,12,0.0032336297493936943,0,1.9128879483224668,True,,,,
10000000000.0,0.0,20201042,824,0.2220425761250337,14,0.04116257183249328,True,,,,
10000000000.0,0.0,20201043,0,0.0,0,,False,,,,
10000000000.0,0.0,20201044,1003,0.2702775532201563,2,1.095140485547148,True,,,,
10000000000.0,0.0,20201045,2,0.0005389382915656157,0,1.032818464748324,True,,,,
10000000000.0,0.0,20201046,8,0.002155753166262463,0,-0.12788669477456072,True,,,,
10000000000.0,0.0,20201047,19,0.005119913769873349,0,2.9244775000891394,False,,,,
10000000000.0,0.0,20201048,4,0.0010778765831312314,1,2.877230014660336,False,,,,
10000000000.0,0.0,20201049,0,0.0,0,3.7900994573264355,False,,,,
10000000000.0,0.0,20201050,139,0.037456211263810296,1,0.8436689688656847,True,,,,
10000000000.0,0.0,20201051,36,0.009700889248181084,0,-0.006416818223924814,True,,,,
10000000000.0,0.0,20201052,1018,0.2743195904068984,24,0.0420435517578408,True,,,,
10000000000.0,0.0,20201053,876,0.2360549717057397,1,-2.7130160873382616,True,,,,
10000000000.0,0.0,20201054,128,0.034492050660199405,2,2.1812727095783657,False,,,,
10000000000.0,0.0,20201055,99,0.02667744543249798,1,-1.4088857748805914,True,,,,
10000000000.0,0.0,20201056,13,0.0035030988951765024,0,3.2771410927268514,False,,,,
10000000000.0,0.0,20201057,635,0.171112907572083,3,-0.42768587970424754,True,,,,
10000000000.0,0.0,20201058,198,0.05335489086499596,0,1.8505413062698093,True,,,,
10000000000.0,0.0,20201059,794,0.21395850175154946,1,1.8577349843081201,True,,,,
10000000000.0,0.0,20201060,1,0.00026946914578280785,0,4.614610797254605,False,,,,
10000000000.0,0.0,20201061,26,0.007006197790353005,0,-1.6139060125523086,True,,,,
10000000000.0,0.0,20201062,0,0.0,0,-1.4212384836452125,True,,,,
10000000000.0,0.0,20201063,592,0.15952573430342226,1,0.6605173698425908,True,,,,
10000000000.0,0.0,20201064,238,0.06413365669630827,1,-0.6568744931147492,True,,,,
10000000000.0,0.0,20201065,1,0.00026946914578280785,0,6.428482832433176,False,,,,
10000000000.0,0.0,20201066,0,0.0,0,-5.717999137859049,True,,,,
10000000000.0,0.0,20201067,1907,0.5138776610078146,225,-5.34816904569152,True,,,,
10000000000.0,0.0,20201068,324,0.08730800323362975,1,4.386989928970714,False,,,,
10000000000.0,0.0,20201069,4,0.0010778765831312314,1,-1.7658797458571192,True,,,,
10000000000.0,0.0,20201070,2089,0.5629210455402857,247,-4.067193193084102,True,,,,
10000000000.0,0.0,20201071,4,0.0010778765831312314,0,1.1822753074479868,True,,,,
10000000000.0,0.0,20201072,1514,0.4079762867151711,95,-3.9936852722426552,True,,,,
10000000000.0,0.0,20201073,1073,0.28914039342495285,6,-4.798252626999135,True,,,,
10000000000.0,0.0,20201074,0,0.0,0,,False,,,,
10000000000.0,0.0,20201075,334,0.09000269469145783,0,-1.0375144138060781,True,,,,
10000000000.0,0.0,20201076,1646,0.44354621395850174,159,-2.251167570980381,True,,,,
10000000000.0,0.0,20201077,403,0.10859606575047157,15,1.608901907878808,True,,,,
10000000000.0,0.0,20201078,6,0.0016168148746968471,0,0.5058639900419744,True,,,,
10000000000.0,0.0,20201079,0,0.0,0,5.1760713786195955,False,,,,
10000000000.0,0.0,20201080,5,0.0013473457289140394,1,-0.5090298939161109,True,,,,
10000000000.0,0.0,20201081,508,0.1368903260576664,0,-11.036197980417189,True,,,,
10000000000.0,0.0,20201082,15,0.004042037186742118,0,4.818717447259256,False,,,,
10000000000.0,0.0,20201083,2803,0.7553220156292104,469,-3.107047885519252,True,,,,
10000000000.0,0.0,20201084,2138,0.5761250336836432,119,-4.468922005444403,True,,,,
10000000000.0,0.0,20201085,4,0.0010778765831312314,0,1.0947234555138596,True,,,,
10000000000.0,0.0,20201086,369,0.09943411479385611,0,-2.2891375909635654,True,,,,
10000000000.0,0.0,20201087,17,0.004580975478307734,0,-1.4660071201635887,True,,,,
10000000000.0,0.0,20201088,235,0.06332524925895985,1,0.6257853377724256,True,,,,
10000000000.0,0.0,20201089,83,0.022365939099973052,1,-1.0800219993850404,True,,,,
10000000000.0,0.0,20201090,1,0.00026946914578280785,0,0.991036254315155,True,,,,
10000000000.0,0.0,20201091,4,0.0010778765831312314,1,0.7600923524978578,True,,,,
10000000000.0,0.0,20201092,12,0.0032336297493936943,0,3.509054489340441,False,,,,
10000000000.0,0.0,20201093,8,0.002155753166262463,0,-0.6939430701545044,True,,,,
10000000000.0,0.0,20201094,1,0.00026946914578280785,0,2.5659702977436796,False,,,,
10000000000.0,0.0,20201095,1060,0.2856372945297763,14,1.228940857903868,True,,,,
10000000000.0,0.0,20201096,21,0.005658852061438965,0,1.9897429328865606,True,,,,
10000000000.0,0.0,20201097,1,0.00026946914578280785,0,-2.6422954691211866,True,,,,
10000000000.0,0.0,20201098,2714,0.7313392616545406,308,-3.3523312526003872,True,,,,
10000000000.0,0.0,20201099,235,0.06332524925895985,2,2.4254539707279177,False,,,,
10000000000.0,0.0,20201100,4,0.0010778765831312314,0,-2.830308848423476,True,,,,
10000000000.0,0.0,20201101,372,0.10024252223120453,0,3.1809743722577064,False,,,,
10000000000.0,0.0,20201102,1,0.00026946914578280785,0,2.859753079850508,False,,,,
10000000000.0,0.0,20201103,2,0.0005389382915656157,0,1.1216714712380718,True,,,,
10000000000.0,0.0,20201104,2460,0.6628940986257074,314,-2.1740818781923643,True,,,,
10000000000.0,0.0,20201105,1,0.00026946914578280785,0,3.795552608855645,False,,,,
10000000000.0,0.0,20201106,447,0.12045270816491511,1,-2.866978667354557,True,,,,
10000000000.0,0.0,20201107,19,0.005119913769873349,1,0.08481091669362151,True,,,,
10000000000.0,0.0,20201108,1,0.00026946914578280785,0,2.164500002147321,False,,,,
10000000000.0,0.0,20201109,1006,0.27108596065750473,17,-1.2637915868108882,True,,,,
10000000000.0,0.0,20201110,2,0.0005389382915656157,0,-0.09488232965181531,True,,,,
10000000000.0,0.0,20201111,11,0.0029641606036108865,1,-1.5583965178456571,True,,,,
10000000000.0,0.0,20201112,1936,0.521692266235516,102,-3.448465653875955,True,,,,
10000000000.0,0.0,20201113,41,0.011048234977095122,0,4.550503313366736,False,,,,
10000000000.0,0.0,20201114,696,0.18755052546483428,48,-2.55810661719788,True,,,,
10000000000.0,0.0,20201115,1,0.00026946914578280785,0,1.6142806887967085,True,,,,
10000000000.0,0.0,20201116,738,0.19886822958771222,0,-8.00663297692374,True,,,,
10000000000.0,0.0,20201117,11,0.0029641606036108865,0,-0.45093917024199737,True,,,,
10000000000.0,0.0,20201118,9,0.002425222312045271,1,-0.15884112234836678,True,,,,
10000000000.0,0.0,20201119,0,0.0,0,-2.7854352825157953,True,,,,
10000000000.0,0.0,20201120,2,0.0005389382915656157,0,-0.23055591009211973,True,,,,
10000000000.0,0.0,20201121,486,0.13096200485044462,2,-2.196239844658593,True,,,,
10000000000.0,0.0,20201122,1326,0.35731608730800324,40,-3.602907551193476,True,,,,
10000000000.0,0.0,20201123,0,0.0,0,,False,,,,
10000000000.0,0.0,20201124,879,0.2368633791430881,34,-5.521133462237795,True,,,,
10000000000.0,0.0,20201125,2,0.0005389382915656157,1,-1.9653921634585503,True,,,,
10000000000.0,0.0,20201126,12,0.0032336297493936943,0,-11.151783010920504,True,,,,
10000000000.0,0.0,20201127,2791,0.7520883858798167,437,-5.1390682102255685,True,,,,
10000000000.0,0.0,20201128,2,0.0005389382915656157,0,2.936891977143567,False,,,,
10000000000.0,0.0,20201129,5,0.0013473457289140394,0,-4.905070417111616,True,,,,
10000000000.0,0.0,20201130,484,0.130423066558879,1,1.1217715841697737,True,,,,
10000000000.0,0.0,20201131,44,0.011856642414443546,0,,False,,,,
10000000000.0,0.0,20201132,2,0.0005389382915656157,0,0.9983892216929551,True,,,,
10000000000.0,0.0,20201133,1,0.00026946914578280785,0,1.078620474484405,True,,,,
10000000000.0,0.0,20201134,2165,0.583400700619779,186,-5.318023544483992,True,,,,
10000000000.0,0.0,20201135,2382,0.6418755052546483,247,-6.072031260030239,True,,,,
10000000000.0,0.0,20201136,0,0.0,1,-6.845142363584664,True,,,,
10000000000.0,0.0,20201137,191,0.051468606844516304,2,-1.2575176513503221,True,,,,
10000000000.0,0.0,20201138,2,0.0005389382915656157,1,-0.6917026220510101,True,,,,
10000000000.0,0.0,20201139,244,0.06575047157100512,0,3.8143066723209937,False,,,,
10000000000.0,0.0,20201140,1,0.00026946914578280785,0,0.4789352317007136,True,,,,
10000000000.0,0.0,20201141,2627,0.7078954459714363,357,-3.197204073666314,True,,,,
10000000000.0,0.0,20201142,69,0.018593371059013743,0,,False,,,,
10000000000.0,0.0,20201143,11,0.0029641606036108865,0,-0.9677562584514501,True,,,,
10000000000.0,0.0,20201144,1872,0.5044462409054163,141,-3.157942320398466,True,,,,
10000000000.0,0.0,20201145,61,0.01643761789275128,0,0.9809773951035687,True,,,,
10000000000.0,0.0,20201146,1,0.00026946914578280785,0,0.840127081285952,True,,,,
10000000000.0,0.0,20201147,10,0.0026946914578280788,1,0.20255924163765648,True,,,,
10000000000.0,0.0,20201148,0,0.0,0,-0.46522359678036995,True,,,,
10000000000.0,0.0,20201149,12,0.0032336297493936943,0,-0.35840134144819125,True,,,,
10000000000.0,0.0,20201150,355,0.09566154675289679,1,-2.995525716289565,True,,,,
10000000000.0,0.0,20201151,7,0.001886284020479655,0,5.967769279680883,False,,,,
10000000000.0,0.0,20201152,1,0.00026946914578280785,1,-0.6825965009752544,True,,,,
10000000000.0,0.0,20201153,1,0.00026946914578280785,0,1.6612092351655905,True,,,,
10000000000.0,0.0,20201154,5,0.0013473457289140394,0,4.7555342842320005,False,,,,
10000000000.0,0.0,20201155,1,0.00026946914578280785,0,3.0652174844980804,False,,,,
10000000000.0,0.0,20201156,16,0.004311506332524926,0,4.1456464344217405,False,,,,
10000000000.0,0.0,20201157,1030,0.2775532201562921,27,-2.8937948601559853,True,,,,
10000000000.0,0.0,20201158,1,0.00026946914578280785,0,-0.8268452964270443,True,,,,
10000000000.0,0.0,20201159,783,0.21099434114793855,2,-1.6449949853446801,True,,,,
10000000000.0,0.0,20201160,0,0.0,0,,False,,,,
10000000000.0,0.0,20201161,0,0.0,0,-0.15937090177091395,True,,,,
10000000000.0,0.0,20201162,29,0.007814605227701428,0,,False,,,,
10000000000.0,0.0,20201163,7,0.001886284020479655,0,-1.1405329197387521,True,,,,
10000000000.0,0.0,20201164,75,0.02021018593371059,1,0.6332227366830683,True,,,,
10000000000.0,0.0,20201165,52,0.01401239558070601,1,-2.7661254048856314,True,,,,
10000000000.0,0.0,20201166,0,0.0,0,,False,,,,
10000000000.0,0.0,20201167,1,0.00026946914578280785,1,3.2827760298292645,False,,,,
10000000000.0,0.0,20201168,1,0.00026946914578280785,0,5.49050531270839,False,,,,
10000000000.0,0.0,20201169,2,0.0005389382915656157,0,,False,,,,
10000000000.0,0.0,20201170,1961,0.5284289948800862,134,-2.4839250101088233,True,,,,
10000000000.0,0.0,20201171,11,0.0029641606036108865,0,3.426796511857102,False,,,,
10000000000.0,0.0,20201172,996,0.26839126919967665,0,-0.0958876835792708,True,,,,
10000000000.0,0.0,20201173,4,0.0010778765831312314,0,-12.616659136917512,True,,,,
10000000000.0,0.0,20201174,1,0.00026946914578280785,0,5.909826326887934,False,,,,
10000000000.0,0.0,20201175,0,0.0,1,-0.44612193620621454,True,,,,
10000000000.0,0.0,20201176,1,0.00026946914578280785,0,2.0943204086148324,False,,,,
10000000000.0,0.0,20201177,470,0.1266504985179197,30,-2.42227374058956,True,,,,
10000000000.0,0.0,20201178,2,0.0005389382915656157,0,-0.08633635169678922,True,,,,
10000000000.0,0.0,20201179,13,0.0035030988951765024,1,3.829948487988003,False,,,,
10000000000.0,0.0,20201180,836,0.22527620587442737,12,0.9058616405436308,True,,,,
10000000000.0,0.0,20201181,1236,0.3330638641875505,66,-2.470590452756083,True,,,,
10000000000.0,0.0,20201182,2551,0.6874157908919428,304,-4.059682872321844,True,,,,
10000000000.0,0.0,20201183,618,0.16653193209377526,2,2.3997690540078267,False,,,,
10000000000.0,0.0,20201184,2,0.0005389382915656157,0,-4.815760901349639,True,,,,
10000000000.0,0.0,20201185,24,0.0064672594987873885,0,4.063315789638989,False,,,,
10000000000.0,0.0,20201186,2527,0.6809485313931555,232,-2.391323405499818,True,,,,
10000000000.0,0.0,20201187,9,0.002425222312045271,0,1.4444811852094634,True,,,,
10000000000.0,0.0,20201188,2,0.0005389382915656157,0,2.919676020160641,False,,,,
10000000000.0,0.0,20201189,1269,0.3419563459983832,48,-2.1983608495301556,True,,,,
10000000000.0,0.0,20201190,1,0.00026946914578280785,1,4.651625836348318,False,,,,
10000000000.0,0.0,20201191,4,0.0010778765831312314,0,-2.8829607965245554,True,,,,
10000000000.0,0.0,20201192,850,0.2290487739153867,11,1.9307408134314588,True,,,,
10000000000.0,0.0,20201193,1,0.00026946914578280785,0,3.713445264193643,False,,,,
10000000000.0,0.0,20201194,1,0.00026946914578280785,0,-0.6510400494404052,True,,,,
10000000000.0,0.0,20201195,5,0.0013473457289140394,0,3.3696981002776023,False,,,,
10000000000.0,0.0,20201196,0,0.0,1,5.2213529808677945,False,,,,
10000000000.0,0.0,20201197,0,0.0,0,5.172456988053119,False,,,,
10000000000.0,0.0,20201198,1,0.00026946914578280785,0,6.163334434039694,False,,,,
10000000000.0,0.0,20201199,64,0.017246025330099703,0,3.7599536718973496,False,,,,
10000000000.0,0.0,20201200,2275,0.6130423066558879,186,-2.382016021012335,True,,,,
13300000000.0,0.0,20201001,667,0.17973592023713283,21,-1.3663811429320818,True,,1819,0.4901643761789275,35
13300000000.0,0.0,20201002,889,0.2395580706009162,1,2.1764533615030124,False,,191,0.051468606844516304,1
13300000000.0,0.0,20201003,1376,0.37078954459714364,68,-1.0057621642007222,True,,2919,0.7865804365400162,305
13300000000.0,0.0,20201004,1,0.00026946914578280785,1,0.46667241055194175,True,,59,0.015898679601185663,0
13300000000.0,0.0,20201005,1262,0.3400700619779035,72,-7.376355015605215,True,,2873,0.774184855834007,216
13300000000.0,0.0,20201006,770,0.20749124225276205,1,-0.6986092890962938,True,,1985,0.5348962543788737,26
13300000000.0,0.0,20201007,1125,0.30315278900565884,62,-6.177329354588388,True,,2543,0.6852600377256804,158
13300000000.0,0.0,20201008,1575,0.4244139046079224,53,-0.6728293887946633,True,,2611,0.7035839396389113,113
13300000000.0,0.0,20201009,83,0.022365939099973052,1,-1.1643490272194796,True,,1586,0.42737806521153326,31
13300000000.0,0.0,20201010,1,0.00026946914578280785,0,3.0059665881574547,False,,0,0.0,0
13300000000.0,0.0,20201011,1949,0.5251953651306925,127,-3.5268297763956182,True,,2990,0.8057127458905955,432
13300000000.0,0.0,20201012,1774,0.47803826461870114,59,-0.054842477040995874,True,,2264,0.6100781460522771,72
13300000000.0,0.0,20201013,2633,0.7095122608461332,329,-4.3758602585599915,True,,3230,0.8703853408784694,939
13300000000.0,0.0,20201014,1,0.00026946914578280785,0,0.14793545282991438,True,,2,0.0005389382915656157,0
13300000000.0,0.0,20201015,939,0.25303152789005656,8,-8.479159909235273,True,,2386,0.6429533818377796,56
13300000000.0,0.0,20201016,119,0.032066828348154136,1,1.0835755652613415,True,,480,0.1293451899757478,1
13300000000.0,0.0,20201017,2092,0.5637294529776341,137,-2.226165683903649,True,,2863,0.7714901643761789,319
13300000000.0,0.0,20201018,69,0.018593371059013743,1,-0.11737015657024852,True,,1679,0.45243869576933443,9
13300000000.0,0.0,20201019,2,0.0005389382915656157,1,2.43257235038174,False,,102,0.0274858528698464,0
13300000000.0,0.0,20201020,1645,0.44327674481271895,107,-1.3152257264016383,True,,3071,0.827539746699003,363
13300000000.0,0.0,20201021,0,0.0,0,-5.950966682889597,True,,2,0.0005389382915656157,0
13300000000.0,0.0,20201022,5,0.0013473457289140394,0,-2.2286373606117653,True,,1562,0.4209108057127459,1
13300000000.0,0.0,20201023,2,0.0005389382915656157,0,2.4124932086277884,False,,1291,0.34788466720560496,0
13300000000.0,0.0,20201024,1337,0.3602802479116141,67,-3.2643559103517843,True,,2997,0.8075990299110751,377
13300000000.0,0.0,20201025,15,0.004042037186742118,0,-0.9160203647650693,True,,997,0.26866073834545945,1
13300000000.0,0.0,20201026,2325,0.6265157639450283,209,-3.442335377777394,True,,3019,0.813527351118297,470
13300000000.0,0.0,20201027,1836,0.49474535165723527,184,-1.9977548207353144,True,,3006,0.8100242522231205,496
13300000000.0,0.0,20201028,222,0.05982215036378335,0,0.39347676663602993,True,,8,0.002155753166262463,0
13300000000.0,0.0,20201029,3,0.0008084074373484236,0,-2.37686655030506,True,,971,0.26165454055510645,2
13300000000.0,0.0,20201030,857,0.23093505793586636,1,-1.7718502957198519,True,,2233,0.60172460253301,45
13300000000.0,0.0,20201031,1146,0.3088116410670978,60,-2.3867270743395075,True,,2751,0.7413096200485044,243
13300000000.0,0.0,20201032,1,0.00026946914578280785,0,0.758301456265249,True,,134,0.036108865534896256,0
13300000000.0,0.0,20201033,560,0.1509027216383724,1,0.3337441746416312,True,,644,0.17353812988412826,2
13300000000.0,0.0,20201034,101,0.027216383724063594,0,-1.1356129193429503,True,,2159,0.5817838857450822,43
13300000000.0,0.0,20201035,854,0.2301266504985179,21,-1.2964899678535815,True,,2844,0.7663702506063056,276
13300000000.0,0.0,20201036,2421,0.6523848019401779,232,-4.373860219936079,True,,3044,0.8202640797628672,587
13300000000.0,0.0,20201037,28,0.00754513608191862,0,1.6832555204519446,True,,1297,0.3495014820803018,2
13300000000.0,0.0,20201038,0,0.0,0,,False,,0,0.0,0
13300000000.0,0.0,20201039,135,0.03637833468067906,0,0.45427746494227517,True,,1534,0.41336566963082727,20
13300000000.0,0.0,20201040,5,0.0013473457289140394,0,,False,,5,0.0013473457289140394,0
13300000000.0,0.0,20201041,205,0.055241174885475613,0,1.9128879483224668,True,,6,0.0016168148746968471,1
13300000000.0,0.0,20201042,985,0.2654271085960658,17,0.04116257183249328,True,,2524,0.680140123955807,77
13300000000.0,0.0,20201043,0,0.0,0,,False,,0,0.0,0
13300000000.0,0.0,20201044,673,0.1813527351118297,14,1.095140485547148,True,,2342,0.631096739423336,71
13300000000.0,0.0,20201045,2,0.0005389382915656157,0,1.032818464748324,True,,1,0.00026946914578280785,0
13300000000.0,0.0,20201046,21,0.005658852061438965,0,-0.12788669477456072,True,,1533,0.4130962004850445,8
13300000000.0,0.0,20201047,27,0.007275666936135812,0,2.9244775000891394,False,,6,0.0016168148746968471,0
13300000000.0,0.0,20201048,5,0.0013473457289140394,1,2.877230014660336,False,,776,0.20910805712745892,0
13300000000.0,0.0,20201049,0,0.0,0,3.7900994573264355,False,,0,0.0,1
13300000000.0,0.0,20201050,149,0.04015090272163837,0,0.8436689688656847,True,,1718,0.4629479924548639,27
13300000000.0,0.0,20201051,134,0.036108865534896256,0,-0.006416818223924814,True,,1298,0.3497709512260846,1
13300000000.0,0.0,20201052,1420,0.38264618701158715,26,0.0420435517578408,True,,2378,0.6407976286715171,77
13300000000.0,0.0,20201053,495,0.1333872271624899,1,-2.7130160873382616,True,,3,0.0008084074373484236,0
13300000000.0,0.0,20201054,731,0.19698194556723256,18,2.1812727095783657,False,,1721,0.46375639989221235,29
13300000000.0,0.0,20201055,176,0.047426569657774184,2,-1.4088857748805914,True,,1518,0.40905416329830235,3
13300000000.0,0.0,20201056,76,0.020479655079493397,1,3.2771410927268514,False,,328,0.08838587981676098,0
13300000000.0,0.0,20201057,860,0.23174346537321477,10,-0.42768587970424754,True,,2357,0.6351387766100781,46
13300000000.0,0.0,20201058,573,0.1544058205335489,2,1.8505413062698093,True,,1540,0.4149824845055241,32
13300000000.0,0.0,20201059,884,0.23821072487200215,0,1.8577349843081201,True,,1662,0.44785772029102666,2
13300000000.0,0.0,20201060,1,0.00026946914578280785,0,4.614610797254605,False,,2,0.0005389382915656157,0
13300000000.0,0.0,20201061,21,0.005658852061438965,0,-1.6139060125523086,True,,3,0.0008084074373484236,1
13300000000.0,0.0,20201062,4,0.0010778765831312314,0,-1.4212384836452125,True,,887,0.23901913230935057,2
13300000000.0,0.0,20201063,786,0.211802748585287,0,0.6605173698425908,True,,1666,0.4489355968741579,31
13300000000.0,0.0,20201064,293,0.0789544597143627,1,-0.6568744931147492,True,,1118,0.3012665049851792,2
13300000000.0,0.0,20201065,6,0.0016168148746968471,0,6.428482832433176,False,,2,0.0005389382915656157,0
13300000000.0,0.0,20201066,0,0.0,0,-5.717999137859049,True,,2380,0.6413365669630827,67
13300000000.0,0.0,20201067,2487,0.6701697655618432,287,-5.34816904569152,True,,3226,0.8693074642953382,837
13300000000.0,0.0,20201068,370,0.0997035839396389,1,4.386989928970714,False,,265,0.07140932363244408,1
13300000000.0,0.0,20201069,347,0.09350579358663433,0,-1.7658797458571192,True,,2284,0.6154675289679332,68
13300000000.0,0.0,20201070,2488,0.670439234707626,279,-4.067193193084102,True,,3134,0.8445163028833199,734
13300000000.0,0.0,20201071,4,0.0010778765831312314,0,1.1822753074479868,True,,204,0.0549717057396928,1
13300000000.0,0.0,20201072,2065,0.5564537860414982,166,-3.9936852722426552,True,,3196,0.861223389921854,711
13300000000.0,0.0,20201073,1104,0.2974939369442199,26,-4.798252626999135,True,,2078,0.5599568849366747,75
13300000000.0,0.0,20201074,0,0.0,0,,False,,0,0.0,0
13300000000.0,0.0,20201075,608,0.16383724063594718,2,-1.0375144138060781,True,,2499,0.6734033953112368,121
13300000000.0,0.0,20201076,2020,0.5443276744812718,177,-2.251167570980381,True,,3038,0.8186472648881703,626
13300000000.0,0.0,20201077,521,0.1403934249528429,0,1.608901907878808,True,,1751,0.4718404742656966,21
13300000000.0,0.0,20201078,10,0.0026946914578280788,0,0.5058639900419744,True,,1243,0.3349501482080302,1
13300000000.0,0.0,20201079,0,0.0,0,5.1760713786195955,False,,0,0.0,0
13300000000.0,0.0,20201080,5,0.0013473457289140394,1,-0.5090298939161109,True,,848,0.22850983562382107,1
13300000000.0,0.0,20201081,415,0.11182969549986527,1,-11.036197980417189,True,,1589,0.4281864726488817,2
13300000000.0,0.0,20201082,24,0.0064672594987873885,0,4.818717447259256,False,,275,0.07410401509027216,1
13300000000.0,0.0,20201083,2946,0.793856103476152,588,-3.107047885519252,True,,3330,0.8973322554567502,987
13300000000.0,0.0,20201084,1999,0.5386688224198329,156,-4.468922005444403,True,,3062,0.8251145243869576,492
13300000000.0,0.0,20201085,1,0.00026946914578280785,0,1.0947234555138596,True,,8,0.002155753166262463,0
13300000000.0,0.0,20201086,241,0.06494206413365669,0,-2.2891375909635654,True,,1687,0.45459444893559686,33
13300000000.0,0.0,20201087,253,0.06817569388305039,0,-1.4660071201635887,True,,879,0.2368633791430881,0
13300000000.0,0.0,20201088,187,0.05039073026138507,2,0.6257853377724256,True,,1135,0.3058474804634869,1
13300000000.0,0.0,20201089,348,0.09377526273241714,0,-1.0800219993850404,True,,1831,0.4933980059283212,30
13300000000.0,0.0,20201090,1,0.00026946914578280785,0,0.991036254315155,True,,2,0.0005389382915656157,0
13300000000.0,0.0,20201091,3,0.0008084074373484236,1,0.7600923524978578,True,,24,0.0064672594987873885,1
13300000000.0,0.0,20201092,33,0.00889248181083266,0,3.509054489340441,False,,1053,0.2837510105092967,0
13300000000.0,0.0,20201093,8,0.002155753166262463,1,-0.6939430701545044,True,,339,0.09135004042037187,0
13300000000.0,0.0,20201094,1,0.00026946914578280785,0,2.5659702977436796,False,,1,0.00026946914578280785,0
13300000000.0,0.0,20201095,105,0.028294260307194827,0,1.228940857903868,True,,954,0.2570735650767987,0
13300000000.0,0.0,20201096,26,0.007006197790353005,0,1.9897429328865606,True,,0,0.0,0
13300000000.0,0.0,20201097,2,0.0005389382915656157,0,-2.6422954691211866,True,,296,0.07976286715171113,1
13300000000.0,0.0,20201098,2835,0.7639450282942603,360,-3.3523312526003872,True,,3308,0.8914039342495285,989
13300000000.0,0.0,20201099,954,0.2570735650767987,3,2.4254539707279177,False,,2073,0.5586095392077607,57
13300000000.0,0.0,20201100,2,0.0005389382915656157,0,-2.830308848423476,True,,7,0.001886284020479655,0
13300000000.0,0.0,20201101,457,0.1231473996227432,0,3.1809743722577064,False,,1329,0.3581244947453517,1
13300000000.0,0.0,20201102,1,0.00026946914578280785,0,2.859753079850508,False,,7,0.001886284020479655,0
13300000000.0,0.0,20201103,6,0.0016168148746968471,0,1.1216714712380718,True,,142,0.038264618701158715,0
13300000000.0,0.0,20201104,2628,0.7081649151172191,418,-2.1740818781923643,True,,3251,0.8760441929399084,582
13300000000.0,0.0,20201105,1,0.00026946914578280785,0,3.795552608855645,False,,0,0.0,0
13300000000.0,0.0,20201106,685,0.1845863648612234,1,-2.866978667354557,True,,1704,0.45917542441390463,35
13300000000.0,0.0,20201107,11,0.0029641606036108865,1,0.08481091669362151,True,,232,0.06251684182161142,0
13300000000.0,0.0,20201108,1,0.00026946914578280785,0,2.164500002147321,False,,1,0.00026946914578280785,0
13300000000.0,0.0,20201109,1227,0.33063864187550523,27,-1.2637915868108882,True,,2663,0.7175963352196173,121
13300000000.0,0.0,20201110,2,0.0005389382915656157,0,-0.09488232965181531,True,,37,0.009970358393963891,0
13300000000.0,0.0,20201111,17,0.004580975478307734,0,-1.5583965178456571,True,,1174,0.31635677714901644,11
13300000000.0,0.0,20201112,2069,0.5575316626246295,159,-3.448465653875955,True,,3156,0.8504446240905417,575
13300000000.0,0.0,20201113,186,0.050121261115602264,1,4.550503313366736,False,,211,0.05685798976017246,1
13300000000.0,0.0,20201114,1469,0.39585017515494475,67,-2.55810661719788,True,,2926,0.7884667205604958,377
13300000000.0,0.0,20201115,1,0.00026946914578280785,0,1.6142806887967085,True,,4,0.0010778765831312314,0
13300000000.0,0.0,20201116,699,0.1883589329021827,3,-8.00663297692374,True,,2431,0.655079493398006,67
13300000000.0,0.0,20201117,14,0.00377256804095931,0,-0.45093917024199737,True,,5,0.0013473457289140394,0
13300000000.0,0.0,20201118,18,0.004850444624090542,1,-0.15884112234836678,True,,576,0.15521422797089734,0
13300000000.0,0.0,20201119,0,0.0,0,-2.7854352825157953,True,,1,0.00026946914578280785,0
13300000000.0,0.0,20201120,2,0.0005389382915656157,0,-0.23055591009211973,True,,62,0.016707087038534088,0
13300000000.0,0.0,20201121,446,0.1201832390191323,1,-2.196239844658593,True,,2274,0.6127728375101051,44
13300000000.0,0.0,20201122,1604,0.43222850983562383,34,-3.602907551193476,True,,3028,0.8159525734303422,428
13300000000.0,0.0,20201123,0,0.0,0,,False,,0,0.0,0
13300000000.0,0.0,20201124,933,0.2514147130153597,42,-5.521133462237795,True,,2729,0.7353812988412827,336
13300000000.0,0.0,20201125,3,0.0008084074373484236,1,-1.9653921634585503,True,,10,0.0026946914578280788,1
13300000000.0,0.0,20201126,12,0.0032336297493936943,0,-11.151783010920504,True,,26,0.007006197790353005,0
13300000000.0,0.0,20201127,2678,0.7216383724063594,455,-5.1390682102255685,True,,3274,0.8822419832929129,756
13300000000.0,0.0,20201128,2,0.0005389382915656157,0,2.936891977143567,False,,687,0.185125303152789,0
13300000000.0,0.0,20201129,4,0.0010778765831312314,0,-4.905070417111616,True,,1563,0.4211802748585287,30
13300000000.0,0.0,20201130,494,0.13311775801670708,2,1.1217715841697737,True,,1,0.00026946914578280785,0
13300000000.0,0.0,20201131,64,0.017246025330099703,0,,False,,173,0.04661816222042576,0
13300000000.0,0.0,20201132,2,0.0005389382915656157,0,0.9983892216929551,True,,372,0.10024252223120453,0
13300000000.0,0.0,20201133,7,0.001886284020479655,0,1.078620474484405,True,,4,0.0010778765831312314,0
13300000000.0,0.0,20201134,2406,0.6483427647534358,259,-5.318023544483992,True,,3203,0.8631096739423336,651
13300000000.0,0.0,20201135,2593,0.6987334950148208,288,-6.072031260030239,True,,3233,0.8711937483158179,733
13300000000.0,0.0,20201136,0,0.0,1,-6.845142363584664,True,,6,0.0016168148746968471,1
13300000000.0,0.0,20201137,537,0.14470493128536782,4,-1.2575176513503221,True,,1941,0.52303961196443,40
13300000000.0,0.0,20201138,2,0.0005389382915656157,1,-0.6917026220510101,True,,327,0.08811641067097817,0
13300000000.0,0.0,20201139,484,0.130423066558879,0,3.8143066723209937,False,,1177,0.31716518458636483,2
13300000000.0,0.0,20201140,1,0.00026946914578280785,0,0.4789352317007136,True,,6,0.0016168148746968471,0
13300000000.0,0.0,20201141,2605,0.7019671247642145,384,-3.197204073666314,True,,3211,0.8652654271085961,637
13300000000.0,0.0,20201142,70,0.01886284020479655,0,,False,,239,0.06440312584209108,0
13300000000.0,0.0,20201143,11,0.0029641606036108865,0,-0.9677562584514501,True,,407,0.10967394233360281,0
13300000000.0,0.0,20201144,2013,0.5424413904607922,144,-3.157942320398466,True,,3096,0.8342764753435732,401
13300000000.0,0.0,20201145,96,0.025869037995149554,0,0.9809773951035687,True,,567,0.15278900565885206,0
13300000000.0,0.0,20201146,1,0.00026946914578280785,0,0.840127081285952,True,,6,0.0016168148746968471,0
13300000000.0,0.0,20201147,18,0.004850444624090542,1,0.20255924163765648,True,,263,0.07087038534087847,1
13300000000.0,0.0,20201148,0,0.0,0,-0.46522359678036995,True,,0,0.0,0
13300000000.0,0.0,20201149,30,0.008084074373484237,0,-0.35840134144819125,True,,147,0.039611964430072755,1
13300000000.0,0.0,20201150,346,0.09323632444085152,1,-2.995525716289565,True,,2032,0.5475613042306656,61
13300000000.0,0.0,20201151,4,0.0010778765831312314,0,5.967769279680883,False,,55,0.014820803018054433,0
13300000000.0,0.0,20201152,1,0.00026946914578280785,1,-0.6825965009752544,True,,2,0.0005389382915656157,0
13300000000.0,0.0,20201153,1,0.00026946914578280785,0,1.6612092351655905,True,,1,0.00026946914578280785,0
13300000000.0,0.0,20201154,6,0.0016168148746968471,0,4.7555342842320005,False,,44,0.011856642414443546,0
13300000000.0,0.0,20201155,5,0.0013473457289140394,0,3.0652174844980804,False,,3,0.0008084074373484236,0
13300000000.0,0.0,20201156,23,0.006197790353004581,0,4.1456464344217405,False,,74,0.019940716787927783,0
13300000000.0,0.0,20201157,935,0.2519536513069254,30,-2.8937948601559853,True,,2829,0.7623282134195635,194
13300000000.0,0.0,20201158,1,0.00026946914578280785,0,-0.8268452964270443,True,,2,0.0005389382915656157,1
13300000000.0,0.0,20201159,737,0.1985987604419294,4,-1.6449949853446801,True,,2730,0.7356507679870655,199
13300000000.0,0.0,20201160,0,0.0,0,,False,,0,0.0,0
13300000000.0,0.0,20201161,0,0.0,0,-0.15937090177091395,True,,1696,0.45701967124764215,0
13300000000.0,0.0,20201162,35,0.009431420102398275,0,,False,,106,0.028563729452977634,0
13300000000.0,0.0,20201163,252,0.06790622473726758,2,-1.1405329197387521,True,,55,0.014820803018054433,0
13300000000.0,0.0,20201164,96,0.025869037995149554,0,0.6332227366830683,True,,1403,0.37806521153327943,18
13300000000.0,0.0,20201165,564,0.15198059822150364,1,-2.7661254048856314,True,,11,0.0029641606036108865,0
13300000000.0,0.0,20201166,0,0.0,0,,False,,1,0.00026946914578280785,0
13300000000.0,0.0,20201167,4,0.0010778765831312314,1,3.2827760298292645,False,,1,0.00026946914578280785,1
13300000000.0,0.0,20201168,2,0.0005389382915656157,0,5.49050531270839,False,,9,0.002425222312045271,0
13300000000.0,0.0,20201169,2,0.0005389382915656157,0,,False,,3,0.0008084074373484236,0
13300000000.0,0.0,20201170,1986,0.5351657235246564,139,-2.4839250101088233,True,,3195,0.8609539207760711,493
13300000000.0,0.0,20201171,71,0.019132309350579357,1,3.426796511857102,False,,782,0.21072487200215576,2
13300000000.0,0.0,20201172,1010,0.2721638372406359,2,-0.0958876835792708,True,,1944,0.5238480194017785,25
13300000000.0,0.0,20201173,13,0.0035030988951765024,0,-12.616659136917512,True,,567,0.15278900565885206,2
13300000000.0,0.0,20201174,1,0.00026946914578280785,0,5.909826326887934,False,,10,0.0026946914578280788,0
13300000000.0,0.0,20201175,0,0.0,1,-0.44612193620621454,True,,382,0.10293721368903261,1
13300000000.0,0.0,20201176,1,0.00026946914578280785,0,2.0943204086148324,False,,1,0.00026946914578280785,0
13300000000.0,0.0,20201177,1042,0.2807868499056858,35,-2.42227374058956,True,,2502,0.6742118027485853,169
13300000000.0,0.0,20201178,2,0.0005389382915656157,0,-0.08633635169678922,True,,10,0.0026946914578280788,0
13300000000.0,0.0,20201179,7,0.001886284020479655,1,3.829948487988003,False,,131,0.03530045809754783,0
13300000000.0,0.0,20201180,1033,0.2783616275936405,14,0.9058616405436308,True,,2411,0.6496901104823498,46
13300000000.0,0.0,20201181,1752,0.4721099434114794,97,-2.470590452756083,True,,2865,0.7720291026677445,333
13300000000.0,0.0,20201182,2625,0.7073565076798707,311,-4.059682872321844,True,,3176,0.8558340070061978,652
13300000000.0,0.0,20201183,221,0.05955268121800054,0,2.3997690540078267,False,,2198,0.5922931824306117,81
13300000000.0,0.0,20201184,3,0.0008084074373484236,0,-4.815760901349639,True,,1339,0.3608191862031797,3
13300000000.0,0.0,20201185,30,0.008084074373484237,0,4.063315789638989,False,,1079,0.2907572082996497,1
13300000000.0,0.0,20201186,2358,0.635408245755861,250,-2.391323405499818,True,,3078,0.8294260307194826,528
13300000000.0,0.0,20201187,18,0.004850444624090542,0,1.4444811852094634,True,,59,0.015898679601185663,0
13300000000.0,0.0,20201188,6,0.0016168148746968471,0,2.919676020160641,False,,61,0.01643761789275128,0
13300000000.0,0.0,20201189,1286,0.3465373214766909,49,-2.1983608495301556,True,,2747,0.7402317434653732,301
13300000000.0,0.0,20201190,2,0.0005389382915656157,0,4.651625836348318,False,,2,0.0005389382915656157,1
13300000000.0,0.0,20201191,6,0.0016168148746968471,0,-2.8829607965245554,True,,544,0.14659121530584748,0
13300000000.0,0.0,20201192,843,0.22716248989490703,25,1.9307408134314588,True,,2289,0.6168148746968473,76
13300000000.0,0.0,20201193,25,0.006736728644570197,0,3.713445264193643,False,,1,0.00026946914578280785,0
13300000000.0,0.0,20201194,1,0.00026946914578280785,0,-0.6510400494404052,True,,2,0.0005389382915656157,0
13300000000.0,0.0,20201195,2,0.0005389382915656157,0,3.3696981002776023,False,,6,0.0016168148746968471,1
13300000000.0,0.0,20201196,0,0.0,1,5.2213529808677945,False,,0,0.0,1
13300000000.0,0.0,20201197,0,0.0,0,5.172456988053119,False,,0,0.0,0
13300000000.0,0.0,20201198,1,0.00026946914578280785,0,6.163334434039694,False,,1,0.00026946914578280785,1
13300000000.0,0.0,20201199,71,0.019132309350579357,0,3.7599536718973496,False,,302,0.08137968202640798,0
13300000000.0,0.0,20201200,2442,0.6580436540016168,222,-2.382016021012335,True,,3233,0.8711937483158179,636
17800000000.0,0.0,20201001,796,0.21449744004311505,25,-1.3663811429320818,True,,2997,0.8075990299110751,247
17800000000.0,0.0,20201002,821,0.22123416868768525,0,2.1764533615030124,False,,2244,0.6046887631366209,21
17800000000.0,0.0,20201003,1351,0.36405281595257344,61,-1.0057621642007222,True,,2985,0.8043654001616815,363
17800000000.0,0.0,20201004,1,0.00026946914578280785,1,0.46667241055194175,True,,57,0.015359741309620048,0
17800000000.0,0.0,20201005,1741,0.4691457828078685,71,-7.376355015605215,True,,3008,0.8105631905146861,293
17800000000.0,0.0,20201006,848,0.22850983562382107,1,-0.6986092890962938,True,,2157,0.5812449474535166,36
17800000000.0,0.0,20201007,1588,0.4279170035030989,72,-6.177329354588388,True,,2571,0.692805173807599,200
17800000000.0,0.0,20201008,1666,0.4489355968741579,58,-0.6728293887946633,True,,2512,0.6769064942064134,102
17800000000.0,0.0,20201009,895,0.24117488547561305,14,-1.1643490272194796,True,,2071,0.5580706009161951,54
17800000000.0,0.0,20201010,1,0.00026946914578280785,0,3.0059665881574547,False,,0,0.0,0
17800000000.0,0.0,20201011,1980,0.5335489086499596,156,-3.5268297763956182,True,,2981,0.8032875235785503,406
17800000000.0,0.0,20201012,1866,0.5028294260307195,60,-0.054842477040995874,True,,2749,0.7407706817569388,177
17800000000.0,0.0,20201013,2931,0.7898140662894099,384,-4.3758602585599915,True,,3386,0.9124225276205874,1115
17800000000.0,0.0,20201014,1,0.00026946914578280785,0,0.14793545282991438,True,,1,0.00026946914578280785,0
17800000000.0,0.0,20201015,961,0.25895984909727837,16,-8.479159909235273,True,,2242,0.6041498248450552,37
17800000000.0,0.0,20201016,289,0.07787658313123147,1,1.0835755652613415,True,,669,0.18027485852869846,1
17800000000.0,0.0,20201017,2025,0.5456750202101859,140,-2.226165683903649,True,,3048,0.8213419563459984,501
17800000000.0,0.0,20201018,214,0.05766639719752088,3,-0.11737015657024852,True,,274,0.07383454594448935,2
17800000000.0,0.0,20201019,2,0.0005389382915656157,1,2.43257235038174,False,,508,0.1368903260576664,0
17800000000.0,0.0,20201020,1951,0.5257343034222581,112,-1.3152257264016383,True,,2864,0.7717596335219618,309
17800000000.0,0.0,20201021,0,0.0,0,-5.950966682889597,True,,1410,0.3799514955537591,0
17800000000.0,0.0,20201022,145,0.03907302613850714,0,-2.2286373606117653,True,,1903,0.5127997844246833,25
17800000000.0,0.0,20201023,2,0.0005389382915656157,0,2.4124932086277884,False,,1424,0.3837240635947184,1
17800000000.0,0.0,20201024,1056,0.28455941794664513,60,-3.2643559103517843,True,,3144,0.847210994341148,486
17800000000.0,0.0,20201025,292,0.0786849905685799,0,-0.9160203647650693,True,,1005,0.27081649151172194,0
17800000000.0,0.0,20201026,2420,0.652115332794395,220,-3.442335377777394,True,,3029,0.8162220425761251,527
17800000000.0,0.0,20201027,2296,0.6187011587173269,212,-1.9977548207353144,True,,3207,0.8641875505254648,585
17800000000.0,0.0,20201028,258,0.06952303961196443,0,0.39347676663602993,True,,5,0.0013473457289140394,0
17800000000.0,0.0,20201029,2,0.0005389382915656157,0,-2.37686655030506,True,,1740,0.4688763136620857,2
17800000000.0,0.0,20201030,1009,0.2718943680948531,1,-1.7718502957198519,True,,2199,0.5925626515763945,48
17800000000.0,0.0,20201031,985,0.2654271085960658,78,-2.3867270743395075,True,,2840,0.7652923740231743,217
17800000000.0,0.0,20201032,1,0.00026946914578280785,0,0.758301456265249,True,,338,0.09108057127458906,0
17800000000.0,0.0,20201033,553,0.14901643761789274,1,0.3337441746416312,True,,2418,0.6515763945028294,57
17800000000.0,0.0,20201034,429,0.11560226354082458,2,-1.1356129193429503,True,,1504,0.40528159525734303,2
17800000000.0,0.0,20201035,852,0.22958771220695232,25,-1.2964899678535815,True,,2664,0.7178658043654002,164
17800000000.0,0.0,20201036,2460,0.6628940986257074,259,-4.373860219936079,True,,3101,0.8356238210724872,603
17800000000.0,0.0,20201037,45,0.012126111560226353,0,1.6832555204519446,True,,1839,0.49555375909458366,31
17800000000.0,0.0,20201038,0,0.0,0,,False,,0,0.0,0
17800000000.0,0.0,20201039,170,0.04580975478307734,0,0.45427746494227517,True,,650,0.17515494475882512,2
17800000000.0,0.0,20201040,5,0.0013473457289140394,0,,False,,12,0.0032336297493936943,0
17800000000.0,0.0,20201041,351,0.09458367016976556,0,1.9128879483224668,True,,24,0.0064672594987873885,0
17800000000.0,0.0,20201042,1000,0.2694691457828079,16,0.04116257183249328,True,,2483,0.669091888978712,87
17800000000.0,0.0,20201043,0,0.0,0,,False,,0,0.0,0
17800000000.0,0.0,20201044,1632,0.4397736459175424,60,1.095140485547148,True,,2492,0.6715171112907572,85
17800000000.0,0.0,20201045,2,0.0005389382915656157,0,1.032818464748324,True,,1,0.00026946914578280785,0
17800000000.0,0.0,20201046,34,0.009161950956615468,0,-0.12788669477456072,True,,944,0.2543788736189706,3
17800000000.0,0.0,20201047,3,0.0008084074373484236,0,2.9244775000891394,False,,28,0.00754513608191862,0
17800000000.0,0.0,20201048,7,0.001886284020479655,0,2.877230014660336,False,,89,0.0239827539746699,0
17800000000.0,0.0,20201049,0,0.0,0,3.7900994573264355,False,,0,0.0,1
17800000000.0,0.0,20201050,293,0.0789544597143627,2,0.8436689688656847,True,,2017,0.5435192670439235,30
17800000000.0,0.0,20201051,30,0.008084074373484237,0,-0.006416818223924814,True,,144,0.038803556992724336,0
17800000000.0,0.0,20201052,1493,0.40231743465373215,30,0.0420435517578408,True,,2328,0.6273241713823767,82
17800000000.0,0.0,20201053,215,0.057935866343303694,3,-2.7130160873382616,True,,3,0.0008084074373484236,0
17800000000.0,0.0,20201054,367,0.09889517650229049,1,2.1812727095783657,False,,2010,0.5416329830234439,58
17800000000.0,0.0,20201055,395,0.1064403125842091,4,-1.4088857748805914,True,,1923,0.5181891673403395,23
17800000000.0,0.0,20201056,91,0.024521692266235517,0,3.2771410927268514,False,,2146,0.5782807868499057,2
17800000000.0,0.0,20201057,831,0.22392886014551333,9,-0.42768587970424754,True,,2440,0.6575047157100512,55
17800000000.0,0.0,20201058,1031,0.27782268930207493,15,1.8505413062698093,True,,2090,0.5631905146860684,47
17800000000.0,0.0,20201059,960,0.2586903799514956,0,1.8577349843081201,True,,1913,0.5154944758825114,2
17800000000.0,0.0,20201060,1,0.00026946914578280785,0,4.614610797254605,False,,2,0.0005389382915656157,0
17800000000.0,0.0,20201061,21,0.005658852061438965,0,-1.6139060125523086,True,,50,0.013473457289140393,0
17800000000.0,0.0,20201062,459,0.12368633791430882,3,-1.4212384836452125,True,,1037,0.27943950417677177,0
17800000000.0,0.0,20201063,886,0.23874966316356777,4,0.6605173698425908,True,,1989,0.5359741309620049,21
17800000000.0,0.0,20201064,438,0.11802748585286985,0,-0.6568744931147492,True,,2244,0.6046887631366209,51
17800000000.0,0.0,20201065,9,0.002425222312045271,0,6.428482832433176,False,,2,0.0005389382915656157,0
17800000000.0,0.0,20201066,0,0.0,0,-5.717999137859049,True,,2491,0.6712476421449745,96
17800000000.0,0.0,20201067,2530,0.6817569388305039,286,-5.34816904569152,True,,3252,0.8763136620856912,890
17800000000.0,0.0,20201068,409,0.11021288062516842,1,4.386989928970714,False,,81,0.021827000808407437,1
17800000000.0,0.0,20201069,1389,0.3742926434923201,12,-1.7658797458571192,True,,2607,0.7025060630557801,151
17800000000.0,0.0,20201070,2505,0.6750202101859337,278,-4.067193193084102,True,,3210,0.8649959579628133,715
17800000000.0,0.0,20201071,4,0.0010778765831312314,0,1.1822753074479868,True,,331,0.08919428725410941,0
17800000000.0,0.0,20201072,2069,0.5575316626246295,127,-3.9936852722426552,True,,3177,0.8561034761519806,644
17800000000.0,0.0,20201073,1246,0.3357585556453786,14,-4.798252626999135,True,,2463,0.6637025060630558,101
17800000000.0,0.0,20201074,0,0.0,0,,False,,0,0.0,0
17800000000.0,0.0,20201075,489,0.13177041228779304,4,-1.0375144138060781,True,,2260,0.6090002694691458,53
17800000000.0,0.0,20201076,2527,0.6809485313931555,282,-2.251167570980381,True,,3223,0.8684990568579898,695
17800000000.0,0.0,20201077,514,0.13850714093236324,3,1.608901907878808,True,,2020,0.5443276744812718,34
17800000000.0,0.0,20201078,10,0.0026946914578280788,0,0.5058639900419744,True,,1029,0.2772837510105093,3
17800000000.0,0.0,20201079,1,0.00026946914578280785,0,5.1760713786195955,False,,0,0.0,0
17800000000.0,0.0,20201080,7,0.001886284020479655,1,-0.5090298939161109,True,,1580,0.4257612503368364,9
17800000000.0,0.0,20201081,871,0.23470762597682565,0,-11.036197980417189,True,,1690,0.4554028563729453,15
17800000000.0,0.0,20201082,41,0.011048234977095122,1,4.818717447259256,False,,92,0.024791161412018325,1
17800000000.0,0.0,20201083,2984,0.8040959310158987,595,-3.107047885519252,True,,3332,0.8978711937483158,1135
17800000000.0,0.0,20201084,2060,0.5551064403125842,153,-4.468922005444403,True,,3068,0.8267313392616545,522
17800000000.0,0.0,20201085,4,0.0010778765831312314,0,1.0947234555138596,True,,2,0.0005389382915656157,0
17800000000.0,0.0,20201086,270,0.07275666936135812,1,-2.2891375909635654,True,,1846,0.49744004311506335,41
17800000000.0,0.0,20201087,554,0.14928590676367556,1,-1.4660071201635887,True,,1532,0.4128267313392617,21
17800000000.0,0.0,20201088,324,0.08730800323362975,1,0.6257853377724256,True,,515,0.13877661007814604,0
17800000000.0,0.0,20201089,823,0.22177310697925087,1,-1.0800219993850404,True,,1836,0.49474535165723527,35
17800000000.0,0.0,20201090,1,0.00026946914578280785,0,0.991036254315155,True,,2,0.0005389382915656157,0
17800000000.0,0.0,20201091,8,0.002155753166262463,1,0.7600923524978578,True,,35,0.009431420102398275,1
17800000000.0,0.0,20201092,52,0.01401239558070601,0,3.509054489340441,False,,896,0.24144435462139585,0
17800000000.0,0.0,20201093,14,0.00377256804095931,0,-0.6939430701545044,True,,350,0.09431420102398276,0
17800000000.0,0.0,20201094,1,0.00026946914578280785,0,2.5659702977436796,False,,1,0.00026946914578280785,0
17800000000.0,0.0,20201095,241,0.06494206413365669,2,1.228940857903868,True,,1961,0.5284289948800862,10
17800000000.0,0.0,20201096,38,0.010239827539746699,0,1.9897429328865606,True,,0,0.0,0
17800000000.0,0.0,20201097,3,0.0008084074373484236,0,-2.6422954691211866,True,,226,0.06090002694691458,2
17800000000.0,0.0,20201098,2821,0.760172460253301,398,-3.3523312526003872,True,,3395,0.9148477499326327,1107
17800000000.0,0.0,20201099,552,0.14874696847210994,2,2.4254539707279177,False,,2216,0.5971436270547023,44
17800000000.0,0.0,20201100,2,0.0005389382915656157,0,-2.830308848423476,True,,6,0.0016168148746968471,0
17800000000.0,0.0,20201101,469,0.12638102937213688,0,3.1809743722577064,False,,1051,0.2832120722177311,0
17800000000.0,0.0,20201102,1,0.00026946914578280785,0,2.859753079850508,False,,10,0.0026946914578280788,0
17800000000.0,0.0,20201103,6,0.0016168148746968471,0,1.1216714712380718,True,,276,0.07437348423605497,0
17800000000.0,0.0,20201104,2841,0.7655618431689571,440,-2.1740818781923643,True,,3217,0.8668822419832929,757
17800000000.0,0.0,20201105,1,0.00026946914578280785,0,3.795552608855645,False,,0,0.0,0
17800000000.0,0.0,20201106,1181,0.3182430611694961,2,-2.866978667354557,True,,2650,0.7140932363244409,70
17800000000.0,0.0,20201107,34,0.009161950956615468,1,0.08481091669362151,True,,554,0.14928590676367556,0
17800000000.0,0.0,20201108,1,0.00026946914578280785,0,2.164500002147321,False,,1,0.00026946914578280785,0
17800000000.0,0.0,20201109,1499,0.403934249528429,20,-1.2637915868108882,True,,2732,0.7361897062786311,114
17800000000.0,0.0,20201110,2,0.0005389382915656157,0,-0.09488232965181531,True,,145,0.03907302613850714,0
17800000000.0,0.0,20201111,15,0.004042037186742118,0,-1.5583965178456571,True,,842,0.22689302074912424,0
17800000000.0,0.0,20201112,2245,0.6049582322824036,172,-3.448465653875955,True,,3244,0.8741579089194287,731
17800000000.0,0.0,20201113,89,0.0239827539746699,0,4.550503313366736,False,,392,0.10563190514686069,0
17800000000.0,0.0,20201114,1748,0.47103206682834814,68,-2.55810661719788,True,,3266,0.8800862301266505,735
17800000000.0,0.0,20201115,1,0.00026946914578280785,0,1.6142806887967085,True,,287,0.07733764483966586,0
17800000000.0,0.0,20201116,1049,0.28267313392616544,12,-8.00663297692374,True,,2582,0.6957693344112099,74
17800000000.0,0.0,20201117,11,0.0029641606036108865,0,-0.45093917024199737,True,,69,0.018593371059013743,0
17800000000.0,0.0,20201118,145,0.03907302613850714,0,-0.15884112234836678,True,,1000,0.2694691457828079,0
17800000000.0,0.0,20201119,0,0.0,0,-2.7854352825157953,True,,2,0.0005389382915656157,1
17800000000.0,0.0,20201120,21,0.005658852061438965,0,-0.23055591009211973,True,,91,0.024521692266235517,0
17800000000.0,0.0,20201121,1026,0.2764753435731609,1,-2.196239844658593,True,,2062,0.5556453786041499,36
17800000000.0,0.0,20201122,2497,0.6728644570196712,96,-3.602907551193476,True,,3168,0.8536782538399353,523
17800000000.0,0.0,20201123,0,0.0,0,,False,,0,0.0,0
17800000000.0,0.0,20201124,1616,0.4354621395850175,49,-5.521133462237795,True,,3053,0.8226893020749124,398
17800000000.0,0.0,20201125,7,0.001886284020479655,1,-1.9653921634585503,True,,66,0.01778496362166532,0
17800000000.0,0.0,20201126,22,0.005928321207221773,0,-11.151783010920504,True,,121,0.03260576663971975,0
17800000000.0,0.0,20201127,2750,0.7410401509027217,431,-5.1390682102255685,True,,3255,0.8771220695230396,878
17800000000.0,0.0,20201128,2,0.0005389382915656157,0,2.936891977143567,False,,805,0.21692266235516033,0
17800000000.0,0.0,20201129,20,0.0053893829156561575,0,-4.905070417111616,True,,827,0.22285098356238212,2
17800000000.0,0.0,20201130,592,0.15952573430342226,1,1.1217715841697737,True,,1,0.00026946914578280785,0
17800000000.0,0.0,20201131,72,0.019401778496362168,0,,False,,270,0.07275666936135812,0
17800000000.0,0.0,20201132,105,0.028294260307194827,2,0.9983892216929551,True,,483,0.1301535974130962,0
17800000000.0,0.0,20201133,726,0.19563459983831852,1,1.078620474484405,True,,8,0.002155753166262463,0
17800000000.0,0.0,20201134,2518,0.6785233090811102,244,-5.318023544483992,True,,3147,0.8480194017784963,675
17800000000.0,0.0,20201135,2445,0.6588520614389652,277,-6.072031260030239,True,,3221,0.8679601185664242,761
17800000000.0,0.0,20201136,0,0.0,1,-6.845142363584664,True,,8,0.002155753166262463,1
17800000000.0,0.0,20201137,730,0.19671247642144973,16,-1.2575176513503221,True,,2403,0.6475343573160873,129
17800000000.0,0.0,20201138,1,0.00026946914578280785,1,-0.6917026220510101,True,,145,0.03907302613850714,0
17800000000.0,0.0,20201139,452,0.12180005389382915,0,3.8143066723209937,False,,1603,0.43195904068984103,0
17800000000.0,0.0,20201140,1,0.00026946914578280785,0,0.4789352317007136,True,,166,0.044731878199946104,0
17800000000.0,0.0,20201141,2827,0.7617892751279979,434,-3.197204073666314,True,,3262,0.8790083535435192,661
17800000000.0,0.0,20201142,66,0.01778496362166532,0,,False,,304,0.08191862031797359,0
17800000000.0,0.0,20201143,32,0.008623012665049851,0,-0.9677562584514501,True,,248,0.06682834815413635,0
17800000000.0,0.0,20201144,2074,0.5588790083535435,176,-3.157942320398466,True,,3127,0.8426300188628402,661
17800000000.0,0.0,20201145,286,0.07706817569388305,1,0.9809773951035687,True,,304,0.08191862031797359,0
17800000000.0,0.0,20201146,1,0.00026946914578280785,0,0.840127081285952,True,,1,0.00026946914578280785,0
17800000000.0,0.0,20201147,44,0.011856642414443546,1,0.20255924163765648,True,,621,0.16734033953112368,1
17800000000.0,0.0,20201148,5,0.0013473457289140394,0,-0.46522359678036995,True,,0,0.0,0
17800000000.0,0.0,20201149,31,0.008353543519267044,0,-0.35840134144819125,True,,194,0.05227701428186473,1
17800000000.0,0.0,20201150,506,0.13635138776610078,1,-2.995525716289565,True,,2437,0.6566963082727028,112
17800000000.0,0.0,20201151,5,0.0013473457289140394,0,5.967769279680883,False,,24,0.0064672594987873885,0
17800000000.0,0.0,20201152,1,0.00026946914578280785,1,-0.6825965009752544,True,,1,0.00026946914578280785,0
17800000000.0,0.0,20201153,1,0.00026946914578280785,0,1.6612092351655905,True,,1,0.00026946914578280785,0
17800000000.0,0.0,20201154,6,0.0016168148746968471,0,4.7555342842320005,False,,35,0.009431420102398275,0
17800000000.0,0.0,20201155,4,0.0010778765831312314,0,3.0652174844980804,False,,9,0.002425222312045271,0
17800000000.0,0.0,20201156,31,0.008353543519267044,0,4.1456464344217405,False,,88,0.023713284828887092,0
17800000000.0,0.0,20201157,2021,0.5445971436270547,64,-2.8937948601559853,True,,2657,0.7159795203449205,190
17800000000.0,0.0,20201158,1,0.00026946914578280785,0,-0.8268452964270443,True,,3,0.0008084074373484236,1
17800000000.0,0.0,20201159,1368,0.36863379143088115,54,-1.6449949853446801,True,,2857,0.7698733495014821,241
17800000000.0,0.0,20201160,0,0.0,0,,False,,0,0.0,0
17800000000.0,0.0,20201161,0,0.0,0,-0.15937090177091395,True,,1665,0.4486661277283751,0
17800000000.0,0.0,20201162,29,0.007814605227701428,0,,False,,119,0.032066828348154136,0
17800000000.0,0.0,20201163,55,0.014820803018054433,0,-1.1405329197387521,True,,1453,0.39153866882241983,2
17800000000.0,0.0,20201164,492,0.13257881972514146,2,0.6332227366830683,True,,2126,0.5728914039342495,37
17800000000.0,0.0,20201165,133,0.035839396389113445,0,-2.7661254048856314,True,,11,0.0029641606036108865,0
17800000000.0,0.0,20201166,0,0.0,0,,False,,10,0.0026946914578280788,0
17800000000.0,0.0,20201167,8,0.002155753166262463,1,3.2827760298292645,False,,1,0.00026946914578280785,1
17800000000.0,0.0,20201168,2,0.0005389382915656157,0,5.49050531270839,False,,9,0.002425222312045271,0
17800000000.0,0.0,20201169,2,0.0005389382915656157,0,,False,,10,0.0026946914578280788,0
17800000000.0,0.0,20201170,2300,0.6197790353004581,157,-2.4839250101088233,True,,3247,0.8749663163567771,587
17800000000.0,0.0,20201171,22,0.005928321207221773,1,3.426796511857102,False,,749,0.2018323901913231,0
17800000000.0,0.0,20201172,1069,0.2880625168418216,0,-0.0958876835792708,True,,2194,0.5912153058474805,21
17800000000.0,0.0,20201173,68,0.018323901913230935,0,-12.616659136917512,True,,2168,0.5842091080571274,53
17800000000.0,0.0,20201174,1,0.00026946914578280785,0,5.909826326887934,False,,16,0.004311506332524926,0
17800000000.0,0.0,20201175,0,0.0,1,-0.44612193620621454,True,,95,0.025599568849366747,1
17800000000.0,0.0,20201176,3,0.0008084074373484236,0,2.0943204086148324,False,,1,0.00026946914578280785,0
17800000000.0,0.0,20201177,999,0.26919967663702504,45,-2.42227374058956,True,,2711,0.7305308542171921,181
17800000000.0,0.0,20201178,4,0.0010778765831312314,0,-0.08633635169678922,True,,4,0.0010778765831312314,0
17800000000.0,0.0,20201179,15,0.004042037186742118,1,3.829948487988003,False,,207,0.05578011317704123,0
17800000000.0,0.0,20201180,1133,0.3053085421719213,15,0.9058616405436308,True,,2361,0.6362166531932094,39
17800000000.0,0.0,20201181,1990,0.5362436001077877,119,-2.470590452756083,True,,3022,0.8143357585556453,376
17800000000.0,0.0,20201182,2798,0.7539746699002964,401,-4.059682872321844,True,,3257,0.8776610078146052,769
17800000000.0,0.0,20201183,710,0.19132309350579357,5,2.3997690540078267,False,,2094,0.5642683912691997,68
17800000000.0,0.0,20201184,144,0.038803556992724336,0,-4.815760901349639,True,,1408,0.3794125572621935,3
17800000000.0,0.0,20201185,111,0.029911075181891674,0,4.063315789638989,False,,1060,0.2856372945297763,0
17800000000.0,0.0,20201186,2544,0.6855295068714632,288,-2.391323405499818,True,,3155,0.8501751549447588,707
17800000000.0,0.0,20201187,59,0.015898679601185663,1,1.4444811852094634,True,,627,0.16895715440582054,0
17800000000.0,0.0,20201188,3,0.0008084074373484236,0,2.919676020160641,False,,20,0.0053893829156561575,0
17800000000.0,0.0,20201189,2206,0.5944489355968742,78,-2.1983608495301556,True,,2763,0.7445432497978981,264
17800000000.0,0.0,20201190,2,0.0005389382915656157,0,4.651625836348318,False,,6,0.0016168148746968471,0
17800000000.0,0.0,20201191,11,0.0029641606036108865,0,-2.8829607965245554,True,,44,0.011856642414443546,0
17800000000.0,0.0,20201192,883,0.23794125572621935,16,1.9307408134314588,True,,2543,0.6852600377256804,135
17800000000.0,0.0,20201193,34,0.009161950956615468,0,3.713445264193643,False,,22,0.005928321207221773,0
17800000000.0,0.0,20201194,2,0.0005389382915656157,0,-0.6510400494404052,True,,1,0.00026946914578280785,0
17800000000.0,0.0,20201195,4,0.0010778765831312314,0,3.3696981002776023,False,,6,0.0016168148746968471,1
17800000000.0,0.0,20201196,0,0.0,1,5.2213529808677945,False,,0,0.0,1
17800000000.0,0.0,20201197,0,0.0,0,5.172456988053119,False,,0,0.0,0
17800000000.0,0.0,20201198,1,0.00026946914578280785,0,6.163334434039694,False,,5,0.0013473457289140394,0
17800000000.0,0.0,20201199,82,0.022096469954190245,0,3.7599536718973496,False,,134,0.036108865534896256,0
17800000000.0,0.0,20201200,2461,0.6631635677714902,220,-2.382016021012335,True,,3182,0.8574508218808946,710
23700000000.0,0.0,20201001,497,0.1339261654540555,25,-1.3663811429320818,True,,2525,0.6804095931015899,101
23700000000.0,0.0,20201002,978,0.2635408245755861,2,2.1764533615030124,False,,1577,0.424952842899488,2
23700000000.0,0.0,20201003,1793,0.4831581783885745,80,-1.0057621642007222,True,,2907,0.7833468067906225,366
23700000000.0,0.0,20201004,1,0.00026946914578280785,1,0.46667241055194175,True,,127,0.0342225815144166,0
23700000000.0,0.0,20201005,1697,0.45728914039342494,91,-7.376355015605215,True,,2837,0.764483966585826,357
23700000000.0,0.0,20201006,1196,0.3222850983562382,2,-0.6986092890962938,True,,2367,0.6378334680679062,29
23700000000.0,0.0,20201007,1772,0.47749932632713554,89,-6.177329354588388,True,,2719,0.7326866073834546,217
23700000000.0,0.0,20201008,1879,0.506332524925896,57,-0.6728293887946633,True,,2719,0.7326866073834546,132
23700000000.0,0.0,20201009,1345,0.3624360010778766,28,-1.1643490272194796,True,,2468,0.6650498517919698,109
23700000000.0,0.0,20201010,3,0.0008084074373484236,0,3.0059665881574547,False,,0,0.0,0
23700000000.0,0.0,20201011,2124,0.5723524656426839,150,-3.5268297763956182,True,,3139,0.845863648612234,521
23700000000.0,0.0,20201012,1932,0.5206143896523848,68,-0.054842477040995874,True,,2644,0.712476421449744,145
23700000000.0,0.0,20201013,2833,0.7634060900026947,468,-4.3758602585599915,True,,3343,0.9008353543519267,1087
23700000000.0,0.0,20201014,1,0.00026946914578280785,0,0.14793545282991438,True,,1,0.00026946914578280785,0
23700000000.0,0.0,20201015,1035,0.2789005658852061,16,-8.479159909235273,True,,2249,0.6060361088655349,44
23700000000.0,0.0,20201016,61,0.01643761789275128,1,1.0835755652613415,True,,1828,0.4925895984909728,24
23700000000.0,0.0,20201017,2110,0.5685798976017246,156,-2.226165683903649,True,,3190,0.8596065750471571,504
23700000000.0,0.0,20201018,174,0.04688763136620857,1,-0.11737015657024852,True,,2230,0.6009161950956615,40
23700000000.0,0.0,20201019,3,0.0008084074373484236,1,2.43257235038174,False,,10,0.0026946914578280788,0
23700000000.0,0.0,20201020,2343,0.6313662085691188,155,-1.3152257264016383,True,,2958,0.7970897332255457,342
23700000000.0,0.0,20201021,0,0.0,0,-5.950966682889597,True,,21,0.005658852061438965,1
23700000000.0,0.0,20201022,66,0.01778496362166532,0,-2.2286373606117653,True,,2237,0.6028024791161412,30
23700000000.0,0.0,20201023,2,0.0005389382915656157,0,2.4124932086277884,False,,1725,0.4648342764753436,0
23700000000.0,0.0,20201024,2261,0.6092697386149286,115,-3.2643559103517843,True,,3051,0.8221503637833468,513
23700000000.0,0.0,20201025,107,0.02883319859876044,0,-0.9160203647650693,True,,1485,0.40016168148746967,1
23700000000.0,0.0,20201026,2553,0.6879547291835085,254,-3.442335377777394,True,,3170,0.8542171921315009,562
23700000000.0,0.0,20201027,2474,0.6666666666666666,217,-1.9977548207353144,True,,3249,0.8755052546483427,710
23700000000.0,0.0,20201028,102,0.0274858528698464,0,0.39347676663602993,True,,16,0.004311506332524926,0
23700000000.0,0.0,20201029,14,0.00377256804095931,0,-2.37686655030506,True,,1914,0.5157639450282943,10
23700000000.0,0.0,20201030,1268,0.34168687685260035,10,-1.7718502957198519,True,,2370,0.6386418755052546,53
23700000000.0,0.0,20201031,1740,0.4688763136620857,88,-2.3867270743395075,True,,3111,0.8383185125303153,463
23700000000.0,0.0,20201032,1,0.00026946914578280785,0,0.758301456265249,True,,558,0.15036378334680678,0
23700000000.0,0.0,20201033,1493,0.40231743465373215,16,0.3337441746416312,True,,2201,0.5931015898679601,46
23700000000.0,0.0,20201034,645,0.17380759902991108,2,-1.1356129193429503,True,,2616,0.7049312853678253,48
23700000000.0,0.0,20201035,951,0.2562651576394503,30,-1.2964899678535815,True,,2723,0.7337644839665858,115
23700000000.0,0.0,20201036,2641,0.7116680140123955,283,-4.373860219936079,True,,3222,0.8682295877122069,767
23700000000.0,0.0,20201037,96,0.025869037995149554,0,1.6832555204519446,True,,1871,0.5041767717596335,25
23700000000.0,0.0,20201038,0,0.0,0,,False,,0,0.0,0
23700000000.0,0.0,20201039,275,0.07410401509027216,2,0.45427746494227517,True,,1496,0.40312584209108054,0
23700000000.0,0.0,20201040,5,0.0013473457289140394,0,,False,,11,0.0029641606036108865,0
23700000000.0,0.0,20201041,65,0.01751549447588251,0,1.9128879483224668,True,,40,0.010778765831312315,0
23700000000.0,0.0,20201042,1583,0.4265696577741849,34,0.04116257183249328,True,,2701,0.727836162759364,90
23700000000.0,0.0,20201043,0,0.0,0,,False,,0,0.0,0
23700000000.0,0.0,20201044,1295,0.3489625437887362,46,1.095140485547148,True,,2381,0.6416060361088656,96
23700000000.0,0.0,20201045,2,0.0005389382915656157,0,1.032818464748324,True,,2,0.0005389382915656157,0
23700000000.0,0.0,20201046,35,0.009431420102398275,0,-0.12788669477456072,True,,2743,0.7391538668822419,65
23700000000.0,0.0,20201047,4,0.0010778765831312314,0,2.9244775000891394,False,,28,0.00754513608191862,0
23700000000.0,0.0,20201048,9,0.002425222312045271,0,2.877230014660336,False,,554,0.14928590676367556,1
23700000000.0,0.0,20201049,0,0.0,0,3.7900994573264355,False,,0,0.0,1
23700000000.0,0.0,20201050,496,0.1336566963082727,1,0.8436689688656847,True,,2393,0.6448396658582592,47
23700000000.0,0.0,20201051,156,0.04203718674211803,0,-0.006416818223924814,True,,278,0.07491242252762059,1
23700000000.0,0.0,20201052,1934,0.5211533279439504,36,0.0420435517578408,True,,2760,0.7437348423605498,125
23700000000.0,0.0,20201053,1201,0.32363244408515224,12,-2.7130160873382616,True,,3,0.0008084074373484236,0
23700000000.0,0.0,20201054,184,0.04958232282403665,1,2.1812727095783657,False,,2211,0.5957962813257882,76
23700000000.0,0.0,20201055,483,0.1301535974130962,2,-1.4088857748805914,True,,2568,0.6919967663702506,69
23700000000.0,0.0,20201056,98,0.026407976286715172,0,3.2771410927268514,False,,1425,0.3839935327405012,0
23700000000.0,0.0,20201057,1011,0.27243330638641877,14,-0.42768587970424754,True,,2672,0.7200215575316626,126
23700000000.0,0.0,20201058,728,0.19617353812988414,35,1.8505413062698093,True,,2390,0.6440312584209108,60
23700000000.0,0.0,20201059,1085,0.2923740231743465,1,1.8577349843081201,True,,2012,0.5421719213150095,7
23700000000.0,0.0,20201060,1,0.00026946914578280785,0,4.614610797254605,False,,2,0.0005389382915656157,0
23700000000.0,0.0,20201061,44,0.011856642414443546,0,-1.6139060125523086,True,,640,0.17246025330099704,0
23700000000.0,0.0,20201062,338,0.09108057127458906,2,-1.4212384836452125,True,,811,0.21853947722985717,0
23700000000.0,0.0,20201063,965,0.2600377256804096,1,0.6605173698425908,True,,2121,0.5715440582053355,31
23700000000.0,0.0,20201064,511,0.13769873349501482,0,-0.6568744931147492,True,,2661,0.7170573969280517,104
23700000000.0,0.0,20201065,6,0.0016168148746968471,0,6.428482832433176,False,,2,0.0005389382915656157,0
23700000000.0,0.0,20201066,0,0.0,0,-5.717999137859049,True,,2698,0.7270277553220156,113
23700000000.0,0.0,20201067,2717,0.732147669091889,334,-5.34816904569152,True,,3284,0.884936674750741,915
23700000000.0,0.0,20201068,437,0.11775801670708703,1,4.386989928970714,False,,1169,0.3150094314201024,1
23700000000.0,0.0,20201069,1004,0.2705470223659391,11,-1.7658797458571192,True,,2915,0.7855025599568849,189
23700000000.0,0.0,20201070,2495,0.6723255187281056,330,-4.067193193084102,True,,3218,0.8671517111290757,741
23700000000.0,0.0,20201071,4,0.0010778765831312314,0,1.1822753074479868,True,,213,0.05739692805173808,1
23700000000.0,0.0,20201072,2163,0.5828617623282134,148,-3.9936852722426552,True,,3215,0.8663433036917273,663
23700000000.0,0.0,20201073,1159,0.3123147399622743,21,-4.798252626999135,True,,2763,0.7445432497978981,193
23700000000.0,0.0,20201074,0,0.0,0,,False,,0,0.0,0
23700000000.0,0.0,20201075,886,0.23874966316356777,20,-1.0375144138060781,True,,2328,0.6273241713823767,68
23700000000.0,0.0,20201076,2305,0.6211263810293721,223,-2.251167570980381,True,,3207,0.8641875505254648,705
23700000000.0,0.0,20201077,562,0.15144165992993802,0,1.608901907878808,True,,2314,0.6235516033414175,64
23700000000.0,0.0,20201078,16,0.004311506332524926,0,0.5058639900419744,True,,1571,0.42333602802479114,0
23700000000.0,0.0,20201079,1,0.00026946914578280785,0,5.1760713786195955,False,,0,0.0,0
23700000000.0,0.0,20201080,7,0.001886284020479655,1,-0.5090298939161109,True,,1646,0.44354621395850174,2
23700000000.0,0.0,20201081,1053,0.2837510105092967,0,-11.036197980417189,True,,2054,0.5534896254378874,22
23700000000.0,0.0,20201082,32,0.008623012665049851,0,4.818717447259256,False,,96,0.025869037995149554,0
23700000000.0,0.0,20201083,3112,0.838587981676098,637,-3.107047885519252,True,,3354,0.9037995149555376,1139
23700000000.0,0.0,20201084,2254,0.607383454594449,182,-4.468922005444403,True,,3158,0.8509835623821073,666
23700000000.0,0.0,20201085,6,0.0016168148746968471,0,1.0947234555138596,True,,2,0.0005389382915656157,0
23700000000.0,0.0,20201086,607,0.16356777149016438,0,-2.2891375909635654,True,,2104,0.5669630827270278,33
23700000000.0,0.0,20201087,450,0.12126111560226355,0,-1.4660071201635887,True,,2460,0.6628940986257074,87
23700000000.0,0.0,20201088,363,0.09781729991915926,1,0.6257853377724256,True,,788,0.2123416868768526,0
23700000000.0,0.0,20201089,915,0.2465642683912692,1,-1.0800219993850404,True,,2395,0.6453786041498248,81
23700000000.0,0.0,20201090,3,0.0008084074373484236,0,0.991036254315155,True,,4,0.0010778765831312314,0
23700000000.0,0.0,20201091,10,0.0026946914578280788,1,0.7600923524978578,True,,1,0.00026946914578280785,1
23700000000.0,0.0,20201092,142,0.038264618701158715,0,3.509054489340441,False,,1097,0.29560765292374025,0
23700000000.0,0.0,20201093,69,0.018593371059013743,0,-0.6939430701545044,True,,337,0.09081110212880625,0
23700000000.0,0.0,20201094,1,0.00026946914578280785,0,2.5659702977436796,False,,1,0.00026946914578280785,0
23700000000.0,0.0,20201095,581,0.15656157369981138,2,1.228940857903868,True,,2062,0.5556453786041499,20
23700000000.0,0.0,20201096,44,0.011856642414443546,0,1.9897429328865606,True,,0,0.0,0
23700000000.0,0.0,20201097,5,0.0013473457289140394,0,-2.6422954691211866,True,,1689,0.4551333872271625,4
23700000000.0,0.0,20201098,2909,0.7838857450821881,428,-3.3523312526003872,True,,3359,0.9051468606844516,1061
23700000000.0,0.0,20201099,903,0.2433306386418755,5,2.4254539707279177,False,,2139,0.5763945028294261,54
23700000000.0,0.0,20201100,2,0.0005389382915656157,0,-2.830308848423476,True,,24,0.0064672594987873885,0
23700000000.0,0.0,20201101,576,0.15521422797089734,0,3.1809743722577064,False,,989,0.26650498517919696,0
23700000000.0,0.0,20201102,1,0.00026946914578280785,0,2.859753079850508,False,,14,0.00377256804095931,0
23700000000.0,0.0,20201103,36,0.009700889248181084,0,1.1216714712380718,True,,582,0.15683104284559418,1
23700000000.0,0.0,20201104,2969,0.8000538938291566,502,-2.1740818781923643,True,,3310,0.8919428725410941,832
23700000000.0,0.0,20201105,1,0.00026946914578280785,0,3.795552608855645,False,,0,0.0,0
23700000000.0,0.0,20201106,1088,0.29318243061169497,14,-2.866978667354557,True,,2724,0.7340339531123686,127
23700000000.0,0.0,20201107,22,0.005928321207221773,1,0.08481091669362151,True,,1060,0.2856372945297763,0
23700000000.0,0.0,20201108,1,0.00026946914578280785,0,2.164500002147321,False,,1,0.00026946914578280785,0
23700000000.0,0.0,20201109,1624,0.43761789275128,28,-1.2637915868108882,True,,2506,0.6752896793317165,126
23700000000.0,0.0,20201110,3,0.0008084074373484236,0,-0.09488232965181531,True,,12,0.0032336297493936943,0
23700000000.0,0.0,20201111,30,0.008084074373484237,0,-1.5583965178456571,True,,1479,0.39854486661277283,1
23700000000.0,0.0,20201112,2326,0.6267852330908111,191,-3.448465653875955,True,,3196,0.861223389921854,705
23700000000.0,0.0,20201113,35,0.009431420102398275,1,4.550503313366736,False,,580,0.15629210455402856,0
23700000000.0,0.0,20201114,1700,0.4580975478307734,80,-2.55810661719788,True,,3315,0.8932902182700081,685
23700000000.0,0.0,20201115,1,0.00026946914578280785,0,1.6142806887967085,True,,329,0.08865534896254379,0
23700000000.0,0.0,20201116,1414,0.3810293721368903,22,-8.00663297692374,True,,2561,0.6901104823497709,101
23700000000.0,0.0,20201117,15,0.004042037186742118,0,-0.45093917024199737,True,,80,0.02155753166262463,0
23700000000.0,0.0,20201118,390,0.10509296685529507,0,-0.15884112234836678,True,,1462,0.3939638911344651,1
23700000000.0,0.0,20201119,0,0.0,0,-2.7854352825157953,True,,2,0.0005389382915656157,0
23700000000.0,0.0,20201120,27,0.007275666936135812,0,-0.23055591009211973,True,,4,0.0010778765831312314,0
23700000000.0,0.0,20201121,984,0.2651576394502829,3,-2.196239844658593,True,,2162,0.5825922931824307,42
23700000000.0,0.0,20201122,1513,0.4077068175693883,70,-3.602907551193476,True,,3219,0.8674211802748585,564
23700000000.0,0.0,20201123,0,0.0,0,,False,,0,0.0,0
23700000000.0,0.0,20201124,1385,0.3732147669091889,63,-5.521133462237795,True,,3130,0.8434384263001886,465
23700000000.0,0.0,20201125,8,0.002155753166262463,1,-1.9653921634585503,True,,163,0.043923470762597686,0
23700000000.0,0.0,20201126,29,0.007814605227701428,0,-11.151783010920504,True,,910,0.24521692266235515,0
23700000000.0,0.0,20201127,2862,0.7712206952303962,503,-5.1390682102255685,True,,3306,0.8908649959579629,948
23700000000.0,0.0,20201128,2,0.0005389382915656157,0,2.936891977143567,False,,1106,0.2980328752357855,0
23700000000.0,0.0,20201129,260,0.07006197790353004,4,-4.905070417111616,True,,2011,0.5419024521692266,2
23700000000.0,0.0,20201130,935,0.2519536513069254,2,1.1217715841697737,True,,1,0.00026946914578280785,0
23700000000.0,0.0,20201131,83,0.022365939099973052,0,,False,,278,0.07491242252762059,0
23700000000.0,0.0,20201132,84,0.02263540824575586,1,0.9983892216929551,True,,1514,0.4079762867151711,12
23700000000.0,0.0,20201133,814,0.21934788466720562,1,1.078620474484405,True,,42,0.01131770412287793,0
23700000000.0,0.0,20201134,2787,0.7510105092966856,303,-5.318023544483992,True,,3288,0.8860145513338723,755
23700000000.0,0.0,20201135,2789,0.7515494475882512,311,-6.072031260030239,True,,3263,0.8792778226893021,898
23700000000.0,0.0,20201136,0,0.0,1,-6.845142363584664,True,,32,0.008623012665049851,1
23700000000.0,0.0,20201137,1140,0.30719482619240096,38,-1.2575176513503221,True,,2763,0.7445432497978981,194
23700000000.0,0.0,20201138,4,0.0010778765831312314,0,-0.6917026220510101,True,,155,0.04176771759633522,0
23700000000.0,0.0,20201139,197,0.05308542171921315,0,3.8143066723209937,False,,1126,0.30342225815144164,1
23700000000.0,0.0,20201140,1,0.00026946914578280785,0,0.4789352317007136,True,,151,0.04068984101320399,0
23700000000.0,0.0,20201141,2854,0.7690649420641337,420,-3.197204073666314,True,,3319,0.8943680948531393,712
23700000000.0,0.0,20201142,75,0.02021018593371059,0,,False,,284,0.07652923740231743,0
23700000000.0,0.0,20201143,35,0.009431420102398275,0,-0.9677562584514501,True,,146,0.03934249528428995,0
23700000000.0,0.0,20201144,2287,0.6162759364052816,213,-3.157942320398466,True,,3229,0.8701158717326866,637
23700000000.0,0.0,20201145,272,0.07329560765292374,0,0.9809773951035687,True,,2324,0.6262462947992455,34
23700000000.0,0.0,20201146,1,0.00026946914578280785,0,0.840127081285952,True,,1,0.00026946914578280785,0
23700000000.0,0.0,20201147,43,0.011587173268660739,1,0.20255924163765648,True,,112,0.03018054432767448,1
23700000000.0,0.0,20201148,14,0.00377256804095931,0,-0.46522359678036995,True,,0,0.0,0
23700000000.0,0.0,20201149,40,0.010778765831312315,0,-0.35840134144819125,True,,1637,0.44112099164645646,2
23700000000.0,0.0,20201150,717,0.19320937752627323,0,-2.995525716289565,True,,2512,0.6769064942064134,71
23700000000.0,0.0,20201151,6,0.0016168148746968471,0,5.967769279680883,False,,36,0.009700889248181084,0
23700000000.0,0.0,20201152,1,0.00026946914578280785,1,-0.6825965009752544,True,,1,0.00026946914578280785,0
23700000000.0,0.0,20201153,1,0.00026946914578280785,0,1.6612092351655905,True,,1,0.00026946914578280785,0
23700000000.0,0.0,20201154,6,0.0016168148746968471,0,4.7555342842320005,False,,284,0.07652923740231743,0
23700000000.0,0.0,20201155,17,0.004580975478307734,0,3.0652174844980804,False,,10,0.0026946914578280788,0
23700000000.0,0.0,20201156,34,0.009161950956615468,0,4.1456464344217405,False,,295,0.07949339800592832,0
23700000000.0,0.0,20201157,2276,0.6133117758016707,61,-2.8937948601559853,True,,2836,0.7642144974400431,201
23700000000.0,0.0,20201158,1,0.00026946914578280785,0,-0.8268452964270443,True,,2,0.0005389382915656157,1
23700000000.0,0.0,20201159,938,0.25276205874427377,36,-1.6449949853446801,True,,2943,0.7930476960388035,259
23700000000.0,0.0,20201160,0,0.0,0,,False,,0,0.0,0
23700000000.0,0.0,20201161,0,0.0,0,-0.15937090177091395,True,,1654,0.44570196712476423,0
23700000000.0,0.0,20201162,48,0.012934518997574777,0,,False,,154,0.04149824845055241,0
23700000000.0,0.0,20201163,703,0.18943680948531394,3,-1.1405329197387521,True,,1080,0.2910266774454325,1
23700000000.0,0.0,20201164,224,0.06036108865534896,0,0.6332227366830683,True,,1921,0.5176502290487739,2
23700000000.0,0.0,20201165,642,0.17299919159256266,0,-2.7661254048856314,True,,13,0.0035030988951765024,0
23700000000.0,0.0,20201166,0,0.0,0,,False,,9,0.002425222312045271,0
23700000000.0,0.0,20201167,14,0.00377256804095931,1,3.2827760298292645,False,,2,0.0005389382915656157,1
23700000000.0,0.0,20201168,25,0.006736728644570197,0,5.49050531270839,False,,42,0.01131770412287793,0
23700000000.0,0.0,20201169,4,0.0010778765831312314,0,,False,,18,0.004850444624090542,0
23700000000.0,0.0,20201170,2252,0.6068445163028833,176,-2.4839250101088233,True,,3197,0.8614928590676367,493
23700000000.0,0.0,20201171,130,0.03503098895176502,0,3.426796511857102,False,,1861,0.5014820803018054,0
23700000000.0,0.0,20201172,958,0.2581514416599299,1,-0.0958876835792708,True,,2235,0.6022635408245756,31
23700000000.0,0.0,20201173,44,0.011856642414443546,0,-12.616659136917512,True,,1553,0.41848558340070063,2
23700000000.0,0.0,20201174,3,0.0008084074373484236,0,5.909826326887934,False,,26,0.007006197790353005,0
23700000000.0,0.0,20201175,0,0.0,1,-0.44612193620621454,True,,245,0.06601994071678793,1
23700000000.0,0.0,20201176,4,0.0010778765831312314,0,2.0943204086148324,False,,3,0.0008084074373484236,0
23700000000.0,0.0,20201177,1722,0.46402586903799514,69,-2.42227374058956,True,,2983,0.8038264618701159,282
23700000000.0,0.0,20201178,12,0.0032336297493936943,0,-0.08633635169678922,True,,8,0.002155753166262463,0
23700000000.0,0.0,20201179,20,0.0053893829156561575,1,3.829948487988003,False,,265,0.07140932363244408,1
23700000000.0,0.0,20201180,1168,0.3147399622743196,21,0.9058616405436308,True,,2598,0.7000808407437349,46
23700000000.0,0.0,20201181,2165,0.583400700619779,101,-2.470590452756083,True,,3099,0.8350848827809216,385
23700000000.0,0.0,20201182,2803,0.7553220156292104,345,-4.059682872321844,True,,3376,0.9097278361627593,903
23700000000.0,0.0,20201183,1316,0.35462139585017516,19,2.3997690540078267,False,,2244,0.6046887631366209,60
23700000000.0,0.0,20201184,9,0.002425222312045271,0,-4.815760901349639,True,,2314,0.6235516033414175,40
23700000000.0,0.0,20201185,103,0.027755322015629212,0,4.063315789638989,False,,1819,0.4901643761789275,1
23700000000.0,0.0,20201186,2586,0.6968472109943411,280,-2.391323405499818,True,,3247,0.8749663163567771,797
23700000000.0,0.0,20201187,85,0.02290487739153867,2,1.4444811852094634,True,,1311,0.3532740501212611,0
23700000000.0,0.0,20201188,13,0.0035030988951765024,0,2.919676020160641,False,,486,0.13096200485044462,0
23700000000.0,0.0,20201189,1774,0.47803826461870114,84,-2.1983608495301556,True,,2910,0.7841552142279709,259
23700000000.0,0.0,20201190,2,0.0005389382915656157,0,4.651625836348318,False,,376,0.10132039881433576,0
23700000000.0,0.0,20201191,9,0.002425222312045271,0,-2.8829607965245554,True,,917,0.2471032066828348,0
23700000000.0,0.0,20201192,1237,0.3333333333333333,61,1.9307408134314588,True,,2892,0.7793047696038804,242
23700000000.0,0.0,20201193,97,0.026138507140932365,0,3.713445264193643,False,,43,0.011587173268660739,0
23700000000.0,0.0,20201194,2,0.0005389382915656157,0,-0.6510400494404052,True,,1,0.00026946914578280785,0
23700000000.0,0.0,20201195,5,0.0013473457289140394,0,3.3696981002776023,False,,8,0.002155753166262463,1
23700000000.0,0.0,20201196,0,0.0,1,5.2213529808677945,False,,0,0.0,1
23700000000.0,0.0,20201197,0,0.0,0,5.172456988053119,False,,0,0.0,0
23700000000.0,0.0,20201198,1,0.00026946914578280785,0,6.163334434039694,False,,7,0.001886284020479655,0
23700000000.0,0.0,20201199,445,0.11991376987334951,0,3.7599536718973496,False,,626,0.16868768526003772,0
23700000000.0,0.0,20201200,2590,0.6979250875774724,244,-2.382016021012335,True,,3281,0.8841282673133927,816
31600000000.0,0.0,20201001,956,0.25761250336836433,27,-1.3663811429320818,True,,2656,0.7157100511991377,111
31600000000.0,0.0,20201002,21,0.005658852061438965,0,2.1764533615030124,False,,2489,0.6707087038534087,68
31600000000.0,0.0,20201003,2042,0.5502559956884937,123,-1.0057621642007222,True,,3152,0.8493667475074104,441
31600000000.0,0.0,20201004,1,0.00026946914578280785,1,0.46667241055194175,True,,123,0.033144704931285365,0
31600000000.0,0.0,20201005,2146,0.5782807868499057,141,-7.376355015605215,True,,2873,0.774184855834007,278
31600000000.0,0.0,20201006,1037,0.27943950417677177,3,-0.6986092890962938,True,,2354,0.6343303691727297,37
31600000000.0,0.0,20201007,1906,0.5136081918620318,95,-6.177329354588388,True,,2830,0.7625976825653462,278
31600000000.0,0.0,20201008,2201,0.5931015898679601,79,-0.6728293887946633,True,,2876,0.7749932632713554,163
31600000000.0,0.0,20201009,562,0.15144165992993802,1,-1.1643490272194796,True,,2801,0.7547830773376448,139
31600000000.0,0.0,20201010,3,0.0008084074373484236,0,3.0059665881574547,False,,0,0.0,0
31600000000.0,0.0,20201011,2470,0.6655887900835354,182,-3.5268297763956182,True,,3200,0.8623012665049852,518
31600000000.0,0.0,20201012,2119,0.5710051199137699,73,-0.054842477040995874,True,,2858,0.7701428186472649,180
31600000000.0,0.0,20201013,2921,0.7871193748315818,498,-4.3758602585599915,True,,3379,0.9105362436001078,1159
31600000000.0,0.0,20201014,1,0.00026946914578280785,0,0.14793545282991438,True,,1,0.00026946914578280785,0
31600000000.0,0.0,20201015,1502,0.40474265696577744,19,-8.479159909235273,True,,2739,0.7380759902991108,91
31600000000.0,0.0,20201016,85,0.02290487739153867,1,1.0835755652613415,True,,2330,0.6278631096739423,58
31600000000.0,0.0,20201017,2725,0.7343034222581515,265,-2.226165683903649,True,,3197,0.8614928590676367,585
31600000000.0,0.0,20201018,246,0.06628940986257073,1,-0.11737015657024852,True,,2233,0.60172460253301,27
31600000000.0,0.0,20201019,4,0.0010778765831312314,1,2.43257235038174,False,,1659,0.44704931285367827,1
31600000000.0,0.0,20201020,2218,0.5976825653462678,147,-1.3152257264016383,True,,3085,0.8313123147399623,398
31600000000.0,0.0,20201021,0,0.0,0,-5.950966682889597,True,,1,0.00026946914578280785,0
31600000000.0,0.0,20201022,735,0.19805982215036377,1,-2.2286373606117653,True,,2629,0.7084343842630019,97
31600000000.0,0.0,20201023,15,0.004042037186742118,1,2.4124932086277884,False,,39,0.010509296685529508,1
31600000000.0,0.0,20201024,1645,0.44327674481271895,73,-3.2643559103517843,True,,3316,0.8935596874157908,662
31600000000.0,0.0,20201025,68,0.018323901913230935,0,-0.9160203647650693,True,,1987,0.5354351926704393,1
31600000000.0,0.0,20201026,2761,0.7440043115063325,265,-3.442335377777394,True,,3181,0.8571813527351119,744
31600000000.0,0.0,20201027,2807,0.7563998922123417,287,-1.9977548207353144,True,,3269,0.8808946375639989,724
31600000000.0,0.0,20201028,227,0.06116949609269739,0,0.39347676663602993,True,,34,0.009161950956615468,1
31600000000.0,0.0,20201029,342,0.09215844785772029,0,-2.37686655030506,True,,2110,0.5685798976017246,28
31600000000.0,0.0,20201030,1095,0.2950687146321746,11,-1.7718502957198519,True,,2534,0.6828348154136351,75
31600000000.0,0.0,20201031,2049,0.5521422797089733,90,-2.3867270743395075,True,,3012,0.8116410670978172,334
31600000000.0,0.0,20201032,1,0.00026946914578280785,0,0.758301456265249,True,,1030,0.2775532201562921,0
31600000000.0,0.0,20201033,1298,0.3497709512260846,3,0.3337441746416312,True,,2507,0.6755591484774993,94
31600000000.0,0.0,20201034,412,0.11102128806251685,2,-1.1356129193429503,True,,1909,0.5144165992993802,17
31600000000.0,0.0,20201035,1808,0.4872002155753166,62,-1.2964899678535815,True,,2582,0.6957693344112099,102
31600000000.0,0.0,20201036,2718,0.7324171382376717,307,-4.373860219936079,True,,3307,0.8911344651037456,997
31600000000.0,0.0,20201037,192,0.05173807599029911,1,1.6832555204519446,True,,1981,0.5338183777957424,26
31600000000.0,0.0,20201038,1,0.00026946914578280785,0,,False,,0,0.0,0
31600000000.0,0.0,20201039,57,0.015359741309620048,0,0.45427746494227517,True,,1639,0.4416599299380221,2
31600000000.0,0.0,20201040,6,0.0016168148746968471,0,,False,,22,0.005928321207221773,0
31600000000.0,0.0,20201041,2,0.0005389382915656157,0,1.9128879483224668,True,,45,0.012126111560226353,0
31600000000.0,0.0,20201042,1632,0.4397736459175424,29,0.04116257183249328,True,,2642,0.7119374831581784,104
31600000000.0,0.0,20201043,0,0.0,0,,False,,0,0.0,0
31600000000.0,0.0,20201044,1059,0.2853678253839935,16,1.095140485547148,True,,2726,0.7345728914039342,197
31600000000.0,0.0,20201045,3,0.0008084074373484236,0,1.032818464748324,True,,2,0.0005389382915656157,0
31600000000.0,0.0,20201046,61,0.01643761789275128,0,-0.12788669477456072,True,,2074,0.5588790083535435,25
31600000000.0,0.0,20201047,4,0.0010778765831312314,0,2.9244775000891394,False,,75,0.02021018593371059,0
31600000000.0,0.0,20201048,202,0.05443276744812719,1,2.877230014660336,False,,871,0.23470762597682565,1
31600000000.0,0.0,20201049,0,0.0,0,3.7900994573264355,False,,15,0.004042037186742118,1
31600000000.0,0.0,20201050,874,0.23551603341417407,17,0.8436689688656847,True,,2521,0.6793317165184586,88
31600000000.0,0.0,20201051,95,0.025599568849366747,1,-0.006416818223924814,True,,2546,0.6860684451630288,48
31600000000.0,0.0,20201052,1921,0.5176502290487739,32,0.0420435517578408,True,,2614,0.7043923470762598,112
31600000000.0,0.0,20201053,1077,0.2902182700080841,9,-2.7130160873382616,True,,7,0.001886284020479655,0
31600000000.0,0.0,20201054,516,0.13904607922392886,4,2.1812727095783657,False,,2540,0.684451630288332,98
31600000000.0,0.0,20201055,661,0.178119105362436,2,-1.4088857748805914,True,,2320,0.6251684182161142,43
31600000000.0,0.0,20201056,172,0.046348693074642955,0,3.2771410927268514,False,,2048,0.5518728105631905,16
31600000000.0,0.0,20201057,1041,0.280517380759903,16,-0.42768587970424754,True,,2553,0.6879547291835085,78
31600000000.0,0.0,20201058,1340,0.36108865534896256,34,1.8505413062698093,True,,2661,0.7170573969280517,103
31600000000.0,0.0,20201059,1215,0.32740501212611156,0,1.8577349843081201,True,,1784,0.4807329560765292,6
31600000000.0,0.0,20201060,1,0.00026946914578280785,0,4.614610797254605,False,,2,0.0005389382915656157,0
31600000000.0,0.0,20201061,47,0.01266504985179197,0,-1.6139060125523086,True,,1133,0.3053085421719213,0
31600000000.0,0.0,20201062,1293,0.34842360549717055,2,-1.4212384836452125,True,,1932,0.5206143896523848,1
31600000000.0,0.0,20201063,1165,0.31393155483697116,12,0.6605173698425908,True,,2359,0.6356777149016437,31
31600000000.0,0.0,20201064,702,0.18916734033953111,0,-0.6568744931147492,True,,2126,0.5728914039342495,48
31600000000.0,0.0,20201065,10,0.0026946914578280788,0,6.428482832433176,False,,3,0.0008084074373484236,0
31600000000.0,0.0,20201066,0,0.0,0,-5.717999137859049,True,,2743,0.7391538668822419,207
31600000000.0,0.0,20201067,2731,0.7359202371328483,362,-5.34816904569152,True,,3269,0.8808946375639989,997
31600000000.0,0.0,20201068,491,0.13230935057935866,1,4.386989928970714,False,,1400,0.37725680409593104,1
31600000000.0,0.0,20201069,917,0.2471032066828348,15,-1.7658797458571192,True,,2593,0.6987334950148208,124
31600000000.0,0.0,20201070,2666,0.7184047426569657,333,-4.067193193084102,True,,3275,0.8825114524386958,886
31600000000.0,0.0,20201071,4,0.0010778765831312314,0,1.1822753074479868,True,,2145,0.5780113177041228,17
31600000000.0,0.0,20201072,2288,0.6165454055510644,118,-3.9936852722426552,True,,3294,0.8876313662085691,844
31600000000.0,0.0,20201073,1493,0.40231743465373215,52,-4.798252626999135,True,,2805,0.7558609539207761,120
31600000000.0,0.0,20201074,0,0.0,0,,False,,0,0.0,0
31600000000.0,0.0,20201075,1694,0.45648073295607655,47,-1.0375144138060781,True,,2786,0.7507410401509027,196
31600000000.0,0.0,20201076,2500,0.6736728644570197,280,-2.251167570980381,True,,3313,0.8927512799784425,841
31600000000.0,0.0,20201077,459,0.12368633791430882,1,1.608901907878808,True,,2840,0.7652923740231743,214
31600000000.0,0.0,20201078,21,0.005658852061438965,1,0.5058639900419744,True,,1019,0.2745890595526812,0
31600000000.0,0.0,20201079,1,0.00026946914578280785,0,5.1760713786195955,False,,0,0.0,0
31600000000.0,0.0,20201080,12,0.0032336297493936943,0,-0.5090298939161109,True,,1585,0.42710859606575047,3
31600000000.0,0.0,20201081,1144,0.3082727027755322,0,-11.036197980417189,True,,2424,0.6531932093775262,27
31600000000.0,0.0,20201082,83,0.022365939099973052,0,4.818717447259256,False,,341,0.09188897871193748,0
31600000000.0,0.0,20201083,3122,0.8412826731339261,710,-3.107047885519252,True,,3345,0.9013742926434923,1185
31600000000.0,0.0,20201084,2411,0.6496901104823498,178,-4.468922005444403,True,,3266,0.8800862301266505,674
31600000000.0,0.0,20201085,1,0.00026946914578280785,0,1.0947234555138596,True,,1574,0.4241444354621396,0
31600000000.0,0.0,20201086,652,0.17569388305039074,2,-2.2891375909635654,True,,2464,0.6639719752088385,62
31600000000.0,0.0,20201087,499,0.13446510374562112,4,-1.4660071201635887,True,,1767,0.4761519805982215,3
31600000000.0,0.0,20201088,348,0.09377526273241714,1,0.6257853377724256,True,,236,0.06359471840474265,0
31600000000.0,0.0,20201089,326,0.08784694152519537,1,-1.0800219993850404,True,,2804,0.7555914847749933,192
31600000000.0,0.0,20201090,189,0.05092966855295069,0,0.991036254315155,True,,283,0.07625976825653463,1
31600000000.0,0.0,20201091,12,0.0032336297493936943,1,0.7600923524978578,True,,1,0.00026946914578280785,1
31600000000.0,0.0,20201092,152,0.040959310158986795,1,3.509054489340441,False,,2202,0.5933710590137429,16
31600000000.0,0.0,20201093,56,0.01509027216383724,0,-0.6939430701545044,True,,518,0.13958501751549449,0
31600000000.0,0.0,20201094,1,0.00026946914578280785,0,2.5659702977436796,False,,1,0.00026946914578280785,0
31600000000.0,0.0,20201095,139,0.037456211263810296,2,1.228940857903868,True,,2484,0.6693613581244947,50
31600000000.0,0.0,20201096,52,0.01401239558070601,0,1.9897429328865606,True,,0,0.0,0
31600000000.0,0.0,20201097,21,0.005658852061438965,0,-2.6422954691211866,True,,1229,0.3311775801670709,3
31600000000.0,0.0,20201098,3005,0.8097547830773376,481,-3.3523312526003872,True,,3376,0.9097278361627593,1233
31600000000.0,0.0,20201099,972,0.26192400970088925,15,2.4254539707279177,False,,2551,0.6874157908919428,84
31600000000.0,0.0,20201100,2,0.0005389382915656157,0,-2.830308848423476,True,,1752,0.4721099434114794,3
31600000000.0,0.0,20201101,686,0.1848558340070062,0,3.1809743722577064,False,,1242,0.33468067906224735,0
31600000000.0,0.0,20201102,1,0.00026946914578280785,0,2.859753079850508,False,,15,0.004042037186742118,0
31600000000.0,0.0,20201103,6,0.0016168148746968471,0,1.1216714712380718,True,,889,0.2395580706009162,0
31600000000.0,0.0,20201104,2944,0.7933171651845864,501,-2.1740818781923643,True,,3259,0.8781999461061708,759
31600000000.0,0.0,20201105,1,0.00026946914578280785,0,3.795552608855645,False,,0,0.0,0
31600000000.0,0.0,20201106,1231,0.3317165184586365,17,-2.866978667354557,True,,2688,0.7243330638641875,136
31600000000.0,0.0,20201107,22,0.005928321207221773,1,0.08481091669362151,True,,724,0.1950956615467529,1
31600000000.0,0.0,20201108,1,0.00026946914578280785,0,2.164500002147321,False,,1,0.00026946914578280785,0
31600000000.0,0.0,20201109,1293,0.34842360549717055,9,-1.2637915868108882,True,,2788,0.7512799784424683,159
31600000000.0,0.0,20201110,4,0.0010778765831312314,0,-0.09488232965181531,True,,99,0.02667744543249798,0
31600000000.0,0.0,20201111,42,0.01131770412287793,0,-1.5583965178456571,True,,2024,0.5454055510644031,4
31600000000.0,0.0,20201112,2567,0.6917272972244678,219,-3.448465653875955,True,,3302,0.8897871193748316,837
31600000000.0,0.0,20201113,103,0.027755322015629212,0,4.550503313366736,False,,1330,0.3583939638911345,0
31600000000.0,0.0,20201114,2007,0.5408245755860954,76,-2.55810661719788,True,,3264,0.8795472918350848,683
31600000000.0,0.0,20201115,1,0.00026946914578280785,0,1.6142806887967085,True,,69,0.018593371059013743,1
31600000000.0,0.0,20201116,1211,0.3263271355429803,16,-8.00663297692374,True,,2695,0.7262193478846672,137
31600000000.0,0.0,20201117,27,0.007275666936135812,0,-0.45093917024199737,True,,144,0.038803556992724336,0
31600000000.0,0.0,20201118,501,0.13500404203718674,0,-0.15884112234836678,True,,2185,0.5887900835354352,32
31600000000.0,0.0,20201119,0,0.0,0,-2.7854352825157953,True,,5,0.0013473457289140394,0
31600000000.0,0.0,20201120,41,0.011048234977095122,0,-0.23055591009211973,True,,3,0.0008084074373484236,0
31600000000.0,0.0,20201121,554,0.14928590676367556,3,-2.196239844658593,True,,2348,0.6327135542980329,72
31600000000.0,0.0,20201122,2407,0.6486122338992185,105,-3.602907551193476,True,,3176,0.8558340070061978,544
31600000000.0,0.0,20201123,0,0.0,0,,False,,0,0.0,0
31600000000.0,0.0,20201124,1862,0.5017515494475883,75,-5.521133462237795,True,,3185,0.858259229318243,627
31600000000.0,0.0,20201125,14,0.00377256804095931,1,-1.9653921634585503,True,,200,0.05389382915656157,0
31600000000.0,0.0,20201126,47,0.01266504985179197,0,-11.151783010920504,True,,247,0.06655887900835354,0
31600000000.0,0.0,20201127,3101,0.8356238210724872,618,-5.1390682102255685,True,,3381,0.9110751818916734,1131
31600000000.0,0.0,20201128,3,0.0008084074373484236,0,2.936891977143567,False,,1454,0.39180813796820263,0
31600000000.0,0.0,20201129,1037,0.27943950417677177,3,-4.905070417111616,True,,1596,0.43007275666936134,2
31600000000.0,0.0,20201130,915,0.2465642683912692,2,1.1217715841697737,True,,1,0.00026946914578280785,0
31600000000.0,0.0,20201131,122,0.03287523578550256,0,,False,,425,0.11452438695769335,0
31600000000.0,0.0,20201132,350,0.09431420102398276,1,0.9983892216929551,True,,2108,0.568040959310159,11
31600000000.0,0.0,20201133,923,0.24872002155753167,2,1.078620474484405,True,,297,0.08003233629749394,0
31600000000.0,0.0,20201134,2748,0.740501212611156,333,-5.318023544483992,True,,3329,0.8970627863109674,952
31600000000.0,0.0,20201135,2746,0.7399622743195904,380,-6.072031260030239,True,,3344,0.9011048234977095,982
31600000000.0,0.0,20201136,0,0.0,1,-6.845142363584664,True,,16,0.004311506332524926,1
31600000000.0,0.0,20201137,1689,0.4551333872271625,71,-1.2575176513503221,True,,2827,0.7617892751279979,216
31600000000.0,0.0,20201138,3,0.0008084074373484236,1,-0.6917026220510101,True,,324,0.08730800323362975,0
31600000000.0,0.0,20201139,284,0.07652923740231743,0,3.8143066723209937,False,,1872,0.5044462409054163,2
31600000000.0,0.0,20201140,4,0.0010778765831312314,0,0.4789352317007136,True,,11,0.0029641606036108865,0
31600000000.0,0.0,20201141,2895,0.7801131770412287,458,-3.197204073666314,True,,3258,0.8779304769603881,853
31600000000.0,0.0,20201142,78,0.021018593371059015,0,,False,,308,0.08299649690110482,0
31600000000.0,0.0,20201143,78,0.021018593371059015,0,-0.9677562584514501,True,,499,0.13446510374562112,0
31600000000.0,0.0,20201144,2507,0.6755591484774993,237,-3.157942320398466,True,,3234,0.8714632174616006,719
31600000000.0,0.0,20201145,431,0.1161412018323902,0,0.9809773951035687,True,,2480,0.6682834815413635,40
31600000000.0,0.0,20201146,1,0.00026946914578280785,0,0.840127081285952,True,,1,0.00026946914578280785,0
31600000000.0,0.0,20201147,92,0.024791161412018325,1,0.20255924163765648,True,,704,0.18970627863109674,1
31600000000.0,0.0,20201148,11,0.0029641606036108865,0,-0.46522359678036995,True,,0,0.0,0
31600000000.0,0.0,20201149,53,0.014281864726488817,0,-0.35840134144819125,True,,1203,0.3241713823767179,1
31600000000.0,0.0,20201150,958,0.2581514416599299,4,-2.995525716289565,True,,2735,0.7369981137159796,139
31600000000.0,0.0,20201151,7,0.001886284020479655,0,5.967769279680883,False,,131,0.03530045809754783,0
31600000000.0,0.0,20201152,1,0.00026946914578280785,1,-0.6825965009752544,True,,1,0.00026946914578280785,0
31600000000.0,0.0,20201153,1,0.00026946914578280785,0,1.6612092351655905,True,,5,0.0013473457289140394,0
31600000000.0,0.0,20201154,16,0.004311506332524926,0,4.7555342842320005,False,,693,0.18674211802748586,0
31600000000.0,0.0,20201155,14,0.00377256804095931,0,3.0652174844980804,False,,146,0.03934249528428995,0
31600000000.0,0.0,20201156,42,0.01131770412287793,0,4.1456464344217405,False,,117,0.03152789005658852,0
31600000000.0,0.0,20201157,1959,0.5278900565885206,54,-2.8937948601559853,True,,3073,0.8280786849905686,307
31600000000.0,0.0,20201158,5,0.0013473457289140394,0,-0.8268452964270443,True,,3,0.0008084074373484236,1
31600000000.0,0.0,20201159,1111,0.2993802209646995,41,-1.6449949853446801,True,,2916,0.7857720291026677,318
31600000000.0,0.0,20201160,0,0.0,0,,False,,0,0.0,0
31600000000.0,0.0,20201161,1,0.00026946914578280785,0,-0.15937090177091395,True,,2129,0.573699811371598,2
31600000000.0,0.0,20201162,51,0.0137429264349232,0,,False,,163,0.043923470762597686,0
31600000000.0,0.0,20201163,457,0.1231473996227432,0,-1.1405329197387521,True,,1819,0.4901643761789275,0
31600000000.0,0.0,20201164,194,0.05227701428186473,1,0.6332227366830683,True,,2339,0.6302883319859877,40
31600000000.0,0.0,20201165,634,0.17084343842630018,0,-2.7661254048856314,True,,45,0.012126111560226353,0
31600000000.0,0.0,20201166,0,0.0,0,,False,,3,0.0008084074373484236,0
31600000000.0,0.0,20201167,15,0.004042037186742118,1,3.2827760298292645,False,,3,0.0008084074373484236,0
31600000000.0,0.0,20201168,30,0.008084074373484237,0,5.49050531270839,False,,561,0.15117219078415522,0
31600000000.0,0.0,20201169,4,0.0010778765831312314,0,,False,,23,0.006197790353004581,0
31600000000.0,0.0,20201170,2677,0.7213689032605767,215,-2.4839250101088233,True,,3313,0.8927512799784425,782
31600000000.0,0.0,20201171,230,0.06197790353004581,0,3.426796511857102,False,,1481,0.3990838049043385,1
31600000000.0,0.0,20201172,1435,0.38668822419832927,0,-0.0958876835792708,True,,2452,0.6607383454594449,30
31600000000.0,0.0,20201173,31,0.008353543519267044,0,-12.616659136917512,True,,1870,0.5039073026138507,0
31600000000.0,0.0,20201174,3,0.0008084074373484236,0,5.909826326887934,False,,14,0.00377256804095931,1
31600000000.0,0.0,20201175,4,0.0010778765831312314,1,-0.44612193620621454,True,,1254,0.3379143088116411,1
31600000000.0,0.0,20201176,10,0.0026946914578280788,0,2.0943204086148324,False,,2,0.0005389382915656157,0
31600000000.0,0.0,20201177,1911,0.5149555375909458,85,-2.42227374058956,True,,3128,0.842899488008623,381
31600000000.0,0.0,20201178,376,0.10132039881433576,1,-0.08633635169678922,True,,16,0.004311506332524926,0
31600000000.0,0.0,20201179,15,0.004042037186742118,1,3.829948487988003,False,,519,0.13985448666127728,1
31600000000.0,0.0,20201180,1354,0.36486122338992183,25,0.9058616405436308,True,,2586,0.6968472109943411,72
31600000000.0,0.0,20201181,2289,0.6168148746968473,186,-2.470590452756083,True,,3226,0.8693074642953382,608
31600000000.0,0.0,20201182,2751,0.7413096200485044,356,-4.059682872321844,True,,3265,0.8798167609808677,744
31600000000.0,0.0,20201183,805,0.21692266235516033,5,2.3997690540078267,False,,2436,0.65642683912692,76
31600000000.0,0.0,20201184,18,0.004850444624090542,0,-4.815760901349639,True,,2245,0.6049582322824036,62
31600000000.0,0.0,20201185,96,0.025869037995149554,1,4.063315789638989,False,,1568,0.42252762058744275,2
31600000000.0,0.0,20201186,2796,0.7534357316087308,330,-2.391323405499818,True,,3289,0.886284020479655,863
31600000000.0,0.0,20201187,55,0.014820803018054433,0,1.4444811852094634,True,,892,0.2403664780382646,2
31600000000.0,0.0,20201188,14,0.00377256804095931,0,2.919676020160641,False,,1188,0.32012934518997577,0
31600000000.0,0.0,20201189,2310,0.6224737267582862,169,-2.1983608495301556,True,,2886,0.7776879547291835,340
31600000000.0,0.0,20201190,6,0.0016168148746968471,0,4.651625836348318,False,,168,0.04527081649151172,0
31600000000.0,0.0,20201191,30,0.008084074373484237,0,-2.8829607965245554,True,,517,0.13931554836971166,0
31600000000.0,0.0,20201192,2009,0.541363513877661,79,1.9307408134314588,True,,2925,0.788197251414713,253
31600000000.0,0.0,20201193,32,0.008623012665049851,0,3.713445264193643,False,,51,0.0137429264349232,0
31600000000.0,0.0,20201194,2,0.0005389382915656157,0,-0.6510400494404052,True,,1,0.00026946914578280785,0
31600000000.0,0.0,20201195,4,0.0010778765831312314,0,3.3696981002776023,False,,15,0.004042037186742118,1
31600000000.0,0.0,20201196,0,0.0,1,5.2213529808677945,False,,0,0.0,1
31600000000.0,0.0,20201197,0,0.0,0,5.172456988053119,False,,0,0.0,0
31600000000.0,0.0,20201198,2,0.0005389382915656157,0,6.163334434039694,False,,7,0.001886284020479655,0
31600000000.0,0.0,20201199,619,0.16680140123955808,2,3.7599536718973496,False,,1657,0.4465103745621126,0
31600000000.0,0.0,20201200,2630,0.7087038534087847,248,-2.382016021012335,True,,3316,0.8935596874157908,867
42200000000.0,0.0,20201001,2167,0.5839396389113447,101,-1.3663811429320818,True,,2822,0.7604419293990838,126
42200000000.0,0.0,20201002,47,0.01266504985179197,0,2.1764533615030124,False,,2082,0.561034761519806,1
42200000000.0,0.0,20201003,2135,0.5753166262462948,91,-1.0057621642007222,True,,3092,0.8331985987604419,445
42200000000.0,0.0,20201004,1,0.00026946914578280785,1,0.46667241055194175,True,,386,0.10401509027216384,0
42200000000.0,0.0,20201005,2146,0.5782807868499057,112,-7.376355015605215,True,,3148,0.8482888709242792,502
42200000000.0,0.0,20201006,1186,0.3195904068984101,13,-0.6986092890962938,True,,2522,0.6796011856642414,49
42200000000.0,0.0,20201007,2283,0.6151980598221504,134,-6.177329354588388,True,,3041,0.8194556723255187,534
42200000000.0,0.0,20201008,2178,0.5869037995149555,73,-0.6728293887946633,True,,2875,0.7747237941255726,163
42200000000.0,0.0,20201009,424,0.11425491781191054,2,-1.1643490272194796,True,,2933,0.7903530045809755,234
42200000000.0,0.0,20201010,5,0.0013473457289140394,0,3.0059665881574547,False,,0,0.0,0
42200000000.0,0.0,20201011,2786,0.7507410401509027,259,-3.5268297763956182,True,,3237,0.872271624898949,663
42200000000.0,0.0,20201012,2303,0.6205874427378065,92,-0.054842477040995874,True,,2808,0.7566693613581245,176
42200000000.0,0.0,20201013,3035,0.8178388574508219,532,-4.3758602585599915,True,,3388,0.9129614659121531,1331
42200000000.0,0.0,20201014,1,0.00026946914578280785,0,0.14793545282991438,True,,1,0.00026946914578280785,0
42200000000.0,0.0,20201015,1545,0.41632983023443815,20,-8.479159909235273,True,,2886,0.7776879547291835,149
42200000000.0,0.0,20201016,367,0.09889517650229049,2,1.0835755652613415,True,,2071,0.5580706009161951,17
42200000000.0,0.0,20201017,2586,0.6968472109943411,262,-2.226165683903649,True,,3237,0.872271624898949,593
42200000000.0,0.0,20201018,236,0.06359471840474265,0,-0.11737015657024852,True,,2270,0.6116949609269738,10
42200000000.0,0.0,20201019,62,0.016707087038534088,1,2.43257235038174,False,,2619,0.7057396928051738,28
42200000000.0,0.0,20201020,2226,0.5998383185125303,154,-1.3152257264016383,True,,3154,0.849905685798976,513
42200000000.0,0.0,20201021,0,0.0,0,-5.950966682889597,True,,314,0.08461331177580167,0
42200000000.0,0.0,20201022,1065,0.28698464025869036,2,-2.2286373606117653,True,,2910,0.7841552142279709,158
42200000000.0,0.0,20201023,4,0.0010778765831312314,1,2.4124932086277884,False,,2092,0.5637294529776341,0
42200000000.0,0.0,20201024,2310,0.6224737267582862,125,-3.2643559103517843,True,,3268,0.8806251684182161,689
42200000000.0,0.0,20201025,436,0.11748854756130422,0,-0.9160203647650693,True,,2158,0.5815144165992994,1
42200000000.0,0.0,20201026,2748,0.740501212611156,292,-3.442335377777394,True,,3291,0.8868229587712207,805
42200000000.0,0.0,20201027,2561,0.6901104823497709,278,-1.9977548207353144,True,,3318,0.8940986257073565,767
42200000000.0,0.0,20201028,399,0.10751818916734034,0,0.39347676663602993,True,,34,0.009161950956615468,1
42200000000.0,0.0,20201029,282,0.07599029911075182,1,-2.37686655030506,True,,2640,0.7113985448666128,75
42200000000.0,0.0,20201030,1661,0.44758825114524387,14,-1.7718502957198519,True,,2708,0.7297224467798437,88
42200000000.0,0.0,20201031,2301,0.6200485044462409,118,-2.3867270743395075,True,,3044,0.8202640797628672,364
42200000000.0,0.0,20201032,1,0.00026946914578280785,0,0.758301456265249,True,,1384,0.37294529776340607,1
42200000000.0,0.0,20201033,1110,0.2991107518189167,1,0.3337441746416312,True,,2895,0.7801131770412287,142
42200000000.0,0.0,20201034,808,0.21773106979250875,1,-1.1356129193429503,True,,2579,0.6949609269738615,52
42200000000.0,0.0,20201035,1919,0.5171112907572083,84,-1.2964899678535815,True,,2677,0.7213689032605767,112
42200000000.0,0.0,20201036,2828,0.7620587442737806,350,-4.373860219936079,True,,3351,0.9029911075181891,925
42200000000.0,0.0,20201037,450,0.12126111560226355,0,1.6832555204519446,True,,2484,0.6693613581244947,73
42200000000.0,0.0,20201038,1,0.00026946914578280785,0,,False,,0,0.0,0
42200000000.0,0.0,20201039,67,0.018054432767448128,0,0.45427746494227517,True,,2514,0.677445432497979,30
42200000000.0,0.0,20201040,12,0.0032336297493936943,0,,False,,29,0.007814605227701428,0
42200000000.0,0.0,20201041,3,0.0008084074373484236,1,1.9128879483224668,True,,81,0.021827000808407437,0
42200000000.0,0.0,20201042,2016,0.5432497978981407,60,0.04116257183249328,True,,2712,0.730800323362975,127
42200000000.0,0.0,20201043,0,0.0,0,,False,,0,0.0,0
42200000000.0,0.0,20201044,1147,0.30908111021288065,32,1.095140485547148,True,,2806,0.7561304230665589,163
42200000000.0,0.0,20201045,2,0.0005389382915656157,0,1.032818464748324,True,,2,0.0005389382915656157,0
42200000000.0,0.0,20201046,547,0.1473996227431959,0,-0.12788669477456072,True,,2315,0.6238210724872002,0
42200000000.0,0.0,20201047,26,0.007006197790353005,0,2.9244775000891394,False,,787,0.2120722177310698,0
42200000000.0,0.0,20201048,335,0.09027216383724064,2,2.877230014660336,False,,476,0.12826731339261654,1
42200000000.0,0.0,20201049,0,0.0,0,3.7900994573264355,False,,16,0.004311506332524926,1
42200000000.0,0.0,20201050,1325,0.35704661816222044,1,0.8436689688656847,True,,2782,0.7496631635677715,205
42200000000.0,0.0,20201051,48,0.012934518997574777,0,-0.006416818223924814,True,,2763,0.7445432497978981,81
42200000000.0,0.0,20201052,1956,0.5270816491511722,45,0.0420435517578408,True,,3018,0.8132578819725141,209
42200000000.0,0.0,20201053,1870,0.5039073026138507,26,-2.7130160873382616,True,,3,0.0008084074373484236,0
42200000000.0,0.0,20201054,1095,0.2950687146321746,2,2.1812727095783657,False,,2668,0.7189436809485313,119
42200000000.0,0.0,20201055,1226,0.33036917272972244,3,-1.4088857748805914,True,,2341,0.6308272702775533,40
42200000000.0,0.0,20201056,205,0.055241174885475613,0,3.2771410927268514,False,,2232,0.6014551333872271,26
42200000000.0,0.0,20201057,1539,0.4147130153597413,17,-0.42768587970424754,True,,2670,0.719482619240097,81
42200000000.0,0.0,20201058,2209,0.5952573430342226,50,1.8505413062698093,True,,2703,0.7283751010509296,105
42200000000.0,0.0,20201059,1243,0.3349501482080302,0,1.8577349843081201,True,,2409,0.6491511721907841,10
42200000000.0,0.0,20201060,1,0.00026946914578280785,0,4.614610797254605,False,,2,0.0005389382915656157,0
42200000000.0,0.0,20201061,47,0.01266504985179197,0,-1.6139060125523086,True,,1494,0.40258690379951495,0
42200000000.0,0.0,20201062,240,0.0646725949878739,0,-1.4212384836452125,True,,2423,0.6529237402317435,24
42200000000.0,0.0,20201063,1065,0.28698464025869036,15,0.6605173698425908,True,,2491,0.6712476421449745,36
42200000000.0,0.0,20201064,727,0.19590406898410131,0,-0.6568744931147492,True,,2463,0.6637025060630558,60
42200000000.0,0.0,20201065,9,0.002425222312045271,0,6.428482832433176,False,,4,0.0010778765831312314,0
42200000000.0,0.0,20201066,0,0.0,0,-5.717999137859049,True,,3056,0.8234977095122609,369
42200000000.0,0.0,20201067,2788,0.7512799784424683,336,-5.34816904569152,True,,3310,0.8919428725410941,1057
42200000000.0,0.0,20201068,518,0.13958501751549449,1,4.386989928970714,False,,566,0.15251953651306926,1
42200000000.0,0.0,20201069,1488,0.4009700889248181,24,-1.7658797458571192,True,,2921,0.7871193748315818,203
42200000000.0,0.0,20201070,2712,0.730800323362975,429,-4.067193193084102,True,,3324,0.8957154405820533,872
42200000000.0,0.0,20201071,9,0.002425222312045271,0,1.1822753074479868,True,,2113,0.569388305039073,1
42200000000.0,0.0,20201072,2131,0.5742387496631636,125,-3.9936852722426552,True,,3369,0.9078415521422797,893
42200000000.0,0.0,20201073,2205,0.5941794664510913,61,-4.798252626999135,True,,2849,0.7677175963352196,192
42200000000.0,0.0,20201074,0,0.0,0,,False,,0,0.0,0
42200000000.0,0.0,20201075,1443,0.38884397736459175,28,-1.0375144138060781,True,,2681,0.7224467798437079,175
42200000000.0,0.0,20201076,2823,0.7607113985448666,311,-2.251167570980381,True,,3339,0.8997574777687954,889
42200000000.0,0.0,20201077,1377,0.37105901374292644,36,1.608901907878808,True,,2737,0.7375370520075452,132
42200000000.0,0.0,20201078,9,0.002425222312045271,1,0.5058639900419744,True,,1059,0.2853678253839935,2
42200000000.0,0.0,20201079,1,0.00026946914578280785,0,5.1760713786195955,False,,0,0.0,0
42200000000.0,0.0,20201080,85,0.02290487739153867,1,-0.5090298939161109,True,,2320,0.6251684182161142,36
42200000000.0,0.0,20201081,1280,0.3449205066019941,15,-11.036197980417189,True,,2656,0.7157100511991377,43
42200000000.0,0.0,20201082,254,0.0684451630288332,0,4.818717447259256,False,,311,0.08380490433845325,1
42200000000.0,0.0,20201083,3139,0.845863648612234,745,-3.107047885519252,True,,3427,0.9234707625976826,1273
42200000000.0,0.0,20201084,2315,0.6238210724872002,211,-4.468922005444403,True,,3301,0.8895176502290488,819
42200000000.0,0.0,20201085,2,0.0005389382915656157,0,1.0947234555138596,True,,3,0.0008084074373484236,0
42200000000.0,0.0,20201086,679,0.18296954998652654,0,-2.2891375909635654,True,,2589,0.6976556184316896,65
42200000000.0,0.0,20201087,1429,0.38507140932363243,26,-1.4660071201635887,True,,2382,0.6418755052546483,54
42200000000.0,0.0,20201088,59,0.015898679601185663,0,0.6257853377724256,True,,2112,0.5691188358932903,17
42200000000.0,0.0,20201089,768,0.20695230396119643,1,-1.0800219993850404,True,,2837,0.764483966585826,166
42200000000.0,0.0,20201090,754,0.20317973592023714,0,0.991036254315155,True,,892,0.2403664780382646,1
42200000000.0,0.0,20201091,1,0.00026946914578280785,1,0.7600923524978578,True,,73,0.019671247642144975,1
42200000000.0,0.0,20201092,589,0.15871732686607384,0,3.509054489340441,False,,2233,0.60172460253301,13
42200000000.0,0.0,20201093,89,0.0239827539746699,0,-0.6939430701545044,True,,409,0.11021288062516842,0
42200000000.0,0.0,20201094,1,0.00026946914578280785,0,2.5659702977436796,False,,2,0.0005389382915656157,0
42200000000.0,0.0,20201095,407,0.10967394233360281,2,1.228940857903868,True,,2933,0.7903530045809755,94
42200000000.0,0.0,20201096,97,0.026138507140932365,0,1.9897429328865606,True,,0,0.0,0
42200000000.0,0.0,20201097,8,0.002155753166262463,1,-2.6422954691211866,True,,2119,0.5710051199137699,3
42200000000.0,0.0,20201098,3108,0.8375101050929669,526,-3.3523312526003872,True,,3447,0.9288601455133387,1303
42200000000.0,0.0,20201099,1460,0.39342495284289947,24,2.4254539707279177,False,,2936,0.7911614120183239,153
42200000000.0,0.0,20201100,5,0.0013473457289140394,0,-2.830308848423476,True,,717,0.19320937752627323,1
42200000000.0,0.0,20201101,707,0.19051468606844515,0,3.1809743722577064,False,,1667,0.4492050660199407,0
42200000000.0,0.0,20201102,1,0.00026946914578280785,0,2.859753079850508,False,,29,0.007814605227701428,0
42200000000.0,0.0,20201103,9,0.002425222312045271,0,1.1216714712380718,True,,723,0.1948261924009701,0
42200000000.0,0.0,20201104,3057,0.8237671786580436,565,-2.1740818781923643,True,,3377,0.9099973053085422,930
42200000000.0,0.0,20201105,1,0.00026946914578280785,0,3.795552608855645,False,,0,0.0,0
42200000000.0,0.0,20201106,1400,0.37725680409593104,24,-2.866978667354557,True,,2983,0.8038264618701159,242
42200000000.0,0.0,20201107,96,0.025869037995149554,1,0.08481091669362151,True,,65,0.01751549447588251,1
42200000000.0,0.0,20201108,1,0.00026946914578280785,0,2.164500002147321,False,,1,0.00026946914578280785,0
42200000000.0,0.0,20201109,1893,0.5101050929668552,41,-1.2637915868108882,True,,2946,0.793856103476152,199
42200000000.0,0.0,20201110,4,0.0010778765831312314,0,-0.09488232965181531,True,,353,0.09512260846133118,0
42200000000.0,0.0,20201111,38,0.010239827539746699,0,-1.5583965178456571,True,,2357,0.6351387766100781,29
42200000000.0,0.0,20201112,2526,0.6806790622473726,215,-3.448465653875955,True,,3365,0.9067636755591485,951
42200000000.0,0.0,20201113,81,0.021827000808407437,1,4.550503313366736,False,,1332,0.3589329021827001,0
42200000000.0,0.0,20201114,2342,0.631096739423336,173,-2.55810661719788,True,,3219,0.8674211802748585,729
42200000000.0,0.0,20201115,2,0.0005389382915656157,0,1.6142806887967085,True,,27,0.007275666936135812,1
42200000000.0,0.0,20201116,1614,0.4349232012934519,18,-8.00663297692374,True,,2776,0.7480463486930746,128
42200000000.0,0.0,20201117,2,0.0005389382915656157,0,-0.45093917024199737,True,,667,0.17973592023713283,0
42200000000.0,0.0,20201118,605,0.16302883319859876,0,-0.15884112234836678,True,,1644,0.44300727566693615,0
42200000000.0,0.0,20201119,0,0.0,0,-2.7854352825157953,True,,4,0.0010778765831312314,0
42200000000.0,0.0,20201120,70,0.01886284020479655,0,-0.23055591009211973,True,,585,0.1576394502829426,0
42200000000.0,0.0,20201121,1438,0.3874966316356777,24,-2.196239844658593,True,,2824,0.7609808676906494,193
42200000000.0,0.0,20201122,2113,0.569388305039073,99,-3.602907551193476,True,,3280,0.8838587981676098,847
42200000000.0,0.0,20201123,0,0.0,0,,False,,0,0.0,0
42200000000.0,0.0,20201124,2193,0.5909458367016976,106,-5.521133462237795,True,,3305,0.89059552681218,791
42200000000.0,0.0,20201125,15,0.004042037186742118,2,-1.9653921634585503,True,,396,0.10670978172999192,0
42200000000.0,0.0,20201126,206,0.055510644031258424,0,-11.151783010920504,True,,748,0.20156292104554027,0
42200000000.0,0.0,20201127,3085,0.8313123147399623,670,-5.1390682102255685,True,,3264,0.8795472918350848,980
42200000000.0,0.0,20201128,12,0.0032336297493936943,0,2.936891977143567,False,,1731,0.4664510913500404,0
42200000000.0,0.0,20201129,1210,0.3260576663971975,18,-4.905070417111616,True,,2646,0.7130153597413096,62
42200000000.0,0.0,20201130,881,0.23740231743465373,1,1.1217715841697737,True,,1,0.00026946914578280785,0
42200000000.0,0.0,20201131,135,0.03637833468067906,0,,False,,369,0.09943411479385611,0
42200000000.0,0.0,20201132,439,0.11829695499865266,0,0.9983892216929551,True,,1226,0.33036917272972244,0
42200000000.0,0.0,20201133,1270,0.342225815144166,6,1.078620474484405,True,,351,0.09458367016976556,0
42200000000.0,0.0,20201134,2840,0.7652923740231743,382,-5.318023544483992,True,,3306,0.8908649959579629,867
42200000000.0,0.0,20201135,2927,0.7887361897062787,439,-6.072031260030239,True,,3357,0.904607922392886,1031
42200000000.0,0.0,20201136,3,0.0008084074373484236,1,-6.845142363584664,True,,130,0.03503098895176502,1
42200000000.0,0.0,20201137,1691,0.4556723255187281,36,-1.2575176513503221,True,,3027,0.8156831042845594,295
42200000000.0,0.0,20201138,2,0.0005389382915656157,1,-0.6917026220510101,True,,478,0.12880625168418217,0
42200000000.0,0.0,20201139,501,0.13500404203718674,0,3.8143066723209937,False,,1675,0.4513608191862032,0
42200000000.0,0.0,20201140,4,0.0010778765831312314,0,0.4789352317007136,True,,9,0.002425222312045271,0
42200000000.0,0.0,20201141,2974,0.8014012395580706,615,-3.197204073666314,True,,3371,0.9083804904338453,925
42200000000.0,0.0,20201142,88,0.023713284828887092,0,,False,,539,0.14524386957693344,0
42200000000.0,0.0,20201143,79,0.021288062516841823,0,-0.9677562584514501,True,,486,0.13096200485044462,0
42200000000.0,0.0,20201144,2535,0.683104284559418,232,-3.157942320398466,True,,3314,0.8930207491242252,968
42200000000.0,0.0,20201145,454,0.12233899218539478,0,0.9809773951035687,True,,2509,0.6760980867690649,75
42200000000.0,0.0,20201146,1,0.00026946914578280785,0,0.840127081285952,True,,1,0.00026946914578280785,0
42200000000.0,0.0,20201147,391,0.10536243600107788,1,0.20255924163765648,True,,847,0.22824036647803828,1
42200000000.0,0.0,20201148,13,0.0035030988951765024,0,-0.46522359678036995,True,,0,0.0,0
42200000000.0,0.0,20201149,472,0.1271894368094853,0,-0.35840134144819125,True,,2414,0.6504985179196981,32
42200000000.0,0.0,20201150,1412,0.3804904338453247,17,-2.995525716289565,True,,2881,0.7763406090002695,151
42200000000.0,0.0,20201151,13,0.0035030988951765024,0,5.967769279680883,False,,83,0.022365939099973052,0
42200000000.0,0.0,20201152,1,0.00026946914578280785,1,-0.6825965009752544,True,,15,0.004042037186742118,0
42200000000.0,0.0,20201153,1,0.00026946914578280785,0,1.6612092351655905,True,,228,0.06143896523848019,0
42200000000.0,0.0,20201154,26,0.007006197790353005,0,4.7555342842320005,False,,269,0.07248720021557532,0
42200000000.0,0.0,20201155,65,0.01751549447588251,0,3.0652174844980804,False,,194,0.05227701428186473,0
42200000000.0,0.0,20201156,42,0.01131770412287793,0,4.1456464344217405,False,,139,0.037456211263810296,0
42200000000.0,0.0,20201157,2198,0.5922931824306117,58,-2.8937948601559853,True,,3172,0.8547561304230665,368
42200000000.0,0.0,20201158,15,0.004042037186742118,0,-0.8268452964270443,True,,5,0.0013473457289140394,1
42200000000.0,0.0,20201159,2438,0.6569657774184856,181,-1.6449949853446801,True,,3186,0.8585286984640259,492
42200000000.0,0.0,20201160,0,0.0,0,,False,,0,0.0,0
42200000000.0,0.0,20201161,2,0.0005389382915656157,0,-0.15937090177091395,True,,2347,0.63244408515225,9
42200000000.0,0.0,20201162,63,0.016976556184316895,0,,False,,208,0.05604958232282404,0
42200000000.0,0.0,20201163,658,0.17731069792508758,1,-1.1405329197387521,True,,2173,0.5855564537860415,28
42200000000.0,0.0,20201164,597,0.1608730800323363,1,0.6332227366830683,True,,2735,0.7369981137159796,158
42200000000.0,0.0,20201165,296,0.07976286715171113,1,-2.7661254048856314,True,,12,0.0032336297493936943,0
42200000000.0,0.0,20201166,0,0.0,0,,False,,3,0.0008084074373484236,0
42200000000.0,0.0,20201167,24,0.0064672594987873885,1,3.2827760298292645,False,,3,0.0008084074373484236,0
42200000000.0,0.0,20201168,13,0.0035030988951765024,0,5.49050531270839,False,,497,0.1339261654540555,0
42200000000.0,0.0,20201169,4,0.0010778765831312314,0,,False,,297,0.08003233629749394,0
42200000000.0,0.0,20201170,2689,0.7246025330099704,240,-2.4839250101088233,True,,3366,0.9070331447049312,833
42200000000.0,0.0,20201171,244,0.06575047157100512,1,3.426796511857102,False,,1000,0.2694691457828079,1
42200000000.0,0.0,20201172,1389,0.3742926434923201,10,-0.0958876835792708,True,,2558,0.6893020749124226,38
42200000000.0,0.0,20201173,25,0.006736728644570197,0,-12.616659136917512,True,,1717,0.4626785233090811,1
42200000000.0,0.0,20201174,3,0.0008084074373484236,0,5.909826326887934,False,,16,0.004311506332524926,0
42200000000.0,0.0,20201175,10,0.0026946914578280788,1,-0.44612193620621454,True,,1172,0.3158178388574508,1
42200000000.0,0.0,20201176,16,0.004311506332524926,0,2.0943204086148324,False,,2,0.0005389382915656157,0
42200000000.0,0.0,20201177,1869,0.5036378334680679,94,-2.42227374058956,True,,3123,0.841552142279709,534
42200000000.0,0.0,20201178,366,0.09862570735650768,0,-0.08633635169678922,True,,1676,0.451630288331986,3
42200000000.0,0.0,20201179,17,0.004580975478307734,1,3.829948487988003,False,,534,0.1438965238480194,1
42200000000.0,0.0,20201180,1304,0.3513877661007815,22,0.9058616405436308,True,,2730,0.7356507679870655,65
42200000000.0,0.0,20201181,1995,0.5375909458367018,119,-2.470590452756083,True,,3234,0.8714632174616006,679
42200000000.0,0.0,20201182,2990,0.8057127458905955,437,-4.059682872321844,True,,3375,0.9094583670169766,995
42200000000.0,0.0,20201183,1930,0.5200754513608192,43,2.3997690540078267,False,,2711,0.7305308542171921,136
42200000000.0,0.0,20201184,287,0.07733764483966586,0,-4.815760901349639,True,,2711,0.7305308542171921,105
42200000000.0,0.0,20201185,200,0.05389382915656157,0,4.063315789638989,False,,1795,0.48369711668014015,0
42200000000.0,0.0,20201186,2884,0.7771490164376179,325,-2.391323405499818,True,,3336,0.898949070331447,881
42200000000.0,0.0,20201187,66,0.01778496362166532,2,1.4444811852094634,True,,2150,0.5793586634330369,11
42200000000.0,0.0,20201188,227,0.06116949609269739,0,2.919676020160641,False,,2118,0.570735650767987,1
42200000000.0,0.0,20201189,2083,0.5613042306655888,162,-2.1983608495301556,True,,3098,0.8348154136351388,412
42200000000.0,0.0,20201190,7,0.001886284020479655,0,4.651625836348318,False,,9,0.002425222312045271,1
42200000000.0,0.0,20201191,15,0.004042037186742118,0,-2.8829607965245554,True,,161,0.043384532471032064,0
42200000000.0,0.0,20201192,1688,0.45486391808137966,41,1.9307408134314588,True,,2931,0.7898140662894099,253
42200000000.0,0.0,20201193,60,0.016168148746968473,0,3.713445264193643,False,,103,0.027755322015629212,0
42200000000.0,0.0,20201194,1,0.00026946914578280785,0,-0.6510400494404052,True,,1,0.00026946914578280785,0
42200000000.0,0.0,20201195,6,0.0016168148746968471,0,3.3696981002776023,False,,10,0.0026946914578280788,0
42200000000.0,0.0,20201196,0,0.0,1,5.2213529808677945,False,,0,0.0,1
42200000000.0,0.0,20201197,0,0.0,0,5.172456988053119,False,,1,0.00026946914578280785,0
42200000000.0,0.0,20201198,2,0.0005389382915656157,0,6.163334434039694,False,,11,0.0029641606036108865,0
42200000000.0,0.0,20201199,1059,0.2853678253839935,1,3.7599536718973496,False,,1064,0.28671517111290756,0
42200000000.0,0.0,20201200,2604,0.7016976556184317,247,-2.382016021012335,True,,3310,0.8919428725410941,920
56200000000.0,0.0,20201001,2035,0.548369711668014,83,-1.3663811429320818,True,,2964,0.7987065481002426,205
56200000000.0,0.0,20201002,221,0.05955268121800054,0,2.1764533615030124,False,,1839,0.49555375909458366,3
56200000000.0,0.0,20201003,2133,0.5747776879547292,110,-1.0057621642007222,True,,3149,0.8485583400700619,659
56200000000.0,0.0,20201004,1,0.00026946914578280785,1,0.46667241055194175,True,,143,0.038534087846941525,0
56200000000.0,0.0,20201005,2347,0.63244408515225,133,-7.376355015605215,True,,3228,0.8698464025869038,532
56200000000.0,0.0,20201006,1421,0.38291565615737,2,-0.6986092890962938,True,,2771,0.7466990029641606,72
56200000000.0,0.0,20201007,2392,0.6445701967124764,159,-6.177329354588388,True,,3152,0.8493667475074104,563
56200000000.0,0.0,20201008,2546,0.6860684451630288,90,-0.6728293887946633,True,,2994,0.8067906224737268,198
56200000000.0,0.0,20201009,1621,0.43680948531393154,27,-1.1643490272194796,True,,2950,0.7949339800592832,196
56200000000.0,0.0,20201010,4,0.0010778765831312314,0,3.0059665881574547,False,,0,0.0,0
56200000000.0,0.0,20201011,2717,0.732147669091889,257,-3.5268297763956182,True,,3235,0.8717326866073835,651
56200000000.0,0.0,20201012,2442,0.6580436540016168,117,-0.054842477040995874,True,,2979,0.8027485852869847,243
56200000000.0,0.0,20201013,3091,0.8329291296146591,599,-4.3758602585599915,True,,3404,0.917272972244678,1390
56200000000.0,0.0,20201014,1,0.00026946914578280785,0,0.14793545282991438,True,,1,0.00026946914578280785,0
56200000000.0,0.0,20201015,1514,0.4079762867151711,19,-8.479159909235273,True,,2912,0.7846941525195366,124
56200000000.0,0.0,20201016,1409,0.37968202640797627,3,1.0835755652613415,True,,2354,0.6343303691727297,35
56200000000.0,0.0,20201017,2624,0.7070870385340878,240,-2.226165683903649,True,,3292,0.8870924279170035,834
56200000000.0,0.0,20201018,995,0.26812180005389386,2,-0.11737015657024852,True,,2125,0.5726219347884667,28
56200000000.0,0.0,20201019,4,0.0010778765831312314,1,2.43257235038174,False,,2330,0.6278631096739423,22
56200000000.0,0.0,20201020,2734,0.7367286445701967,301,-1.3152257264016383,True,,3281,0.8841282673133927,610
56200000000.0,0.0,20201021,0,0.0,0,-5.950966682889597,True,,82,0.022096469954190245,0
56200000000.0,0.0,20201022,1270,0.342225815144166,15,-2.2286373606117653,True,,2968,0.7997844246833737,144
56200000000.0,0.0,20201023,6,0.0016168148746968471,1,2.4124932086277884,False,,2150,0.5793586634330369,1
56200000000.0,0.0,20201024,2328,0.6273241713823767,101,-3.2643559103517843,True,,3314,0.8930207491242252,805
56200000000.0,0.0,20201025,584,0.1573699811371598,0,-0.9160203647650693,True,,2523,0.6798706548100243,8
56200000000.0,0.0,20201026,2694,0.7259498787388844,324,-3.442335377777394,True,,3356,0.9043384532471032,865
56200000000.0,0.0,20201027,2675,0.7208299649690111,278,-1.9977548207353144,True,,3342,0.9005658852061439,948
56200000000.0,0.0,20201028,275,0.07410401509027216,0,0.39347676663602993,True,,202,0.05443276744812719,0
56200000000.0,0.0,20201029,319,0.08596065750471571,0,-2.37686655030506,True,,2363,0.636755591484775,30
56200000000.0,0.0,20201030,1472,0.3966585825922932,12,-1.7718502957198519,True,,2712,0.730800323362975,80
56200000000.0,0.0,20201031,2492,0.6715171112907572,155,-2.3867270743395075,True,,3219,0.8674211802748585,465
56200000000.0,0.0,20201032,3,0.0008084074373484236,0,0.758301456265249,True,,843,0.22716248989490703,0
56200000000.0,0.0,20201033,998,0.26893020749124225,1,0.3337441746416312,True,,2743,0.7391538668822419,142
56200000000.0,0.0,20201034,1363,0.3672864457019671,13,-1.1356129193429503,True,,2440,0.6575047157100512,45
56200000000.0,0.0,20201035,2368,0.638102937213689,102,-1.2964899678535815,True,,3216,0.8666127728375101,427
56200000000.0,0.0,20201036,3016,0.8127189436809485,423,-4.373860219936079,True,,3395,0.9148477499326327,880
56200000000.0,0.0,20201037,695,0.18728105631905148,1,1.6832555204519446,True,,2819,0.7596335219617354,48
56200000000.0,0.0,20201038,1,0.00026946914578280785,0,,False,,0,0.0,0
56200000000.0,0.0,20201039,68,0.018323901913230935,0,0.45427746494227517,True,,2528,0.6812180005389383,31
56200000000.0,0.0,20201040,12,0.0032336297493936943,0,,False,,34,0.009161950956615468,0
56200000000.0,0.0,20201041,287,0.07733764483966586,0,1.9128879483224668,True,,111,0.029911075181891674,0
56200000000.0,0.0,20201042,2180,0.5874427378065211,60,0.04116257183249328,True,,2870,0.7733764483966585,131
56200000000.0,0.0,20201043,0,0.0,0,,False,,0,0.0,0
56200000000.0,0.0,20201044,2093,0.5639989221234168,69,1.095140485547148,True,,2962,0.798167609808677,197
56200000000.0,0.0,20201045,2,0.0005389382915656157,0,1.032818464748324,True,,1,0.00026946914578280785,0
56200000000.0,0.0,20201046,290,0.07814605227701428,0,-0.12788669477456072,True,,2703,0.7283751010509296,48
56200000000.0,0.0,20201047,334,0.09000269469145783,0,2.9244775000891394,False,,1109,0.2988412826731339,0
56200000000.0,0.0,20201048,996,0.26839126919967665,3,2.877230014660336,False,,2298,0.6192400970088925,1
56200000000.0,0.0,20201049,0,0.0,0,3.7900994573264355,False,,1,0.00026946914578280785,1
56200000000.0,0.0,20201050,1339,0.3608191862031797,9,0.8436689688656847,True,,2850,0.7679870654810024,199
56200000000.0,0.0,20201051,230,0.06197790353004581,0,-0.006416818223924814,True,,2226,0.5998383185125303,2
56200000000.0,0.0,20201052,2119,0.5710051199137699,45,0.0420435517578408,True,,2780,0.7491242252762059,105
56200000000.0,0.0,20201053,1169,0.3150094314201024,21,-2.7130160873382616,True,,55,0.014820803018054433,0
56200000000.0,0.0,20201054,698,0.1880894637563999,14,2.1812727095783657,False,,2591,0.6981945567232551,83
56200000000.0,0.0,20201055,1056,0.28455941794664513,3,-1.4088857748805914,True,,2630,0.7087038534087847,75
56200000000.0,0.0,20201056,190,0.05119913769873349,0,3.2771410927268514,False,,2185,0.5887900835354352,0
56200000000.0,0.0,20201057,1427,0.38453247103206684,11,-0.42768587970424754,True,,2821,0.760172460253301,97
56200000000.0,0.0,20201058,2419,0.6518458636486122,56,1.8505413062698093,True,,2884,0.7771490164376179,175
56200000000.0,0.0,20201059,1459,0.39315548369711667,0,1.8577349843081201,True,,2512,0.6769064942064134,25
56200000000.0,0.0,20201060,1,0.00026946914578280785,0,4.614610797254605,False,,2,0.0005389382915656157,0
56200000000.0,0.0,20201061,92,0.024791161412018325,0,-1.6139060125523086,True,,2742,0.7388843977364592,37
56200000000.0,0.0,20201062,440,0.11856642414443547,3,-1.4212384836452125,True,,2574,0.6936135812449474,61
56200000000.0,0.0,20201063,1627,0.4384263001886284,19,0.6605173698425908,True,,2580,0.6952303961196443,37
56200000000.0,0.0,20201064,915,0.2465642683912692,1,-0.6568744931147492,True,,2615,0.7046618162220426,62
56200000000.0,0.0,20201065,12,0.0032336297493936943,0,6.428482832433176,False,,4,0.0010778765831312314,0
56200000000.0,0.0,20201066,36,0.009700889248181084,0,-5.717999137859049,True,,2951,0.795203449205066,264
56200000000.0,0.0,20201067,3064,0.8256534626785234,466,-5.34816904569152,True,,3387,0.9126919967663703,1098
56200000000.0,0.0,20201068,672,0.18108326596604687,1,4.386989928970714,False,,1428,0.38480194017784963,1
56200000000.0,0.0,20201069,1436,0.3869576933441121,33,-1.7658797458571192,True,,3227,0.869576933441121,478
56200000000.0,0.0,20201070,2912,0.7846941525195366,408,-4.067193193084102,True,,3358,0.9048773915386689,1005
56200000000.0,0.0,20201071,9,0.002425222312045271,0,1.1822753074479868,True,,2063,0.5559148477499326,0
56200000000.0,0.0,20201072,2527,0.6809485313931555,156,-3.9936852722426552,True,,3392,0.9140393424952843,965
56200000000.0,0.0,20201073,2313,0.6232821341956346,98,-4.798252626999135,True,,3008,0.8105631905146861,316
56200000000.0,0.0,20201074,0,0.0,0,,False,,0,0.0,0
56200000000.0,0.0,20201075,1613,0.4346537321476691,41,-1.0375144138060781,True,,2596,0.6995419024521692,80
56200000000.0,0.0,20201076,2924,0.7879277822689302,434,-2.251167570980381,True,,3387,0.9126919967663703,1049
56200000000.0,0.0,20201077,1602,0.4316895715440582,26,1.608901907878808,True,,2637,0.7105901374292644,95
56200000000.0,0.0,20201078,12,0.0032336297493936943,2,0.5058639900419744,True,,2332,0.6284020479655079,0
56200000000.0,0.0,20201079,1,0.00026946914578280785,0,5.1760713786195955,False,,0,0.0,0
56200000000.0,0.0,20201080,186,0.050121261115602264,1,-0.5090298939161109,True,,2609,0.7030450013473457,65
56200000000.0,0.0,20201081,1447,0.389921853947723,15,-11.036197980417189,True,,2653,0.7149016437617893,57
56200000000.0,0.0,20201082,46,0.012395580706009162,1,4.818717447259256,False,,1367,0.36836432228509836,0
56200000000.0,0.0,20201083,3242,0.8736189706278631,853,-3.107047885519252,True,,3418,0.9210455402856373,1291
56200000000.0,0.0,20201084,2790,0.751818916734034,262,-4.468922005444403,True,,3243,0.8738884397736459,828
56200000000.0,0.0,20201085,2,0.0005389382915656157,0,1.0947234555138596,True,,38,0.010239827539746699,0
56200000000.0,0.0,20201086,822,0.22150363783346808,3,-2.2891375909635654,True,,2965,0.7989760172460253,182
56200000000.0,0.0,20201087,1511,0.40716787927782266,29,-1.4660071201635887,True,,2644,0.712476421449744,100
56200000000.0,0.0,20201088,170,0.04580975478307734,1,0.6257853377724256,True,,2305,0.6211263810293721,1
56200000000.0,0.0,20201089,753,0.2029102667744543,2,-1.0800219993850404,True,,2907,0.7833468067906225,231
56200000000.0,0.0,20201090,158,0.042576125033683646,0,0.991036254315155,True,,2033,0.5478307733764484,1
56200000000.0,0.0,20201091,1,0.00026946914578280785,1,0.7600923524978578,True,,57,0.015359741309620048,1
56200000000.0,0.0,20201092,127,0.0342225815144166,0,3.509054489340441,False,,2415,0.650767987065481,22
56200000000.0,0.0,20201093,22,0.005928321207221773,0,-0.6939430701545044,True,,474,0.12772837510105092,0
56200000000.0,0.0,20201094,1,0.00026946914578280785,0,2.5659702977436796,False,,5,0.0013473457289140394,0
56200000000.0,0.0,20201095,849,0.22877930476960387,3,1.228940857903868,True,,2429,0.6545405551064403,44
56200000000.0,0.0,20201096,68,0.018323901913230935,0,1.9897429328865606,True,,0,0.0,0
56200000000.0,0.0,20201097,18,0.004850444624090542,0,-2.6422954691211866,True,,2320,0.6251684182161142,20
56200000000.0,0.0,20201098,3168,0.8536782538399353,710,-3.3523312526003872,True,,3432,0.9248181083265966,1335
56200000000.0,0.0,20201099,1826,0.4920506601994072,49,2.4254539707279177,False,,2937,0.7914308811641068,199
56200000000.0,0.0,20201100,13,0.0035030988951765024,0,-2.830308848423476,True,,2021,0.5445971436270547,2
56200000000.0,0.0,20201101,803,0.2163837240635947,0,3.1809743722577064,False,,1946,0.5243869576933441,0
56200000000.0,0.0,20201102,1,0.00026946914578280785,0,2.859753079850508,False,,24,0.0064672594987873885,0
56200000000.0,0.0,20201103,4,0.0010778765831312314,0,1.1216714712380718,True,,1985,0.5348962543788737,0
56200000000.0,0.0,20201104,2997,0.8075990299110751,610,-2.1740818781923643,True,,3469,0.9347884667205605,977
56200000000.0,0.0,20201105,1,0.00026946914578280785,0,3.795552608855645,False,,0,0.0,0
56200000000.0,0.0,20201106,1622,0.43707895445971434,38,-2.866978667354557,True,,3145,0.8474804634869307,392
56200000000.0,0.0,20201107,242,0.0652115332794395,1,0.08481091669362151,True,,816,0.2198868229587712,1
56200000000.0,0.0,20201108,75,0.02021018593371059,0,2.164500002147321,False,,3,0.0008084074373484236,0
56200000000.0,0.0,20201109,1795,0.48369711668014015,21,-1.2637915868108882,True,,3014,0.812180005389383,267
56200000000.0,0.0,20201110,4,0.0010778765831312314,0,-0.09488232965181531,True,,1759,0.473996227431959,2
56200000000.0,0.0,20201111,508,0.1368903260576664,1,-1.5583965178456571,True,,2270,0.6116949609269738,11
56200000000.0,0.0,20201112,2939,0.7919698194556724,315,-3.448465653875955,True,,3343,0.9008353543519267,1081
56200000000.0,0.0,20201113,127,0.0342225815144166,0,4.550503313366736,False,,1661,0.44758825114524387,1
56200000000.0,0.0,20201114,2176,0.5863648612233899,144,-2.55810661719788,True,,3273,0.8819725141471302,731
56200000000.0,0.0,20201115,2,0.0005389382915656157,0,1.6142806887967085,True,,698,0.1880894637563999,1
56200000000.0,0.0,20201116,1841,0.4960926973861493,27,-8.00663297692374,True,,3002,0.8089463756399892,225
56200000000.0,0.0,20201117,10,0.0026946914578280788,0,-0.45093917024199737,True,,147,0.039611964430072755,0
56200000000.0,0.0,20201118,502,0.13527351118296954,0,-0.15884112234836678,True,,1986,0.5351657235246564,0
56200000000.0,0.0,20201119,0,0.0,0,-2.7854352825157953,True,,3,0.0008084074373484236,1
56200000000.0,0.0,20201120,7,0.001886284020479655,0,-0.23055591009211973,True,,891,0.2400970088924818,0
56200000000.0,0.0,20201121,1423,0.3834545944489356,26,-2.196239844658593,True,,2999,0.8081379682026408,185
56200000000.0,0.0,20201122,2470,0.6655887900835354,148,-3.602907551193476,True,,3301,0.8895176502290488,752
56200000000.0,0.0,20201123,0,0.0,0,,False,,0,0.0,0
56200000000.0,0.0,20201124,2143,0.5774723794125572,87,-5.521133462237795,True,,3289,0.886284020479655,782
56200000000.0,0.0,20201125,15,0.004042037186742118,1,-1.9653921634585503,True,,676,0.18216114254917812,1
56200000000.0,0.0,20201126,165,0.0444624090541633,0,-11.151783010920504,True,,1694,0.45648073295607655,0
56200000000.0,0.0,20201127,3148,0.8482888709242792,755,-5.1390682102255685,True,,3435,0.9256265157639451,1279
56200000000.0,0.0,20201128,17,0.004580975478307734,0,2.936891977143567,False,,1354,0.36486122338992183,0
56200000000.0,0.0,20201129,1038,0.27970897332255457,32,-4.905070417111616,True,,2696,0.72648881703045,111
56200000000.0,0.0,20201130,885,0.23848019401778497,2,1.1217715841697737,True,,4,0.0010778765831312314,0
56200000000.0,0.0,20201131,203,0.05470223659391,0,,False,,216,0.0582053354890865,0
56200000000.0,0.0,20201132,564,0.15198059822150364,1,0.9983892216929551,True,,2868,0.7728375101050929,264
56200000000.0,0.0,20201133,1320,0.3556992724333064,2,1.078620474484405,True,,22,0.005928321207221773,0
56200000000.0,0.0,20201134,2916,0.7857720291026677,422,-5.318023544483992,True,,3341,0.900296416060361,1036
56200000000.0,0.0,20201135,2963,0.7984370789544597,473,-6.072031260030239,True,,3422,0.9221234168687685,1199
56200000000.0,0.0,20201136,5,0.0013473457289140394,1,-6.845142363584664,True,,162,0.043654001616814875,2
56200000000.0,0.0,20201137,2173,0.5855564537860415,80,-1.2575176513503221,True,,2924,0.7879277822689302,246
56200000000.0,0.0,20201138,2,0.0005389382915656157,1,-0.6917026220510101,True,,1173,0.31608730800323365,0
56200000000.0,0.0,20201139,161,0.043384532471032064,1,3.8143066723209937,False,,2122,0.5718135273511183,2
56200000000.0,0.0,20201140,5,0.0013473457289140394,1,0.4789352317007136,True,,283,0.07625976825653463,0
56200000000.0,0.0,20201141,3062,0.8251145243869576,581,-3.197204073666314,True,,3329,0.8970627863109674,1041
56200000000.0,0.0,20201142,109,0.029372136890326056,0,,False,,483,0.1301535974130962,0
56200000000.0,0.0,20201143,104,0.02802479116141202,0,-0.9677562584514501,True,,1461,0.3936944219886823,0
56200000000.0,0.0,20201144,2833,0.7634060900026947,290,-3.157942320398466,True,,3408,0.9183508488278093,917
56200000000.0,0.0,20201145,932,0.25114524386957693,3,0.9809773951035687,True,,2108,0.568040959310159,1
56200000000.0,0.0,20201146,1,0.00026946914578280785,0,0.840127081285952,True,,1,0.00026946914578280785,0
56200000000.0,0.0,20201147,134,0.036108865534896256,1,0.20255924163765648,True,,331,0.08919428725410941,1
56200000000.0,0.0,20201148,4,0.0010778765831312314,0,-0.46522359678036995,True,,0,0.0,0
56200000000.0,0.0,20201149,222,0.05982215036378335,0,-0.35840134144819125,True,,2496,0.6725949878738885,43
56200000000.0,0.0,20201150,1357,0.3656696308272703,10,-2.995525716289565,True,,2983,0.8038264618701159,203
56200000000.0,0.0,20201151,5,0.0013473457289140394,0,5.967769279680883,False,,169,0.04554028563729453,0
56200000000.0,0.0,20201152,1,0.00026946914578280785,1,-0.6825965009752544,True,,19,0.005119913769873349,0
56200000000.0,0.0,20201153,1,0.00026946914578280785,0,1.6612092351655905,True,,29,0.007814605227701428,0
56200000000.0,0.0,20201154,51,0.0137429264349232,1,4.7555342842320005,False,,2275,0.6130423066558879,1
56200000000.0,0.0,20201155,67,0.018054432767448128,0,3.0652174844980804,False,,56,0.01509027216383724,0
56200000000.0,0.0,20201156,46,0.012395580706009162,0,4.1456464344217405,False,,175,0.04715710051199138,0
56200000000.0,0.0,20201157,2409,0.6491511721907841,169,-2.8937948601559853,True,,3127,0.8426300188628402,321
56200000000.0,0.0,20201158,21,0.005658852061438965,0,-0.8268452964270443,True,,5,0.0013473457289140394,1
56200000000.0,0.0,20201159,2043,0.5505254648342764,54,-1.6449949853446801,True,,3248,0.87523578550256,575
56200000000.0,0.0,20201160,0,0.0,0,,False,,0,0.0,0
56200000000.0,0.0,20201161,2,0.0005389382915656157,0,-0.15937090177091395,True,,4,0.0010778765831312314,0
56200000000.0,0.0,20201162,66,0.01778496362166532,0,,False,,325,0.08757747237941256,0
56200000000.0,0.0,20201163,1311,0.3532740501212611,2,-1.1405329197387521,True,,2037,0.5489086499595797,2
56200000000.0,0.0,20201164,930,0.25060630557801133,1,0.6332227366830683,True,,2888,0.7782268930207491,239
56200000000.0,0.0,20201165,911,0.24548639180813797,1,-2.7661254048856314,True,,14,0.00377256804095931,1
56200000000.0,0.0,20201166,0,0.0,0,,False,,15,0.004042037186742118,0
56200000000.0,0.0,20201167,34,0.009161950956615468,1,3.2827760298292645,False,,3,0.0008084074373484236,0
56200000000.0,0.0,20201168,31,0.008353543519267044,0,5.49050531270839,False,,577,0.15548369711668014,0
56200000000.0,0.0,20201169,7,0.001886284020479655,0,,False,,30,0.008084074373484237,0
56200000000.0,0.0,20201170,2833,0.7634060900026947,280,-2.4839250101088233,True,,3272,0.8817030450013473,891
56200000000.0,0.0,20201171,685,0.1845863648612234,1,3.426796511857102,False,,2247,0.6054971705739692,0
56200000000.0,0.0,20201172,1506,0.4058205335489086,1,-0.0958876835792708,True,,2536,0.6833737537052007,35
56200000000.0,0.0,20201173,353,0.09512260846133118,0,-12.616659136917512,True,,2491,0.6712476421449745,43
56200000000.0,0.0,20201174,4,0.0010778765831312314,0,5.909826326887934,False,,23,0.006197790353004581,0
56200000000.0,0.0,20201175,14,0.00377256804095931,1,-0.44612193620621454,True,,1131,0.3047696038803557,1
56200000000.0,0.0,20201176,14,0.00377256804095931,0,2.0943204086148324,False,,5,0.0013473457289140394,0
56200000000.0,0.0,20201177,1936,0.521692266235516,100,-2.42227374058956,True,,3229,0.8701158717326866,630
56200000000.0,0.0,20201178,543,0.1463217461600647,1,-0.08633635169678922,True,,2165,0.583400700619779,1
56200000000.0,0.0,20201179,38,0.010239827539746699,0,3.829948487988003,False,,495,0.1333872271624899,1
56200000000.0,0.0,20201180,1811,0.48800862301266507,26,0.9058616405436308,True,,2501,0.6739423336028024,41
56200000000.0,0.0,20201181,2448,0.6596604688763137,191,-2.470590452756083,True,,3191,0.85987604419294,585
56200000000.0,0.0,20201182,3038,0.8186472648881703,504,-4.059682872321844,True,,3447,0.9288601455133387,1130
56200000000.0,0.0,20201183,1516,0.4085152250067367,34,2.3997690540078267,False,,2711,0.7305308542171921,162
56200000000.0,0.0,20201184,75,0.02021018593371059,0,-4.815760901349639,True,,2704,0.7286445701967125,84
56200000000.0,0.0,20201185,234,0.06305578011317704,0,4.063315789638989,False,,2192,0.5906763675559148,1
56200000000.0,0.0,20201186,2861,0.7709512260846133,421,-2.391323405499818,True,,3377,0.9099973053085422,1035
56200000000.0,0.0,20201187,149,0.04015090272163837,1,1.4444811852094634,True,,2139,0.5763945028294261,16
56200000000.0,0.0,20201188,72,0.019401778496362168,0,2.919676020160641,False,,2011,0.5419024521692266,1
56200000000.0,0.0,20201189,2213,0.5963352196173538,132,-2.1983608495301556,True,,3067,0.8264618701158717,476
56200000000.0,0.0,20201190,5,0.0013473457289140394,1,4.651625836348318,False,,1722,0.46402586903799514,0
56200000000.0,0.0,20201191,21,0.005658852061438965,0,-2.8829607965245554,True,,653,0.17596335219617354,0
56200000000.0,0.0,20201192,2349,0.6329830234438156,86,1.9307408134314588,True,,3046,0.8208030180544328,273
56200000000.0,0.0,20201193,53,0.014281864726488817,0,3.713445264193643,False,,1,0.00026946914578280785,0
56200000000.0,0.0,20201194,3,0.0008084074373484236,0,-0.6510400494404052,True,,2,0.0005389382915656157,0
56200000000.0,0.0,20201195,5,0.0013473457289140394,0,3.3696981002776023,False,,235,0.06332524925895985,0
56200000000.0,0.0,20201196,0,0.0,1,5.2213529808677945,False,,0,0.0,1
56200000000.0,0.0,20201197,0,0.0,0,5.172456988053119,False,,1,0.00026946914578280785,0
56200000000.0,0.0,20201198,4,0.0010778765831312314,0,6.163334434039694,False,,36,0.009700889248181084,0
56200000000.0,0.0,20201199,668,0.18000538938291566,0,3.7599536718973496,False,,1957,0.527351118296955,3
56200000000.0,0.0,20201200,3052,0.8224198329291296,430,-2.382016021012335,True,,3353,0.9035300458097548,971
75000000000.0,0.0,20201001,2348,0.6327135542980329,123,-1.3663811429320818,True,,2949,0.7946645109135004,271
75000000000.0,0.0,20201002,213,0.05739692805173808,1,2.1764533615030124,False,,2576,0.694152519536513,30
75000000000.0,0.0,20201003,2605,0.7019671247642145,232,-1.0057621642007222,True,,3308,0.8914039342495285,769
75000000000.0,0.0,20201004,3,0.0008084074373484236,1,0.46667241055194175,True,,362,0.09754783077337645,0
75000000000.0,0.0,20201005,2494,0.6720560495823228,170,-7.376355015605215,True,,3152,0.8493667475074104,597
75000000000.0,0.0,20201006,1692,0.4559417946645109,15,-0.6986092890962938,True,,2642,0.7119374831581784,63
75000000000.0,0.0,20201007,2518,0.6785233090811102,158,-6.177329354588388,True,,3200,0.8623012665049852,627
75000000000.0,0.0,20201008,2516,0.6779843707895445,82,-0.6728293887946633,True,,3002,0.8089463756399892,210
75000000000.0,0.0,20201009,1735,0.46752896793317167,26,-1.1643490272194796,True,,3104,0.8364322285098357,239
75000000000.0,0.0,20201010,7,0.001886284020479655,0,3.0059665881574547,False,,3,0.0008084074373484236,0
75000000000.0,0.0,20201011,2827,0.7617892751279979,312,-3.5268297763956182,True,,3338,0.8994880086230127,772
75000000000.0,0.0,20201012,2498,0.6731339261654541,106,-0.054842477040995874,True,,3062,0.8251145243869576,318
75000000000.0,0.0,20201013,3032,0.8170304500134734,592,-4.3758602585599915,True,,3419,0.9213150094314201,1339
75000000000.0,0.0,20201014,1,0.00026946914578280785,0,0.14793545282991438,True,,1,0.00026946914578280785,0
75000000000.0,0.0,20201015,1774,0.47803826461870114,22,-8.479159909235273,True,,2833,0.7634060900026947,102
75000000000.0,0.0,20201016,1084,0.2921045540285637,2,1.0835755652613415,True,,2740,0.7383454594448936,121
75000000000.0,0.0,20201017,2844,0.7663702506063056,295,-2.226165683903649,True,,3374,0.9091888978711937,1078
75000000000.0,0.0,20201018,1493,0.40231743465373215,1,-0.11737015657024852,True,,2781,0.7493936944219887,95
75000000000.0,0.0,20201019,1216,0.32767448127189436,0,2.43257235038174,False,,2504,0.6747507410401509,25
75000000000.0,0.0,20201020,2760,0.7437348423605498,245,-1.3152257264016383,True,,3222,0.8682295877122069,738
75000000000.0,0.0,20201021,150,0.04042037186742118,0,-5.950966682889597,True,,3,0.0008084074373484236,1
75000000000.0,0.0,20201022,1473,0.396928051738076,21,-2.2286373606117653,True,,2998,0.807868499056858,155
75000000000.0,0.0,20201023,7,0.001886284020479655,1,2.4124932086277884,False,,2474,0.6666666666666666,2
75000000000.0,0.0,20201024,2792,0.7523578550255996,234,-3.2643559103517843,True,,3364,0.9064942064133656,981
75000000000.0,0.0,20201025,280,0.0754513608191862,0,-0.9160203647650693,True,,2223,0.5990299110751819,22
75000000000.0,0.0,20201026,2991,0.8059822150363783,419,-3.442335377777394,True,,3331,0.897601724602533,896
75000000000.0,0.0,20201027,2810,0.7572082996496902,363,-1.9977548207353144,True,,3388,0.9129614659121531,996
75000000000.0,0.0,20201028,668,0.18000538938291566,0,0.39347676663602993,True,,85,0.02290487739153867,0
75000000000.0,0.0,20201029,671,0.18081379682026408,1,-2.37686655030506,True,,2793,0.7526273241713823,101
75000000000.0,0.0,20201030,1566,0.4219886822958771,9,-1.7718502957198519,True,,2711,0.7305308542171921,78
75000000000.0,0.0,20201031,2775,0.7477768795472919,195,-2.3867270743395075,True,,3204,0.8633791430881164,515
75000000000.0,0.0,20201032,3,0.0008084074373484236,0,0.758301456265249,True,,1948,0.5249258959849097,0
75000000000.0,0.0,20201033,1235,0.3327943950417677,3,0.3337441746416312,True,,3050,0.821880894637564,215
75000000000.0,0.0,20201034,1073,0.28914039342495285,15,-1.1356129193429503,True,,2937,0.7914308811641068,129
75000000000.0,0.0,20201035,2242,0.6041498248450552,111,-1.2964899678535815,True,,2969,0.8000538938291566,294
75000000000.0,0.0,20201036,3013,0.8119105362436001,457,-4.373860219936079,True,,3399,0.9159256265157639,1145
75000000000.0,0.0,20201037,1480,0.3988143357585556,1,1.6832555204519446,True,,2752,0.7415790891942873,50
75000000000.0,0.0,20201038,1,0.00026946914578280785,0,,False,,0,0.0,0
75000000000.0,0.0,20201039,98,0.026407976286715172,0,0.45427746494227517,True,,2589,0.6976556184316896,33
75000000000.0,0.0,20201040,25,0.006736728644570197,0,,False,,176,0.047426569657774184,0
75000000000.0,0.0,20201041,81,0.021827000808407437,0,1.9128879483224668,True,,2629,0.7084343842630019,63
75000000000.0,0.0,20201042,2226,0.5998383185125303,42,0.04116257183249328,True,,2749,0.7407706817569388,110
75000000000.0,0.0,20201043,0,0.0,0,,False,,0,0.0,0
75000000000.0,0.0,20201044,2084,0.5615736998113716,53,1.095140485547148,True,,3225,0.8690379951495554,507
75000000000.0,0.0,20201045,3,0.0008084074373484236,0,1.032818464748324,True,,3,0.0008084074373484236,0
75000000000.0,0.0,20201046,382,0.10293721368903261,1,-0.12788669477456072,True,,2731,0.7359202371328483,35
75000000000.0,0.0,20201047,182,0.049043384532471035,0,2.9244775000891394,False,,378,0.10185933710590138,0
75000000000.0,0.0,20201048,455,0.12260846133117757,0,2.877230014660336,False,,2459,0.6626246294799245,29
75000000000.0,0.0,20201049,0,0.0,0,3.7900994573264355,False,,1,0.00026946914578280785,1
75000000000.0,0.0,20201050,1405,0.3786041498248451,0,0.8436689688656847,True,,3087,0.8318512530315278,419
75000000000.0,0.0,20201051,319,0.08596065750471571,0,-0.006416818223924814,True,,2541,0.6847210994341147,42
75000000000.0,0.0,20201052,2349,0.6329830234438156,59,0.0420435517578408,True,,2965,0.7989760172460253,188
75000000000.0,0.0,20201053,2139,0.5763945028294261,29,-2.7130160873382616,True,,58,0.015629210455402855,0
75000000000.0,0.0,20201054,1755,0.47291835084882783,35,2.1812727095783657,False,,2598,0.7000808407437349,85
75000000000.0,0.0,20201055,1009,0.2718943680948531,3,-1.4088857748805914,True,,2891,0.7790353004580975,131
75000000000.0,0.0,20201056,318,0.0856911883589329,1,3.2771410927268514,False,,2316,0.624090541632983,1
75000000000.0,0.0,20201057,2043,0.5505254648342764,21,-0.42768587970424754,True,,2853,0.7687954729183508,101
75000000000.0,0.0,20201058,2168,0.5842091080571274,51,1.8505413062698093,True,,2698,0.7270277553220156,125
75000000000.0,0.0,20201059,1554,0.41875505254648343,2,1.8577349843081201,True,,2555,0.6884936674750741,19
75000000000.0,0.0,20201060,1,0.00026946914578280785,0,4.614610797254605,False,,2,0.0005389382915656157,0
75000000000.0,0.0,20201061,304,0.08191862031797359,0,-1.6139060125523086,True,,2434,0.6558879008353543,44
75000000000.0,0.0,20201062,1434,0.38641875505254647,20,-1.4212384836452125,True,,2693,0.7256804095931015,49
75000000000.0,0.0,20201063,1652,0.4451630288331986,10,0.6605173698425908,True,,2573,0.6933441120991647,33
75000000000.0,0.0,20201064,1167,0.3144704931285368,0,-0.6568744931147492,True,,2743,0.7391538668822419,110
75000000000.0,0.0,20201065,54,0.014551333872271624,0,6.428482832433176,False,,7,0.001886284020479655,0
75000000000.0,0.0,20201066,66,0.01778496362166532,0,-5.717999137859049,True,,3036,0.8181083265966047,290
75000000000.0,0.0,20201067,2965,0.7989760172460253,423,-5.34816904569152,True,,3401,0.9164645648073295,1302
75000000000.0,0.0,20201068,565,0.15225006736728644,1,4.386989928970714,False,,2251,0.6065750471571005,2
75000000000.0,0.0,20201069,2432,0.6553489625437887,88,-1.7658797458571192,True,,3081,0.8302344381568311,361
75000000000.0,0.0,20201070,3019,0.813527351118297,477,-4.067193193084102,True,,3412,0.9194287254109405,1132
75000000000.0,0.0,20201071,15,0.004042037186742118,0,1.1822753074479868,True,,2571,0.692805173807599,23
75000000000.0,0.0,20201072,2866,0.7722985718135273,225,-3.9936852722426552,True,,3413,0.9196981945567233,1108
75000000000.0,0.0,20201073,2240,0.6036108865534896,73,-4.798252626999135,True,,3263,0.8792778226893021,586
75000000000.0,0.0,20201074,0,0.0,0,,False,,0,0.0,0
75000000000.0,0.0,20201075,2297,0.6189706278631096,74,-1.0375144138060781,True,,2964,0.7987065481002426,164
75000000000.0,0.0,20201076,2945,0.7935866343303691,419,-2.251167570980381,True,,3361,0.9056857989760172,1091
75000000000.0,0.0,20201077,1570,0.42306655887900835,41,1.608901907878808,True,,3064,0.8256534626785234,290
75000000000.0,0.0,20201078,17,0.004580975478307734,1,0.5058639900419744,True,,2327,0.6270547022365939,24
75000000000.0,0.0,20201079,1,0.00026946914578280785,0,5.1760713786195955,False,,0,0.0,0
75000000000.0,0.0,20201080,75,0.02021018593371059,1,-0.5090298939161109,True,,2763,0.7445432497978981,98
75000000000.0,0.0,20201081,1445,0.38938291565615735,3,-11.036197980417189,True,,2821,0.760172460253301,83
75000000000.0,0.0,20201082,160,0.04311506332524926,1,4.818717447259256,False,,1965,0.5295068714632175,0
75000000000.0,0.0,20201083,3226,0.8693074642953382,889,-3.107047885519252,True,,3422,0.9221234168687685,1387
75000000000.0,0.0,20201084,2840,0.7652923740231743,369,-4.468922005444403,True,,3386,0.9124225276205874,915
75000000000.0,0.0,20201085,15,0.004042037186742118,0,1.0947234555138596,True,,2292,0.6176232821341956,0
75000000000.0,0.0,20201086,1548,0.4171382376717866,24,-2.2891375909635654,True,,2926,0.7884667205604958,210
75000000000.0,0.0,20201087,2046,0.5513338722716249,40,-1.4660071201635887,True,,2369,0.6383724063594718,24
75000000000.0,0.0,20201088,363,0.09781729991915926,0,0.6257853377724256,True,,2605,0.7019671247642145,71
75000000000.0,0.0,20201089,1126,0.30342225815144164,4,-1.0800219993850404,True,,3086,0.8315817838857451,257
75000000000.0,0.0,20201090,34,0.009161950956615468,0,0.991036254315155,True,,1837,0.49501482080301806,1
75000000000.0,0.0,20201091,2,0.0005389382915656157,1,0.7600923524978578,True,,88,0.023713284828887092,2
75000000000.0,0.0,20201092,318,0.0856911883589329,0,3.509054489340441,False,,2491,0.6712476421449745,27
75000000000.0,0.0,20201093,93,0.025060630557801132,1,-0.6939430701545044,True,,1117,0.3009970358393964,0
75000000000.0,0.0,20201094,1,0.00026946914578280785,0,2.5659702977436796,False,,69,0.018593371059013743,0
75000000000.0,0.0,20201095,520,0.14012395580706008,2,1.228940857903868,True,,2968,0.7997844246833737,244
75000000000.0,0.0,20201096,86,0.023174346537321477,0,1.9897429328865606,True,,0,0.0,0
75000000000.0,0.0,20201097,23,0.006197790353004581,0,-2.6422954691211866,True,,2858,0.7701428186472649,87
75000000000.0,0.0,20201098,3174,0.8552950687146321,640,-3.3523312526003872,True,,3494,0.9415251953651307,1461
75000000000.0,0.0,20201099,1950,0.5254648342764754,65,2.4254539707279177,False,,2903,0.7822689302074912,186
75000000000.0,0.0,20201100,5,0.0013473457289140394,0,-2.830308848423476,True,,2465,0.6642414443546214,26
75000000000.0,0.0,20201101,917,0.2471032066828348,0,3.1809743722577064,False,,1580,0.4257612503368364,0
75000000000.0,0.0,20201102,1,0.00026946914578280785,0,2.859753079850508,False,,45,0.012126111560226353,0
75000000000.0,0.0,20201103,5,0.0013473457289140394,0,1.1216714712380718,True,,1666,0.4489355968741579,0
75000000000.0,0.0,20201104,3136,0.8450552411748855,711,-2.1740818781923643,True,,3373,0.908919428725411,1081
75000000000.0,0.0,20201105,1,0.00026946914578280785,0,3.795552608855645,False,,13,0.0035030988951765024,0
75000000000.0,0.0,20201106,2170,0.584748046348693,43,-2.866978667354557,True,,3172,0.8547561304230665,465
75000000000.0,0.0,20201107,202,0.05443276744812719,1,0.08481091669362151,True,,416,0.11209916464564808,1
75000000000.0,0.0,20201108,2,0.0005389382915656157,0,2.164500002147321,False,,3,0.0008084074373484236,0
75000000000.0,0.0,20201109,2346,0.6321746160064673,55,-1.2637915868108882,True,,2977,0.8022096469954191,250
75000000000.0,0.0,20201110,5,0.0013473457289140394,0,-0.09488232965181531,True,,1954,0.5265427108596066,0
75000000000.0,0.0,20201111,82,0.022096469954190245,1,-1.5583965178456571,True,,2268,0.6111560226354082,12
75000000000.0,0.0,20201112,2930,0.789544597143627,339,-3.448465653875955,True,,3389,0.9132309350579358,1029
75000000000.0,0.0,20201113,672,0.18108326596604687,0,4.550503313366736,False,,2342,0.631096739423336,0
75000000000.0,0.0,20201114,2400,0.6467259498787389,188,-2.55810661719788,True,,3349,0.9024521692266235,898
75000000000.0,0.0,20201115,2,0.0005389382915656157,0,1.6142806887967085,True,,2019,0.5440582053354891,0
75000000000.0,0.0,20201116,2089,0.5629210455402857,31,-8.00663297692374,True,,3130,0.8434384263001886,362
75000000000.0,0.0,20201117,16,0.004311506332524926,0,-0.45093917024199737,True,,28,0.00754513608191862,0
75000000000.0,0.0,20201118,1245,0.3354890864995958,2,-0.15884112234836678,True,,2700,0.7275666936135813,89
75000000000.0,0.0,20201119,0,0.0,0,-2.7854352825157953,True,,432,0.116410670978173,0
75000000000.0,0.0,20201120,10,0.0026946914578280788,0,-0.23055591009211973,True,,604,0.16275936405281596,0
75000000000.0,0.0,20201121,2467,0.664780382646187,113,-2.196239844658593,True,,3170,0.8542171921315009,454
75000000000.0,0.0,20201122,2757,0.7429264349232013,168,-3.602907551193476,True,,3332,0.8978711937483158,876
75000000000.0,0.0,20201123,0,0.0,0,,False,,0,0.0,0
75000000000.0,0.0,20201124,2503,0.6744812718943681,214,-5.521133462237795,True,,3343,0.9008353543519267,830
75000000000.0,0.0,20201125,34,0.009161950956615468,1,-1.9653921634585503,True,,1017,0.2740501212611156,0
75000000000.0,0.0,20201126,74,0.019940716787927783,0,-11.151783010920504,True,,2353,0.6340609000269469,0
75000000000.0,0.0,20201127,3101,0.8356238210724872,765,-5.1390682102255685,True,,3429,0.9240097008892482,1255
75000000000.0,0.0,20201128,17,0.004580975478307734,0,2.936891977143567,False,,1548,0.4171382376717866,0
75000000000.0,0.0,20201129,1479,0.39854486661277283,27,-4.905070417111616,True,,2795,0.753166262462948,96
75000000000.0,0.0,20201130,1197,0.322554567502021,1,1.1217715841697737,True,,4,0.0010778765831312314,1
75000000000.0,0.0,20201131,154,0.04149824845055241,0,,False,,666,0.17946645109135004,0
75000000000.0,0.0,20201132,149,0.04015090272163837,0,0.9983892216929551,True,,3172,0.8547561304230665,420
75000000000.0,0.0,20201133,1439,0.3877661007814605,12,1.078620474484405,True,,2497,0.6728644570196712,26
75000000000.0,0.0,20201134,3038,0.8186472648881703,497,-5.318023544483992,True,,3336,0.898949070331447,1211
75000000000.0,0.0,20201135,2925,0.788197251414713,544,-6.072031260030239,True,,3394,0.9145782807868499,1180
75000000000.0,0.0,20201136,6,0.0016168148746968471,1,-6.845142363584664,True,,216,0.0582053354890865,1
75000000000.0,0.0,20201137,1124,0.30288331985987604,32,-1.2575176513503221,True,,3019,0.813527351118297,304
75000000000.0,0.0,20201138,8,0.002155753166262463,0,-0.6917026220510101,True,,1097,0.29560765292374025,1
75000000000.0,0.0,20201139,458,0.123416868768526,1,3.8143066723209937,False,,2385,0.6426839126919968,4
75000000000.0,0.0,20201140,183,0.04931285367825384,1,0.4789352317007136,True,,177,0.047696038803556995,0
75000000000.0,0.0,20201141,3128,0.842899488008623,656,-3.197204073666314,True,,3400,0.9161950956615468,1066
75000000000.0,0.0,20201142,120,0.03233629749393695,0,,False,,422,0.11371597952034491,0
75000000000.0,0.0,20201143,807,0.21746160064672596,0,-0.9677562584514501,True,,1646,0.44354621395850174,0
75000000000.0,0.0,20201144,2835,0.7639450282942603,302,-3.157942320398466,True,,3344,0.9011048234977095,946
75000000000.0,0.0,20201145,922,0.24845055241174885,2,0.9809773951035687,True,,2556,0.6887631366208569,25
75000000000.0,0.0,20201146,1,0.00026946914578280785,0,0.840127081285952,True,,1,0.00026946914578280785,0
75000000000.0,0.0,20201147,250,0.06736728644570197,1,0.20255924163765648,True,,1039,0.27997844246833736,1
75000000000.0,0.0,20201148,2,0.0005389382915656157,0,-0.46522359678036995,True,,0,0.0,0
75000000000.0,0.0,20201149,166,0.044731878199946104,0,-0.35840134144819125,True,,2914,0.7852330908111022,131
75000000000.0,0.0,20201150,1531,0.4125572621934788,24,-2.995525716289565,True,,3007,0.8102937213689032,258
75000000000.0,0.0,20201151,13,0.0035030988951765024,0,5.967769279680883,False,,295,0.07949339800592832,0
75000000000.0,0.0,20201152,1,0.00026946914578280785,1,-0.6825965009752544,True,,33,0.00889248181083266,0
75000000000.0,0.0,20201153,1,0.00026946914578280785,0,1.6612092351655905,True,,58,0.015629210455402855,0
75000000000.0,0.0,20201154,20,0.0053893829156561575,1,4.7555342842320005,False,,1988,0.535704661816222,1
75000000000.0,0.0,20201155,131,0.03530045809754783,0,3.0652174844980804,False,,55,0.014820803018054433,1
75000000000.0,0.0,20201156,52,0.01401239558070601,0,4.1456464344217405,False,,219,0.05901374292643492,0
75000000000.0,0.0,20201157,2634,0.7097817299919159,134,-2.8937948601559853,True,,3215,0.8663433036917273,555
75000000000.0,0.0,20201158,21,0.005658852061438965,0,-0.8268452964270443,True,,5,0.0013473457289140394,1
75000000000.0,0.0,20201159,2315,0.6238210724872002,83,-1.6449949853446801,True,,3159,0.85125303152789,497
75000000000.0,0.0,20201160,0,0.0,0,,False,,0,0.0,0
75000000000.0,0.0,20201161,8,0.002155753166262463,0,-0.15937090177091395,True,,7,0.001886284020479655,0
75000000000.0,0.0,20201162,85,0.02290487739153867,0,,False,,327,0.08811641067097817,0
75000000000.0,0.0,20201163,1025,0.27620587442737804,3,-1.1405329197387521,True,,2778,0.7485852869846402,96
75000000000.0,0.0,20201164,998,0.26893020749124225,1,0.6332227366830683,True,,3043,0.8199946106170843,369
75000000000.0,0.0,20201165,631,0.17003503098895176,3,-2.7661254048856314,True,,152,0.040959310158986795,0
75000000000.0,0.0,20201166,6,0.0016168148746968471,0,,False,,15,0.004042037186742118,0
75000000000.0,0.0,20201167,47,0.01266504985179197,1,3.2827760298292645,False,,243,0.06548100242522231,0
75000000000.0,0.0,20201168,285,0.07679870654810024,0,5.49050531270839,False,,1231,0.3317165184586365,0
75000000000.0,0.0,20201169,8,0.002155753166262463,0,,False,,39,0.010509296685529508,0
75000000000.0,0.0,20201170,2825,0.7612503368364322,328,-2.4839250101088233,True,,3305,0.89059552681218,831
75000000000.0,0.0,20201171,778,0.2096469954190245,1,3.426796511857102,False,,2154,0.5804365400161682,3
75000000000.0,0.0,20201172,1814,0.48881703045001346,18,-0.0958876835792708,True,,2705,0.7289140393424953,42
75000000000.0,0.0,20201173,524,0.14120183239019132,1,-12.616659136917512,True,,2742,0.7388843977364592,52
75000000000.0,0.0,20201174,6,0.0016168148746968471,0,5.909826326887934,False,,309,0.08326596604688763,0
75000000000.0,0.0,20201175,13,0.0035030988951765024,1,-0.44612193620621454,True,,1771,0.47722985718135275,1
75000000000.0,0.0,20201176,14,0.00377256804095931,0,2.0943204086148324,False,,6,0.0016168148746968471,0
75000000000.0,0.0,20201177,2593,0.6987334950148208,188,-2.42227374058956,True,,3255,0.8771220695230396,562
75000000000.0,0.0,20201178,712,0.1918620317973592,1,-0.08633635169678922,True,,1893,0.5101050929668552,2
75000000000.0,0.0,20201179,44,0.011856642414443546,0,3.829948487988003,False,,254,0.0684451630288332,0
75000000000.0,0.0,20201180,1004,0.2705470223659391,2,0.9058616405436308,True,,2911,0.7844246833737537,146
75000000000.0,0.0,20201181,2747,0.7402317434653732,221,-2.470590452756083,True,,3341,0.900296416060361,815
75000000000.0,0.0,20201182,3010,0.8111021288062517,523,-4.059682872321844,True,,3453,0.9304769603880356,1239
75000000000.0,0.0,20201183,2079,0.5602263540824576,64,2.3997690540078267,False,,2872,0.7739153866882242,156
75000000000.0,0.0,20201184,867,0.23362974939369444,1,-4.815760901349639,True,,2947,0.7941255726219348,133
75000000000.0,0.0,20201185,403,0.10859606575047157,0,4.063315789638989,False,,2385,0.6426839126919968,0
75000000000.0,0.0,20201186,3111,0.8383185125303153,513,-2.391323405499818,True,,3394,0.9145782807868499,1051
75000000000.0,0.0,20201187,518,0.13958501751549449,1,1.4444811852094634,True,,1994,0.5373214766909189,2
75000000000.0,0.0,20201188,595,0.16033414174077068,0,2.919676020160641,False,,1677,0.4518997574777688,2
75000000000.0,0.0,20201189,2634,0.7097817299919159,180,-2.1983608495301556,True,,3263,0.8792778226893021,558
75000000000.0,0.0,20201190,6,0.0016168148746968471,0,4.651625836348318,False,,1713,0.46160064672594986,1
75000000000.0,0.0,20201191,119,0.032066828348154136,0,-2.8829607965245554,True,,2138,0.5761250336836432,0
75000000000.0,0.0,20201192,1904,0.5130692535704662,58,1.9307408134314588,True,,2998,0.807868499056858,305
75000000000.0,0.0,20201193,6,0.0016168148746968471,0,3.713445264193643,False,,188,0.05066019940716788,0
75000000000.0,0.0,20201194,58,0.015629210455402855,0,-0.6510400494404052,True,,2,0.0005389382915656157,0
75000000000.0,0.0,20201195,1,0.00026946914578280785,0,3.3696981002776023,False,,312,0.08407437348423606,0
75000000000.0,0.0,20201196,0,0.0,1,5.2213529808677945,False,,0,0.0,1
75000000000.0,0.0,20201197,0,0.0,0,5.172456988053119,False,,1,0.00026946914578280785,0
75000000000.0,0.0,20201198,4,0.0010778765831312314,0,6.163334434039694,False,,47,0.01266504985179197,0
75000000000.0,0.0,20201199,1044,0.2813257881972514,3,3.7599536718973496,False,,2784,0.7502021018593371,71
75000000000.0,0.0,20201200,2966,0.7992454863918081,361,-2.382016021012335,True,,3383,0.9116141201832391,1182
100000000000.0,0.0,20201001,2151,0.5796281325788197,89,-1.3663811429320818,True,,,,
100000000000.0,0.0,20201002,1337,0.3602802479116141,1,2.1764533615030124,False,,,,
100000000000.0,0.0,20201003,2789,0.7515494475882512,236,-1.0057621642007222,True,,,,
100000000000.0,0.0,20201004,3,0.0008084074373484236,1,0.46667241055194175,True,,,,
100000000000.0,0.0,20201005,2573,0.6933441120991647,166,-7.376355015605215,True,,,,
100000000000.0,0.0,20201006,1796,0.48396658582592295,24,-0.6986092890962938,True,,,,
100000000000.0,0.0,20201007,2573,0.6933441120991647,195,-6.177329354588388,True,,,,
100000000000.0,0.0,20201008,2391,0.6443007275666937,91,-0.6728293887946633,True,,,,
100000000000.0,0.0,20201009,1678,0.4521692266235516,11,-1.1643490272194796,True,,,,
100000000000.0,0.0,20201010,4,0.0010778765831312314,0,3.0059665881574547,False,,,,
100000000000.0,0.0,20201011,2818,0.7593640528159525,370,-3.5268297763956182,True,,,,
100000000000.0,0.0,20201012,2859,0.7704122877930477,192,-0.054842477040995874,True,,,,
100000000000.0,0.0,20201013,3136,0.8450552411748855,683,-4.3758602585599915,True,,,,
100000000000.0,0.0,20201014,1,0.00026946914578280785,0,0.14793545282991438,True,,,,
100000000000.0,0.0,20201015,2396,0.6456480732956077,37,-8.479159909235273,True,,,,
100000000000.0,0.0,20201016,1048,0.28240366478038265,2,1.0835755652613415,True,,,,
100000000000.0,0.0,20201017,3117,0.8399353274050121,427,-2.226165683903649,True,,,,
100000000000.0,0.0,20201018,1037,0.27943950417677177,1,-0.11737015657024852,True,,,,
100000000000.0,0.0,20201019,1484,0.39989221234168687,0,2.43257235038174,False,,,,
100000000000.0,0.0,20201020,2826,0.761519805982215,224,-1.3152257264016383,True,,,,
100000000000.0,0.0,20201021,66,0.01778496362166532,0,-5.950966682889597,True,,,,
100000000000.0,0.0,20201022,1752,0.4721099434114794,38,-2.2286373606117653,True,,,,
100000000000.0,0.0,20201023,6,0.0016168148746968471,0,2.4124932086277884,False,,,,
100000000000.0,0.0,20201024,2941,0.792508757747238,298,-3.2643559103517843,True,,,,
100000000000.0,0.0,20201025,893,0.24063594718404743,1,-0.9160203647650693,True,,,,
100000000000.0,0.0,20201026,3117,0.8399353274050121,463,-3.442335377777394,True,,,,
100000000000.0,0.0,20201027,3023,0.8146052277014282,468,-1.9977548207353144,True,,,,
100000000000.0,0.0,20201028,715,0.1926704392347076,0,0.39347676663602993,True,,,,
100000000000.0,0.0,20201029,761,0.2050660199407168,3,-2.37686655030506,True,,,,
100000000000.0,0.0,20201030,1647,0.44381568310428454,11,-1.7718502957198519,True,,,,
100000000000.0,0.0,20201031,2810,0.7572082996496902,226,-2.3867270743395075,True,,,,
100000000000.0,0.0,20201032,2,0.0005389382915656157,0,0.758301456265249,True,,,,
100000000000.0,0.0,20201033,2487,0.6701697655618432,56,0.3337441746416312,True,,,,
100000000000.0,0.0,20201034,1670,0.45001347345728915,28,-1.1356129193429503,True,,,,
100000000000.0,0.0,20201035,2312,0.6230126650498518,109,-1.2964899678535815,True,,,,
100000000000.0,0.0,20201036,3139,0.845863648612234,570,-4.373860219936079,True,,,,
100000000000.0,0.0,20201037,1787,0.48154136351387766,3,1.6832555204519446,True,,,,
100000000000.0,0.0,20201038,1,0.00026946914578280785,0,,False,,,,
100000000000.0,0.0,20201039,483,0.1301535974130962,0,0.45427746494227517,True,,,,
100000000000.0,0.0,20201040,34,0.009161950956615468,0,,False,,,,
100000000000.0,0.0,20201041,340,0.09161950956615468,0,1.9128879483224668,True,,,,
100000000000.0,0.0,20201042,2398,0.6461870115871733,47,0.04116257183249328,True,,,,
100000000000.0,0.0,20201043,0,0.0,0,,False,,,,
100000000000.0,0.0,20201044,2337,0.629749393694422,98,1.095140485547148,True,,,,
100000000000.0,0.0,20201045,4,0.0010778765831312314,0,1.032818464748324,True,,,,
100000000000.0,0.0,20201046,407,0.10967394233360281,0,-0.12788669477456072,True,,,,
100000000000.0,0.0,20201047,410,0.11048234977095123,0,2.9244775000891394,False,,,,
100000000000.0,0.0,20201048,667,0.17973592023713283,1,2.877230014660336,False,,,,
100000000000.0,0.0,20201049,0,0.0,0,3.7900994573264355,False,,,,
100000000000.0,0.0,20201050,2194,0.5912153058474805,25,0.8436689688656847,True,,,,
100000000000.0,0.0,20201051,1725,0.4648342764753436,20,-0.006416818223924814,True,,,,
100000000000.0,0.0,20201052,2499,0.6734033953112368,63,0.0420435517578408,True,,,,
100000000000.0,0.0,20201053,2041,0.5499865265427109,31,-2.7130160873382616,True,,,,
100000000000.0,0.0,20201054,1701,0.4583670169765562,26,2.1812727095783657,False,,,,
100000000000.0,0.0,20201055,2142,0.5772029102667745,46,-1.4088857748805914,True,,,,
100000000000.0,0.0,20201056,582,0.15683104284559418,1,3.2771410927268514,False,,,,
100000000000.0,0.0,20201057,1969,0.5305847480463487,26,-0.42768587970424754,True,,,,
100000000000.0,0.0,20201058,2555,0.6884936674750741,71,1.8505413062698093,True,,,,
100000000000.0,0.0,20201059,1645,0.44327674481271895,1,1.8577349843081201,True,,,,
100000000000.0,0.0,20201060,1,0.00026946914578280785,0,4.614610797254605,False,,,,
100000000000.0,0.0,20201061,337,0.09081110212880625,0,-1.6139060125523086,True,,,,
100000000000.0,0.0,20201062,1096,0.2953381837779574,4,-1.4212384836452125,True,,,,
100000000000.0,0.0,20201063,2094,0.5642683912691997,25,0.6605173698425908,True,,,,
100000000000.0,0.0,20201064,1081,0.29129614659121533,0,-0.6568744931147492,True,,,,
100000000000.0,0.0,20201065,82,0.022096469954190245,0,6.428482832433176,False,,,,
100000000000.0,0.0,20201066,103,0.027755322015629212,0,-5.717999137859049,True,,,,
100000000000.0,0.0,20201067,3125,0.8420910805712746,550,-5.34816904569152,True,,,,
100000000000.0,0.0,20201068,850,0.2290487739153867,1,4.386989928970714,False,,,,
100000000000.0,0.0,20201069,2285,0.615736998113716,63,-1.7658797458571192,True,,,,
100000000000.0,0.0,20201070,3113,0.8388574508218809,611,-4.067193193084102,True,,,,
100000000000.0,0.0,20201071,54,0.014551333872271624,0,1.1822753074479868,True,,,,
100000000000.0,0.0,20201072,2769,0.746160064672595,204,-3.9936852722426552,True,,,,
100000000000.0,0.0,20201073,2691,0.725141471301536,145,-4.798252626999135,True,,,,
100000000000.0,0.0,20201074,0,0.0,0,,False,,,,
100000000000.0,0.0,20201075,2191,0.590406898410132,60,-1.0375144138060781,True,,,,
100000000000.0,0.0,20201076,3038,0.8186472648881703,483,-2.251167570980381,True,,,,
100000000000.0,0.0,20201077,2049,0.5521422797089733,25,1.608901907878808,True,,,,
100000000000.0,0.0,20201078,502,0.13527351118296954,0,0.5058639900419744,True,,,,
100000000000.0,0.0,20201079,1,0.00026946914578280785,0,5.1760713786195955,False,,,,
100000000000.0,0.0,20201080,82,0.022096469954190245,1,-0.5090298939161109,True,,,,
100000000000.0,0.0,20201081,1814,0.48881703045001346,16,-11.036197980417189,True,,,,
100000000000.0,0.0,20201082,47,0.01266504985179197,1,4.818717447259256,False,,,,
100000000000.0,0.0,20201083,3247,0.8749663163567771,969,-3.107047885519252,True,,,,
100000000000.0,0.0,20201084,2875,0.7747237941255726,331,-4.468922005444403,True,,,,
100000000000.0,0.0,20201085,251,0.06763675559148477,0,1.0947234555138596,True,,,,
100000000000.0,0.0,20201086,1965,0.5295068714632175,40,-2.2891375909635654,True,,,,
100000000000.0,0.0,20201087,1951,0.5257343034222581,51,-1.4660071201635887,True,,,,
100000000000.0,0.0,20201088,787,0.2120722177310698,0,0.6257853377724256,True,,,,
100000000000.0,0.0,20201089,1982,0.5340878469415252,33,-1.0800219993850404,True,,,,
100000000000.0,0.0,20201090,150,0.04042037186742118,0,0.991036254315155,True,,,,
100000000000.0,0.0,20201091,1,0.00026946914578280785,1,0.7600923524978578,True,,,,
100000000000.0,0.0,20201092,479,0.12907572082996496,0,3.509054489340441,False,,,,
100000000000.0,0.0,20201093,203,0.05470223659391,0,-0.6939430701545044,True,,,,
100000000000.0,0.0,20201094,1,0.00026946914578280785,0,2.5659702977436796,False,,,,
100000000000.0,0.0,20201095,1349,0.3635138776610078,1,1.228940857903868,True,,,,
100000000000.0,0.0,20201096,167,0.045001347345728915,0,1.9897429328865606,True,,,,
100000000000.0,0.0,20201097,91,0.024521692266235517,0,-2.6422954691211866,True,,,,
100000000000.0,0.0,20201098,3228,0.8698464025869038,801,-3.3523312526003872,True,,,,
100000000000.0,0.0,20201099,2135,0.5753166262462948,45,2.4254539707279177,False,,,,
100000000000.0,0.0,20201100,154,0.04149824845055241,0,-2.830308848423476,True,,,,
100000000000.0,0.0,20201101,1547,0.4168687685260038,3,3.1809743722577064,False,,,,
100000000000.0,0.0,20201102,1,0.00026946914578280785,0,2.859753079850508,False,,,,
100000000000.0,0.0,20201103,34,0.009161950956615468,0,1.1216714712380718,True,,,,
100000000000.0,0.0,20201104,3252,0.8763136620856912,772,-2.1740818781923643,True,,,,
100000000000.0,0.0,20201105,1,0.00026946914578280785,0,3.795552608855645,False,,,,
100000000000.0,0.0,20201106,2135,0.5753166262462948,56,-2.866978667354557,True,,,,
100000000000.0,0.0,20201107,306,0.08245755860953921,1,0.08481091669362151,True,,,,
100000000000.0,0.0,20201108,2,0.0005389382915656157,0,2.164500002147321,False,,,,
100000000000.0,0.0,20201109,2284,0.6154675289679332,60,-1.2637915868108882,True,,,,
100000000000.0,0.0,20201110,176,0.047426569657774184,0,-0.09488232965181531,True,,,,
100000000000.0,0.0,20201111,470,0.1266504985179197,1,-1.5583965178456571,True,,,,
100000000000.0,0.0,20201112,2786,0.7507410401509027,279,-3.448465653875955,True,,,,
100000000000.0,0.0,20201113,834,0.22473726758286175,1,4.550503313366736,False,,,,
100000000000.0,0.0,20201114,2826,0.761519805982215,193,-2.55810661719788,True,,,,
100000000000.0,0.0,20201115,42,0.01131770412287793,0,1.6142806887967085,True,,,,
100000000000.0,0.0,20201116,2244,0.6046887631366209,51,-8.00663297692374,True,,,,
100000000000.0,0.0,20201117,8,0.002155753166262463,0,-0.45093917024199737,True,,,,
100000000000.0,0.0,20201118,1290,0.34761519805982216,0,-0.15884112234836678,True,,,,
100000000000.0,0.0,20201119,1,0.00026946914578280785,0,-2.7854352825157953,True,,,,
100000000000.0,0.0,20201120,16,0.004311506332524926,0,-0.23055591009211973,True,,,,
100000000000.0,0.0,20201121,2634,0.7097817299919159,96,-2.196239844658593,True,,,,
100000000000.0,0.0,20201122,2655,0.7154405820533549,174,-3.602907551193476,True,,,,
100000000000.0,0.0,20201123,0,0.0,0,,False,,,,
100000000000.0,0.0,20201124,2922,0.7873888439773646,310,-5.521133462237795,True,,,,
100000000000.0,0.0,20201125,28,0.00754513608191862,1,-1.9653921634585503,True,,,,
100000000000.0,0.0,20201126,266,0.07167879277822689,0,-11.151783010920504,True,,,,
100000000000.0,0.0,20201127,3257,0.8776610078146052,883,-5.1390682102255685,True,,,,
100000000000.0,0.0,20201128,38,0.010239827539746699,0,2.936891977143567,False,,,,
100000000000.0,0.0,20201129,1243,0.3349501482080302,2,-4.905070417111616,True,,,,
100000000000.0,0.0,20201130,1450,0.3907302613850714,2,1.1217715841697737,True,,,,
100000000000.0,0.0,20201131,140,0.0377256804095931,0,,False,,,,
100000000000.0,0.0,20201132,181,0.048773915386688224,0,0.9983892216929551,True,,,,
100000000000.0,0.0,20201133,1489,0.4012395580706009,12,1.078620474484405,True,,,,
100000000000.0,0.0,20201134,2971,0.8005928321207222,545,-5.318023544483992,True,,,,
100000000000.0,0.0,20201135,3152,0.8493667475074104,620,-6.072031260030239,True,,,,
100000000000.0,0.0,20201136,2,0.0005389382915656157,1,-6.845142363584664,True,,,,
100000000000.0,0.0,20201137,2119,0.5710051199137699,62,-1.2575176513503221,True,,,,
100000000000.0,0.0,20201138,5,0.0013473457289140394,0,-0.6917026220510101,True,,,,
100000000000.0,0.0,20201139,411,0.11075181891673404,0,3.8143066723209937,False,,,,
100000000000.0,0.0,20201140,159,0.04284559417946645,1,0.4789352317007136,True,,,,
100000000000.0,0.0,20201141,3212,0.8655348962543788,750,-3.197204073666314,True,,,,
100000000000.0,0.0,20201142,127,0.0342225815144166,0,,False,,,,
100000000000.0,0.0,20201143,1528,0.41174885475613043,7,-0.9677562584514501,True,,,,
100000000000.0,0.0,20201144,2984,0.8040959310158987,380,-3.157942320398466,True,,,,
100000000000.0,0.0,20201145,994,0.267852330908111,25,0.9809773951035687,True,,,,
100000000000.0,0.0,20201146,1,0.00026946914578280785,0,0.840127081285952,True,,,,
100000000000.0,0.0,20201147,485,0.13069253570466183,1,0.20255924163765648,True,,,,
100000000000.0,0.0,20201148,3,0.0008084074373484236,0,-0.46522359678036995,True,,,,
100000000000.0,0.0,20201149,173,0.04661816222042576,0,-0.35840134144819125,True,,,,
100000000000.0,0.0,20201150,1808,0.4872002155753166,34,-2.995525716289565,True,,,,
100000000000.0,0.0,20201151,32,0.008623012665049851,0,5.967769279680883,False,,,,
100000000000.0,0.0,20201152,1,0.00026946914578280785,1,-0.6825965009752544,True,,,,
100000000000.0,0.0,20201153,1,0.00026946914578280785,0,1.6612092351655905,True,,,,
100000000000.0,0.0,20201154,63,0.016976556184316895,1,4.7555342842320005,False,,,,
100000000000.0,0.0,20201155,206,0.055510644031258424,0,3.0652174844980804,False,,,,
100000000000.0,0.0,20201156,67,0.018054432767448128,0,4.1456464344217405,False,,,,
100000000000.0,0.0,20201157,2752,0.7415790891942873,176,-2.8937948601559853,True,,,,
100000000000.0,0.0,20201158,36,0.009700889248181084,0,-0.8268452964270443,True,,,,
100000000000.0,0.0,20201159,2711,0.7305308542171921,151,-1.6449949853446801,True,,,,
100000000000.0,0.0,20201160,0,0.0,0,,False,,,,
100000000000.0,0.0,20201161,9,0.002425222312045271,0,-0.15937090177091395,True,,,,
100000000000.0,0.0,20201162,95,0.025599568849366747,0,,False,,,,
100000000000.0,0.0,20201163,1039,0.27997844246833736,4,-1.1405329197387521,True,,,,
100000000000.0,0.0,20201164,1145,0.308542171921315,1,0.6332227366830683,True,,,,
100000000000.0,0.0,20201165,1587,0.42764753435731606,2,-2.7661254048856314,True,,,,
100000000000.0,0.0,20201166,6,0.0016168148746968471,0,,False,,,,
100000000000.0,0.0,20201167,54,0.014551333872271624,1,3.2827760298292645,False,,,,
100000000000.0,0.0,20201168,31,0.008353543519267044,0,5.49050531270839,False,,,,
100000000000.0,0.0,20201169,19,0.005119913769873349,0,,False,,,,
100000000000.0,0.0,20201170,2936,0.7911614120183239,362,-2.4839250101088233,True,,,,
100000000000.0,0.0,20201171,1751,0.4718404742656966,12,3.426796511857102,False,,,,
100000000000.0,0.0,20201172,1694,0.45648073295607655,21,-0.0958876835792708,True,,,,
100000000000.0,0.0,20201173,401,0.10805712745890596,2,-12.616659136917512,True,,,,
100000000000.0,0.0,20201174,5,0.0013473457289140394,0,5.909826326887934,False,,,,
100000000000.0,0.0,20201175,15,0.004042037186742118,1,-0.44612193620621454,True,,,,
100000000000.0,0.0,20201176,16,0.004311506332524926,0,2.0943204086148324,False,,,,
100000000000.0,0.0,20201177,2714,0.7313392616545406,181,-2.42227374058956,True,,,,
100000000000.0,0.0,20201178,1072,0.28887092427917005,2,-0.08633635169678922,True,,,,
100000000000.0,0.0,20201179,38,0.010239827539746699,1,3.829948487988003,False,,,,
100000000000.0,0.0,20201180,2110,0.5685798976017246,31,0.9058616405436308,True,,,,
100000000000.0,0.0,20201181,2870,0.7733764483966585,251,-2.470590452756083,True,,,,
100000000000.0,0.0,20201182,3198,0.8617623282134196,654,-4.059682872321844,True,,,,
100000000000.0,0.0,20201183,2199,0.5925626515763945,70,2.3997690540078267,False,,,,
100000000000.0,0.0,20201184,797,0.21476690918889788,0,-4.815760901349639,True,,,,
100000000000.0,0.0,20201185,492,0.13257881972514146,0,4.063315789638989,False,,,,
100000000000.0,0.0,20201186,3068,0.8267313392616545,444,-2.391323405499818,True,,,,
100000000000.0,0.0,20201187,973,0.26219347884667205,1,1.4444811852094634,True,,,,
100000000000.0,0.0,20201188,896,0.24144435462139585,1,2.919676020160641,False,,,,
100000000000.0,0.0,20201189,2702,0.7281056319051469,239,-2.1983608495301556,True,,,,
100000000000.0,0.0,20201190,8,0.002155753166262463,1,4.651625836348318,False,,,,
100000000000.0,0.0,20201191,190,0.05119913769873349,0,-2.8829607965245554,True,,,,
100000000000.0,0.0,20201192,2062,0.5556453786041499,68,1.9307408134314588,True,,,,
100000000000.0,0.0,20201193,21,0.005658852061438965,0,3.713445264193643,False,,,,
100000000000.0,0.0,20201194,73,0.019671247642144975,0,-0.6510400494404052,True,,,,
100000000000.0,0.0,20201195,1,0.00026946914578280785,0,3.3696981002776023,False,,,,
100000000000.0,0.0,20201196,0,0.0,1,5.2213529808677945,False,,,,
100000000000.0,0.0,20201197,0,0.0,0,5.172456988053119,False,,,,
100000000000.0,0.0,20201198,5,0.0013473457289140394,0,6.163334434039694,False,,,,
100000000000.0,0.0,20201199,1177,0.31716518458636483,0,3.7599536718973496,False,,,,
100000000000.0,0.0,20201200,3055,0.823228240366478,398,-2.382016021012335,True,,,,
1000000000000.0,0.0,20201001,3188,0.8590676367555915,390,-1.3663811429320818,True,,,,
1000000000000.0,0.0,20201002,2894,0.779843707895446,75,2.1764533615030124,False,,,,
1000000000000.0,0.0,20201003,3359,0.9051468606844516,780,-1.0057621642007222,True,,,,
1000000000000.0,0.0,20201004,408,0.1099434114793856,2,0.46667241055194175,True,,,,
1000000000000.0,0.0,20201005,3293,0.8873618970627863,643,-7.376355015605215,True,,,,
1000000000000.0,0.0,20201006,2825,0.7612503368364322,55,-0.6986092890962938,True,,,,
1000000000000.0,0.0,20201007,3327,0.8965238480194018,709,-6.177329354588388,True,,,,
1000000000000.0,0.0,20201008,3130,0.8434384263001886,307,-0.6728293887946633,True,,,,
1000000000000.0,0.0,20201009,3193,0.8604149824845055,340,-1.1643490272194796,True,,,,
1000000000000.0,0.0,20201010,3,0.0008084074373484236,0,3.0059665881574547,False,,,,
1000000000000.0,0.0,20201011,3387,0.9126919967663703,1042,-3.5268297763956182,True,,,,
1000000000000.0,0.0,20201012,3281,0.8841282673133927,588,-0.054842477040995874,True,,,,
1000000000000.0,0.0,20201013,3503,0.9439504176771759,1299,-4.3758602585599915,True,,,,
1000000000000.0,0.0,20201014,1,0.00026946914578280785,0,0.14793545282991438,True,,,,
1000000000000.0,0.0,20201015,3150,0.8488278092158448,298,-8.479159909235273,True,,,,
1000000000000.0,0.0,20201016,2958,0.7970897332255457,153,1.0835755652613415,True,,,,
1000000000000.0,0.0,20201017,3383,0.9116141201832391,870,-2.226165683903649,True,,,,
1000000000000.0,0.0,20201018,2901,0.7817299919159256,143,-0.11737015657024852,True,,,,
1000000000000.0,0.0,20201019,2672,0.7200215575316626,25,2.43257235038174,False,,,,
1000000000000.0,0.0,20201020,3339,0.8997574777687954,911,-1.3152257264016383,True,,,,
1000000000000.0,0.0,20201021,986,0.26569657774184857,0,-5.950966682889597,True,,,,
1000000000000.0,0.0,20201022,2957,0.7968202640797629,178,-2.2286373606117653,True,,,,
1000000000000.0,0.0,20201023,2429,0.6545405551064403,0,2.4124932086277884,False,,,,
1000000000000.0,0.0,20201024,3289,0.886284020479655,772,-3.2643559103517843,True,,,,
1000000000000.0,0.0,20201025,2613,0.704122877930477,0,-0.9160203647650693,True,,,,
1000000000000.0,0.0,20201026,3357,0.904607922392886,1099,-3.442335377777394,True,,,,
1000000000000.0,0.0,20201027,3412,0.9194287254109405,871,-1.9977548207353144,True,,,,
1000000000000.0,0.0,20201028,2613,0.704122877930477,8,0.39347676663602993,True,,,,
1000000000000.0,0.0,20201029,3149,0.8485583400700619,255,-2.37686655030506,True,,,,
1000000000000.0,0.0,20201030,2807,0.7563998922123417,80,-1.7718502957198519,True,,,,
1000000000000.0,0.0,20201031,3328,0.8967933171651846,819,-2.3867270743395075,True,,,,
1000000000000.0,0.0,20201032,2501,0.6739423336028024,1,0.758301456265249,True,,,,
1000000000000.0,0.0,20201033,3120,0.8407437348423605,182,0.3337441746416312,True,,,,
1000000000000.0,0.0,20201034,2937,0.7914308811641068,102,-1.1356129193429503,True,,,,
1000000000000.0,0.0,20201035,3245,0.8744273780652115,488,-1.2964899678535815,True,,,,
1000000000000.0,0.0,20201036,3448,0.9291296146591216,1291,-4.373860219936079,True,,,,
1000000000000.0,0.0,20201037,2846,0.7669091888978712,96,1.6832555204519446,True,,,,
1000000000000.0,0.0,20201038,11,0.0029641606036108865,0,,False,,,,
1000000000000.0,0.0,20201039,2699,0.7272972244677984,25,0.45427746494227517,True,,,,
1000000000000.0,0.0,20201040,167,0.045001347345728915,0,,False,,,,
1000000000000.0,0.0,20201041,2823,0.7607113985448666,38,1.9128879483224668,True,,,,
1000000000000.0,0.0,20201042,3107,0.837240635947184,192,0.04116257183249328,True,,,,
1000000000000.0,0.0,20201043,3,0.0008084074373484236,0,,False,,,,
1000000000000.0,0.0,20201044,3151,0.8490972783616276,298,1.095140485547148,True,,,,
1000000000000.0,0.0,20201045,1649,0.4443546213958502,0,1.032818464748324,True,,,,
1000000000000.0,0.0,20201046,3070,0.8272702775532201,103,-0.12788669477456072,True,,,,
1000000000000.0,0.0,20201047,2552,0.6876852600377257,16,2.9244775000891394,False,,,,
1000000000000.0,0.0,20201048,2448,0.6596604688763137,3,2.877230014660336,False,,,,
1000000000000.0,0.0,20201049,940,0.2533009970358394,0,3.7900994573264355,False,,,,
1000000000000.0,0.0,20201050,3039,0.8189167340339532,197,0.8436689688656847,True,,,,
1000000000000.0,0.0,20201051,2797,0.7537052007545136,66,-0.006416818223924814,True,,,,
1000000000000.0,0.0,20201052,3172,0.8547561304230665,190,0.0420435517578408,True,,,,
1000000000000.0,0.0,20201053,3060,0.824575586095392,208,-2.7130160873382616,True,,,,
1000000000000.0,0.0,20201054,3106,0.8369711668014013,228,2.1812727095783657,False,,,,
1000000000000.0,0.0,20201055,3307,0.8911344651037456,589,-1.4088857748805914,True,,,,
1000000000000.0,0.0,20201056,2904,0.7825383993532741,97,3.2771410927268514,False,,,,
1000000000000.0,0.0,20201057,3040,0.8191862031797359,112,-0.42768587970424754,True,,,,
1000000000000.0,0.0,20201058,3155,0.8501751549447588,231,1.8505413062698093,True,,,,
1000000000000.0,0.0,20201059,2881,0.7763406090002695,30,1.8577349843081201,True,,,,
1000000000000.0,0.0,20201060,14,0.00377256804095931,0,4.614610797254605,False,,,,
1000000000000.0,0.0,20201061,2441,0.657774184855834,0,-1.6139060125523086,True,,,,
1000000000000.0,0.0,20201062,2951,0.795203449205066,110,-1.4212384836452125,True,,,,
1000000000000.0,0.0,20201063,2962,0.798167609808677,116,0.6605173698425908,True,,,,
1000000000000.0,0.0,20201064,2725,0.7343034222581515,34,-0.6568744931147492,True,,,,
1000000000000.0,0.0,20201065,217,0.05847480463486931,0,6.428482832433176,False,,,,
1000000000000.0,0.0,20201066,2427,0.6540016168148747,1,-5.717999137859049,True,,,,
1000000000000.0,0.0,20201067,3454,0.9307464295338184,1192,-5.34816904569152,True,,,,
1000000000000.0,0.0,20201068,2743,0.7391538668822419,2,4.386989928970714,False,,,,
1000000000000.0,0.0,20201069,3046,0.8208030180544328,283,-1.7658797458571192,True,,,,
1000000000000.0,0.0,20201070,3452,0.9302074912422528,1123,-4.067193193084102,True,,,,
1000000000000.0,0.0,20201071,2044,0.5507949339800593,2,1.1822753074479868,True,,,,
1000000000000.0,0.0,20201072,3430,0.924279170035031,889,-3.9936852722426552,True,,,,
1000000000000.0,0.0,20201073,3363,0.9062247372675829,820,-4.798252626999135,True,,,,
1000000000000.0,0.0,20201074,0,0.0,0,,False,,,,
1000000000000.0,0.0,20201075,3155,0.8501751549447588,394,-1.0375144138060781,True,,,,
1000000000000.0,0.0,20201076,3396,0.9151172190784155,1022,-2.251167570980381,True,,,,
1000000000000.0,0.0,20201077,3155,0.8501751549447588,313,1.608901907878808,True,,,,
1000000000000.0,0.0,20201078,2867,0.7725680409593102,77,0.5058639900419744,True,,,,
1000000000000.0,0.0,20201079,2,0.0005389382915656157,0,5.1760713786195955,False,,,,
1000000000000.0,0.0,20201080,2865,0.7720291026677445,46,-0.5090298939161109,True,,,,
1000000000000.0,0.0,20201081,3005,0.8097547830773376,103,-11.036197980417189,True,,,,
1000000000000.0,0.0,20201082,2662,0.7173268660738346,7,4.818717447259256,False,,,,
1000000000000.0,0.0,20201083,3458,0.9318243061169497,1454,-3.107047885519252,True,,,,
1000000000000.0,0.0,20201084,3451,0.9299380220964699,958,-4.468922005444403,True,,,,
1000000000000.0,0.0,20201085,2465,0.6642414443546214,0,1.0947234555138596,True,,,,
1000000000000.0,0.0,20201086,3090,0.8326596604688763,229,-2.2891375909635654,True,,,,
1000000000000.0,0.0,20201087,3106,0.8369711668014013,187,-1.4660071201635887,True,,,,
1000000000000.0,0.0,20201088,2733,0.7364591754244139,28,0.6257853377724256,True,,,,
1000000000000.0,0.0,20201089,2928,0.7890056588520614,149,-1.0800219993850404,True,,,,
1000000000000.0,0.0,20201090,2835,0.7639450282942603,58,0.991036254315155,True,,,,
1000000000000.0,0.0,20201091,1243,0.3349501482080302,0,0.7600923524978578,True,,,,
1000000000000.0,0.0,20201092,2912,0.7846941525195366,76,3.509054489340441,False,,,,
1000000000000.0,0.0,20201093,2509,0.6760980867690649,5,-0.6939430701545044,True,,,,
1000000000000.0,0.0,20201094,51,0.0137429264349232,0,2.5659702977436796,False,,,,
1000000000000.0,0.0,20201095,3012,0.8116410670978172,91,1.228940857903868,True,,,,
1000000000000.0,0.0,20201096,54,0.014551333872271624,0,1.9897429328865606,True,,,,
1000000000000.0,0.0,20201097,2608,0.702775532201563,28,-2.6422954691211866,True,,,,
1000000000000.0,0.0,20201098,3479,0.9374831581783886,1454,-3.3523312526003872,True,,,,
1000000000000.0,0.0,20201099,3173,0.8550255995688494,414,2.4254539707279177,False,,,,
1000000000000.0,0.0,20201100,2654,0.7151711129075721,15,-2.830308848423476,True,,,,
1000000000000.0,0.0,20201101,2514,0.677445432497979,1,3.1809743722577064,False,,,,
1000000000000.0,0.0,20201102,2463,0.6637025060630558,8,2.859753079850508,False,,,,
1000000000000.0,0.0,20201103,2599,0.7003503098895176,9,1.1216714712380718,True,,,,
1000000000000.0,0.0,20201104,3482,0.938291565615737,1286,-2.1740818781923643,True,,,,
1000000000000.0,0.0,20201105,5,0.0013473457289140394,0,3.795552608855645,False,,,,
1000000000000.0,0.0,20201106,3328,0.8967933171651846,638,-2.866978667354557,True,,,,
1000000000000.0,0.0,20201107,2563,0.6906494206413366,3,0.08481091669362151,True,,,,
1000000000000.0,0.0,20201108,2147,0.5785502559956885,0,2.164500002147321,False,,,,
1000000000000.0,0.0,20201109,3146,0.8477499326327136,347,-1.2637915868108882,True,,,,
1000000000000.0,0.0,20201110,2434,0.6558879008353543,0,-0.09488232965181531,True,,,,
1000000000000.0,0.0,20201111,2269,0.6114254917811911,0,-1.5583965178456571,True,,,,
1000000000000.0,0.0,20201112,3382,0.9113446510374562,975,-3.448465653875955,True,,,,
1000000000000.0,0.0,20201113,2520,0.6790622473726758,11,4.550503313366736,False,,,,
1000000000000.0,0.0,20201114,3358,0.9048773915386689,899,-2.55810661719788,True,,,,
1000000000000.0,0.0,20201115,1778,0.4791161412018324,1,1.6142806887967085,True,,,,
1000000000000.0,0.0,20201116,3166,0.8531393155483697,349,-8.00663297692374,True,,,,
1000000000000.0,0.0,20201117,2525,0.6804095931015899,0,-0.45093917024199737,True,,,,
1000000000000.0,0.0,20201118,2845,0.7666397197520883,90,-0.15884112234836678,True,,,,
1000000000000.0,0.0,20201119,412,0.11102128806251685,0,-2.7854352825157953,True,,,,
1000000000000.0,0.0,20201120,1619,0.43627054702236595,1,-0.23055591009211973,True,,,,
1000000000000.0,0.0,20201121,3195,0.8609539207760711,408,-2.196239844658593,True,,,,
1000000000000.0,0.0,20201122,3260,0.8784694152519537,755,-3.602907551193476,True,,,,
1000000000000.0,0.0,20201123,0,0.0,0,,False,,,,
1000000000000.0,0.0,20201124,3256,0.8773915386688225,603,-5.521133462237795,True,,,,
1000000000000.0,0.0,20201125,1726,0.4651037456211264,1,-1.9653921634585503,True,,,,
1000000000000.0,0.0,20201126,2466,0.6645109135004043,1,-11.151783010920504,True,,,,
1000000000000.0,0.0,20201127,3482,0.938291565615737,1477,-5.1390682102255685,True,,,,
1000000000000.0,0.0,20201128,2512,0.6769064942064134,0,2.936891977143567,False,,,,
1000000000000.0,0.0,20201129,3177,0.8561034761519806,357,-4.905070417111616,True,,,,
1000000000000.0,0.0,20201130,2947,0.7941255726219348,128,1.1217715841697737,True,,,,
1000000000000.0,0.0,20201131,1337,0.3602802479116141,0,,False,,,,
1000000000000.0,0.0,20201132,2632,0.7092427917003503,2,0.9983892216929551,True,,,,
1000000000000.0,0.0,20201133,2826,0.761519805982215,86,1.078620474484405,True,,,,
1000000000000.0,0.0,20201134,3439,0.9267043923470762,1058,-5.318023544483992,True,,,,
1000000000000.0,0.0,20201135,3407,0.9180813796820264,1150,-6.072031260030239,True,,,,
1000000000000.0,0.0,20201136,75,0.02021018593371059,1,-6.845142363584664,True,,,,
1000000000000.0,0.0,20201137,3205,0.8636486122338992,380,-1.2575176513503221,True,,,,
1000000000000.0,0.0,20201138,35,0.009431420102398275,0,-0.6917026220510101,True,,,,
1000000000000.0,0.0,20201139,2638,0.7108596065750472,17,3.8143066723209937,False,,,,
1000000000000.0,0.0,20201140,2805,0.7558609539207761,32,0.4789352317007136,True,,,,
1000000000000.0,0.0,20201141,3458,0.9318243061169497,1331,-3.197204073666314,True,,,,
1000000000000.0,0.0,20201142,324,0.08730800323362975,0,,False,,,,
1000000000000.0,0.0,20201143,2300,0.6197790353004581,0,-0.9677562584514501,True,,,,
1000000000000.0,0.0,20201144,3367,0.9073026138507141,1007,-3.157942320398466,True,,,,
1000000000000.0,0.0,20201145,3126,0.8423605497170574,302,0.9809773951035687,True,,,,
1000000000000.0,0.0,20201146,1,0.00026946914578280785,0,0.840127081285952,True,,,,
1000000000000.0,0.0,20201147,2546,0.6860684451630288,17,0.20255924163765648,True,,,,
1000000000000.0,0.0,20201148,355,0.09566154675289679,0,-0.46522359678036995,True,,,,
1000000000000.0,0.0,20201149,2283,0.6151980598221504,10,-0.35840134144819125,True,,,,
1000000000000.0,0.0,20201150,3162,0.8520614389652384,366,-2.995525716289565,True,,,,
1000000000000.0,0.0,20201151,141,0.03799514955537591,0,5.967769279680883,False,,,,
1000000000000.0,0.0,20201152,452,0.12180005389382915,1,-0.6825965009752544,True,,,,
1000000000000.0,0.0,20201153,111,0.029911075181891674,0,1.6612092351655905,True,,,,
1000000000000.0,0.0,20201154,1874,0.5049851791969819,1,4.7555342842320005,False,,,,
1000000000000.0,0.0,20201155,2333,0.6286715171112908,1,3.0652174844980804,False,,,,
1000000000000.0,0.0,20201156,167,0.045001347345728915,0,4.1456464344217405,False,,,,
1000000000000.0,0.0,20201157,3352,0.903260576663972,808,-2.8937948601559853,True,,,,
1000000000000.0,0.0,20201158,347,0.09350579358663433,0,-0.8268452964270443,True,,,,
1000000000000.0,0.0,20201159,3365,0.9067636755591485,634,-1.6449949853446801,True,,,,
1000000000000.0,0.0,20201160,0,0.0,0,,False,,,,
1000000000000.0,0.0,20201161,2395,0.6453786041498248,17,-0.15937090177091395,True,,,,
1000000000000.0,0.0,20201162,194,0.05227701428186473,0,,False,,,,
1000000000000.0,0.0,20201163,3223,0.8684990568579898,360,-1.1405329197387521,True,,,,
1000000000000.0,0.0,20201164,3108,0.8375101050929669,321,0.6332227366830683,True,,,,
1000000000000.0,0.0,20201165,2940,0.7922392886014551,110,-2.7661254048856314,True,,,,
1000000000000.0,0.0,20201166,16,0.004311506332524926,0,,False,,,,
1000000000000.0,0.0,20201167,667,0.17973592023713283,0,3.2827760298292645,False,,,,
1000000000000.0,0.0,20201168,2425,0.6534626785233091,0,5.49050531270839,False,,,,
1000000000000.0,0.0,20201169,101,0.027216383724063594,0,,False,,,,
1000000000000.0,0.0,20201170,3405,0.9175424413904608,1142,-2.4839250101088233,True,,,,
1000000000000.0,0.0,20201171,2796,0.7534357316087308,54,3.426796511857102,False,,,,
1000000000000.0,0.0,20201172,2992,0.8062516841821611,90,-0.0958876835792708,True,,,,
1000000000000.0,0.0,20201173,2838,0.7647534357316087,56,-12.616659136917512,True,,,,
1000000000000.0,0.0,20201174,759,0.20452708164915118,0,5.909826326887934,False,,,,
1000000000000.0,0.0,20201175,2088,0.5626515763945028,0,-0.44612193620621454,True,,,,
1000000000000.0,0.0,20201176,2212,0.596065750471571,0,2.0943204086148324,False,,,,
1000000000000.0,0.0,20201177,3354,0.9037995149555376,800,-2.42227374058956,True,,,,
1000000000000.0,0.0,20201178,2626,0.7076259768256534,22,-0.08633635169678922,True,,,,
1000000000000.0,0.0,20201179,2143,0.5774723794125572,0,3.829948487988003,False,,,,
1000000000000.0,0.0,20201180,3095,0.8340070061977903,172,0.9058616405436308,True,,,,
1000000000000.0,0.0,20201181,3345,0.9013742926434923,843,-2.470590452756083,True,,,,
1000000000000.0,0.0,20201182,3490,0.9404473187819995,1245,-4.059682872321844,True,,,,
1000000000000.0,0.0,20201183,3315,0.8932902182700081,630,2.3997690540078267,False,,,,
1000000000000.0,0.0,20201184,3013,0.8119105362436001,103,-4.815760901349639,True,,,,
1000000000000.0,0.0,20201185,2621,0.7062786310967394,1,4.063315789638989,False,,,,
1000000000000.0,0.0,20201186,3451,0.9299380220964699,1263,-2.391323405499818,True,,,,
1000000000000.0,0.0,20201187,2523,0.6798706548100243,20,1.4444811852094634,True,,,,
1000000000000.0,0.0,20201188,2757,0.7429264349232013,39,2.919676020160641,False,,,,
1000000000000.0,0.0,20201189,3341,0.900296416060361,842,-2.1983608495301556,True,,,,
1000000000000.0,0.0,20201190,2288,0.6165454055510644,0,4.651625836348318,False,,,,
1000000000000.0,0.0,20201191,2632,0.7092427917003503,15,-2.8829607965245554,True,,,,
1000000000000.0,0.0,20201192,3186,0.8585286984640259,278,1.9307408134314588,True,,,,
1000000000000.0,0.0,20201193,1592,0.4289948800862301,0,3.713445264193643,False,,,,
1000000000000.0,0.0,20201194,1419,0.38237671786580435,0,-0.6510400494404052,True,,,,
1000000000000.0,0.0,20201195,1082,0.29156561573699813,1,3.3696981002776023,False,,,,
1000000000000.0,0.0,20201196,13,0.0035030988951765024,1,5.2213529808677945,False,,,,
1000000000000.0,0.0,20201197,38,0.010239827539746699,0,5.172456988053119,False,,,,
1000000000000.0,0.0,20201198,482,0.12988412826731338,0,6.163334434039694,False,,,,
1000000000000.0,0.0,20201199,2945,0.7935866343303691,84,3.7599536718973496,False,,,,
1000000000000.0,0.0,20201200,3438,0.9264349232012935,1170,-2.382016021012335,True,,,,
