theta,seed,infections_total,attack_rate,recorded_onsets,index_onset_day,index_shedding_at_day0,parent_infections_total,parent_attack_rate,parent_recorded_onsets
100000000000.0,20201001,1943,0.5235785502559956,38,-1.3663811429320818,True,2775,0.7477768795472919,82
100000000000.0,20201002,566,0.15251953651306926,2,2.1764533615030124,False,2118,0.570735650767987,45
100000000000.0,20201003,2219,0.5979520344920507,111,-1.0057621642007222,True,2453,0.6610078146052277,128
100000000000.0,20201004,1,0.00026946914578280785,1,0.46667241055194175,True,1,0.00026946914578280785,1
100000000000.0,20201005,2681,0.7224467798437079,108,-7.376355015605215,True,2619,0.7057396928051738,90
100000000000.0,20201006,2017,0.5435192670439235,23,-0.6986092890962938,True,1922,0.5179196981945567,22
100000000000.0,20201007,2475,0.6669361358124495,97,-6.177329354588388,True,2523,0.6798706548100243,93
100000000000.0,20201008,2771,0.7466990029641606,120,-0.6728293887946633,True,2705,0.7289140393424953,94
100000000000.0,20201009,2283,0.6151980598221504,78,-1.1643490272194796,True,2680,0.7221773106979251,127
100000000000.0,20201010,0,0.0,0,3.0059665881574547,False,0,0.0,0
100000000000.0,20201011,1971,0.5311236863379143,35,-3.5268297763956182,True,2768,0.7458905955268121,120
100000000000.0,20201012,2972,0.800862301266505,67,-0.054842477040995874,True,2975,0.8016707087038534,125
100000000000.0,20201013,2975,0.8016707087038534,152,-4.3758602585599915,True,2982,0.8035569927243331,259
100000000000.0,20201014,1,0.00026946914578280785,0,0.14793545282991438,True,1,0.00026946914578280785,0
100000000000.0,20201015,2208,0.5949878738884398,29,-8.479159909235273,True,2201,0.5931015898679601,42
100000000000.0,20201016,1662,0.44785772029102666,16,1.0835755652613415,True,1112,0.29964969011048237,2
100000000000.0,20201017,2844,0.7663702506063056,199,-2.226165683903649,True,2926,0.7884667205604958,160
100000000000.0,20201018,1057,0.28482888709242793,2,-0.11737015657024852,True,1299,0.35004042037186744,10
100000000000.0,20201019,139,0.037456211263810296,1,2.43257235038174,False,87,0.023443815683104285,1
100000000000.0,20201020,2834,0.7636755591484775,234,-1.3152257264016383,True,3170,0.8542171921315009,353
100000000000.0,20201021,4,0.0010778765831312314,0,-5.950966682889597,True,889,0.2395580706009162,1
100000000000.0,20201022,2054,0.5534896254378874,49,-2.2286373606117653,True,2628,0.7081649151172191,76
100000000000.0,20201023,11,0.0029641606036108865,1,2.4124932086277884,False,651,0.17542441390460792,1
100000000000.0,20201024,2880,0.7760711398544866,179,-3.2643559103517843,True,2691,0.725141471301536,137
100000000000.0,20201025,0,0.0,0,-0.9160203647650693,True,591,0.15925626515763944,2
100000000000.0,20201026,2377,0.6405281595257343,119,-3.442335377777394,True,2888,0.7782268930207491,125
100000000000.0,20201027,2819,0.7596335219617354,177,-1.9977548207353144,True,2226,0.5998383185125303,83
100000000000.0,20201028,1775,0.478307733764484,12,0.39347676663602993,True,2,0.0005389382915656157,0
100000000000.0,20201029,1999,0.5386688224198329,19,-2.37686655030506,True,2558,0.6893020749124226,63
100000000000.0,20201030,2276,0.6133117758016707,52,-1.7718502957198519,True,1968,0.5303152789005658,19
100000000000.0,20201031,2378,0.6407976286715171,94,-2.3867270743395075,True,2765,0.7450821880894638,74
100000000000.0,20201032,15,0.004042037186742118,0,0.758301456265249,True,6,0.0016168148746968471,0
100000000000.0,20201033,1529,0.41201832390191323,22,0.3337441746416312,True,2493,0.67178658043654,51
100000000000.0,20201034,1669,0.44974400431150635,22,-1.1356129193429503,True,1646,0.44354621395850174,27
100000000000.0,20201035,2512,0.6769064942064134,81,-1.2964899678535815,True,2138,0.5761250336836432,76
100000000000.0,20201036,2950,0.7949339800592832,184,-4.373860219936079,True,3086,0.8315817838857451,340
100000000000.0,20201037,2019,0.5440582053354891,29,1.6832555204519446,True,1771,0.47722985718135275,21
100000000000.0,20201038,3,0.0008084074373484236,0,,False,0,0.0,0
100000000000.0,20201039,821,0.22123416868768525,1,0.45427746494227517,True,153,0.041228779304769606,0
100000000000.0,20201040,24,0.0064672594987873885,0,,False,13,0.0035030988951765024,0
100000000000.0,20201041,93,0.025060630557801132,0,1.9128879483224668,True,539,0.14524386957693344,1
100000000000.0,20201042,2615,0.7046618162220426,88,0.04116257183249328,True,2651,0.7143627054702236,61
100000000000.0,20201043,0,0.0,0,,False,1,0.00026946914578280785,0
100000000000.0,20201044,2541,0.6847210994341147,94,1.095140485547148,True,2425,0.6534626785233091,87
100000000000.0,20201045,56,0.01509027216383724,0,1.032818464748324,True,0,0.0,0
100000000000.0,20201046,893,0.24063594718404743,10,-0.12788669477456072,True,2013,0.5424413904607922,37
100000000000.0,20201047,113,0.03045001347345729,0,2.9244775000891394,False,361,0.09727836162759364,2
100000000000.0,20201048,1599,0.4308811641067098,19,2.877230014660336,False,335,0.09027216383724064,0
100000000000.0,20201049,16,0.004311506332524926,1,3.7900994573264355,False,1,0.00026946914578280785,0
100000000000.0,20201050,1807,0.4869307464295338,25,0.8436689688656847,True,1120,0.3018054432767448,21
100000000000.0,20201051,414,0.11156022635408246,1,-0.006416818223924814,True,280,0.0754513608191862,1
100000000000.0,20201052,2517,0.6782538399353274,62,0.0420435517578408,True,2386,0.6429533818377796,52
100000000000.0,20201053,11,0.0029641606036108865,0,-2.7130160873382616,True,2,0.0005389382915656157,0
100000000000.0,20201054,1856,0.5001347345728914,25,2.1812727095783657,False,2191,0.590406898410132,50
100000000000.0,20201055,2036,0.5486391808137968,34,-1.4088857748805914,True,1701,0.4583670169765562,20
100000000000.0,20201056,568,0.15305847480463486,0,3.2771410927268514,False,1325,0.35704661816222044,0
100000000000.0,20201057,2340,0.6305578011317704,34,-0.42768587970424754,True,2174,0.5858259229318243,27
100000000000.0,20201058,2799,0.7542441390460792,142,1.8505413062698093,True,2676,0.7210994341147938,70
100000000000.0,20201059,1733,0.466990029641606,2,1.8577349843081201,True,1934,0.5211533279439504,1
100000000000.0,20201060,115,0.030988951765022903,0,4.614610797254605,False,0,0.0,0
100000000000.0,20201061,99,0.02667744543249798,0,-1.6139060125523086,True,12,0.0032336297493936943,0
100000000000.0,20201062,1726,0.4651037456211264,27,-1.4212384836452125,True,1008,0.2716248989490703,1
100000000000.0,20201063,1646,0.44354621395850174,16,0.6605173698425908,True,1754,0.472648881703045,17
100000000000.0,20201064,1334,0.35947184047426567,3,-0.6568744931147492,True,1212,0.3265966046887631,0
100000000000.0,20201065,5,0.0013473457289140394,0,6.428482832433176,False,5,0.0013473457289140394,0
100000000000.0,20201066,3,0.0008084074373484236,1,-5.717999137859049,True,1,0.00026946914578280785,1
100000000000.0,20201067,2428,0.6542710859606575,83,-5.34816904569152,True,2724,0.7340339531123686,143
100000000000.0,20201068,776,0.20910805712745892,1,4.386989928970714,False,747,0.20129345189975748,1
100000000000.0,20201069,2435,0.6561573699811372,74,-1.7658797458571192,True,447,0.12045270816491511,0
100000000000.0,20201070,3031,0.8167609808676907,374,-4.067193193084102,True,3131,0.8437078954459715,335
100000000000.0,20201071,51,0.0137429264349232,1,1.1822753074479868,True,24,0.0064672594987873885,1
100000000000.0,20201072,3036,0.8181083265966047,302,-3.9936852722426552,True,3159,0.85125303152789,404
100000000000.0,20201073,1,0.00026946914578280785,0,-4.798252626999135,True,441,0.11883589329021826,0
100000000000.0,20201074,0,0.0,0,,False,0,0.0,0
100000000000.0,20201075,2036,0.5486391808137968,61,-1.0375144138060781,True,2106,0.5675020210185934,53
100000000000.0,20201076,3024,0.814874696847211,247,-2.251167570980381,True,3095,0.8340070061977903,351
100000000000.0,20201077,1596,0.43007275666936134,26,1.608901907878808,True,1929,0.5198059822150364,41
100000000000.0,20201078,87,0.023443815683104285,2,0.5058639900419744,True,390,0.10509296685529507,0
100000000000.0,20201079,0,0.0,0,5.1760713786195955,False,4,0.0010778765831312314,0
100000000000.0,20201080,1445,0.38938291565615735,1,-0.5090298939161109,True,594,0.16006467259498788,2
100000000000.0,20201081,1525,0.410940447318782,17,-11.036197980417189,True,1611,0.43411479385610346,15
100000000000.0,20201082,20,0.0053893829156561575,1,4.818717447259256,False,338,0.09108057127458906,0
100000000000.0,20201083,3245,0.8744273780652115,481,-3.107047885519252,True,3153,0.8496362166531932,422
100000000000.0,20201084,3078,0.8294260307194826,230,-4.468922005444403,True,2773,0.7472379412557262,157
100000000000.0,20201085,189,0.05092966855295069,0,1.0947234555138596,True,437,0.11775801670708703,0
100000000000.0,20201086,2432,0.6553489625437887,31,-2.2891375909635654,True,2177,0.5866343303691728,48
100000000000.0,20201087,1523,0.4104015090272164,24,-1.4660071201635887,True,1736,0.46779843707895447,19
100000000000.0,20201088,1208,0.3255187281056319,19,0.6257853377724256,True,808,0.21773106979250875,2
100000000000.0,20201089,1695,0.45675020210185935,36,-1.0800219993850404,True,1894,0.5103745621126381,39
100000000000.0,20201090,1905,0.513338722716249,22,0.991036254315155,True,828,0.2231204527081649,1
100000000000.0,20201091,1,0.00026946914578280785,1,0.7600923524978578,True,2,0.0005389382915656157,1
100000000000.0,20201092,1392,0.37510105092966856,7,3.509054489340441,False,1427,0.38453247103206684,8
100000000000.0,20201093,48,0.012934518997574777,0,-0.6939430701545044,True,1,0.00026946914578280785,0
100000000000.0,20201094,751,0.20237132848288872,0,2.5659702977436796,False,1,0.00026946914578280785,0
100000000000.0,20201095,737,0.1985987604419294,2,1.228940857903868,True,749,0.2018323901913231,2
100000000000.0,20201096,1,0.00026946914578280785,0,1.9897429328865606,True,15,0.004042037186742118,0
100000000000.0,20201097,83,0.022365939099973052,0,-2.6422954691211866,True,44,0.011856642414443546,0
100000000000.0,20201098,3099,0.8350848827809216,263,-3.3523312526003872,True,2824,0.7609808676906494,186
100000000000.0,20201099,2359,0.6356777149016437,79,2.4254539707279177,False,2345,0.6319051468606844,88
100000000000.0,20201100,2,0.0005389382915656157,0,-2.830308848423476,True,639,0.17219078415521422,1
100000000000.0,20201101,703,0.18943680948531394,0,3.1809743722577064,False,709,0.19105362436001078,0
100000000000.0,20201102,0,0.0,0,2.859753079850508,False,1,0.00026946914578280785,0
100000000000.0,20201103,44,0.011856642414443546,0,1.1216714712380718,True,742,0.19994610617084344,0
100000000000.0,20201104,3164,0.852600377256804,306,-2.1740818781923643,True,3054,0.8229587712206953,360
100000000000.0,20201105,1,0.00026946914578280785,0,3.795552608855645,False,29,0.007814605227701428,0
100000000000.0,20201106,67,0.018054432767448128,0,-2.866978667354557,True,4,0.0010778765831312314,0
100000000000.0,20201107,1,0.00026946914578280785,1,0.08481091669362151,True,8,0.002155753166262463,1
100000000000.0,20201108,7,0.001886284020479655,0,2.164500002147321,False,119,0.032066828348154136,0
100000000000.0,20201109,3004,0.8094853139315549,148,-1.2637915868108882,True,2682,0.7227162489894907,116
100000000000.0,20201110,465,0.12530315278900567,0,-0.09488232965181531,True,59,0.015898679601185663,1
100000000000.0,20201111,529,0.14254917811910536,0,-1.5583965178456571,True,209,0.05631905146860684,0
100000000000.0,20201112,2870,0.7733764483966585,227,-3.448465653875955,True,2719,0.7326866073834546,117
100000000000.0,20201113,637,0.17165184586364862,1,4.550503313366736,False,705,0.18997574777687956,1
100000000000.0,20201114,2079,0.5602263540824576,39,-2.55810661719788,True,775,0.2088385879816761,0
100000000000.0,20201115,53,0.014281864726488817,1,1.6142806887967085,True,11,0.0029641606036108865,0
100000000000.0,20201116,2398,0.6461870115871733,53,-8.00663297692374,True,2254,0.607383454594449,44
100000000000.0,20201117,26,0.007006197790353005,0,-0.45093917024199737,True,1042,0.2807868499056858,0
100000000000.0,20201118,1595,0.42980328752357855,2,-0.15884112234836678,True,1621,0.43680948531393154,32
100000000000.0,20201119,702,0.18916734033953111,0,-2.7854352825157953,True,1322,0.356238210724872,5
100000000000.0,20201120,38,0.010239827539746699,0,-0.23055591009211973,True,12,0.0032336297493936943,0
100000000000.0,20201121,2541,0.6847210994341147,60,-2.196239844658593,True,2041,0.5499865265427109,63
100000000000.0,20201122,2652,0.7146321746160065,98,-3.602907551193476,True,3153,0.8496362166531932,249
100000000000.0,20201123,0,0.0,0,,False,0,0.0,0
100000000000.0,20201124,2692,0.7254109404473188,132,-5.521133462237795,True,2989,0.8054432767448128,223
100000000000.0,20201125,206,0.055510644031258424,1,-1.9653921634585503,True,11,0.0029641606036108865,1
100000000000.0,20201126,370,0.0997035839396389,0,-11.151783010920504,True,559,0.1506332524925896,0
100000000000.0,20201127,2816,0.758825114524387,148,-5.1390682102255685,True,2955,0.7962813257881972,290
100000000000.0,20201128,30,0.008084074373484237,0,2.936891977143567,False,2,0.0005389382915656157,0
100000000000.0,20201129,1,0.00026946914578280785,0,-4.905070417111616,True,730,0.19671247642144973,0
100000000000.0,20201130,1534,0.41336566963082727,3,1.1217715841697737,True,18,0.004850444624090542,0
100000000000.0,20201131,139,0.037456211263810296,0,,False,117,0.03152789005658852,0
100000000000.0,20201132,118,0.031797359202371325,1,0.9983892216929551,True,864,0.232821341956346,1
100000000000.0,20201133,1739,0.46860684451630286,8,1.078620474484405,True,906,0.24413904607922393,1
100000000000.0,20201134,3116,0.8396658582592293,346,-5.318023544483992,True,2885,0.7774184855834007,234
100000000000.0,20201135,3128,0.842899488008623,372,-6.072031260030239,True,2958,0.7970897332255457,249
100000000000.0,20201136,93,0.025060630557801132,1,-6.845142363584664,True,3,0.0008084074373484236,1
100000000000.0,20201137,1688,0.45486391808137966,13,-1.2575176513503221,True,1575,0.4244139046079224,23
100000000000.0,20201138,86,0.023174346537321477,1,-0.6917026220510101,True,8,0.002155753166262463,0
100000000000.0,20201139,1127,0.3036917272972245,1,3.8143066723209937,False,956,0.25761250336836433,1
100000000000.0,20201140,1,0.00026946914578280785,0,0.4789352317007136,True,4,0.0010778765831312314,0
100000000000.0,20201141,3205,0.8636486122338992,461,-3.197204073666314,True,3183,0.8577202910266775,366
100000000000.0,20201142,33,0.00889248181083266,0,,False,46,0.012395580706009162,0
100000000000.0,20201143,723,0.1948261924009701,0,-0.9677562584514501,True,7,0.001886284020479655,1
100000000000.0,20201144,3108,0.8375101050929669,239,-3.157942320398466,True,3031,0.8167609808676907,281
100000000000.0,20201145,455,0.12260846133117757,0,0.9809773951035687,True,443,0.11937483158178389,1
100000000000.0,20201146,1,0.00026946914578280785,0,0.840127081285952,True,0,0.0,0
100000000000.0,20201147,2,0.0005389382915656157,1,0.20255924163765648,True,29,0.007814605227701428,1
100000000000.0,20201148,0,0.0,0,-0.46522359678036995,True,1,0.00026946914578280785,0
100000000000.0,20201149,1510,0.40689841013203987,12,-0.35840134144819125,True,22,0.005928321207221773,1
100000000000.0,20201150,2067,0.5569927243330639,42,-2.995525716289565,True,2399,0.646456480732956,44
100000000000.0,20201151,33,0.00889248181083266,0,5.967769279680883,False,152,0.040959310158986795,0
100000000000.0,20201152,1,0.00026946914578280785,1,-0.6825965009752544,True,1,0.00026946914578280785,1
100000000000.0,20201153,1,0.00026946914578280785,0,1.6612092351655905,True,0,0.0,0
100000000000.0,20201154,328,0.08838587981676098,0,4.7555342842320005,False,161,0.043384532471032064,1
100000000000.0,20201155,167,0.045001347345728915,0,3.0652174844980804,False,638,0.17192131500943142,0
100000000000.0,20201156,51,0.0137429264349232,0,4.1456464344217405,False,37,0.009970358393963891,0
100000000000.0,20201157,2755,0.7423874966316357,77,-2.8937948601559853,True,645,0.17380759902991108,2
100000000000.0,20201158,79,0.021288062516841823,0,-0.8268452964270443,True,1,0.00026946914578280785,0
100000000000.0,20201159,3020,0.8137968202640797,175,-1.6449949853446801,True,3082,0.8305039073026138,158
100000000000.0,20201160,0,0.0,0,,False,0,0.0,0
100000000000.0,20201161,692,0.18647264888170303,0,-0.15937090177091395,True,186,0.050121261115602264,0
100000000000.0,20201162,20,0.0053893829156561575,0,,False,25,0.006736728644570197,0
100000000000.0,20201163,1383,0.3726758286176233,27,-1.1405329197387521,True,2083,0.5613042306655888,46
100000000000.0,20201164,1660,0.44731878199946107,37,0.6332227366830683,True,1532,0.4128267313392617,0
100000000000.0,20201165,261,0.07033144704931285,0,-2.7661254048856314,True,595,0.16033414174077068,0
100000000000.0,20201166,2,0.0005389382915656157,0,,False,1,0.00026946914578280785,0
100000000000.0,20201167,1,0.00026946914578280785,0,3.2827760298292645,False,1,0.00026946914578280785,0
100000000000.0,20201168,71,0.019132309350579357,0,5.49050531270839,False,287,0.07733764483966586,1
100000000000.0,20201169,28,0.00754513608191862,0,,False,22,0.005928321207221773,0
100000000000.0,20201170,2977,0.8022096469954191,261,-2.4839250101088233,True,3185,0.858259229318243,356
100000000000.0,20201171,1540,0.4149824845055241,12,3.426796511857102,False,1715,0.4621395850175155,20
100000000000.0,20201172,1467,0.39531123686337916,6,-0.0958876835792708,True,1770,0.47696038803556995,14
100000000000.0,20201173,1510,0.40689841013203987,20,-12.616659136917512,True,1419,0.38237671786580435,0
100000000000.0,20201174,18,0.004850444624090542,0,5.909826326887934,False,21,0.005658852061438965,0
100000000000.0,20201175,5,0.0013473457289140394,1,-0.44612193620621454,True,4,0.0010778765831312314,0
100000000000.0,20201176,5,0.0013473457289140394,0,2.0943204086148324,False,1179,0.3177041228779305,1
100000000000.0,20201177,2106,0.5675020210185934,22,-2.42227374058956,True,1058,0.2850983562382107,1
100000000000.0,20201178,491,0.13230935057935866,0,-0.08633635169678922,True,61,0.01643761789275128,0
100000000000.0,20201179,5,0.0013473457289140394,0,3.829948487988003,False,15,0.004042037186742118,1
100000000000.0,20201180,2458,0.6623551603341418,28,0.9058616405436308,True,2445,0.6588520614389652,20
100000000000.0,20201181,2743,0.7391538668822419,82,-2.470590452756083,True,2845,0.7666397197520883,211
100000000000.0,20201182,3089,0.8323901913230936,275,-4.059682872321844,True,3109,0.8377795742387497,437
100000000000.0,20201183,2225,0.5995688493667475,45,2.3997690540078267,False,2179,0.5871732686607384,52
100000000000.0,20201184,1270,0.342225815144166,19,-4.815760901349639,True,909,0.24494745351657235,0
100000000000.0,20201185,635,0.171112907572083,0,4.063315789638989,False,734,0.19779035300458098,0
100000000000.0,20201186,2800,0.7545136081918621,135,-2.391323405499818,True,2605,0.7019671247642145,193
100000000000.0,20201187,313,0.08434384263001886,1,1.4444811852094634,True,269,0.07248720021557532,2
100000000000.0,20201188,95,0.025599568849366747,0,2.919676020160641,False,319,0.08596065750471571,0
100000000000.0,20201189,2315,0.6238210724872002,129,-2.1983608495301556,True,2127,0.5731608730800324,40
100000000000.0,20201190,42,0.01131770412287793,1,4.651625836348318,False,15,0.004042037186742118,1
100000000000.0,20201191,4,0.0010778765831312314,0,-2.8829607965245554,True,1643,0.44273780652115335,14
100000000000.0,20201192,2111,0.5688493667475074,63,1.9307408134314588,True,2363,0.636755591484775,64
100000000000.0,20201193,5,0.0013473457289140394,0,3.713445264193643,False,614,0.16545405551064404,0
100000000000.0,20201194,134,0.036108865534896256,0,-0.6510400494404052,True,1,0.00026946914578280785,0
100000000000.0,20201195,31,0.008353543519267044,0,3.3696981002776023,False,10,0.0026946914578280788,0
100000000000.0,20201196,0,0.0,1,5.2213529808677945,False,0,0.0,1
100000000000.0,20201197,0,0.0,0,5.172456988053119,False,0,0.0,0
100000000000.0,20201198,4,0.0010778765831312314,0,6.163334434039694,False,6,0.0016168148746968471,0
100000000000.0,20201199,638,0.17192131500943142,1,3.7599536718973496,False,1171,0.315548369711668,2
100000000000.0,20201200,2937,0.7914308811641068,219,-2.382016021012335,True,2971,0.8005928321207222,200
133000000000.0,20201001,2518,0.6785233090811102,99,-1.3663811429320818,True,2645,0.7127458905955268,152
133000000000.0,20201002,1062,0.28617623282134197,0,2.1764533615030124,False,1543,0.41579089194287255,22
133000000000.0,20201003,2379,0.6410670978172999,92,-1.0057621642007222,True,2837,0.764483966585826,225
133000000000.0,20201004,9,0.002425222312045271,1,0.46667241055194175,True,1,0.00026946914578280785,1
133000000000.0,20201005,2951,0.795203449205066,151,-7.376355015605215,True,2859,0.7704122877930477,178
133000000000.0,20201006,2409,0.6491511721907841,25,-0.6986092890962938,True,1927,0.5192670439234708,14
133000000000.0,20201007,2694,0.7259498787388844,121,-6.177329354588388,True,2531,0.6820264079762867,97
133000000000.0,20201008,2872,0.7739153866882242,143,-0.6728293887946633,True,2893,0.7795742387496631,130
133000000000.0,20201009,2669,0.7192131500943142,92,-1.1643490272194796,True,2803,0.7553220156292104,118
133000000000.0,20201010,0,0.0,0,3.0059665881574547,False,0,0.0,0
133000000000.0,20201011,1372,0.3697116680140124,11,-3.5268297763956182,True,2641,0.7116680140123955,117
133000000000.0,20201012,3142,0.8466720560495823,102,-0.054842477040995874,True,3043,0.8199946106170843,118
133000000000.0,20201013,3109,0.8377795742387497,224,-4.3758602585599915,True,3059,0.8243061169496093,250
133000000000.0,20201014,1,0.00026946914578280785,0,0.14793545282991438,True,1,0.00026946914578280785,0
133000000000.0,20201015,2359,0.6356777149016437,28,-8.479159909235273,True,2325,0.6265157639450283,44
133000000000.0,20201016,1883,0.5074104015090272,23,1.0835755652613415,True,1442,0.38857450821880896,7
133000000000.0,20201017,2951,0.795203449205066,284,-2.226165683903649,True,3017,0.8129884128267313,222
133000000000.0,20201018,1490,0.4015090272163837,11,-0.11737015657024852,True,1030,0.2775532201562921,3
133000000000.0,20201019,837,0.2255456750202102,1,2.43257235038174,False,1881,0.5068714632174616,1
133000000000.0,20201020,3020,0.8137968202640797,309,-1.3152257264016383,True,3025,0.8151441659929938,295
133000000000.0,20201021,3,0.0008084074373484236,0,-5.950966682889597,True,633,0.17057396928051738,1
133000000000.0,20201022,2246,0.6052277014281865,67,-2.2286373606117653,True,2431,0.655079493398006,72
133000000000.0,20201023,1355,0.3651306925357047,1,2.4124932086277884,False,552,0.14874696847210994,0
133000000000.0,20201024,2994,0.8067906224737268,183,-3.2643559103517843,True,2786,0.7507410401509027,227
133000000000.0,20201025,0,0.0,0,-0.9160203647650693,True,1383,0.3726758286176233,2
133000000000.0,20201026,2848,0.7674481271894368,156,-3.442335377777394,True,2703,0.7283751010509296,142
133000000000.0,20201027,2819,0.7596335219617354,160,-1.9977548207353144,True,2592,0.698464025869038,97
133000000000.0,20201028,1589,0.4281864726488817,9,0.39347676663602993,True,134,0.036108865534896256,0
133000000000.0,20201029,2188,0.5895984909727836,15,-2.37686655030506,True,2114,0.5696577741848559,71
133000000000.0,20201030,2529,0.6814874696847211,72,-1.7718502957198519,True,1994,0.5373214766909189,15
133000000000.0,20201031,2497,0.6728644570196712,103,-2.3867270743395075,True,2555,0.6884936674750741,106
133000000000.0,20201032,29,0.007814605227701428,0,0.758301456265249,True,7,0.001886284020479655,0
133000000000.0,20201033,2182,0.5879816760980867,47,0.3337441746416312,True,2462,0.663433036917273,49
133000000000.0,20201034,1829,0.4928590676367556,23,-1.1356129193429503,True,2391,0.6443007275666937,65
133000000000.0,20201035,2572,0.6930746429533818,98,-1.2964899678535815,True,2206,0.5944489355968742,66
133000000000.0,20201036,3045,0.8205335489086499,216,-4.373860219936079,True,3118,0.8402047965507949,190
133000000000.0,20201037,2634,0.7097817299919159,35,1.6832555204519446,True,1969,0.5305847480463487,36
133000000000.0,20201038,3,0.0008084074373484236,0,,False,0,0.0,0
133000000000.0,20201039,1289,0.34734572891403936,0,0.45427746494227517,True,66,0.01778496362166532,0
133000000000.0,20201040,26,0.007006197790353005,0,,False,25,0.006736728644570197,0
133000000000.0,20201041,473,0.12745890595526813,3,1.9128879483224668,True,264,0.07113985448666128,0
133000000000.0,20201042,2747,0.7402317434653732,91,0.04116257183249328,True,2477,0.6674750741040151,51
133000000000.0,20201043,0,0.0,0,,False,1,0.00026946914578280785,0
133000000000.0,20201044,1926,0.5189975747776879,59,1.095140485547148,True,2637,0.7105901374292644,129
133000000000.0,20201045,2,0.0005389382915656157,0,1.032818464748324,True,0,0.0,0
133000000000.0,20201046,568,0.15305847480463486,1,-0.12788669477456072,True,1616,0.4354621395850175,7
133000000000.0,20201047,187,0.05039073026138507,0,2.9244775000891394,False,411,0.11075181891673404,0
133000000000.0,20201048,1728,0.465642683912692,23,2.877230014660336,False,745,0.20075451360819185,0
133000000000.0,20201049,16,0.004311506332524926,1,3.7900994573264355,False,15,0.004042037186742118,1
133000000000.0,20201050,1800,0.4850444624090542,36,0.8436689688656847,True,1908,0.5141471301535974,25
133000000000.0,20201051,2478,0.6677445432497979,31,-0.006416818223924814,True,1720,0.46348693074642955,20
133000000000.0,20201052,2678,0.7216383724063594,86,0.0420435517578408,True,2498,0.6731339261654541,66
133000000000.0,20201053,14,0.00377256804095931,1,-2.7130160873382616,True,1,0.00026946914578280785,0
133000000000.0,20201054,2488,0.670439234707626,104,2.1812727095783657,False,2231,0.6011856642414444,28
133000000000.0,20201055,2361,0.6362166531932094,32,-1.4088857748805914,True,1686,0.45432497978981407,17
133000000000.0,20201056,619,0.16680140123955808,0,3.2771410927268514,False,1547,0.4168687685260038,0
133000000000.0,20201057,2460,0.6628940986257074,43,-0.42768587970424754,True,2531,0.6820264079762867,35
133000000000.0,20201058,2601,0.7008892481810832,76,1.8505413062698093,True,2083,0.5613042306655888,80
133000000000.0,20201059,2176,0.5863648612233899,7,1.8577349843081201,True,2045,0.551064403125842,13
133000000000.0,20201060,146,0.03934249528428995,0,4.614610797254605,False,0,0.0,0
133000000000.0,20201061,215,0.057935866343303694,0,-1.6139060125523086,True,19,0.005119913769873349,0
133000000000.0,20201062,2002,0.5394772298571814,35,-1.4212384836452125,True,2146,0.5782807868499057,28
133000000000.0,20201063,1884,0.50767987065481,19,0.6605173698425908,True,2009,0.541363513877661,24
133000000000.0,20201064,1987,0.5354351926704393,17,-0.6568744931147492,True,1978,0.5330099703583939,9
133000000000.0,20201065,10,0.0026946914578280788,0,6.428482832433176,False,8,0.002155753166262463,0
133000000000.0,20201066,10,0.0026946914578280788,0,-5.717999137859049,True,1,0.00026946914578280785,0
133000000000.0,20201067,2611,0.7035839396389113,99,-5.34816904569152,True,2786,0.7507410401509027,146
133000000000.0,20201068,1376,0.37078954459714364,1,4.386989928970714,False,770,0.20749124225276205,1
133000000000.0,20201069,2958,0.7970897332255457,83,-1.7658797458571192,True,427,0.11506332524925895,1
133000000000.0,20201070,3107,0.837240635947184,338,-4.067193193084102,True,3120,0.8407437348423605,446
133000000000.0,20201071,20,0.0053893829156561575,1,1.1822753074479868,True,112,0.03018054432767448,0
133000000000.0,20201072,3217,0.8668822419832929,392,-3.9936852722426552,True,3174,0.8552950687146321,389
133000000000.0,20201073,3,0.0008084074373484236,0,-4.798252626999135,True,400,0.10778765831312315,1
133000000000.0,20201074,0,0.0,0,,False,0,0.0,0
133000000000.0,20201075,2110,0.5685798976017246,32,-1.0375144138060781,True,2127,0.5731608730800324,55
133000000000.0,20201076,3092,0.8331985987604419,307,-2.251167570980381,True,3048,0.8213419563459984,393
133000000000.0,20201077,2630,0.7087038534087847,58,1.608901907878808,True,2160,0.582053354890865,45
133000000000.0,20201078,237,0.06386418755052546,0,0.5058639900419744,True,67,0.018054432767448128,0
133000000000.0,20201079,0,0.0,0,5.1760713786195955,False,4,0.0010778765831312314,0
133000000000.0,20201080,1496,0.40312584209108054,1,-0.5090298939161109,True,1578,0.42522231204527083,0
133000000000.0,20201081,1692,0.4559417946645109,27,-11.036197980417189,True,2190,0.5901374292643492,29
133000000000.0,20201082,52,0.01401239558070601,0,4.818717447259256,False,235,0.06332524925895985,2
133000000000.0,20201083,3180,0.856911883589329,488,-3.107047885519252,True,3263,0.8792778226893021,553
133000000000.0,20201084,3196,0.861223389921854,295,-4.468922005444403,True,2836,0.7642144974400431,227
133000000000.0,20201085,74,0.019940716787927783,0,1.0947234555138596,True,145,0.03907302613850714,0
133000000000.0,20201086,2094,0.5642683912691997,46,-2.2891375909635654,True,2334,0.6289409862570736,54
133000000000.0,20201087,1600,0.4311506332524926,21,-1.4660071201635887,True,1574,0.4241444354621396,20
133000000000.0,20201088,2154,0.5804365400161682,32,0.6257853377724256,True,266,0.07167879277822689,1
133000000000.0,20201089,1942,0.5233090811102129,42,-1.0800219993850404,True,2486,0.6699002964160604,54
133000000000.0,20201090,2208,0.5949878738884398,31,0.991036254315155,True,783,0.21099434114793855,1
133000000000.0,20201091,1,0.00026946914578280785,1,0.7600923524978578,True,5,0.0013473457289140394,1
133000000000.0,20201092,1395,0.375909458367017,14,3.509054489340441,False,1579,0.42549178119105363,17
133000000000.0,20201093,46,0.012395580706009162,0,-0.6939430701545044,True,1,0.00026946914578280785,0
133000000000.0,20201094,977,0.2632713554298033,0,2.5659702977436796,False,1,0.00026946914578280785,0
133000000000.0,20201095,2784,0.7502021018593371,57,1.228940857903868,True,1477,0.39800592832120724,0
133000000000.0,20201096,1,0.00026946914578280785,0,1.9897429328865606,True,13,0.0035030988951765024,0
133000000000.0,20201097,590,0.15898679601185664,0,-2.6422954691211866,True,119,0.032066828348154136,0
133000000000.0,20201098,2884,0.7771490164376179,208,-3.3523312526003872,True,2966,0.7992454863918081,197
133000000000.0,20201099,1945,0.5241174885475613,51,2.4254539707279177,False,2312,0.6230126650498518,76
133000000000.0,20201100,7,0.001886284020479655,0,-2.830308848423476,True,799,0.2153058474804635,0
133000000000.0,20201101,948,0.25545675020210185,0,3.1809743722577064,False,1372,0.3697116680140124,0
133000000000.0,20201102,0,0.0,0,2.859753079850508,False,1,0.00026946914578280785,0
133000000000.0,20201103,137,0.036917272972244675,0,1.1216714712380718,True,1038,0.27970897332255457,0
133000000000.0,20201104,3158,0.8509835623821073,333,-2.1740818781923643,True,3143,0.8469415251953651,430
133000000000.0,20201105,7,0.001886284020479655,0,3.795552608855645,False,42,0.01131770412287793,1
133000000000.0,20201106,87,0.023443815683104285,0,-2.866978667354557,True,10,0.0026946914578280788,0
133000000000.0,20201107,1,0.00026946914578280785,1,0.08481091669362151,True,23,0.006197790353004581,1
133000000000.0,20201108,8,0.002155753166262463,0,2.164500002147321,False,5,0.0013473457289140394,0
133000000000.0,20201109,2844,0.7663702506063056,162,-1.2637915868108882,True,2686,0.7237941255726219,96
133000000000.0,20201110,424,0.11425491781191054,0,-0.09488232965181531,True,52,0.01401239558070601,0
133000000000.0,20201111,640,0.17246025330099704,0,-1.5583965178456571,True,188,0.05066019940716788,0
133000000000.0,20201112,2820,0.7599029911075182,225,-3.448465653875955,True,2859,0.7704122877930477,189
133000000000.0,20201113,814,0.21934788466720562,0,4.550503313366736,False,626,0.16868768526003772,1
133000000000.0,20201114,1622,0.43707895445971434,25,-2.55810661719788,True,684,0.18431689571544058,0
133000000000.0,20201115,210,0.056588520614389654,1,1.6142806887967085,True,7,0.001886284020479655,1
133000000000.0,20201116,2604,0.7016976556184317,79,-8.00663297692374,True,2683,0.7229857181352735,84
133000000000.0,20201117,3,0.0008084074373484236,0,-0.45093917024199737,True,337,0.09081110212880625,0
133000000000.0,20201118,1509,0.40662894098625707,4,-0.15884112234836678,True,2253,0.6071139854486661,55
133000000000.0,20201119,679,0.18296954998652654,0,-2.7854352825157953,True,1575,0.4244139046079224,0
133000000000.0,20201120,4,0.0010778765831312314,0,-0.23055591009211973,True,10,0.0026946914578280788,0
133000000000.0,20201121,2472,0.666127728375101,81,-2.196239844658593,True,2500,0.6736728644570197,64
133000000000.0,20201122,2405,0.6480732956076529,124,-3.602907551193476,True,3135,0.8447857720291027,307
133000000000.0,20201123,0,0.0,0,,False,0,0.0,0
133000000000.0,20201124,2759,0.7434653732147669,151,-5.521133462237795,True,3080,0.8299649690110482,290
133000000000.0,20201125,249,0.06709781729991916,1,-1.9653921634585503,True,21,0.005658852061438965,1
133000000000.0,20201126,166,0.044731878199946104,0,-11.151783010920504,True,300,0.08084074373484236,0
133000000000.0,20201127,2985,0.8043654001616815,260,-5.1390682102255685,True,3300,0.889248181083266,304
133000000000.0,20201128,25,0.006736728644570197,0,2.936891977143567,False,7,0.001886284020479655,0
133000000000.0,20201129,1,0.00026946914578280785,0,-4.905070417111616,True,1085,0.2923740231743465,4
133000000000.0,20201130,22,0.005928321207221773,0,1.1217715841697737,True,36,0.009700889248181084,1
133000000000.0,20201131,170,0.04580975478307734,0,,False,143,0.038534087846941525,0
133000000000.0,20201132,100,0.026946914578280787,1,0.9983892216929551,True,651,0.17542441390460792,2
133000000000.0,20201133,2077,0.559687415790892,6,1.078620474484405,True,1003,0.2702775532201563,1
133000000000.0,20201134,3155,0.8501751549447588,298,-5.318023544483992,True,3023,0.8146052277014282,265
133000000000.0,20201135,3051,0.8221503637833468,390,-6.072031260030239,True,3163,0.8523309081110213,310
133000000000.0,20201136,186,0.050121261115602264,1,-6.845142363584664,True,18,0.004850444624090542,1
133000000000.0,20201137,1915,0.5160334141740771,47,-1.2575176513503221,True,2308,0.6219347884667206,59
133000000000.0,20201138,55,0.014820803018054433,0,-0.6917026220510101,True,138,0.037186742118027485,0
133000000000.0,20201139,1224,0.32983023443815684,2,3.8143066723209937,False,1526,0.4112099164645648,2
133000000000.0,20201140,1,0.00026946914578280785,0,0.4789352317007136,True,7,0.001886284020479655,0
133000000000.0,20201141,3292,0.8870924279170035,513,-3.197204073666314,True,3095,0.8340070061977903,414
133000000000.0,20201142,31,0.008353543519267044,0,,False,46,0.012395580706009162,0
133000000000.0,20201143,1662,0.44785772029102666,0,-0.9677562584514501,True,37,0.009970358393963891,2
133000000000.0,20201144,3000,0.8084074373484236,312,-3.157942320398466,True,2980,0.8030180544327674,325
133000000000.0,20201145,1602,0.4316895715440582,2,0.9809773951035687,True,1237,0.3333333333333333,4
133000000000.0,20201146,1,0.00026946914578280785,0,0.840127081285952,True,0,0.0,0
133000000000.0,20201147,2,0.0005389382915656157,1,0.20255924163765648,True,27,0.007275666936135812,1
133000000000.0,20201148,0,0.0,0,-0.46522359678036995,True,1,0.00026946914578280785,0
133000000000.0,20201149,2060,0.5551064403125842,28,-0.35840134144819125,True,26,0.007006197790353005,1
133000000000.0,20201150,2394,0.645109135004042,97,-2.995525716289565,True,2124,0.5723524656426839,61
133000000000.0,20201151,142,0.038264618701158715,0,5.967769279680883,False,215,0.057935866343303694,0
133000000000.0,20201152,1,0.00026946914578280785,1,-0.6825965009752544,True,1,0.00026946914578280785,1
133000000000.0,20201153,1,0.00026946914578280785,0,1.6612092351655905,True,0,0.0,0
133000000000.0,20201154,401,0.10805712745890596,0,4.7555342842320005,False,111,0.029911075181891674,0
133000000000.0,20201155,188,0.05066019940716788,0,3.0652174844980804,False,1238,0.33360280247911617,0
133000000000.0,20201156,51,0.0137429264349232,0,4.1456464344217405,False,48,0.012934518997574777,0
133000000000.0,20201157,2918,0.7863109673942333,97,-2.8937948601559853,True,2030,0.5470223659390999,7
133000000000.0,20201158,588,0.15844785772029102,0,-0.8268452964270443,True,1,0.00026946914578280785,0
133000000000.0,20201159,3131,0.8437078954459715,167,-1.6449949853446801,True,3185,0.858259229318243,247
133000000000.0,20201160,0,0.0,0,,False,0,0.0,0
133000000000.0,20201161,704,0.18970627863109674,1,-0.15937090177091395,True,472,0.1271894368094853,1
133000000000.0,20201162,26,0.007006197790353005,0,,False,28,0.00754513608191862,0
133000000000.0,20201163,2157,0.5812449474535166,46,-1.1405329197387521,True,306,0.08245755860953921,0
133000000000.0,20201164,1982,0.5340878469415252,31,0.6332227366830683,True,1800,0.4850444624090542,35
133000000000.0,20201165,98,0.026407976286715172,0,-2.7661254048856314,True,367,0.09889517650229049,0
133000000000.0,20201166,2,0.0005389382915656157,0,,False,1,0.00026946914578280785,0
133000000000.0,20201167,1,0.00026946914578280785,0,3.2827760298292645,False,3,0.0008084074373484236,0
133000000000.0,20201168,71,0.019132309350579357,0,5.49050531270839,False,350,0.09431420102398276,0
133000000000.0,20201169,24,0.0064672594987873885,0,,False,24,0.0064672594987873885,0
133000000000.0,20201170,2920,0.7868499056857989,233,-2.4839250101088233,True,3131,0.8437078954459715,310
133000000000.0,20201171,2117,0.5704661816222043,21,3.426796511857102,False,1742,0.4694152519536513,16
133000000000.0,20201172,1856,0.5001347345728914,21,-0.0958876835792708,True,2069,0.5575316626246295,18
133000000000.0,20201173,1599,0.4308811641067098,20,-12.616659136917512,True,1771,0.47722985718135275,13
133000000000.0,20201174,21,0.005658852061438965,0,5.909826326887934,False,15,0.004042037186742118,0
133000000000.0,20201175,372,0.10024252223120453,1,-0.44612193620621454,True,5,0.0013473457289140394,0
133000000000.0,20201176,5,0.0013473457289140394,0,2.0943204086148324,False,6,0.0016168148746968471,0
133000000000.0,20201177,1888,0.5087577472379412,33,-2.42227374058956,True,669,0.18027485852869846,3
133000000000.0,20201178,607,0.16356777149016438,1,-0.08633635169678922,True,377,0.10158986796011857,0
133000000000.0,20201179,9,0.002425222312045271,0,3.829948487988003,False,26,0.007006197790353005,0
133000000000.0,20201180,2550,0.6871463217461601,30,0.9058616405436308,True,2725,0.7343034222581515,52
133000000000.0,20201181,2627,0.7078954459714363,130,-2.470590452756083,True,2963,0.7984370789544597,171
133000000000.0,20201182,3136,0.8450552411748855,320,-4.059682872321844,True,3147,0.8480194017784963,359
133000000000.0,20201183,2309,0.6222042576125034,87,2.3997690540078267,False,2064,0.5561843168957155,54
133000000000.0,20201184,2454,0.6612772837510105,42,-4.815760901349639,True,1243,0.3349501482080302,0
133000000000.0,20201185,1203,0.3241713823767179,0,4.063315789638989,False,1345,0.3624360010778766,0
133000000000.0,20201186,3106,0.8369711668014013,229,-2.391323405499818,True,2988,0.8051738075990299,205
133000000000.0,20201187,434,0.11694960926973862,2,1.4444811852094634,True,1138,0.30665588790083537,1
133000000000.0,20201188,268,0.07221773106979251,0,2.919676020160641,False,632,0.17030450013473458,0
133000000000.0,20201189,2895,0.7801131770412287,207,-2.1983608495301556,True,2478,0.6677445432497979,55
133000000000.0,20201190,200,0.05389382915656157,1,4.651625836348318,False,27,0.007275666936135812,1
133000000000.0,20201191,1,0.00026946914578280785,0,-2.8829607965245554,True,1524,0.4106709781729992,0
133000000000.0,20201192,2048,0.5518728105631905,70,1.9307408134314588,True,2685,0.7235246564268392,94
133000000000.0,20201193,4,0.0010778765831312314,0,3.713445264193643,False,160,0.04311506332524926,0
133000000000.0,20201194,127,0.0342225815144166,0,-0.6510400494404052,True,1,0.00026946914578280785,0
133000000000.0,20201195,54,0.014551333872271624,1,3.3696981002776023,False,10,0.0026946914578280788,0
133000000000.0,20201196,0,0.0,1,5.2213529808677945,False,0,0.0,1
133000000000.0,20201197,0,0.0,0,5.172456988053119,False,0,0.0,0
133000000000.0,20201198,5,0.0013473457289140394,0,6.163334434039694,False,8,0.002155753166262463,0
133000000000.0,20201199,1066,0.2872541094044732,0,3.7599536718973496,False,1330,0.3583939638911345,5
133000000000.0,20201200,3088,0.8321207221773107,218,-2.382016021012335,True,3168,0.8536782538399353,281
178000000000.0,20201001,2870,0.7733764483966585,102,-1.3663811429320818,True,2742,0.7388843977364592,130
178000000000.0,20201002,1555,0.4190245216922662,15,2.1764533615030124,False,1468,0.39558070600916195,15
178000000000.0,20201003,2894,0.779843707895446,225,-1.0057621642007222,True,2790,0.751818916734034,218
178000000000.0,20201004,5,0.0013473457289140394,1,0.46667241055194175,True,1,0.00026946914578280785,1
178000000000.0,20201005,2790,0.751818916734034,96,-7.376355015605215,True,2887,0.7779574238749664,178
178000000000.0,20201006,2224,0.5992993802209647,23,-0.6986092890962938,True,2197,0.5920237132848288,15
178000000000.0,20201007,3032,0.8170304500134734,202,-6.177329354588388,True,3167,0.8534087846941525,218
178000000000.0,20201008,2903,0.7822689302074912,122,-0.6728293887946633,True,2829,0.7623282134195635,108
178000000000.0,20201009,2793,0.7526273241713823,107,-1.1643490272194796,True,2813,0.7580167070870385,173
178000000000.0,20201010,0,0.0,0,3.0059665881574547,False,0,0.0,0
178000000000.0,20201011,2007,0.5408245755860954,25,-3.5268297763956182,True,2887,0.7779574238749664,188
178000000000.0,20201012,3192,0.8601455133387227,180,-0.054842477040995874,True,3124,0.8418216114254918,105
178000000000.0,20201013,2700,0.7275666936135813,127,-4.3758602585599915,True,3272,0.8817030450013473,309
178000000000.0,20201014,1,0.00026946914578280785,0,0.14793545282991438,True,1,0.00026946914578280785,0
178000000000.0,20201015,2485,0.6696308272702776,43,-8.479159909235273,True,2591,0.6981945567232551,50
178000000000.0,20201016,1920,0.5173807599029911,24,1.0835755652613415,True,2220,0.5982215036378334,32
178000000000.0,20201017,3101,0.8356238210724872,326,-2.226165683903649,True,3075,0.8286176232821342,206
178000000000.0,20201018,1702,0.458636486122339,15,-0.11737015657024852,True,2167,0.5839396389113447,30
178000000000.0,20201019,384,0.10347615198059822,1,2.43257235038174,False,2011,0.5419024521692266,0
178000000000.0,20201020,3204,0.8633791430881164,379,-1.3152257264016383,True,3205,0.8636486122338992,402
178000000000.0,20201021,79,0.021288062516841823,0,-5.950966682889597,True,1255,0.3381837779574239,0
178000000000.0,20201022,2625,0.7073565076798707,81,-2.2286373606117653,True,2725,0.7343034222581515,102
178000000000.0,20201023,1497,0.4033953112368634,0,2.4124932086277884,False,986,0.26569657774184857,1
178000000000.0,20201024,2991,0.8059822150363783,292,-3.2643559103517843,True,3100,0.8353543519267044,246
178000000000.0,20201025,0,0.0,0,-0.9160203647650693,True,1675,0.4513608191862032,3
178000000000.0,20201026,3176,0.8558340070061978,295,-3.442335377777394,True,2999,0.8081379682026408,167
178000000000.0,20201027,3009,0.8108326596604689,197,-1.9977548207353144,True,2857,0.7698733495014821,203
178000000000.0,20201028,1977,0.5327405012126112,11,0.39347676663602993,True,468,0.12611156022635409,0
178000000000.0,20201029,1723,0.46429533818377794,19,-2.37686655030506,True,1886,0.5082188089463756,15
178000000000.0,20201030,2606,0.7022365939099973,65,-1.7718502957198519,True,2386,0.6429533818377796,35
178000000000.0,20201031,2855,0.7693344112099164,157,-2.3867270743395075,True,2642,0.7119374831581784,140
178000000000.0,20201032,82,0.022096469954190245,0,0.758301456265249,True,15,0.004042037186742118,0
178000000000.0,20201033,2314,0.6235516033414175,53,0.3337441746416312,True,2674,0.7205604958232282,78
178000000000.0,20201034,1859,0.5009431420102398,26,-1.1356129193429503,True,2717,0.732147669091889,96
178000000000.0,20201035,2703,0.7283751010509296,160,-1.2964899678535815,True,2530,0.6817569388305039,116
178000000000.0,20201036,2796,0.7534357316087308,202,-4.373860219936079,True,2858,0.7701428186472649,189
178000000000.0,20201037,2016,0.5432497978981407,30,1.6832555204519446,True,2254,0.607383454594449,48
178000000000.0,20201038,3,0.0008084074373484236,0,,False,0,0.0,0
178000000000.0,20201039,1421,0.38291565615737,2,0.45427746494227517,True,1003,0.2702775532201563,0
178000000000.0,20201040,30,0.008084074373484237,0,,False,32,0.008623012665049851,0
178000000000.0,20201041,640,0.17246025330099704,0,1.9128879483224668,True,1416,0.38156831042845596,0
178000000000.0,20201042,2904,0.7825383993532741,118,0.04116257183249328,True,2773,0.7472379412557262,83
178000000000.0,20201043,0,0.0,0,,False,2,0.0005389382915656157,0
178000000000.0,20201044,1996,0.5378604149824845,67,1.095140485547148,True,2859,0.7704122877930477,152
178000000000.0,20201045,2,0.0005389382915656157,0,1.032818464748324,True,0,0.0,0
178000000000.0,20201046,1539,0.4147130153597413,2,-0.12788669477456072,True,1573,0.4238749663163568,12
178000000000.0,20201047,294,0.07922392886014551,0,2.9244775000891394,False,1238,0.33360280247911617,0
178000000000.0,20201048,1669,0.44974400431150635,10,2.877230014660336,False,634,0.17084343842630018,0
178000000000.0,20201049,22,0.005928321207221773,1,3.7900994573264355,False,3,0.0008084074373484236,0
178000000000.0,20201050,2410,0.649420641336567,60,0.8436689688656847,True,1916,0.5163028833198599,27
178000000000.0,20201051,1695,0.45675020210185935,5,-0.006416818223924814,True,1544,0.41606036108865535,2
178000000000.0,20201052,2746,0.7399622743195904,102,0.0420435517578408,True,2732,0.7361897062786311,76
178000000000.0,20201053,79,0.021288062516841823,1,-2.7130160873382616,True,379,0.10212880625168418,0
178000000000.0,20201054,2844,0.7663702506063056,129,2.1812727095783657,False,2338,0.6300188628402048,31
178000000000.0,20201055,2361,0.6362166531932094,57,-1.4088857748805914,True,2143,0.5774723794125572,22
178000000000.0,20201056,1098,0.29587712206952305,3,3.2771410927268514,False,1484,0.39989221234168687,0
178000000000.0,20201057,2559,0.6895715440582053,33,-0.42768587970424754,True,2494,0.6720560495823228,40
178000000000.0,20201058,2950,0.7949339800592832,105,1.8505413062698093,True,3112,0.838587981676098,228
178000000000.0,20201059,2093,0.5639989221234168,10,1.8577349843081201,True,2311,0.622743195904069,11
178000000000.0,20201060,293,0.0789544597143627,0,4.614610797254605,False,0,0.0,0
178000000000.0,20201061,143,0.038534087846941525,0,-1.6139060125523086,True,9,0.002425222312045271,0
178000000000.0,20201062,2351,0.6335219617353813,61,-1.4212384836452125,True,2244,0.6046887631366209,48
178000000000.0,20201063,2011,0.5419024521692266,20,0.6605173698425908,True,2294,0.6181622204257613,23
178000000000.0,20201064,1968,0.5303152789005658,18,-0.6568744931147492,True,2054,0.5534896254378874,27
178000000000.0,20201065,14,0.00377256804095931,0,6.428482832433176,False,4,0.0010778765831312314,0
178000000000.0,20201066,588,0.15844785772029102,0,-5.717999137859049,True,905,0.24386957693344113,0
178000000000.0,20201067,2906,0.7830773376448397,176,-5.34816904569152,True,2737,0.7375370520075452,164
178000000000.0,20201068,1862,0.5017515494475883,1,4.386989928970714,False,1518,0.40905416329830235,1
178000000000.0,20201069,2874,0.7744543249797898,108,-1.7658797458571192,True,972,0.26192400970088925,0
178000000000.0,20201070,3103,0.8361627593640528,466,-4.067193193084102,True,3133,0.8442468337375371,421
178000000000.0,20201071,62,0.016707087038534088,0,1.1822753074479868,True,87,0.023443815683104285,0
178000000000.0,20201072,3214,0.8660738345459444,417,-3.9936852722426552,True,3266,0.8800862301266505,491
178000000000.0,20201073,2,0.0005389382915656157,0,-4.798252626999135,True,1452,0.39126919967663704,1
178000000000.0,20201074,0,0.0,0,,False,0,0.0,0
178000000000.0,20201075,2503,0.6744812718943681,54,-1.0375144138060781,True,2598,0.7000808407437349,104
178000000000.0,20201076,3069,0.8270008084074374,296,-2.251167570980381,True,3217,0.8668822419832929,427
178000000000.0,20201077,2563,0.6906494206413366,60,1.608901907878808,True,2202,0.5933710590137429,66
178000000000.0,20201078,291,0.07841552142279709,0,0.5058639900419744,True,473,0.12745890595526813,1
178000000000.0,20201079,2,0.0005389382915656157,0,5.1760713786195955,False,4,0.0010778765831312314,0
178000000000.0,20201080,1652,0.4451630288331986,12,-0.5090298939161109,True,1915,0.5160334141740771,3
178000000000.0,20201081,2142,0.5772029102667745,25,-11.036197980417189,True,2227,0.6001077876583131,33
178000000000.0,20201082,113,0.03045001347345729,1,4.818717447259256,False,349,0.09404473187819995,0
178000000000.0,20201083,3214,0.8660738345459444,497,-3.107047885519252,True,3261,0.8787388843977365,549
178000000000.0,20201084,3121,0.8410132039881434,352,-4.468922005444403,True,3049,0.8216114254917812,206
178000000000.0,20201085,90,0.024252223120452707,0,1.0947234555138596,True,148,0.039881433575855565,0
178000000000.0,20201086,2533,0.6825653462678524,75,-2.2891375909635654,True,2595,0.6992724333063864,56
178000000000.0,20201087,1259,0.3392616545405551,2,-1.4660071201635887,True,1578,0.42522231204527083,23
178000000000.0,20201088,903,0.2433306386418755,0,0.6257853377724256,True,687,0.185125303152789,1
178000000000.0,20201089,2272,0.6122338992185394,73,-1.0800219993850404,True,2547,0.6863379143088116,66
178000000000.0,20201090,1205,0.3247103206682835,1,0.991036254315155,True,970,0.26138507140932365,3
178000000000.0,20201091,1,0.00026946914578280785,1,0.7600923524978578,True,24,0.0064672594987873885,1
178000000000.0,20201092,1985,0.5348962543788737,12,3.509054489340441,False,1708,0.4602533009970358,10
178000000000.0,20201093,59,0.015898679601185663,0,-0.6939430701545044,True,1,0.00026946914578280785,0
178000000000.0,20201094,1669,0.44974400431150635,0,2.5659702977436796,False,42,0.01131770412287793,0
178000000000.0,20201095,2807,0.7563998922123417,48,1.228940857903868,True,1290,0.34761519805982216,0
178000000000.0,20201096,1,0.00026946914578280785,0,1.9897429328865606,True,21,0.005658852061438965,0
178000000000.0,20201097,2038,0.5491781191053624,1,-2.6422954691211866,True,465,0.12530315278900567,0
178000000000.0,20201098,3130,0.8434384263001886,402,-3.3523312526003872,True,3140,0.8461331177580167,314
178000000000.0,20201099,2549,0.6868768526003772,78,2.4254539707279177,False,2493,0.67178658043654,133
178000000000.0,20201100,91,0.024521692266235517,0,-2.830308848423476,True,1805,0.48639180813796823,7
178000000000.0,20201101,937,0.25249258959849097,1,3.1809743722577064,False,1445,0.38938291565615735,1
178000000000.0,20201102,14,0.00377256804095931,0,2.859753079850508,False,1,0.00026946914578280785,0
178000000000.0,20201103,1340,0.36108865534896256,0,1.1216714712380718,True,922,0.24845055241174885,0
178000000000.0,20201104,3171,0.8544866612772838,363,-2.1740818781923643,True,3175,0.855564537860415,349
178000000000.0,20201105,17,0.004580975478307734,0,3.795552608855645,False,194,0.05227701428186473,0
178000000000.0,20201106,1880,0.5066019940716788,2,-2.866978667354557,True,9,0.002425222312045271,1
178000000000.0,20201107,1,0.00026946914578280785,1,0.08481091669362151,True,107,0.02883319859876044,1
178000000000.0,20201108,16,0.004311506332524926,0,2.164500002147321,False,6,0.0016168148746968471,0
178000000000.0,20201109,3085,0.8313123147399623,299,-1.2637915868108882,True,2912,0.7846941525195366,140
178000000000.0,20201110,487,0.13123147399622742,0,-0.09488232965181531,True,87,0.023443815683104285,0
178000000000.0,20201111,534,0.1438965238480194,0,-1.5583965178456571,True,220,0.059283212072217734,0
178000000000.0,20201112,3014,0.812180005389383,249,-3.448465653875955,True,3129,0.8431689571544059,228
178000000000.0,20201113,1042,0.2807868499056858,0,4.550503313366736,False,1443,0.38884397736459175,1
178000000000.0,20201114,2656,0.7157100511991377,56,-2.55810661719788,True,2222,0.598760441929399,33
178000000000.0,20201115,637,0.17165184586364862,0,1.6142806887967085,True,6,0.0016168148746968471,1
178000000000.0,20201116,2832,0.7631366208569119,188,-8.00663297692374,True,3001,0.8086769064942064,82
178000000000.0,20201117,24,0.0064672594987873885,0,-0.45093917024199737,True,787,0.2120722177310698,0
178000000000.0,20201118,1588,0.4279170035030989,11,-0.15884112234836678,True,2637,0.7105901374292644,89
178000000000.0,20201119,1672,0.45055241174885474,0,-2.7854352825157953,True,2227,0.6001077876583131,30
178000000000.0,20201120,52,0.01401239558070601,0,-0.23055591009211973,True,43,0.011587173268660739,0
178000000000.0,20201121,2517,0.6782538399353274,97,-2.196239844658593,True,2557,0.6890326057666397,78
178000000000.0,20201122,2867,0.7725680409593102,209,-3.602907551193476,True,2912,0.7846941525195366,279
178000000000.0,20201123,0,0.0,0,,False,0,0.0,0
178000000000.0,20201124,2713,0.7310697925087577,130,-5.521133462237795,True,3134,0.8445163028833199,262
178000000000.0,20201125,190,0.05119913769873349,1,-1.9653921634585503,True,16,0.004311506332524926,1
178000000000.0,20201126,500,0.13473457289140395,0,-11.151783010920504,True,761,0.2050660199407168,0
178000000000.0,20201127,3163,0.8523309081110213,188,-5.1390682102255685,True,3206,0.8639180813796821,366
178000000000.0,20201128,79,0.021288062516841823,0,2.936891977143567,False,68,0.018323901913230935,0
178000000000.0,20201129,1,0.00026946914578280785,0,-4.905070417111616,True,2443,0.6583131231473996,71
178000000000.0,20201130,1789,0.48208030180544326,4,1.1217715841697737,True,1963,0.5289679331716518,15
178000000000.0,20201131,166,0.044731878199946104,0,,False,128,0.034492050660199405,0
178000000000.0,20201132,1953,0.5262732417138237,0,0.9983892216929551,True,1741,0.4691457828078685,11
178000000000.0,20201133,2133,0.5747776879547292,11,1.078620474484405,True,2129,0.573699811371598,14
178000000000.0,20201134,3157,0.8507140932363244,340,-5.318023544483992,True,2892,0.7793047696038804,219
178000000000.0,20201135,3279,0.883589329021827,491,-6.072031260030239,True,3014,0.812180005389383,370
178000000000.0,20201136,273,0.07356507679870655,1,-6.845142363584664,True,28,0.00754513608191862,1
178000000000.0,20201137,2714,0.7313392616545406,135,-1.2575176513503221,True,2223,0.5990299110751819,59
178000000000.0,20201138,170,0.04580975478307734,1,-0.6917026220510101,True,108,0.02910266774454325,0
178000000000.0,20201139,1430,0.3853408784694152,1,3.8143066723209937,False,1643,0.44273780652115335,2
178000000000.0,20201140,2,0.0005389382915656157,0,0.4789352317007136,True,6,0.0016168148746968471,0
178000000000.0,20201141,3212,0.8655348962543788,470,-3.197204073666314,True,3293,0.8873618970627863,544
178000000000.0,20201142,30,0.008084074373484237,0,,False,47,0.01266504985179197,0
178000000000.0,20201143,1931,0.520344920506602,15,-0.9677562584514501,True,855,0.23039611964430073,1
178000000000.0,20201144,3039,0.8189167340339532,338,-3.157942320398466,True,2989,0.8054432767448128,328
178000000000.0,20201145,1645,0.44327674481271895,17,0.9809773951035687,True,2533,0.6825653462678524,27
178000000000.0,20201146,1,0.00026946914578280785,0,0.840127081285952,True,0,0.0,0
178000000000.0,20201147,2,0.0005389382915656157,1,0.20255924163765648,True,81,0.021827000808407437,1
178000000000.0,20201148,0,0.0,0,-0.46522359678036995,True,1,0.00026946914578280785,0
178000000000.0,20201149,1930,0.5200754513608192,29,-0.35840134144819125,True,413,0.11129075720829965,0
178000000000.0,20201150,2545,0.685798976017246,103,-2.995525716289565,True,2363,0.636755591484775,71
178000000000.0,20201151,37,0.009970358393963891,0,5.967769279680883,False,298,0.08030180544327674,0
178000000000.0,20201152,1,0.00026946914578280785,1,-0.6825965009752544,True,1,0.00026946914578280785,1
178000000000.0,20201153,97,0.026138507140932365,0,1.6612092351655905,True,22,0.005928321207221773,0
178000000000.0,20201154,170,0.04580975478307734,0,4.7555342842320005,False,209,0.05631905146860684,1
178000000000.0,20201155,457,0.1231473996227432,0,3.0652174844980804,False,1290,0.34761519805982216,0
178000000000.0,20201156,48,0.012934518997574777,0,4.1456464344217405,False,58,0.015629210455402855,0
178000000000.0,20201157,2611,0.7035839396389113,105,-2.8937948601559853,True,1256,0.3384532471032067,6
178000000000.0,20201158,373,0.10051199137698734,0,-0.8268452964270443,True,1,0.00026946914578280785,0
178000000000.0,20201159,3240,0.8730800323362975,218,-1.6449949853446801,True,3121,0.8410132039881434,238
178000000000.0,20201160,0,0.0,0,,False,0,0.0,0
178000000000.0,20201161,2007,0.5408245755860954,12,-0.15937090177091395,True,496,0.1336566963082727,1
178000000000.0,20201162,26,0.007006197790353005,0,,False,29,0.007814605227701428,0
178000000000.0,20201163,1762,0.47480463486930746,13,-1.1405329197387521,True,620,0.16707087038534088,0
178000000000.0,20201164,1847,0.49770951226084614,23,0.6332227366830683,True,2463,0.6637025060630558,69
178000000000.0,20201165,272,0.07329560765292374,0,-2.7661254048856314,True,1246,0.3357585556453786,3
178000000000.0,20201166,3,0.0008084074373484236,0,,False,2,0.0005389382915656157,0
178000000000.0,20201167,1,0.00026946914578280785,0,3.2827760298292645,False,5,0.0013473457289140394,1
178000000000.0,20201168,100,0.026946914578280787,0,5.49050531270839,False,501,0.13500404203718674,0
178000000000.0,20201169,21,0.005658852061438965,0,,False,27,0.007275666936135812,0
178000000000.0,20201170,2781,0.7493936944219887,147,-2.4839250101088233,True,3015,0.8124494745351657,376
178000000000.0,20201171,2292,0.6176232821341956,32,3.426796511857102,False,2105,0.5672325518728105,22
178000000000.0,20201172,1766,0.4758825114524387,13,-0.0958876835792708,True,1938,0.5222312045270816,14
178000000000.0,20201173,2136,0.5755860953920776,30,-12.616659136917512,True,1714,0.4618701158717327,12
178000000000.0,20201174,24,0.0064672594987873885,0,5.909826326887934,False,46,0.012395580706009162,0
178000000000.0,20201175,124,0.033414174077068176,1,-0.44612193620621454,True,329,0.08865534896254379,0
178000000000.0,20201176,40,0.010778765831312315,0,2.0943204086148324,False,1509,0.40662894098625707,1
178000000000.0,20201177,2282,0.6149285906763675,59,-2.42227374058956,True,1747,0.47076259768256534,25
178000000000.0,20201178,400,0.10778765831312315,1,-0.08633635169678922,True,310,0.08353543519267044,0
178000000000.0,20201179,19,0.005119913769873349,0,3.829948487988003,False,28,0.00754513608191862,0
178000000000.0,20201180,2665,0.718135273511183,37,0.9058616405436308,True,2640,0.7113985448666128,41
178000000000.0,20201181,2787,0.7510105092966856,215,-2.470590452756083,True,2948,0.7943950417677176,204
178000000000.0,20201182,3165,0.8528698464025869,367,-4.059682872321844,True,3194,0.8606844516302883,396
178000000000.0,20201183,2786,0.7507410401509027,115,2.3997690540078267,False,2738,0.7378065211533279,131
178000000000.0,20201184,2790,0.751818916734034,59,-4.815760901349639,True,1047,0.28213419563459985,0
178000000000.0,20201185,1406,0.3788736189706279,1,4.063315789638989,False,1546,0.41659929938022094,1
178000000000.0,20201186,3148,0.8482888709242792,241,-2.391323405499818,True,2704,0.7286445701967125,132
178000000000.0,20201187,970,0.26138507140932365,1,1.4444811852094634,True,1239,0.33387227162489896,2
178000000000.0,20201188,1885,0.5079493398005929,0,2.919676020160641,False,1739,0.46860684451630286,10
178000000000.0,20201189,2944,0.7933171651845864,212,-2.1983608495301556,True,2771,0.7466990029641606,131
178000000000.0,20201190,89,0.0239827539746699,0,4.651625836348318,False,348,0.09377526273241714,0
178000000000.0,20201191,1,0.00026946914578280785,0,-2.8829607965245554,True,2282,0.6149285906763675,42
178000000000.0,20201192,2203,0.5936405281595257,50,1.9307408134314588,True,2667,0.7186742118027486,115
178000000000.0,20201193,5,0.0013473457289140394,0,3.713445264193643,False,303,0.08164915117219078,0
178000000000.0,20201194,102,0.0274858528698464,0,-0.6510400494404052,True,1,0.00026946914578280785,0
178000000000.0,20201195,158,0.042576125033683646,0,3.3696981002776023,False,474,0.12772837510105092,1
178000000000.0,20201196,0,0.0,1,5.2213529808677945,False,0,0.0,1
178000000000.0,20201197,2,0.0005389382915656157,0,5.172456988053119,False,0,0.0,0
178000000000.0,20201198,10,0.0026946914578280788,0,6.163334434039694,False,11,0.0029641606036108865,0
178000000000.0,20201199,1120,0.3018054432767448,2,3.7599536718973496,False,1361,0.3667475074104015,0
178000000000.0,20201200,3030,0.8164915117219078,223,-2.382016021012335,True,3194,0.8606844516302883,353
237000000000.0,20201001,2764,0.744812718943681,158,-1.3663811429320818,True,2937,0.7914308811641068,117
237000000000.0,20201002,2042,0.5502559956884937,8,2.1764533615030124,False,2619,0.7057396928051738,40
237000000000.0,20201003,3093,0.8334680679062247,209,-1.0057621642007222,True,3031,0.8167609808676907,263
237000000000.0,20201004,2,0.0005389382915656157,1,0.46667241055194175,True,1,0.00026946914578280785,1
237000000000.0,20201005,2831,0.7628671517111291,134,-7.376355015605215,True,3079,0.8296954998652655,301
237000000000.0,20201006,2295,0.618431689571544,25,-0.6986092890962938,True,2396,0.6456480732956077,26
237000000000.0,20201007,3082,0.8305039073026138,220,-6.177329354588388,True,3148,0.8482888709242792,283
237000000000.0,20201008,3045,0.8205335489086499,149,-0.6728293887946633,True,2911,0.7844246833737537,150
237000000000.0,20201009,2719,0.7326866073834546,132,-1.1643490272194796,True,2757,0.7429264349232013,196
237000000000.0,20201010,0,0.0,0,3.0059665881574547,False,0,0.0,0
237000000000.0,20201011,2445,0.6588520614389652,28,-3.5268297763956182,True,3033,0.8172999191592563,216
237000000000.0,20201012,3098,0.8348154136351388,128,-0.054842477040995874,True,3178,0.8563729452977634,168
237000000000.0,20201013,3134,0.8445163028833199,228,-4.3758602585599915,True,2969,0.8000538938291566,324
237000000000.0,20201014,1,0.00026946914578280785,0,0.14793545282991438,True,1,0.00026946914578280785,0
237000000000.0,20201015,2703,0.7283751010509296,39,-8.479159909235273,True,2736,0.7372675828617623,70
237000000000.0,20201016,2239,0.6033414174077069,33,1.0835755652613415,True,1708,0.4602533009970358,21
237000000000.0,20201017,3189,0.8593371059013742,386,-2.226165683903649,True,3201,0.862570735650768,439
237000000000.0,20201018,2403,0.6475343573160873,47,-0.11737015657024852,True,2058,0.5545675020210186,44
237000000000.0,20201019,858,0.23120452708164915,0,2.43257235038174,False,1670,0.45001347345728915,0
237000000000.0,20201020,3066,0.826192400970089,387,-1.3152257264016383,True,3221,0.8679601185664242,512
237000000000.0,20201021,3,0.0008084074373484236,0,-5.950966682889597,True,1892,0.5098356238210725,0
237000000000.0,20201022,2734,0.7367286445701967,95,-2.2286373606117653,True,2823,0.7607113985448666,134
237000000000.0,20201023,846,0.22797089733225545,1,2.4124932086277884,False,1388,0.3740231743465373,0
237000000000.0,20201024,3037,0.8183777957423874,314,-3.2643559103517843,True,3083,0.8307733764483967,286
237000000000.0,20201025,5,0.0013473457289140394,0,-0.9160203647650693,True,1795,0.48369711668014015,1
237000000000.0,20201026,3206,0.8639180813796821,302,-3.442335377777394,True,3182,0.8574508218808946,274
237000000000.0,20201027,3259,0.8781999461061708,425,-1.9977548207353144,True,2671,0.7197520883858798,125
237000000000.0,20201028,1240,0.33414174077068176,0,0.39347676663602993,True,555,0.14955537590945836,0
237000000000.0,20201029,2142,0.5772029102667745,24,-2.37686655030506,True,2163,0.5828617623282134,18
237000000000.0,20201030,2759,0.7434653732147669,84,-1.7718502957198519,True,2351,0.6335219617353813,45
237000000000.0,20201031,3022,0.8143357585556453,157,-2.3867270743395075,True,2729,0.7353812988412827,201
237000000000.0,20201032,82,0.022096469954190245,0,0.758301456265249,True,17,0.004580975478307734,0
237000000000.0,20201033,2609,0.7030450013473457,96,0.3337441746416312,True,2525,0.6804095931015899,75
237000000000.0,20201034,2448,0.6596604688763137,39,-1.1356129193429503,True,2851,0.7682565346267852,98
237000000000.0,20201035,2815,0.7585556453786042,122,-1.2964899678535815,True,2804,0.7555914847749933,115
237000000000.0,20201036,3138,0.8455941794664511,218,-4.373860219936079,True,2974,0.8014012395580706,267
237000000000.0,20201037,2646,0.7130153597413096,73,1.6832555204519446,True,2838,0.7647534357316087,70
237000000000.0,20201038,6,0.0016168148746968471,0,,False,0,0.0,0
237000000000.0,20201039,1911,0.5149555375909458,22,0.45427746494227517,True,1552,0.41821611425491784,1
237000000000.0,20201040,34,0.009161950956615468,0,,False,28,0.00754513608191862,0
237000000000.0,20201041,1775,0.478307733764484,7,1.9128879483224668,True,2402,0.6472648881703045,46
237000000000.0,20201042,2832,0.7631366208569119,117,0.04116257183249328,True,2965,0.7989760172460253,113
237000000000.0,20201043,0,0.0,0,,False,2,0.0005389382915656157,0
237000000000.0,20201044,3083,0.8307733764483967,145,1.095140485547148,True,3023,0.8146052277014282,192
237000000000.0,20201045,2,0.0005389382915656157,0,1.032818464748324,True,0,0.0,0
237000000000.0,20201046,2017,0.5435192670439235,16,-0.12788669477456072,True,2559,0.6895715440582053,60
237000000000.0,20201047,706,0.19024521692266236,0,2.9244775000891394,False,742,0.19994610617084344,0
237000000000.0,20201048,2055,0.5537590945836701,27,2.877230014660336,False,1973,0.5316626246294799,12
237000000000.0,20201049,17,0.004580975478307734,0,3.7900994573264355,False,5,0.0013473457289140394,1
237000000000.0,20201050,2804,0.7555914847749933,90,0.8436689688656847,True,2146,0.5782807868499057,46
237000000000.0,20201051,2476,0.6672056049582323,35,-0.006416818223924814,True,2196,0.5917542441390461,38
237000000000.0,20201052,2766,0.7453516572352465,81,0.0420435517578408,True,2825,0.7612503368364322,111
237000000000.0,20201053,398,0.10724872002155753,0,-2.7130160873382616,True,491,0.13230935057935866,0
237000000000.0,20201054,2661,0.7170573969280517,86,2.1812727095783657,False,2661,0.7170573969280517,68
237000000000.0,20201055,2958,0.7970897332255457,75,-1.4088857748805914,True,2330,0.6278631096739423,34
237000000000.0,20201056,2492,0.6715171112907572,21,3.2771410927268514,False,1787,0.48154136351387766,0
237000000000.0,20201057,2663,0.7175963352196173,40,-0.42768587970424754,True,2752,0.7415790891942873,62
237000000000.0,20201058,2480,0.6682834815413635,71,1.8505413062698093,True,2729,0.7353812988412827,107
237000000000.0,20201059,2504,0.6747507410401509,27,1.8577349843081201,True,2356,0.6348693074642954,19
237000000000.0,20201060,142,0.038264618701158715,0,4.614610797254605,False,58,0.015629210455402855,0
237000000000.0,20201061,597,0.1608730800323363,0,-1.6139060125523086,True,56,0.01509027216383724,0
237000000000.0,20201062,2797,0.7537052007545136,85,-1.4212384836452125,True,2853,0.7687954729183508,159
237000000000.0,20201063,2099,0.5656157369981137,19,0.6605173698425908,True,2328,0.6273241713823767,22
237000000000.0,20201064,2613,0.704122877930477,50,-0.6568744931147492,True,2011,0.5419024521692266,24
237000000000.0,20201065,14,0.00377256804095931,0,6.428482832433176,False,8,0.002155753166262463,0
237000000000.0,20201066,749,0.2018323901913231,1,-5.717999137859049,True,1440,0.3880355699272433,1
237000000000.0,20201067,3076,0.828887092427917,228,-5.34816904569152,True,3036,0.8181083265966047,293
237000000000.0,20201068,896,0.24144435462139585,1,4.386989928970714,False,1606,0.4327674481271894,1
237000000000.0,20201069,2806,0.7561304230665589,115,-1.7658797458571192,True,950,0.2559956884936675,1
237000000000.0,20201070,3197,0.8614928590676367,531,-4.067193193084102,True,3188,0.8590676367555915,451
237000000000.0,20201071,499,0.13446510374562112,0,1.1822753074479868,True,73,0.019671247642144975,0
237000000000.0,20201072,3258,0.8779304769603881,531,-3.9936852722426552,True,3289,0.886284020479655,463
237000000000.0,20201073,3,0.0008084074373484236,0,-4.798252626999135,True,1810,0.48773915386688227,6
237000000000.0,20201074,0,0.0,0,,False,0,0.0,0
237000000000.0,20201075,2629,0.7084343842630019,83,-1.0375144138060781,True,2578,0.6946914578280787,103
237000000000.0,20201076,3171,0.8544866612772838,452,-2.251167570980381,True,3328,0.8967933171651846,590
237000000000.0,20201077,2665,0.718135273511183,93,1.608901907878808,True,2464,0.6639719752088385,60
237000000000.0,20201078,484,0.130423066558879,0,0.5058639900419744,True,1395,0.375909458367017,1
237000000000.0,20201079,2,0.0005389382915656157,0,5.1760713786195955,False,5,0.0013473457289140394,1
237000000000.0,20201080,2133,0.5747776879547292,25,-0.5090298939161109,True,2030,0.5470223659390999,0
237000000000.0,20201081,2307,0.6216653193209377,42,-11.036197980417189,True,2509,0.6760980867690649,75
237000000000.0,20201082,179,0.04823497709512261,1,4.818717447259256,False,474,0.12772837510105092,1
237000000000.0,20201083,3233,0.8711937483158179,526,-3.107047885519252,True,3307,0.8911344651037456,636
237000000000.0,20201084,3274,0.8822419832929129,518,-4.468922005444403,True,3145,0.8474804634869307,281
237000000000.0,20201085,250,0.06736728644570197,0,1.0947234555138596,True,542,0.14605227701428186,1
237000000000.0,20201086,2821,0.760172460253301,88,-2.2891375909635654,True,2721,0.7332255456750202,106
237000000000.0,20201087,1764,0.47534357316087306,13,-1.4660071201635887,True,2384,0.6424144435462139,56
237000000000.0,20201088,643,0.17326866073834546,0,0.6257853377724256,True,1887,0.5084882780921585,23
237000000000.0,20201089,2650,0.7140932363244409,88,-1.0800219993850404,True,2698,0.7270277553220156,78
237000000000.0,20201090,1714,0.4618701158717327,2,0.991036254315155,True,1717,0.4626785233090811,3
237000000000.0,20201091,1,0.00026946914578280785,1,0.7600923524978578,True,9,0.002425222312045271,1
237000000000.0,20201092,2361,0.6362166531932094,22,3.509054489340441,False,1875,0.5052546483427648,17
237000000000.0,20201093,118,0.031797359202371325,0,-0.6939430701545044,True,1,0.00026946914578280785,0
237000000000.0,20201094,1163,0.31339261654540557,0,2.5659702977436796,False,168,0.04527081649151172,0
237000000000.0,20201095,1911,0.5149555375909458,17,1.228940857903868,True,1945,0.5241174885475613,8
237000000000.0,20201096,1,0.00026946914578280785,0,1.9897429328865606,True,25,0.006736728644570197,0
237000000000.0,20201097,1287,0.3468067906224737,1,-2.6422954691211866,True,595,0.16033414174077068,0
237000000000.0,20201098,3245,0.8744273780652115,481,-3.3523312526003872,True,3182,0.8574508218808946,422
237000000000.0,20201099,2946,0.793856103476152,127,2.4254539707279177,False,3008,0.8105631905146861,169
237000000000.0,20201100,130,0.03503098895176502,0,-2.830308848423476,True,2303,0.6205874427378065,23
237000000000.0,20201101,888,0.2392886014551334,1,3.1809743722577064,False,1264,0.34060900026946916,0
237000000000.0,20201102,160,0.04311506332524926,0,2.859753079850508,False,1,0.00026946914578280785,0
237000000000.0,20201103,1931,0.520344920506602,0,1.1216714712380718,True,1805,0.48639180813796823,0
237000000000.0,20201104,3045,0.8205335489086499,324,-2.1740818781923643,True,3198,0.8617623282134196,412
237000000000.0,20201105,5,0.0013473457289140394,0,3.795552608855645,False,68,0.018323901913230935,0
237000000000.0,20201106,2349,0.6329830234438156,22,-2.866978667354557,True,73,0.019671247642144975,1
237000000000.0,20201107,1556,0.419293990838049,1,0.08481091669362151,True,399,0.10751818916734034,1
237000000000.0,20201108,14,0.00377256804095931,0,2.164500002147321,False,34,0.009161950956615468,0
237000000000.0,20201109,2923,0.7876583131231474,264,-1.2637915868108882,True,2958,0.7970897332255457,143
237000000000.0,20201110,868,0.23389921853947723,1,-0.09488232965181531,True,318,0.0856911883589329,0
237000000000.0,20201111,2355,0.6345998383185125,22,-1.5583965178456571,True,317,0.08542171921315009,0
237000000000.0,20201112,3038,0.8186472648881703,295,-3.448465653875955,True,3113,0.8388574508218809,267
237000000000.0,20201113,524,0.14120183239019132,0,4.550503313366736,False,1231,0.3317165184586365,1
237000000000.0,20201114,2822,0.7604419293990838,83,-2.55810661719788,True,2562,0.6903799514955538,41
237000000000.0,20201115,1308,0.35246564268391267,0,1.6142806887967085,True,36,0.009700889248181084,0
237000000000.0,20201116,2740,0.7383454594448936,112,-8.00663297692374,True,2786,0.7507410401509027,99
237000000000.0,20201117,747,0.20129345189975748,1,-0.45093917024199737,True,89,0.0239827539746699,0
237000000000.0,20201118,2080,0.5604958232282403,19,-0.15884112234836678,True,3052,0.8224198329291296,83
237000000000.0,20201119,738,0.19886822958771222,0,-2.7854352825157953,True,2404,0.6478038264618701,12
237000000000.0,20201120,138,0.037186742118027485,0,-0.23055591009211973,True,72,0.019401778496362168,0
237000000000.0,20201121,2979,0.8027485852869847,195,-2.196239844658593,True,2794,0.7528967933171652,117
237000000000.0,20201122,3072,0.8278092158447857,223,-3.602907551193476,True,3086,0.8315817838857451,297
237000000000.0,20201123,0,0.0,0,,False,0,0.0,0
237000000000.0,20201124,3074,0.8283481541363514,334,-5.521133462237795,True,3199,0.8620317973592023,320
237000000000.0,20201125,389,0.10482349770951226,1,-1.9653921634585503,True,19,0.005119913769873349,1
237000000000.0,20201126,472,0.1271894368094853,1,-11.151783010920504,True,723,0.1948261924009701,0
237000000000.0,20201127,3147,0.8480194017784963,296,-5.1390682102255685,True,3224,0.8687685260037725,440
237000000000.0,20201128,104,0.02802479116141202,0,2.936891977143567,False,232,0.06251684182161142,0
237000000000.0,20201129,1,0.00026946914578280785,0,-4.905070417111616,True,2002,0.5394772298571814,22
237000000000.0,20201130,2438,0.6569657774184856,24,1.1217715841697737,True,2230,0.6009161950956615,13
237000000000.0,20201131,257,0.06925357046618162,0,,False,201,0.054163298302344384,0
237000000000.0,20201132,776,0.20910805712745892,0,0.9983892216929551,True,1250,0.33683643222850984,2
237000000000.0,20201133,2500,0.6736728644570197,38,1.078620474484405,True,2436,0.65642683912692,16
237000000000.0,20201134,3226,0.8693074642953382,418,-5.318023544483992,True,3157,0.8507140932363244,356
237000000000.0,20201135,3242,0.8736189706278631,430,-6.072031260030239,True,3297,0.8884397736459175,493
237000000000.0,20201136,669,0.18027485852869846,1,-6.845142363584664,True,31,0.008353543519267044,1
237000000000.0,20201137,2603,0.7014281864726489,31,-1.2575176513503221,True,2506,0.6752896793317165,78
237000000000.0,20201138,383,0.10320668283481542,0,-0.6917026220510101,True,214,0.05766639719752088,0
237000000000.0,20201139,1542,0.41552142279708976,8,3.8143066723209937,False,1661,0.44758825114524387,3
237000000000.0,20201140,3,0.0008084074373484236,0,0.4789352317007136,True,6,0.0016168148746968471,1
237000000000.0,20201141,3299,0.8889787119374831,589,-3.197204073666314,True,3353,0.9035300458097548,584
237000000000.0,20201142,36,0.009700889248181084,0,,False,46,0.012395580706009162,0
237000000000.0,20201143,2659,0.7165184586364861,24,-0.9677562584514501,True,1001,0.2697386149285907,0
237000000000.0,20201144,3117,0.8399353274050121,396,-3.157942320398466,True,3205,0.8636486122338992,368
237000000000.0,20201145,2182,0.5879816760980867,16,0.9809773951035687,True,2179,0.5871732686607384,38
237000000000.0,20201146,1,0.00026946914578280785,0,0.840127081285952,True,0,0.0,0
237000000000.0,20201147,3,0.0008084074373484236,1,0.20255924163765648,True,89,0.0239827539746699,1
237000000000.0,20201148,0,0.0,0,-0.46522359678036995,True,2,0.0005389382915656157,0
237000000000.0,20201149,2452,0.6607383454594449,62,-0.35840134144819125,True,371,0.09997305308542172,0
237000000000.0,20201150,2667,0.7186742118027486,120,-2.995525716289565,True,2621,0.7062786310967394,69
237000000000.0,20201151,49,0.013203988143357586,0,5.967769279680883,False,241,0.06494206413365669,0
237000000000.0,20201152,1,0.00026946914578280785,1,-0.6825965009752544,True,1,0.00026946914578280785,1
237000000000.0,20201153,220,0.059283212072217734,0,1.6612092351655905,True,25,0.006736728644570197,0
237000000000.0,20201154,687,0.185125303152789,0,4.7555342842320005,False,144,0.038803556992724336,1
237000000000.0,20201155,573,0.1544058205335489,0,3.0652174844980804,False,672,0.18108326596604687,0
237000000000.0,20201156,52,0.01401239558070601,0,4.1456464344217405,False,59,0.015898679601185663,0
237000000000.0,20201157,3064,0.8256534626785234,99,-2.8937948601559853,True,2443,0.6583131231473996,15
237000000000.0,20201158,337,0.09081110212880625,0,-0.8268452964270443,True,1,0.00026946914578280785,0
237000000000.0,20201159,3240,0.8730800323362975,244,-1.6449949853446801,True,3149,0.8485583400700619,246
237000000000.0,20201160,0,0.0,0,,False,0,0.0,0
237000000000.0,20201161,2099,0.5656157369981137,10,-0.15937090177091395,True,380,0.10239827539746699,0
237000000000.0,20201162,28,0.00754513608191862,0,,False,31,0.008353543519267044,0
237000000000.0,20201163,1500,0.4042037186742118,3,-1.1405329197387521,True,860,0.23174346537321477,0
237000000000.0,20201164,2526,0.6806790622473726,65,0.6332227366830683,True,2366,0.6375639989221235,59
237000000000.0,20201165,621,0.16734033953112368,1,-2.7661254048856314,True,1686,0.45432497978981407,9
237000000000.0,20201166,3,0.0008084074373484236,0,,False,3,0.0008084074373484236,0
237000000000.0,20201167,1,0.00026946914578280785,0,3.2827760298292645,False,73,0.019671247642144975,1
237000000000.0,20201168,100,0.026946914578280787,0,5.49050531270839,False,135,0.03637833468067906,0
237000000000.0,20201169,18,0.004850444624090542,0,,False,33,0.00889248181083266,0
237000000000.0,20201170,3191,0.85987604419294,390,-2.4839250101088233,True,3078,0.8294260307194826,372
237000000000.0,20201171,2623,0.7068175693883051,57,3.426796511857102,False,1856,0.5001347345728914,18
237000000000.0,20201172,2490,0.6709781729991916,25,-0.0958876835792708,True,2457,0.6620856911883589,26
237000000000.0,20201173,2490,0.6709781729991916,57,-12.616659136917512,True,2147,0.5785502559956885,24
237000000000.0,20201174,36,0.009700889248181084,0,5.909826326887934,False,183,0.04931285367825384,0
237000000000.0,20201175,1822,0.49097278361627594,19,-0.44612193620621454,True,175,0.04715710051199138,0
237000000000.0,20201176,1447,0.389921853947723,2,2.0943204086148324,False,435,0.11721907841552143,0
237000000000.0,20201177,2300,0.6197790353004581,60,-2.42227374058956,True,2373,0.6394502829426031,21
237000000000.0,20201178,1229,0.3311775801670709,1,-0.08633635169678922,True,305,0.0821880894637564,0
237000000000.0,20201179,327,0.08811641067097817,0,3.829948487988003,False,56,0.01509027216383724,0
237000000000.0,20201180,2811,0.7574777687954729,44,0.9058616405436308,True,2792,0.7523578550255996,45
237000000000.0,20201181,3036,0.8181083265966047,325,-2.470590452756083,True,3109,0.8377795742387497,213
237000000000.0,20201182,3238,0.8725410940447319,465,-4.059682872321844,True,3219,0.8674211802748585,356
237000000000.0,20201183,2845,0.7666397197520883,179,2.3997690540078267,False,2868,0.7728375101050929,109
237000000000.0,20201184,2416,0.6510374562112639,48,-4.815760901349639,True,283,0.07625976825653463,0
237000000000.0,20201185,1444,0.38911344651037455,0,4.063315789638989,False,1721,0.46375639989221235,0
237000000000.0,20201186,3113,0.8388574508218809,287,-2.391323405499818,True,3020,0.8137968202640797,254
237000000000.0,20201187,1142,0.3077337644839666,1,1.4444811852094634,True,1840,0.49582322824036645,0
237000000000.0,20201188,1317,0.35489086499595796,1,2.919676020160641,False,2127,0.5731608730800324,15
237000000000.0,20201189,3022,0.8143357585556453,270,-2.1983608495301556,True,2924,0.7879277822689302,170
237000000000.0,20201190,252,0.06790622473726758,1,4.651625836348318,False,529,0.14254917811910536,1
237000000000.0,20201191,2,0.0005389382915656157,0,-2.8829607965245554,True,1876,0.5055241174885475,19
237000000000.0,20201192,2664,0.7178658043654002,86,1.9307408134314588,True,2797,0.7537052007545136,99
237000000000.0,20201193,18,0.004850444624090542,0,3.713445264193643,False,269,0.07248720021557532,0
237000000000.0,20201194,125,0.03368364322285099,0,-0.6510400494404052,True,1,0.00026946914578280785,0
237000000000.0,20201195,1432,0.3858798167609809,0,3.3696981002776023,False,600,0.16168148746968472,0
237000000000.0,20201196,0,0.0,1,5.2213529808677945,False,0,0.0,1
237000000000.0,20201197,2,0.0005389382915656157,0,5.172456988053119,False,11,0.0029641606036108865,0
237000000000.0,20201198,12,0.0032336297493936943,0,6.163334434039694,False,16,0.004311506332524926,0
237000000000.0,20201199,1050,0.28294260307194824,1,3.7599536718973496,False,1834,0.4942064133656696,7
237000000000.0,20201200,3158,0.8509835623821073,262,-2.382016021012335,True,3126,0.8423605497170574,297
316000000000.0,20201001,3009,0.8108326596604689,110,-1.3663811429320818,True,2944,0.7933171651845864,236
316000000000.0,20201002,2052,0.5529506871463218,23,2.1764533615030124,False,2444,0.6585825922931824,26
316000000000.0,20201003,2933,0.7903530045809755,215,-1.0057621642007222,True,3099,0.8350848827809216,289
316000000000.0,20201004,6,0.0016168148746968471,1,0.46667241055194175,True,1,0.00026946914578280785,1
316000000000.0,20201005,2805,0.7558609539207761,184,-7.376355015605215,True,3108,0.8375101050929669,286
316000000000.0,20201006,2402,0.6472648881703045,42,-0.6986092890962938,True,2328,0.6273241713823767,17
316000000000.0,20201007,2908,0.7836162759364053,232,-6.177329354588388,True,3186,0.8585286984640259,352
316000000000.0,20201008,3093,0.8334680679062247,193,-0.6728293887946633,True,3128,0.842899488008623,178
316000000000.0,20201009,2730,0.7356507679870655,142,-1.1643490272194796,True,3092,0.8331985987604419,242
316000000000.0,20201010,0,0.0,0,3.0059665881574547,False,0,0.0,0
316000000000.0,20201011,2098,0.5653462678523309,29,-3.5268297763956182,True,3023,0.8146052277014282,224
316000000000.0,20201012,3165,0.8528698464025869,113,-0.054842477040995874,True,3180,0.856911883589329,168
316000000000.0,20201013,3189,0.8593371059013742,323,-4.3758602585599915,True,3328,0.8967933171651846,516
316000000000.0,20201014,1,0.00026946914578280785,0,0.14793545282991438,True,1,0.00026946914578280785,0
316000000000.0,20201015,2644,0.712476421449744,49,-8.479159909235273,True,2710,0.7302613850714094,67
316000000000.0,20201016,2272,0.6122338992185394,28,1.0835755652613415,True,2517,0.6782538399353274,38
316000000000.0,20201017,3251,0.8760441929399084,296,-2.226165683903649,True,3257,0.8776610078146052,508
316000000000.0,20201018,2267,0.6108865534896254,24,-0.11737015657024852,True,2577,0.6944219886822959,60
316000000000.0,20201019,941,0.2535704661816222,2,2.43257235038174,False,507,0.13662085691188358,0
316000000000.0,20201020,3200,0.8623012665049852,417,-1.3152257264016383,True,3260,0.8784694152519537,470
316000000000.0,20201021,3,0.0008084074373484236,0,-5.950966682889597,True,1936,0.521692266235516,9
316000000000.0,20201022,2966,0.7992454863918081,196,-2.2286373606117653,True,3006,0.8100242522231205,279
316000000000.0,20201023,1708,0.4602533009970358,2,2.4124932086277884,False,1509,0.40662894098625707,2
316000000000.0,20201024,3282,0.8843977364591754,366,-3.2643559103517843,True,2832,0.7631366208569119,186
316000000000.0,20201025,5,0.0013473457289140394,0,-0.9160203647650693,True,156,0.04203718674211803,0
316000000000.0,20201026,3177,0.8561034761519806,380,-3.442335377777394,True,2993,0.8065211533279439,236
316000000000.0,20201027,3259,0.8781999461061708,479,-1.9977548207353144,True,3090,0.8326596604688763,235
316000000000.0,20201028,1947,0.5246564268391269,1,0.39347676663602993,True,1435,0.38668822419832927,0
316000000000.0,20201029,2650,0.7140932363244409,64,-2.37686655030506,True,2218,0.5976825653462678,37
316000000000.0,20201030,2739,0.7380759902991108,98,-1.7718502957198519,True,2516,0.6779843707895445,40
316000000000.0,20201031,3004,0.8094853139315549,215,-2.3867270743395075,True,3167,0.8534087846941525,246
316000000000.0,20201032,56,0.01509027216383724,0,0.758301456265249,True,27,0.007275666936135812,0
316000000000.0,20201033,2679,0.7219078415521423,76,0.3337441746416312,True,2856,0.7696038803556993,97
316000000000.0,20201034,2484,0.6693613581244947,52,-1.1356129193429503,True,3017,0.8129884128267313,148
316000000000.0,20201035,2898,0.7809215844785772,183,-1.2964899678535815,True,2925,0.788197251414713,138
316000000000.0,20201036,3162,0.8520614389652384,309,-4.373860219936079,True,3283,0.8846672056049583,313
316000000000.0,20201037,2645,0.7127458905955268,62,1.6832555204519446,True,2534,0.6828348154136351,64
316000000000.0,20201038,5,0.0013473457289140394,0,,False,0,0.0,0
316000000000.0,20201039,2085,0.5618431689571544,6,0.45427746494227517,True,1541,0.4152519536513069,0
316000000000.0,20201040,44,0.011856642414443546,0,,False,35,0.009431420102398275,0
316000000000.0,20201041,2468,0.6650498517919698,20,1.9128879483224668,True,2713,0.7310697925087577,31
316000000000.0,20201042,3013,0.8119105362436001,207,0.04116257183249328,True,2907,0.7833468067906225,95
316000000000.0,20201043,0,0.0,0,,False,2,0.0005389382915656157,0
316000000000.0,20201044,2904,0.7825383993532741,150,1.095140485547148,True,2977,0.8022096469954191,192
316000000000.0,20201045,1217,0.32794395041767715,0,1.032818464748324,True,1,0.00026946914578280785,0
316000000000.0,20201046,2388,0.6434923201293452,25,-0.12788669477456072,True,2319,0.6248989490703315,21
316000000000.0,20201047,403,0.10859606575047157,0,2.9244775000891394,False,559,0.1506332524925896,1
316000000000.0,20201048,2539,0.6841821611425492,55,2.877230014660336,False,2178,0.5869037995149555,24
316000000000.0,20201049,23,0.006197790353004581,0,3.7900994573264355,False,10,0.0026946914578280788,1
316000000000.0,20201050,2617,0.7052007545136082,75,0.8436689688656847,True,2553,0.6879547291835085,73
316000000000.0,20201051,2146,0.5782807868499057,34,-0.006416818223924814,True,2685,0.7235246564268392,68
316000000000.0,20201052,2911,0.7844246833737537,96,0.0420435517578408,True,2907,0.7833468067906225,108
316000000000.0,20201053,393,0.1059013742926435,0,-2.7130160873382616,True,174,0.04688763136620857,0
316000000000.0,20201054,2387,0.6432228509835624,69,2.1812727095783657,False,2872,0.7739153866882242,164
316000000000.0,20201055,2758,0.7431959040689841,81,-1.4088857748805914,True,2391,0.6443007275666937,35
316000000000.0,20201056,2133,0.5747776879547292,24,3.2771410927268514,False,2208,0.5949878738884398,16
316000000000.0,20201057,2736,0.7372675828617623,47,-0.42768587970424754,True,2837,0.764483966585826,70
316000000000.0,20201058,2934,0.7906224737267583,187,1.8505413062698093,True,3033,0.8172999191592563,149
316000000000.0,20201059,2380,0.6413365669630827,12,1.8577349843081201,True,2443,0.6583131231473996,28
316000000000.0,20201060,480,0.1293451899757478,0,4.614610797254605,False,25,0.006736728644570197,0
316000000000.0,20201061,455,0.12260846133117757,0,-1.6139060125523086,True,426,0.11479385610347616,0
316000000000.0,20201062,2668,0.7189436809485313,89,-1.4212384836452125,True,2384,0.6424144435462139,25
316000000000.0,20201063,2526,0.6806790622473726,21,0.6605173698425908,True,2417,0.6513069253570466,35
316000000000.0,20201064,2600,0.7006197790353005,52,-0.6568744931147492,True,2398,0.6461870115871733,18
316000000000.0,20201065,16,0.004311506332524926,0,6.428482832433176,False,13,0.0035030988951765024,0
316000000000.0,20201066,21,0.005658852061438965,1,-5.717999137859049,True,364,0.09808676906494207,1
316000000000.0,20201067,3038,0.8186472648881703,332,-5.34816904569152,True,3161,0.8517919698194557,283
316000000000.0,20201068,1320,0.3556992724333064,1,4.386989928970714,False,1826,0.4920506601994072,2
316000000000.0,20201069,2883,0.7768795472918351,142,-1.7658797458571192,True,1533,0.4130962004850445,3
316000000000.0,20201070,3270,0.8811641067097817,582,-4.067193193084102,True,3337,0.8992185394772299,640
316000000000.0,20201071,42,0.01131770412287793,0,1.1822753074479868,True,102,0.0274858528698464,0
316000000000.0,20201072,3212,0.8655348962543788,521,-3.9936852722426552,True,3289,0.886284020479655,545
316000000000.0,20201073,3,0.0008084074373484236,0,-4.798252626999135,True,1960,0.5281595257343035,14
316000000000.0,20201074,0,0.0,0,,False,0,0.0,0
316000000000.0,20201075,2870,0.7733764483966585,186,-1.0375144138060781,True,2979,0.8027485852869847,169
316000000000.0,20201076,3272,0.8817030450013473,526,-2.251167570980381,True,3264,0.8795472918350848,542
316000000000.0,20201077,2763,0.7445432497978981,88,1.608901907878808,True,2808,0.7566693613581245,88
316000000000.0,20201078,1728,0.465642683912692,12,0.5058639900419744,True,1454,0.39180813796820263,1
316000000000.0,20201079,2,0.0005389382915656157,0,5.1760713786195955,False,6,0.0016168148746968471,1
316000000000.0,20201080,2462,0.663433036917273,34,-0.5090298939161109,True,2600,0.7006197790353005,54
316000000000.0,20201081,2705,0.7289140393424953,42,-11.036197980417189,True,2582,0.6957693344112099,64
316000000000.0,20201082,86,0.023174346537321477,0,4.818717447259256,False,772,0.20803018054432768,1
316000000000.0,20201083,3258,0.8779304769603881,589,-3.107047885519252,True,3369,0.9078415521422797,714
316000000000.0,20201084,3387,0.9126919967663703,607,-4.468922005444403,True,3158,0.8509835623821073,377
316000000000.0,20201085,2179,0.5871732686607384,1,1.0947234555138596,True,135,0.03637833468067906,1
316000000000.0,20201086,2928,0.7890056588520614,135,-2.2891375909635654,True,2786,0.7507410401509027,101
316000000000.0,20201087,2295,0.618431689571544,31,-1.4660071201635887,True,2678,0.7216383724063594,52
316000000000.0,20201088,1367,0.36836432228509836,1,0.6257853377724256,True,2229,0.6006467259498788,22
316000000000.0,20201089,2658,0.7162489894907034,117,-1.0800219993850404,True,2822,0.7604419293990838,89
316000000000.0,20201090,2115,0.5699272433306386,14,0.991036254315155,True,2586,0.6968472109943411,21
316000000000.0,20201091,1,0.00026946914578280785,1,0.7600923524978578,True,4,0.0010778765831312314,1
316000000000.0,20201092,2284,0.6154675289679332,10,3.509054489340441,False,2639,0.71112907572083,19
316000000000.0,20201093,1126,0.30342225815144164,0,-0.6939430701545044,True,1,0.00026946914578280785,0
316000000000.0,20201094,1596,0.43007275666936134,0,2.5659702977436796,False,39,0.010509296685529508,0
316000000000.0,20201095,1821,0.49070331447049315,25,1.228940857903868,True,2631,0.7089733225545675,39
316000000000.0,20201096,189,0.05092966855295069,0,1.9897429328865606,True,63,0.016976556184316895,0
316000000000.0,20201097,1792,0.4828887092427917,0,-2.6422954691211866,True,773,0.20829964969011047,0
316000000000.0,20201098,3218,0.8671517111290757,420,-3.3523312526003872,True,3182,0.8574508218808946,336
316000000000.0,20201099,2952,0.7954729183508489,159,2.4254539707279177,False,2947,0.7941255726219348,155
316000000000.0,20201100,9,0.002425222312045271,0,-2.830308848423476,True,2102,0.5664241444354622,11
316000000000.0,20201101,1744,0.4699541902452169,1,3.1809743722577064,False,1526,0.4112099164645648,0
316000000000.0,20201102,206,0.055510644031258424,0,2.859753079850508,False,1,0.00026946914578280785,0
316000000000.0,20201103,1819,0.4901643761789275,1,1.1216714712380718,True,2276,0.6133117758016707,12
316000000000.0,20201104,3232,0.870924279170035,349,-2.1740818781923643,True,3073,0.8280786849905686,336
316000000000.0,20201105,11,0.0029641606036108865,0,3.795552608855645,False,554,0.14928590676367556,0
316000000000.0,20201106,2793,0.7526273241713823,62,-2.866978667354557,True,41,0.011048234977095122,0
316000000000.0,20201107,2104,0.5669630827270278,1,0.08481091669362151,True,433,0.1166801401239558,1
316000000000.0,20201108,18,0.004850444624090542,0,2.164500002147321,False,109,0.029372136890326056,0
316000000000.0,20201109,3124,0.8418216114254918,323,-1.2637915868108882,True,2967,0.799514955537591,172
316000000000.0,20201110,19,0.005119913769873349,1,-0.09488232965181531,True,1334,0.35947184047426567,0
316000000000.0,20201111,1610,0.43384532471032067,0,-1.5583965178456571,True,470,0.1266504985179197,0
316000000000.0,20201112,3221,0.8679601185664242,357,-3.448465653875955,True,3072,0.8278092158447857,259
316000000000.0,20201113,1663,0.44812718943680946,0,4.550503313366736,False,1873,0.5047157100511991,3
316000000000.0,20201114,3001,0.8086769064942064,130,-2.55810661719788,True,2619,0.7057396928051738,95
316000000000.0,20201115,745,0.20075451360819185,0,1.6142806887967085,True,524,0.14120183239019132,0
316000000000.0,20201116,2838,0.7647534357316087,155,-8.00663297692374,True,2984,0.8040959310158987,104
316000000000.0,20201117,950,0.2559956884936675,0,-0.45093917024199737,True,1327,0.35758555645378604,0
316000000000.0,20201118,2445,0.6588520614389652,22,-0.15884112234836678,True,2006,0.5405551064403126,18
316000000000.0,20201119,2079,0.5602263540824576,10,-2.7854352825157953,True,2667,0.7186742118027486,68
316000000000.0,20201120,145,0.03907302613850714,0,-0.23055591009211973,True,296,0.07976286715171113,0
316000000000.0,20201121,2907,0.7833468067906225,207,-2.196239844658593,True,2858,0.7701428186472649,162
316000000000.0,20201122,3226,0.8693074642953382,357,-3.602907551193476,True,3256,0.8773915386688225,431
316000000000.0,20201123,0,0.0,0,,False,0,0.0,0
316000000000.0,20201124,3099,0.8350848827809216,355,-5.521133462237795,True,3280,0.8838587981676098,334
316000000000.0,20201125,513,0.13823767178658045,2,-1.9653921634585503,True,17,0.004580975478307734,1
316000000000.0,20201126,1231,0.3317165184586365,0,-11.151783010920504,True,860,0.23174346537321477,0
316000000000.0,20201127,3223,0.8684990568579898,292,-5.1390682102255685,True,3240,0.8730800323362975,574
316000000000.0,20201128,42,0.01131770412287793,0,2.936891977143567,False,271,0.07302613850714093,0
316000000000.0,20201129,1,0.00026946914578280785,0,-4.905070417111616,True,1518,0.40905416329830235,1
316000000000.0,20201130,2475,0.6669361358124495,21,1.1217715841697737,True,2302,0.6203179735920237,14
316000000000.0,20201131,285,0.07679870654810024,0,,False,254,0.0684451630288332,0
316000000000.0,20201132,1752,0.4721099434114794,1,0.9983892216929551,True,1969,0.5305847480463487,23
316000000000.0,20201133,2662,0.7173268660738346,21,1.078620474484405,True,2284,0.6154675289679332,14
316000000000.0,20201134,3166,0.8531393155483697,411,-5.318023544483992,True,3244,0.8741579089194287,419
316000000000.0,20201135,3262,0.8790083535435192,564,-6.072031260030239,True,3295,0.8879008353543519,588
316000000000.0,20201136,841,0.2266235516033414,1,-6.845142363584664,True,83,0.022365939099973052,1
316000000000.0,20201137,2820,0.7599029911075182,75,-1.2575176513503221,True,2775,0.7477768795472919,118
316000000000.0,20201138,382,0.10293721368903261,0,-0.6917026220510101,True,652,0.17569388305039074,0
316000000000.0,20201139,2327,0.6270547022365939,15,3.8143066723209937,False,1978,0.5330099703583939,4
316000000000.0,20201140,126,0.03395311236863379,0,0.4789352317007136,True,6,0.0016168148746968471,0
316000000000.0,20201141,3236,0.8720021557531663,595,-3.197204073666314,True,3287,0.8857450821880894,696
316000000000.0,20201142,34,0.009161950956615468,0,,False,46,0.012395580706009162,0
316000000000.0,20201143,1675,0.4513608191862032,15,-0.9677562584514501,True,695,0.18728105631905148,0
316000000000.0,20201144,3258,0.8779304769603881,512,-3.157942320398466,True,3202,0.8628402047965508,425
316000000000.0,20201145,2672,0.7200215575316626,54,0.9809773951035687,True,2641,0.7116680140123955,56
316000000000.0,20201146,1,0.00026946914578280785,0,0.840127081285952,True,0,0.0,0
316000000000.0,20201147,4,0.0010778765831312314,1,0.20255924163765648,True,63,0.016976556184316895,1
316000000000.0,20201148,0,0.0,0,-0.46522359678036995,True,12,0.0032336297493936943,0
316000000000.0,20201149,2500,0.6736728644570197,37,-0.35840134144819125,True,1611,0.43411479385610346,1
316000000000.0,20201150,2653,0.7149016437617893,130,-2.995525716289565,True,2714,0.7313392616545406,88
316000000000.0,20201151,209,0.05631905146860684,0,5.967769279680883,False,415,0.11182969549986527,0
316000000000.0,20201152,1,0.00026946914578280785,1,-0.6825965009752544,True,1,0.00026946914578280785,1
316000000000.0,20201153,303,0.08164915117219078,0,1.6612092351655905,True,36,0.009700889248181084,0
316000000000.0,20201154,782,0.21072487200215576,0,4.7555342842320005,False,514,0.13850714093236324,1
316000000000.0,20201155,617,0.16626246294799246,0,3.0652174844980804,False,1332,0.3589329021827001,1
316000000000.0,20201156,55,0.014820803018054433,0,4.1456464344217405,False,72,0.019401778496362168,0
316000000000.0,20201157,2838,0.7647534357316087,121,-2.8937948601559853,True,1838,0.49528428994880086,14
316000000000.0,20201158,596,0.16060361088655348,0,-0.8268452964270443,True,3,0.0008084074373484236,0
316000000000.0,20201159,3279,0.883589329021827,333,-1.6449949853446801,True,3293,0.8873618970627863,208
316000000000.0,20201160,0,0.0,0,,False,0,0.0,0
316000000000.0,20201161,1715,0.4621395850175155,1,-0.15937090177091395,True,721,0.19428725410940448,3
316000000000.0,20201162,27,0.007275666936135812,0,,False,32,0.008623012665049851,0
316000000000.0,20201163,2717,0.732147669091889,85,-1.1405329197387521,True,2008,0.5410940447318782,30
316000000000.0,20201164,2683,0.7229857181352735,115,0.6332227366830683,True,2888,0.7782268930207491,83
316000000000.0,20201165,2071,0.5580706009161951,0,-2.7661254048856314,True,2792,0.7523578550255996,59
316000000000.0,20201166,3,0.0008084074373484236,0,,False,4,0.0010778765831312314,0
316000000000.0,20201167,1,0.00026946914578280785,0,3.2827760298292645,False,186,0.050121261115602264,1
316000000000.0,20201168,157,0.042306655887900835,0,5.49050531270839,False,154,0.04149824845055241,0
316000000000.0,20201169,36,0.009700889248181084,0,,False,34,0.009161950956615468,0
316000000000.0,20201170,3210,0.8649959579628133,450,-2.4839250101088233,True,3266,0.8800862301266505,493
316000000000.0,20201171,2647,0.7132848288870924,74,3.426796511857102,False,2223,0.5990299110751819,16
316000000000.0,20201172,2372,0.6391808137968202,19,-0.0958876835792708,True,2511,0.6766370250606305,30
316000000000.0,20201173,2784,0.7502021018593371,56,-12.616659136917512,True,1957,0.527351118296955,24
316000000000.0,20201174,48,0.012934518997574777,0,5.909826326887934,False,156,0.04203718674211803,1
316000000000.0,20201175,1983,0.534357316087308,20,-0.44612193620621454,True,1472,0.3966585825922932,2
316000000000.0,20201176,1899,0.5117219078415521,1,2.0943204086148324,False,1790,0.4823497709512261,1
316000000000.0,20201177,2669,0.7192131500943142,97,-2.42227374058956,True,2508,0.6758286176232822,70
316000000000.0,20201178,1649,0.4443546213958502,0,-0.08633635169678922,True,579,0.15602263540824576,1
316000000000.0,20201179,27,0.007275666936135812,0,3.829948487988003,False,43,0.011587173268660739,0
316000000000.0,20201180,2943,0.7930476960388035,59,0.9058616405436308,True,2926,0.7884667205604958,60
316000000000.0,20201181,2742,0.7388843977364592,159,-2.470590452756083,True,3146,0.8477499326327136,266
316000000000.0,20201182,3231,0.8706548100242523,350,-4.059682872321844,True,3261,0.8787388843977365,406
316000000000.0,20201183,2990,0.8057127458905955,222,2.3997690540078267,False,2886,0.7776879547291835,157
316000000000.0,20201184,2909,0.7838857450821881,99,-4.815760901349639,True,532,0.14335758555645378,0
316000000000.0,20201185,1278,0.34438156831042843,0,4.063315789638989,False,2154,0.5804365400161682,11
316000000000.0,20201186,3284,0.884936674750741,361,-2.391323405499818,True,2920,0.7868499056857989,163
316000000000.0,20201187,716,0.19293990838049044,2,1.4444811852094634,True,1879,0.506332524925896,19
316000000000.0,20201188,1180,0.3179735920237133,1,2.919676020160641,False,2410,0.649420641336567,21
316000000000.0,20201189,3043,0.8199946106170843,253,-2.1983608495301556,True,2854,0.7690649420641337,138
316000000000.0,20201190,902,0.2430611694960927,0,4.651625836348318,False,456,0.12287793047696038,1
316000000000.0,20201191,62,0.016707087038534088,0,-2.8829607965245554,True,2735,0.7369981137159796,52
316000000000.0,20201192,3161,0.8517919698194557,189,1.9307408134314588,True,2893,0.7795742387496631,140
316000000000.0,20201193,1557,0.4195634599838319,0,3.713445264193643,False,46,0.012395580706009162,1
316000000000.0,20201194,631,0.17003503098895176,0,-0.6510400494404052,True,51,0.0137429264349232,0
316000000000.0,20201195,196,0.052815952573430344,1,3.3696981002776023,False,1302,0.35084882780921584,1
316000000000.0,20201196,0,0.0,1,5.2213529808677945,False,0,0.0,1
316000000000.0,20201197,2,0.0005389382915656157,0,5.172456988053119,False,25,0.006736728644570197,0
316000000000.0,20201198,15,0.004042037186742118,0,6.163334434039694,False,52,0.01401239558070601,0
316000000000.0,20201199,1512,0.4074373484236055,2,3.7599536718973496,False,2071,0.5580706009161951,5
316000000000.0,20201200,3257,0.8776610078146052,441,-2.382016021012335,True,3183,0.8577202910266775,325
422000000000.0,20201001,3112,0.838587981676098,175,-1.3663811429320818,True,3192,0.8601455133387227,253
422000000000.0,20201002,2389,0.643761789275128,18,2.1764533615030124,False,2776,0.7480463486930746,55
422000000000.0,20201003,3150,0.8488278092158448,228,-1.0057621642007222,True,3227,0.869576933441121,306
422000000000.0,20201004,8,0.002155753166262463,1,0.46667241055194175,True,1,0.00026946914578280785,1
422000000000.0,20201005,3169,0.8539477229857181,198,-7.376355015605215,True,3134,0.8445163028833199,306
422000000000.0,20201006,2690,0.7248720021557532,41,-0.6986092890962938,True,2692,0.7254109404473188,42
422000000000.0,20201007,3149,0.8485583400700619,318,-6.177329354588388,True,3181,0.8571813527351119,341
422000000000.0,20201008,3116,0.8396658582592293,183,-0.6728293887946633,True,3243,0.8738884397736459,244
422000000000.0,20201009,2823,0.7607113985448666,156,-1.1643490272194796,True,3142,0.8466720560495823,279
422000000000.0,20201010,0,0.0,0,3.0059665881574547,False,1,0.00026946914578280785,1
422000000000.0,20201011,2434,0.6558879008353543,25,-3.5268297763956182,True,3179,0.8566424144435462,304
422000000000.0,20201012,3200,0.8623012665049852,196,-0.054842477040995874,True,3168,0.8536782538399353,220
422000000000.0,20201013,3143,0.8469415251953651,431,-4.3758602585599915,True,3230,0.8703853408784694,452
422000000000.0,20201014,1,0.00026946914578280785,0,0.14793545282991438,True,1,0.00026946914578280785,0
422000000000.0,20201015,2712,0.730800323362975,63,-8.479159909235273,True,2840,0.7652923740231743,105
422000000000.0,20201016,1957,0.527351118296955,26,1.0835755652613415,True,2538,0.6839126919967664,55
422000000000.0,20201017,3202,0.8628402047965508,474,-2.226165683903649,True,3358,0.9048773915386689,675
422000000000.0,20201018,2880,0.7760711398544866,97,-0.11737015657024852,True,2376,0.6402586903799515,40
422000000000.0,20201019,2431,0.655079493398006,15,2.43257235038174,False,1157,0.31177580167070873,0
422000000000.0,20201020,3303,0.8900565885206144,661,-1.3152257264016383,True,3311,0.8922123416868768,611
422000000000.0,20201021,4,0.0010778765831312314,0,-5.950966682889597,True,2492,0.6715171112907572,18
422000000000.0,20201022,3021,0.8140662894098626,172,-2.2286373606117653,True,2920,0.7868499056857989,187
422000000000.0,20201023,1662,0.44785772029102666,2,2.4124932086277884,False,2041,0.5499865265427109,4
422000000000.0,20201024,3105,0.8367016976556184,312,-3.2643559103517843,True,3038,0.8186472648881703,202
422000000000.0,20201025,5,0.0013473457289140394,0,-0.9160203647650693,True,318,0.0856911883589329,0
422000000000.0,20201026,3262,0.8790083535435192,421,-3.442335377777394,True,3062,0.8251145243869576,242
422000000000.0,20201027,3303,0.8900565885206144,505,-1.9977548207353144,True,3006,0.8100242522231205,229
422000000000.0,20201028,1652,0.4451630288331986,1,0.39347676663602993,True,2301,0.6200485044462409,11
422000000000.0,20201029,2553,0.6879547291835085,37,-2.37686655030506,True,2638,0.7108596065750472,68
422000000000.0,20201030,2958,0.7970897332255457,118,-1.7718502957198519,True,2769,0.746160064672595,61
422000000000.0,20201031,3162,0.8520614389652384,245,-2.3867270743395075,True,3088,0.8321207221773107,245
422000000000.0,20201032,199,0.05362436001077876,0,0.758301456265249,True,66,0.01778496362166532,0
422000000000.0,20201033,3034,0.8175693883050391,120,0.3337441746416312,True,3068,0.8267313392616545,148
422000000000.0,20201034,2874,0.7744543249797898,158,-1.1356129193429503,True,2991,0.8059822150363783,222
422000000000.0,20201035,3109,0.8377795742387497,287,-1.2964899678535815,True,3040,0.8191862031797359,230
422000000000.0,20201036,3172,0.8547561304230665,307,-4.373860219936079,True,3260,0.8784694152519537,523
422000000000.0,20201037,2642,0.7119374831581784,64,1.6832555204519446,True,3103,0.8361627593640528,140
422000000000.0,20201038,4,0.0010778765831312314,0,,False,1,0.00026946914578280785,0
422000000000.0,20201039,2321,0.6254378873618971,20,0.45427746494227517,True,1927,0.5192670439234708,1
422000000000.0,20201040,51,0.0137429264349232,0,,False,39,0.010509296685529508,0
422000000000.0,20201041,2490,0.6709781729991916,21,1.9128879483224668,True,2949,0.7946645109135004,90
422000000000.0,20201042,3068,0.8267313392616545,186,0.04116257183249328,True,3006,0.8100242522231205,133
422000000000.0,20201043,0,0.0,0,,False,2,0.0005389382915656157,0
422000000000.0,20201044,3007,0.8102937213689032,156,1.095140485547148,True,3007,0.8102937213689032,256
422000000000.0,20201045,1589,0.4281864726488817,0,1.032818464748324,True,228,0.06143896523848019,0
422000000000.0,20201046,2913,0.7849636216653193,95,-0.12788669477456072,True,3109,0.8377795742387497,163
422000000000.0,20201047,1393,0.37537052007545135,1,2.9244775000891394,False,1446,0.3896523848019402,0
422000000000.0,20201048,2786,0.7507410401509027,91,2.877230014660336,False,2128,0.5734303422258151,28
422000000000.0,20201049,49,0.013203988143357586,0,3.7900994573264355,False,147,0.039611964430072755,0
422000000000.0,20201050,2904,0.7825383993532741,147,0.8436689688656847,True,2924,0.7879277822689302,91
422000000000.0,20201051,2566,0.6914578280786849,42,-0.006416818223924814,True,2469,0.6653193209377526,43
422000000000.0,20201052,2983,0.8038264618701159,125,0.0420435517578408,True,2954,0.7960118566424145,144
422000000000.0,20201053,1614,0.4349232012934519,0,-2.7130160873382616,True,175,0.04715710051199138,0
422000000000.0,20201054,2777,0.7483158178388575,91,2.1812727095783657,False,3020,0.8137968202640797,175
422000000000.0,20201055,2819,0.7596335219617354,96,-1.4088857748805914,True,2793,0.7526273241713823,85
422000000000.0,20201056,2599,0.7003503098895176,22,3.2771410927268514,False,2344,0.6316356777149016,22
422000000000.0,20201057,2922,0.7873888439773646,78,-0.42768587970424754,True,2779,0.7488547561304231,64
422000000000.0,20201058,3098,0.8348154136351388,178,1.8505413062698093,True,3268,0.8806251684182161,248
422000000000.0,20201059,2707,0.7294529776340609,29,1.8577349843081201,True,2878,0.775532201562921,73
422000000000.0,20201060,354,0.09539207760711399,0,4.614610797254605,False,83,0.022365939099973052,0
422000000000.0,20201061,752,0.20264079762867152,0,-1.6139060125523086,True,158,0.042576125033683646,0
422000000000.0,20201062,2845,0.7666397197520883,103,-1.4212384836452125,True,2740,0.7383454594448936,56
422000000000.0,20201063,2518,0.6785233090811102,36,0.6605173698425908,True,2556,0.6887631366208569,30
422000000000.0,20201064,2911,0.7844246833737537,73,-0.6568744931147492,True,2801,0.7547830773376448,43
422000000000.0,20201065,71,0.019132309350579357,0,6.428482832433176,False,13,0.0035030988951765024,0
422000000000.0,20201066,1,0.00026946914578280785,0,-5.717999137859049,True,1838,0.49528428994880086,16
422000000000.0,20201067,3044,0.8202640797628672,386,-5.34816904569152,True,3108,0.8375101050929669,475
422000000000.0,20201068,1852,0.4990568579897602,1,4.386989928970714,False,1769,0.4766909188897871,1
422000000000.0,20201069,3158,0.8509835623821073,213,-1.7658797458571192,True,1797,0.48423605497170574,0
422000000000.0,20201070,3262,0.8790083535435192,567,-4.067193193084102,True,3275,0.8825114524386958,715
422000000000.0,20201071,147,0.039611964430072755,0,1.1822753074479868,True,176,0.047426569657774184,1
422000000000.0,20201072,3242,0.8736189706278631,560,-3.9936852722426552,True,3378,0.910266774454325,703
422000000000.0,20201073,7,0.001886284020479655,0,-4.798252626999135,True,2761,0.7440043115063325,46
422000000000.0,20201074,0,0.0,0,,False,0,0.0,0
422000000000.0,20201075,2978,0.8024791161412018,163,-1.0375144138060781,True,2890,0.7787658313123147,137
422000000000.0,20201076,3291,0.8868229587712207,482,-2.251167570980381,True,3274,0.8822419832929129,679
422000000000.0,20201077,2951,0.795203449205066,172,1.608901907878808,True,2829,0.7623282134195635,120
422000000000.0,20201078,2305,0.6211263810293721,25,0.5058639900419744,True,3057,0.8237671786580436,121
422000000000.0,20201079,2,0.0005389382915656157,0,5.1760713786195955,False,8,0.002155753166262463,0
422000000000.0,20201080,2389,0.643761789275128,37,-0.5090298939161109,True,2412,0.6499595796281326,27
422000000000.0,20201081,2343,0.6313662085691188,26,-11.036197980417189,True,2535,0.683104284559418,47
422000000000.0,20201082,284,0.07652923740231743,1,4.818717447259256,False,733,0.19752088385879818,1
422000000000.0,20201083,3392,0.9140393424952843,753,-3.107047885519252,True,3335,0.8986796011856643,713
422000000000.0,20201084,3367,0.9073026138507141,731,-4.468922005444403,True,3271,0.8814335758555646,475
422000000000.0,20201085,2188,0.5895984909727836,1,1.0947234555138596,True,737,0.1985987604419294,0
422000000000.0,20201086,2875,0.7747237941255726,172,-2.2891375909635654,True,2981,0.8032875235785503,183
422000000000.0,20201087,2755,0.7423874966316357,77,-1.4660071201635887,True,3057,0.8237671786580436,220
422000000000.0,20201088,2451,0.6604688763136621,29,0.6257853377724256,True,2595,0.6992724333063864,31
422000000000.0,20201089,2865,0.7720291026677445,111,-1.0800219993850404,True,2737,0.7375370520075452,93
422000000000.0,20201090,2371,0.6389113446510375,29,0.991036254315155,True,2018,0.5437887361897062,14
422000000000.0,20201091,1,0.00026946914578280785,1,0.7600923524978578,True,7,0.001886284020479655,1
422000000000.0,20201092,2300,0.6197790353004581,15,3.509054489340441,False,2393,0.6448396658582592,29
422000000000.0,20201093,672,0.18108326596604687,0,-0.6939430701545044,True,2,0.0005389382915656157,0
422000000000.0,20201094,1712,0.46133117758016706,0,2.5659702977436796,False,57,0.015359741309620048,0
422000000000.0,20201095,2460,0.6628940986257074,43,1.228940857903868,True,3204,0.8633791430881164,107
422000000000.0,20201096,172,0.046348693074642955,0,1.9897429328865606,True,120,0.03233629749393695,0
422000000000.0,20201097,1205,0.3247103206682835,0,-2.6422954691211866,True,1477,0.39800592832120724,0
422000000000.0,20201098,3254,0.8768526003772568,378,-3.3523312526003872,True,3300,0.889248181083266,526
422000000000.0,20201099,3150,0.8488278092158448,173,2.4254539707279177,False,2909,0.7838857450821881,206
422000000000.0,20201100,72,0.019401778496362168,0,-2.830308848423476,True,2387,0.6432228509835624,20
422000000000.0,20201101,2108,0.568040959310159,13,3.1809743722577064,False,1832,0.493667475074104,2
422000000000.0,20201102,53,0.014281864726488817,0,2.859753079850508,False,8,0.002155753166262463,0
422000000000.0,20201103,1609,0.43357585556453787,0,1.1216714712380718,True,2345,0.6319051468606844,17
422000000000.0,20201104,3243,0.8738884397736459,486,-2.1740818781923643,True,3333,0.8981406628940987,554
422000000000.0,20201105,135,0.03637833468067906,0,3.795552608855645,False,1078,0.2904877391538669,1
422000000000.0,20201106,2603,0.7014281864726489,48,-2.866978667354557,True,22,0.005928321207221773,0
422000000000.0,20201107,1531,0.4125572621934788,1,0.08481091669362151,True,1517,0.40878469415251956,1
422000000000.0,20201108,41,0.011048234977095122,0,2.164500002147321,False,1806,0.486661277283751,0
422000000000.0,20201109,3129,0.8431689571544059,367,-1.2637915868108882,True,3066,0.826192400970089,297
422000000000.0,20201110,3,0.0008084074373484236,0,-0.09488232965181531,True,403,0.10859606575047157,0
422000000000.0,20201111,2423,0.6529237402317435,25,-1.5583965178456571,True,325,0.08757747237941256,0
422000000000.0,20201112,3280,0.8838587981676098,450,-3.448465653875955,True,3152,0.8493667475074104,322
422000000000.0,20201113,1904,0.5130692535704662,0,4.550503313366736,False,2038,0.5491781191053624,2
422000000000.0,20201114,2967,0.799514955537591,90,-2.55810661719788,True,2701,0.727836162759364,74
422000000000.0,20201115,227,0.06116949609269739,0,1.6142806887967085,True,139,0.037456211263810296,1
422000000000.0,20201116,3065,0.8259229318243061,178,-8.00663297692374,True,3203,0.8631096739423336,278
422000000000.0,20201117,821,0.22123416868768525,1,-0.45093917024199737,True,1082,0.29156561573699813,1
422000000000.0,20201118,2308,0.6219347884667206,24,-0.15884112234836678,True,2536,0.6833737537052007,38
422000000000.0,20201119,1745,0.47022365939099975,2,-2.7854352825157953,True,2720,0.7329560765292374,45
422000000000.0,20201120,2276,0.6133117758016707,30,-0.23055591009211973,True,784,0.21126381029372138,0
422000000000.0,20201121,2963,0.7984370789544597,191,-2.196239844658593,True,3130,0.8434384263001886,256
422000000000.0,20201122,3210,0.8649959579628133,309,-3.602907551193476,True,3460,0.9323632444085153,764
422000000000.0,20201123,0,0.0,0,,False,0,0.0,0
422000000000.0,20201124,3300,0.889248181083266,490,-5.521133462237795,True,3279,0.883589329021827,601
422000000000.0,20201125,566,0.15251953651306926,1,-1.9653921634585503,True,44,0.011856642414443546,1
422000000000.0,20201126,1097,0.29560765292374025,0,-11.151783010920504,True,910,0.24521692266235515,0
422000000000.0,20201127,3301,0.8895176502290488,484,-5.1390682102255685,True,3302,0.8897871193748316,557
422000000000.0,20201128,284,0.07652923740231743,0,2.936891977143567,False,237,0.06386418755052546,0
422000000000.0,20201129,1,0.00026946914578280785,0,-4.905070417111616,True,2645,0.7127458905955268,45
422000000000.0,20201130,2630,0.7087038534087847,24,1.1217715841697737,True,155,0.04176771759633522,1
422000000000.0,20201131,317,0.08542171921315009,0,,False,327,0.08811641067097817,0
422000000000.0,20201132,1982,0.5340878469415252,2,0.9983892216929551,True,2534,0.6828348154136351,20
422000000000.0,20201133,2545,0.685798976017246,32,1.078620474484405,True,1816,0.4893559687415791,4
422000000000.0,20201134,3357,0.904607922392886,476,-5.318023544483992,True,3102,0.83589329021827,391
422000000000.0,20201135,3333,0.8981406628940987,554,-6.072031260030239,True,3347,0.9019132309350579,598
422000000000.0,20201136,1360,0.3664780382646187,1,-6.845142363584664,True,432,0.116410670978173,1
422000000000.0,20201137,3192,0.8601455133387227,233,-1.2575176513503221,True,2770,0.7464295338183778,125
422000000000.0,20201138,403,0.10859606575047157,1,-0.6917026220510101,True,489,0.13177041228779304,0
422000000000.0,20201139,2372,0.6391808137968202,12,3.8143066723209937,False,2152,0.5798976017246026,12
422000000000.0,20201140,574,0.15467528967933172,1,0.4789352317007136,True,6,0.0016168148746968471,0
422000000000.0,20201141,3332,0.8978711937483158,686,-3.197204073666314,True,3319,0.8943680948531393,830
422000000000.0,20201142,35,0.009431420102398275,0,,False,49,0.013203988143357586,0
422000000000.0,20201143,2211,0.5957962813257882,15,-0.9677562584514501,True,1587,0.42764753435731606,0
422000000000.0,20201144,3165,0.8528698464025869,434,-3.157942320398466,True,3233,0.8711937483158179,460
422000000000.0,20201145,2631,0.7089733225545675,29,0.9809773951035687,True,2721,0.7332255456750202,94
422000000000.0,20201146,1,0.00026946914578280785,0,0.840127081285952,True,0,0.0,0
422000000000.0,20201147,4,0.0010778765831312314,1,0.20255924163765648,True,186,0.050121261115602264,1
422000000000.0,20201148,0,0.0,0,-0.46522359678036995,True,6,0.0016168148746968471,0
422000000000.0,20201149,231,0.06224737267582862,1,-0.35840134144819125,True,145,0.03907302613850714,1
422000000000.0,20201150,2762,0.7442737806521154,142,-2.995525716289565,True,2886,0.7776879547291835,98
422000000000.0,20201151,276,0.07437348423605497,0,5.967769279680883,False,433,0.1166801401239558,0
422000000000.0,20201152,1,0.00026946914578280785,1,-0.6825965009752544,True,1,0.00026946914578280785,1
422000000000.0,20201153,255,0.068714632174616,0,1.6612092351655905,True,67,0.018054432767448128,0
422000000000.0,20201154,756,0.20371867421180276,0,4.7555342842320005,False,362,0.09754783077337645,0
422000000000.0,20201155,1715,0.4621395850175155,0,3.0652174844980804,False,1428,0.38480194017784963,0
422000000000.0,20201156,65,0.01751549447588251,0,4.1456464344217405,False,67,0.018054432767448128,0
422000000000.0,20201157,2899,0.78119105362436,174,-2.8937948601559853,True,2631,0.7089733225545675,20
422000000000.0,20201158,854,0.2301266504985179,0,-0.8268452964270443,True,1,0.00026946914578280785,0
422000000000.0,20201159,3362,0.9059552681218,351,-1.6449949853446801,True,3326,0.8962543788736189,502
422000000000.0,20201160,0,0.0,0,,False,0,0.0,0
422000000000.0,20201161,2276,0.6133117758016707,0,-0.15937090177091395,True,1670,0.45001347345728915,1
422000000000.0,20201162,27,0.007275666936135812,0,,False,31,0.008353543519267044,0
422000000000.0,20201163,2817,0.7590945836701698,117,-1.1405329197387521,True,2769,0.746160064672595,81
422000000000.0,20201164,2942,0.7927782268930208,168,0.6332227366830683,True,2708,0.7297224467798437,93
422000000000.0,20201165,1533,0.4130962004850445,0,-2.7661254048856314,True,2838,0.7647534357316087,87
422000000000.0,20201166,3,0.0008084074373484236,0,,False,5,0.0013473457289140394,0
422000000000.0,20201167,47,0.01266504985179197,0,3.2827760298292645,False,212,0.05712745890595527,0
422000000000.0,20201168,351,0.09458367016976556,0,5.49050531270839,False,153,0.041228779304769606,0
422000000000.0,20201169,35,0.009431420102398275,0,,False,48,0.012934518997574777,0
422000000000.0,20201170,3066,0.826192400970089,362,-2.4839250101088233,True,3337,0.8992185394772299,538
422000000000.0,20201171,2892,0.7793047696038804,80,3.426796511857102,False,2348,0.6327135542980329,24
422000000000.0,20201172,2457,0.6620856911883589,32,-0.0958876835792708,True,2699,0.7272972244677984,40
422000000000.0,20201173,2718,0.7324171382376717,77,-12.616659136917512,True,2504,0.6747507410401509,26
422000000000.0,20201174,477,0.12853678253839934,0,5.909826326887934,False,95,0.025599568849366747,0
422000000000.0,20201175,2247,0.6054971705739692,7,-0.44612193620621454,True,2270,0.6116949609269738,27
422000000000.0,20201176,827,0.22285098356238212,0,2.0943204086148324,False,178,0.0479655079493398,0
422000000000.0,20201177,3009,0.8108326596604689,162,-2.42227374058956,True,2895,0.7801131770412287,132
422000000000.0,20201178,1252,0.33737537052007543,1,-0.08633635169678922,True,1240,0.33414174077068176,1
422000000000.0,20201179,607,0.16356777149016438,0,3.829948487988003,False,96,0.025869037995149554,0
422000000000.0,20201180,2970,0.8003233629749393,66,0.9058616405436308,True,3052,0.8224198329291296,173
422000000000.0,20201181,3137,0.8453247103206682,369,-2.470590452756083,True,3185,0.858259229318243,359
422000000000.0,20201182,3243,0.8738884397736459,475,-4.059682872321844,True,3324,0.8957154405820533,524
422000000000.0,20201183,3119,0.8404742656965778,266,2.3997690540078267,False,2931,0.7898140662894099,188
422000000000.0,20201184,2956,0.7965507949339801,114,-4.815760901349639,True,815,0.21961735381298841,1
422000000000.0,20201185,1888,0.5087577472379412,1,4.063315789638989,False,1730,0.46618162220425763,0
422000000000.0,20201186,3164,0.852600377256804,379,-2.391323405499818,True,3192,0.8601455133387227,261
422000000000.0,20201187,1393,0.37537052007545135,0,1.4444811852094634,True,2711,0.7305308542171921,31
422000000000.0,20201188,1847,0.49770951226084614,2,2.919676020160641,False,1895,0.510644031258421,2
422000000000.0,20201189,3378,0.910266774454325,628,-2.1983608495301556,True,2801,0.7547830773376448,214
422000000000.0,20201190,1355,0.3651306925357047,0,4.651625836348318,False,1063,0.28644570196712477,0
422000000000.0,20201191,1920,0.5173807599029911,0,-2.8829607965245554,True,3083,0.8307733764483967,288
422000000000.0,20201192,3053,0.8226893020749124,245,1.9307408134314588,True,2965,0.7989760172460253,179
422000000000.0,20201193,809,0.21800053893829158,0,3.713445264193643,False,881,0.23740231743465373,1
422000000000.0,20201194,422,0.11371597952034491,0,-0.6510400494404052,True,9,0.002425222312045271,0
422000000000.0,20201195,1299,0.35004042037186744,2,3.3696981002776023,False,1394,0.37563998922123415,0
422000000000.0,20201196,0,0.0,1,5.2213529808677945,False,0,0.0,1
422000000000.0,20201197,7,0.001886284020479655,0,5.172456988053119,False,41,0.011048234977095122,0
422000000000.0,20201198,16,0.004311506332524926,0,6.163334434039694,False,77,0.020749124225276205,0
422000000000.0,20201199,1690,0.4554028563729453,2,3.7599536718973496,False,2121,0.5715440582053355,18
422000000000.0,20201200,3279,0.883589329021827,376,-2.382016021012335,True,3266,0.8800862301266505,331
562000000000.0,20201001,3019,0.813527351118297,210,-1.3663811429320818,True,2902,0.7819994610617085,160
562000000000.0,20201002,2545,0.685798976017246,29,2.1764533615030124,False,2775,0.7477768795472919,47
562000000000.0,20201003,3052,0.8224198329291296,290,-1.0057621642007222,True,3225,0.8690379951495554,440
562000000000.0,20201004,31,0.008353543519267044,1,0.46667241055194175,True,5,0.0013473457289140394,1
562000000000.0,20201005,3004,0.8094853139315549,254,-7.376355015605215,True,3266,0.8800862301266505,434
562000000000.0,20201006,2790,0.751818916734034,46,-0.6986092890962938,True,2697,0.7267582861762328,30
562000000000.0,20201007,3211,0.8652654271085961,398,-6.177329354588388,True,3303,0.8900565885206144,435
562000000000.0,20201008,3177,0.8561034761519806,255,-0.6728293887946633,True,3170,0.8542171921315009,246
562000000000.0,20201009,3123,0.841552142279709,269,-1.1643490272194796,True,3201,0.862570735650768,313
562000000000.0,20201010,0,0.0,0,3.0059665881574547,False,1,0.00026946914578280785,0
562000000000.0,20201011,2812,0.7577472379412558,63,-3.5268297763956182,True,3164,0.852600377256804,301
562000000000.0,20201012,3307,0.8911344651037456,252,-0.054842477040995874,True,3168,0.8536782538399353,288
562000000000.0,20201013,3262,0.8790083535435192,406,-4.3758602585599915,True,3324,0.8957154405820533,581
562000000000.0,20201014,1,0.00026946914578280785,0,0.14793545282991438,True,1,0.00026946914578280785,0
562000000000.0,20201015,2930,0.789544597143627,66,-8.479159909235273,True,3011,0.8113715979520345,100
562000000000.0,20201016,2692,0.7254109404473188,63,1.0835755652613415,True,2400,0.6467259498787389,40
562000000000.0,20201017,3364,0.9064942064133656,556,-2.226165683903649,True,3398,0.9156561573699812,647
562000000000.0,20201018,2877,0.7752627324171383,93,-0.11737015657024852,True,2628,0.7081649151172191,75
562000000000.0,20201019,2226,0.5998383185125303,9,2.43257235038174,False,2648,0.7135542980328753,14
562000000000.0,20201020,3272,0.8817030450013473,656,-1.3152257264016383,True,3332,0.8978711937483158,695
562000000000.0,20201021,6,0.0016168148746968471,0,-5.950966682889597,True,2745,0.7396928051738076,24
562000000000.0,20201022,3347,0.9019132309350579,535,-2.2286373606117653,True,3200,0.8623012665049852,351
562000000000.0,20201023,2134,0.575047157100512,15,2.4124932086277884,False,2173,0.5855564537860415,1
562000000000.0,20201024,3169,0.8539477229857181,322,-3.2643559103517843,True,3229,0.8701158717326866,383
562000000000.0,20201025,11,0.0029641606036108865,0,-0.9160203647650693,True,716,0.19293990838049044,0
562000000000.0,20201026,3022,0.8143357585556453,273,-3.442335377777394,True,3271,0.8814335758555646,378
562000000000.0,20201027,3471,0.9353274050121261,694,-1.9977548207353144,True,3256,0.8773915386688225,521
562000000000.0,20201028,2541,0.6847210994341147,8,0.39347676663602993,True,2173,0.5855564537860415,0
562000000000.0,20201029,3262,0.8790083535435192,284,-2.37686655030506,True,2708,0.7297224467798437,56
562000000000.0,20201030,2966,0.7992454863918081,127,-1.7718502957198519,True,3226,0.8693074642953382,239
562000000000.0,20201031,3145,0.8474804634869307,260,-2.3867270743395075,True,3105,0.8367016976556184,318
562000000000.0,20201032,150,0.04042037186742118,0,0.758301456265249,True,69,0.018593371059013743,0
562000000000.0,20201033,3164,0.852600377256804,236,0.3337441746416312,True,2976,0.8019401778496362,217
562000000000.0,20201034,3070,0.8272702775532201,211,-1.1356129193429503,True,3122,0.8412826731339261,246
562000000000.0,20201035,3131,0.8437078954459715,318,-1.2964899678535815,True,3204,0.8633791430881164,261
562000000000.0,20201036,3090,0.8326596604688763,298,-4.373860219936079,True,3190,0.8596065750471571,434
562000000000.0,20201037,2794,0.7528967933171652,74,1.6832555204519446,True,2754,0.7421180274858529,72
562000000000.0,20201038,4,0.0010778765831312314,0,,False,1,0.00026946914578280785,0
562000000000.0,20201039,2404,0.6478038264618701,22,0.45427746494227517,True,1546,0.41659929938022094,0
562000000000.0,20201040,61,0.01643761789275128,0,,False,42,0.01131770412287793,0
562000000000.0,20201041,2730,0.7356507679870655,48,1.9128879483224668,True,2666,0.7184047426569657,57
562000000000.0,20201042,3015,0.8124494745351657,172,0.04116257183249328,True,3144,0.847210994341148,284
562000000000.0,20201043,3,0.0008084074373484236,0,,False,4,0.0010778765831312314,0
562000000000.0,20201044,3114,0.8391269199676638,128,1.095140485547148,True,3184,0.8579897601724602,270
562000000000.0,20201045,1390,0.37456211263810296,0,1.032818464748324,True,2251,0.6065750471571005,9
562000000000.0,20201046,1478,0.39827539746699003,0,-0.12788669477456072,True,2711,0.7305308542171921,73
562000000000.0,20201047,2274,0.6127728375101051,0,2.9244775000891394,False,1818,0.4898949070331447,0
562000000000.0,20201048,2928,0.7890056588520614,59,2.877230014660336,False,2669,0.7192131500943142,32
562000000000.0,20201049,38,0.010239827539746699,0,3.7900994573264355,False,37,0.009970358393963891,0
562000000000.0,20201050,2908,0.7836162759364053,155,0.8436689688656847,True,3012,0.8116410670978172,170
562000000000.0,20201051,3096,0.8342764753435732,143,-0.006416818223924814,True,2837,0.764483966585826,97
562000000000.0,20201052,3138,0.8455941794664511,173,0.0420435517578408,True,3028,0.8159525734303422,157
562000000000.0,20201053,214,0.05766639719752088,0,-2.7130160873382616,True,182,0.049043384532471035,0
562000000000.0,20201054,2920,0.7868499056857989,114,2.1812727095783657,False,3145,0.8474804634869307,294
562000000000.0,20201055,2850,0.7679870654810024,112,-1.4088857748805914,True,2795,0.753166262462948,51
562000000000.0,20201056,2517,0.6782538399353274,36,3.2771410927268514,False,2607,0.7025060630557801,22
562000000000.0,20201057,2989,0.8054432767448128,86,-0.42768587970424754,True,2942,0.7927782268930208,94
562000000000.0,20201058,3119,0.8404742656965778,202,1.8505413062698093,True,3236,0.8720021557531663,294
562000000000.0,20201059,2979,0.8027485852869847,82,1.8577349843081201,True,2628,0.7081649151172191,54
562000000000.0,20201060,340,0.09161950956615468,0,4.614610797254605,False,122,0.03287523578550256,0
562000000000.0,20201061,471,0.1269199676637025,0,-1.6139060125523086,True,153,0.041228779304769606,0
562000000000.0,20201062,2991,0.8059822150363783,173,-1.4212384836452125,True,2981,0.8032875235785503,131
562000000000.0,20201063,2733,0.7364591754244139,51,0.6605173698425908,True,2657,0.7159795203449205,26
562000000000.0,20201064,2708,0.7297224467798437,69,-0.6568744931147492,True,2809,0.7569388305039073,87
562000000000.0,20201065,121,0.03260576663971975,0,6.428482832433176,False,249,0.06709781729991916,0
562000000000.0,20201066,38,0.010239827539746699,0,-5.717999137859049,True,2530,0.6817569388305039,25
562000000000.0,20201067,3145,0.8474804634869307,324,-5.34816904569152,True,3311,0.8922123416868768,450
562000000000.0,20201068,1913,0.5154944758825114,1,4.386989928970714,False,1718,0.4629479924548639,2
562000000000.0,20201069,3134,0.8445163028833199,213,-1.7658797458571192,True,2236,0.6025330099703584,12
562000000000.0,20201070,3215,0.8663433036917273,571,-4.067193193084102,True,3308,0.8914039342495285,679
562000000000.0,20201071,835,0.22500673672864457,1,1.1822753074479868,True,187,0.05039073026138507,0
562000000000.0,20201072,3449,0.9293990838049043,702,-3.9936852722426552,True,3445,0.9283212072217731,762
562000000000.0,20201073,12,0.0032336297493936943,0,-4.798252626999135,True,2221,0.5984909727836163,12
562000000000.0,20201074,0,0.0,0,,False,0,0.0,0
562000000000.0,20201075,2916,0.7857720291026677,181,-1.0375144138060781,True,3170,0.8542171921315009,267
562000000000.0,20201076,3299,0.8889787119374831,593,-2.251167570980381,True,3375,0.9094583670169766,727
562000000000.0,20201077,3064,0.8256534626785234,242,1.608901907878808,True,2923,0.7876583131231474,169
562000000000.0,20201078,3013,0.8119105362436001,180,0.5058639900419744,True,2219,0.5979520344920507,26
562000000000.0,20201079,2,0.0005389382915656157,0,5.1760713786195955,False,14,0.00377256804095931,0
562000000000.0,20201080,2666,0.7184047426569657,43,-0.5090298939161109,True,2578,0.6946914578280787,60
562000000000.0,20201081,2704,0.7286445701967125,44,-11.036197980417189,True,2603,0.7014281864726489,43
562000000000.0,20201082,269,0.07248720021557532,0,4.818717447259256,False,1403,0.37806521153327943,0
562000000000.0,20201083,3418,0.9210455402856373,933,-3.107047885519252,True,3411,0.9191592562651576,803
562000000000.0,20201084,3307,0.8911344651037456,666,-4.468922005444403,True,3252,0.8763136620856912,546
562000000000.0,20201085,1057,0.28482888709242793,0,1.0947234555138596,True,1687,0.45459444893559686,0
562000000000.0,20201086,3006,0.8100242522231205,197,-2.2891375909635654,True,3181,0.8571813527351119,220
562000000000.0,20201087,2672,0.7200215575316626,69,-1.4660071201635887,True,3061,0.8248450552411749,213
562000000000.0,20201088,1844,0.4969011048234977,1,0.6257853377724256,True,2589,0.6976556184316896,40
562000000000.0,20201089,2887,0.7779574238749664,126,-1.0800219993850404,True,2864,0.7717596335219618,113
562000000000.0,20201090,2825,0.7612503368364322,81,0.991036254315155,True,2376,0.6402586903799515,23
562000000000.0,20201091,125,0.03368364322285099,1,0.7600923524978578,True,28,0.00754513608191862,1
562000000000.0,20201092,2219,0.5979520344920507,15,3.509054489340441,False,2403,0.6475343573160873,24
562000000000.0,20201093,662,0.17838857450821882,0,-0.6939430701545044,True,2,0.0005389382915656157,0
562000000000.0,20201094,1660,0.44731878199946107,0,2.5659702977436796,False,2131,0.5742387496631636,3
562000000000.0,20201095,2776,0.7480463486930746,50,1.228940857903868,True,3185,0.858259229318243,103
562000000000.0,20201096,281,0.07572082996496901,0,1.9897429328865606,True,176,0.047426569657774184,0
562000000000.0,20201097,2696,0.72648881703045,66,-2.6422954691211866,True,2020,0.5443276744812718,0
562000000000.0,20201098,3334,0.8984101320398814,517,-3.3523312526003872,True,3345,0.9013742926434923,539
562000000000.0,20201099,3028,0.8159525734303422,180,2.4254539707279177,False,3127,0.8426300188628402,377
562000000000.0,20201100,489,0.13177041228779304,1,-2.830308848423476,True,2551,0.6874157908919428,44
562000000000.0,20201101,2260,0.6090002694691458,1,3.1809743722577064,False,2145,0.5780113177041228,2
562000000000.0,20201102,94,0.02533009970358394,1,2.859753079850508,False,36,0.009700889248181084,0
562000000000.0,20201103,2314,0.6235516033414175,6,1.1216714712380718,True,2630,0.7087038534087847,19
562000000000.0,20201104,3350,0.9027216383724064,665,-2.1740818781923643,True,3340,0.9000269469145783,611
562000000000.0,20201105,400,0.10778765831312315,0,3.795552608855645,False,964,0.25976825653462676,1
562000000000.0,20201106,2843,0.7661007814605227,69,-2.866978667354557,True,1134,0.3055780113177041,0
562000000000.0,20201107,1518,0.40905416329830235,2,0.08481091669362151,True,1169,0.3150094314201024,1
562000000000.0,20201108,1588,0.4279170035030989,1,2.164500002147321,False,1035,0.2789005658852061,0
562000000000.0,20201109,3204,0.8633791430881164,251,-1.2637915868108882,True,2945,0.7935866343303691,192
562000000000.0,20201110,1264,0.34060900026946916,0,-0.09488232965181531,True,1438,0.3874966316356777,1
562000000000.0,20201111,2191,0.590406898410132,15,-1.5583965178456571,True,1795,0.48369711668014015,2
562000000000.0,20201112,3212,0.8655348962543788,458,-3.448465653875955,True,3347,0.9019132309350579,514
562000000000.0,20201113,2288,0.6165454055510644,1,4.550503313366736,False,2294,0.6181622204257613,1
562000000000.0,20201114,2854,0.7690649420641337,116,-2.55810661719788,True,2792,0.7523578550255996,87
562000000000.0,20201115,796,0.21449744004311505,0,1.6142806887967085,True,60,0.016168148746968473,0
562000000000.0,20201116,3006,0.8100242522231205,178,-8.00663297692374,True,3208,0.8644570196712477,367
562000000000.0,20201117,2358,0.635408245755861,17,-0.45093917024199737,True,1748,0.47103206682834814,0
562000000000.0,20201118,2708,0.7297224467798437,58,-0.15884112234836678,True,2739,0.7380759902991108,73
562000000000.0,20201119,2297,0.6189706278631096,8,-2.7854352825157953,True,3029,0.8162220425761251,104
562000000000.0,20201120,2402,0.6472648881703045,18,-0.23055591009211973,True,1128,0.3039611964430073,0
562000000000.0,20201121,3138,0.8455941794664511,361,-2.196239844658593,True,3094,0.8337375370520076,330
562000000000.0,20201122,3196,0.861223389921854,385,-3.602907551193476,True,3324,0.8957154405820533,553
562000000000.0,20201123,0,0.0,0,,False,0,0.0,0
562000000000.0,20201124,3400,0.9161950956615468,593,-5.521133462237795,True,3277,0.8830503907302614,485
562000000000.0,20201125,1733,0.466990029641606,1,-1.9653921634585503,True,101,0.027216383724063594,1
562000000000.0,20201126,1890,0.5092966855295069,0,-11.151783010920504,True,2087,0.5623821072487201,0
562000000000.0,20201127,3212,0.8655348962543788,408,-5.1390682102255685,True,3354,0.9037995149555376,804
562000000000.0,20201128,1802,0.4855834007006198,0,2.936891977143567,False,1325,0.35704661816222044,0
562000000000.0,20201129,1,0.00026946914578280785,0,-4.905070417111616,True,2418,0.6515763945028294,29
562000000000.0,20201130,2434,0.6558879008353543,16,1.1217715841697737,True,47,0.01266504985179197,0
562000000000.0,20201131,280,0.0754513608191862,0,,False,297,0.08003233629749394,0
562000000000.0,20201132,2107,0.5677714901643762,2,0.9983892216929551,True,2991,0.8059822150363783,100
562000000000.0,20201133,2622,0.7065481002425222,31,1.078620474484405,True,2382,0.6418755052546483,12
562000000000.0,20201134,3362,0.9059552681218,522,-5.318023544483992,True,3217,0.8668822419832929,513
562000000000.0,20201135,3398,0.9156561573699812,908,-6.072031260030239,True,3298,0.8887092427917004,651
562000000000.0,20201136,2230,0.6009161950956615,1,-6.845142363584664,True,343,0.0924279170035031,1
562000000000.0,20201137,2910,0.7841552142279709,141,-1.2575176513503221,True,3065,0.8259229318243061,156
562000000000.0,20201138,874,0.23551603341417407,1,-0.6917026220510101,True,466,0.12557262193478846,0
562000000000.0,20201139,2704,0.7286445701967125,12,3.8143066723209937,False,2133,0.5747776879547292,5
562000000000.0,20201140,1026,0.2764753435731609,2,0.4789352317007136,True,28,0.00754513608191862,0
562000000000.0,20201141,3358,0.9048773915386689,780,-3.197204073666314,True,3467,0.9342495284289949,1010
562000000000.0,20201142,48,0.012934518997574777,0,,False,87,0.023443815683104285,0
562000000000.0,20201143,2539,0.6841821611425492,23,-0.9677562584514501,True,1492,0.40204796550794936,0
562000000000.0,20201144,3364,0.9064942064133656,642,-3.157942320398466,True,3378,0.910266774454325,560
562000000000.0,20201145,2707,0.7294529776340609,39,0.9809773951035687,True,2967,0.799514955537591,174
562000000000.0,20201146,1,0.00026946914578280785,0,0.840127081285952,True,0,0.0,0
562000000000.0,20201147,4,0.0010778765831312314,1,0.20255924163765648,True,131,0.03530045809754783,1
562000000000.0,20201148,0,0.0,0,-0.46522359678036995,True,23,0.006197790353004581,0
562000000000.0,20201149,2097,0.5650767987065481,14,-0.35840134144819125,True,1500,0.4042037186742118,1
562000000000.0,20201150,3044,0.8202640797628672,154,-2.995525716289565,True,3051,0.8221503637833468,138
562000000000.0,20201151,151,0.04068984101320399,0,5.967769279680883,False,846,0.22797089733225545,1
562000000000.0,20201152,1,0.00026946914578280785,1,-0.6825965009752544,True,1,0.00026946914578280785,1
562000000000.0,20201153,337,0.09081110212880625,0,1.6612092351655905,True,4,0.0010778765831312314,0
562000000000.0,20201154,526,0.14174077068175694,0,4.7555342842320005,False,1905,0.513338722716249,0
562000000000.0,20201155,2167,0.5839396389113447,20,3.0652174844980804,False,2614,0.7043923470762598,14
562000000000.0,20201156,55,0.014820803018054433,0,4.1456464344217405,False,75,0.02021018593371059,0
562000000000.0,20201157,3141,0.8464025869037995,196,-2.8937948601559853,True,2920,0.7868499056857989,49
562000000000.0,20201158,913,0.2460253300997036,0,-0.8268452964270443,True,3,0.0008084074373484236,0
562000000000.0,20201159,3277,0.8830503907302614,397,-1.6449949853446801,True,3376,0.9097278361627593,541
562000000000.0,20201160,0,0.0,0,,False,0,0.0,0
562000000000.0,20201161,1836,0.49474535165723527,2,-0.15937090177091395,True,2262,0.6095392077607114,10
562000000000.0,20201162,36,0.009700889248181084,0,,False,36,0.009700889248181084,0
562000000000.0,20201163,2785,0.75047157100512,95,-1.1405329197387521,True,3011,0.8113715979520345,130
562000000000.0,20201164,2923,0.7876583131231474,187,0.6332227366830683,True,3138,0.8455941794664511,222
562000000000.0,20201165,2406,0.6483427647534358,14,-2.7661254048856314,True,2869,0.7731069792508758,88
562000000000.0,20201166,8,0.002155753166262463,0,,False,20,0.0053893829156561575,0
562000000000.0,20201167,1533,0.4130962004850445,1,3.2827760298292645,False,658,0.17731069792508758,1
562000000000.0,20201168,545,0.14686068445163028,0,5.49050531270839,False,1251,0.33710590137429264,0
562000000000.0,20201169,64,0.017246025330099703,0,,False,64,0.017246025330099703,0
562000000000.0,20201170,3299,0.8889787119374831,526,-2.4839250101088233,True,3246,0.8746968472109944,558
562000000000.0,20201171,2899,0.78119105362436,121,3.426796511857102,False,2438,0.6569657774184856,29
562000000000.0,20201172,2883,0.7768795472918351,43,-0.0958876835792708,True,2712,0.730800323362975,32
562000000000.0,20201173,2971,0.8005928321207222,97,-12.616659136917512,True,2611,0.7035839396389113,36
562000000000.0,20201174,481,0.12961465912153058,0,5.909826326887934,False,575,0.15494475882511452,1
562000000000.0,20201175,2378,0.6407976286715171,23,-0.44612193620621454,True,2639,0.71112907572083,41
562000000000.0,20201176,1075,0.28967933171651844,1,2.0943204086148324,False,984,0.2651576394502829,0
562000000000.0,20201177,3028,0.8159525734303422,187,-2.42227374058956,True,3105,0.8367016976556184,166
562000000000.0,20201178,1697,0.45728914039342494,1,-0.08633635169678922,True,1709,0.46052277014281867,2
562000000000.0,20201179,721,0.19428725410940448,0,3.829948487988003,False,654,0.17623282134195634,1
562000000000.0,20201180,3055,0.823228240366478,113,0.9058616405436308,True,3124,0.8418216114254918,185
562000000000.0,20201181,3394,0.9145782807868499,568,-2.470590452756083,True,3243,0.8738884397736459,339
562000000000.0,20201182,3404,0.917272972244678,540,-4.059682872321844,True,3311,0.8922123416868768,534
562000000000.0,20201183,3278,0.8833198598760442,406,2.3997690540078267,False,3040,0.8191862031797359,275
562000000000.0,20201184,2985,0.8043654001616815,132,-4.815760901349639,True,1806,0.486661277283751,1
562000000000.0,20201185,2420,0.652115332794395,3,4.063315789638989,False,2099,0.5656157369981137,1
562000000000.0,20201186,3252,0.8763136620856912,489,-2.391323405499818,True,3277,0.8830503907302614,483
562000000000.0,20201187,799,0.2153058474804635,3,1.4444811852094634,True,2113,0.569388305039073,2
562000000000.0,20201188,2707,0.7294529776340609,28,2.919676020160641,False,2300,0.6197790353004581,11
562000000000.0,20201189,3244,0.8741579089194287,301,-2.1983608495301556,True,2860,0.7706817569388305,184
562000000000.0,20201190,1317,0.35489086499595796,0,4.651625836348318,False,898,0.24198329291296147,0
562000000000.0,20201191,1758,0.4737267582861762,0,-2.8829607965245554,True,2899,0.78119105362436,203
562000000000.0,20201192,3028,0.8159525734303422,272,1.9307408134314588,True,3104,0.8364322285098357,187
562000000000.0,20201193,1793,0.4831581783885745,0,3.713445264193643,False,974,0.26246294799245484,1
562000000000.0,20201194,605,0.16302883319859876,0,-0.6510400494404052,True,15,0.004042037186742118,0
562000000000.0,20201195,1118,0.3012665049851792,1,3.3696981002776023,False,1465,0.3947722985718135,0
562000000000.0,20201196,0,0.0,1,5.2213529808677945,False,0,0.0,1
562000000000.0,20201197,4,0.0010778765831312314,0,5.172456988053119,False,50,0.013473457289140393,0
562000000000.0,20201198,168,0.04527081649151172,0,6.163334434039694,False,160,0.04311506332524926,0
562000000000.0,20201199,2208,0.5949878738884398,0,3.7599536718973496,False,2562,0.6903799514955538,21
562000000000.0,20201200,3325,0.8959849097278362,610,-2.382016021012335,True,3281,0.8841282673133927,457
750000000000.0,20201001,3172,0.8547561304230665,215,-1.3663811429320818,True,3258,0.8779304769603881,323
750000000000.0,20201002,3150,0.8488278092158448,192,2.1764533615030124,False,3172,0.8547561304230665,132
750000000000.0,20201003,3272,0.8817030450013473,603,-1.0057621642007222,True,3237,0.872271624898949,458
750000000000.0,20201004,20,0.0053893829156561575,1,0.46667241055194175,True,16,0.004311506332524926,1
750000000000.0,20201005,3183,0.8577202910266775,326,-7.376355015605215,True,3203,0.8631096739423336,425
750000000000.0,20201006,2959,0.7973592023713285,93,-0.6986092890962938,True,2890,0.7787658313123147,58
750000000000.0,20201007,3338,0.8994880086230127,439,-6.177329354588388,True,3236,0.8720021557531663,520
750000000000.0,20201008,3180,0.856911883589329,251,-0.6728293887946633,True,3251,0.8760441929399084,316
750000000000.0,20201009,3226,0.8693074642953382,322,-1.1643490272194796,True,3275,0.8825114524386958,364
750000000000.0,20201010,0,0.0,0,3.0059665881574547,False,1,0.00026946914578280785,0
750000000000.0,20201011,2908,0.7836162759364053,84,-3.5268297763956182,True,3265,0.8798167609808677,445
750000000000.0,20201012,3305,0.89059552681218,315,-0.054842477040995874,True,3350,0.9027216383724064,319
750000000000.0,20201013,3302,0.8897871193748316,549,-4.3758602585599915,True,3333,0.8981406628940987,518
750000000000.0,20201014,1,0.00026946914578280785,0,0.14793545282991438,True,1,0.00026946914578280785,0
750000000000.0,20201015,2997,0.8075990299110751,109,-8.479159909235273,True,2995,0.8070600916195095,129
750000000000.0,20201016,2977,0.8022096469954191,156,1.0835755652613415,True,2808,0.7566693613581245,80
750000000000.0,20201017,3297,0.8884397736459175,575,-2.226165683903649,True,3310,0.8919428725410941,578
750000000000.0,20201018,2909,0.7838857450821881,86,-0.11737015657024852,True,2820,0.7599029911075182,84
750000000000.0,20201019,2521,0.6793317165184586,19,2.43257235038174,False,2442,0.6580436540016168,18
750000000000.0,20201020,3365,0.9067636755591485,764,-1.3152257264016383,True,3372,0.9086499595796281,670
750000000000.0,20201021,234,0.06305578011317704,0,-5.950966682889597,True,2854,0.7690649420641337,58
750000000000.0,20201022,3281,0.8841282673133927,568,-2.2286373606117653,True,3176,0.8558340070061978,341
750000000000.0,20201023,2270,0.6116949609269738,14,2.4124932086277884,False,2165,0.583400700619779,2
750000000000.0,20201024,3266,0.8800862301266505,356,-3.2643559103517843,True,3307,0.8911344651037456,414
750000000000.0,20201025,11,0.0029641606036108865,0,-0.9160203647650693,True,454,0.12233899218539478,0
750000000000.0,20201026,3248,0.87523578550256,455,-3.442335377777394,True,3327,0.8965238480194018,545
750000000000.0,20201027,3384,0.9118835893290218,575,-1.9977548207353144,True,3420,0.9215844785772029,620
750000000000.0,20201028,2743,0.7391538668822419,22,0.39347676663602993,True,2419,0.6518458636486122,8
750000000000.0,20201029,3102,0.83589329021827,252,-2.37686655030506,True,2964,0.7987065481002426,124
750000000000.0,20201030,3180,0.856911883589329,154,-1.7718502957198519,True,3139,0.845863648612234,214
750000000000.0,20201031,3204,0.8633791430881164,360,-2.3867270743395075,True,3333,0.8981406628940987,393
750000000000.0,20201032,175,0.04715710051199138,0,0.758301456265249,True,13,0.0035030988951765024,0
750000000000.0,20201033,3118,0.8402047965507949,176,0.3337441746416312,True,3021,0.8140662894098626,152
750000000000.0,20201034,3057,0.8237671786580436,201,-1.1356129193429503,True,3275,0.8825114524386958,322
750000000000.0,20201035,3310,0.8919428725410941,576,-1.2964899678535815,True,3167,0.8534087846941525,330
750000000000.0,20201036,3281,0.8841282673133927,426,-4.373860219936079,True,3296,0.8881703045001348,532
750000000000.0,20201037,3233,0.8711937483158179,214,1.6832555204519446,True,3001,0.8086769064942064,145
750000000000.0,20201038,5,0.0013473457289140394,0,,False,2,0.0005389382915656157,0
750000000000.0,20201039,2880,0.7760711398544866,60,0.45427746494227517,True,1858,0.500673672864457,1
750000000000.0,20201040,75,0.02021018593371059,0,,False,112,0.03018054432767448,0
750000000000.0,20201041,2874,0.7744543249797898,98,1.9128879483224668,True,2815,0.7585556453786042,80
750000000000.0,20201042,3112,0.838587981676098,231,0.04116257183249328,True,3117,0.8399353274050121,203
750000000000.0,20201043,5,0.0013473457289140394,0,,False,8,0.002155753166262463,0
750000000000.0,20201044,3191,0.85987604419294,228,1.095140485547148,True,3285,0.8852061438965239,339
750000000000.0,20201045,2269,0.6114254917811911,1,1.032818464748324,True,1780,0.47965507949339803,1
750000000000.0,20201046,2110,0.5685798976017246,0,-0.12788669477456072,True,2988,0.8051738075990299,116
750000000000.0,20201047,2348,0.6327135542980329,3,2.9244775000891394,False,2300,0.6197790353004581,7
750000000000.0,20201048,2687,0.7240635947184048,51,2.877230014660336,False,2747,0.7402317434653732,60
750000000000.0,20201049,140,0.0377256804095931,0,3.7900994573264355,False,48,0.012934518997574777,1
750000000000.0,20201050,3144,0.847210994341148,229,0.8436689688656847,True,3127,0.8426300188628402,274
750000000000.0,20201051,3048,0.8213419563459984,119,-0.006416818223924814,True,2887,0.7779574238749664,97
750000000000.0,20201052,3040,0.8191862031797359,178,0.0420435517578408,True,3185,0.858259229318243,179
750000000000.0,20201053,465,0.12530315278900567,1,-2.7130160873382616,True,10,0.0026946914578280788,0
750000000000.0,20201054,3079,0.8296954998652655,120,2.1812727095783657,False,3105,0.8367016976556184,253
750000000000.0,20201055,3098,0.8348154136351388,154,-1.4088857748805914,True,3151,0.8490972783616276,210
750000000000.0,20201056,2709,0.7299919159256265,46,3.2771410927268514,False,2668,0.7189436809485313,36
750000000000.0,20201057,2918,0.7863109673942333,78,-0.42768587970424754,True,3082,0.8305039073026138,144
750000000000.0,20201058,3275,0.8825114524386958,311,1.8505413062698093,True,3277,0.8830503907302614,284
750000000000.0,20201059,2975,0.8016707087038534,87,1.8577349843081201,True,3095,0.8340070061977903,149
750000000000.0,20201060,845,0.22770142818647265,0,4.614610797254605,False,99,0.02667744543249798,0
750000000000.0,20201061,637,0.17165184586364862,0,-1.6139060125523086,True,82,0.022096469954190245,0
750000000000.0,20201062,2992,0.8062516841821611,185,-1.4212384836452125,True,3254,0.8768526003772568,430
750000000000.0,20201063,2846,0.7669091888978712,44,0.6605173698425908,True,2964,0.7987065481002426,72
750000000000.0,20201064,3095,0.8340070061977903,224,-0.6568744931147492,True,2876,0.7749932632713554,55
750000000000.0,20201065,112,0.03018054432767448,0,6.428482832433176,False,334,0.09000269469145783,0
750000000000.0,20201066,1578,0.42522231204527083,2,-5.717999137859049,True,1810,0.48773915386688227,1
750000000000.0,20201067,3351,0.9029911075181891,489,-5.34816904569152,True,3371,0.9083804904338453,752
750000000000.0,20201068,2382,0.6418755052546483,16,4.386989928970714,False,2532,0.6822958771220695,15
750000000000.0,20201069,2929,0.7892751279978443,151,-1.7658797458571192,True,1067,0.287523578550256,0
750000000000.0,20201070,3366,0.9070331447049312,755,-4.067193193084102,True,3426,0.9232012934518997,849
750000000000.0,20201071,1451,0.39099973053085424,0,1.1822753074479868,True,1203,0.3241713823767179,2
750000000000.0,20201072,3305,0.89059552681218,575,-3.9936852722426552,True,3339,0.8997574777687954,752
750000000000.0,20201073,7,0.001886284020479655,0,-4.798252626999135,True,2482,0.6688224198329291,17
750000000000.0,20201074,0,0.0,0,,False,0,0.0,0
750000000000.0,20201075,3137,0.8453247103206682,246,-1.0375144138060781,True,3097,0.8345459444893559,185
750000000000.0,20201076,3288,0.8860145513338723,573,-2.251167570980381,True,3475,0.9364052815952574,955
750000000000.0,20201077,3216,0.8666127728375101,289,1.608901907878808,True,3196,0.861223389921854,310
750000000000.0,20201078,2454,0.6612772837510105,15,0.5058639900419744,True,2319,0.6248989490703315,29
750000000000.0,20201079,11,0.0029641606036108865,0,5.1760713786195955,False,18,0.004850444624090542,0
750000000000.0,20201080,2824,0.7609808676906494,63,-0.5090298939161109,True,2933,0.7903530045809755,99
750000000000.0,20201081,2757,0.7429264349232013,53,-11.036197980417189,True,3121,0.8410132039881434,130
750000000000.0,20201082,234,0.06305578011317704,1,4.818717447259256,False,1751,0.4718404742656966,0
750000000000.0,20201083,3449,0.9293990838049043,850,-3.107047885519252,True,3460,0.9323632444085153,945
750000000000.0,20201084,3352,0.903260576663972,736,-4.468922005444403,True,3388,0.9129614659121531,658
750000000000.0,20201085,2244,0.6046887631366209,1,1.0947234555138596,True,1680,0.45270816491511723,1
750000000000.0,20201086,3072,0.8278092158447857,151,-2.2891375909635654,True,3003,0.809215844785772,167
750000000000.0,20201087,2976,0.8019401778496362,193,-1.4660071201635887,True,3279,0.883589329021827,290
750000000000.0,20201088,2449,0.6599299380220964,25,0.6257853377724256,True,2877,0.7752627324171383,74
750000000000.0,20201089,3097,0.8345459444893559,141,-1.0800219993850404,True,2920,0.7868499056857989,145
750000000000.0,20201090,2830,0.7625976825653462,69,0.991036254315155,True,2931,0.7898140662894099,103
750000000000.0,20201091,2663,0.7175963352196173,21,0.7600923524978578,True,116,0.03125842091080571,0
750000000000.0,20201092,2593,0.6987334950148208,24,3.509054489340441,False,2681,0.7224467798437079,35
750000000000.0,20201093,1710,0.46079223928860147,0,-0.6939430701545044,True,2,0.0005389382915656157,0
750000000000.0,20201094,1593,0.42926434923201295,1,2.5659702977436796,False,2205,0.5941794664510913,2
750000000000.0,20201095,2885,0.7774184855834007,73,1.228940857903868,True,2855,0.7693344112099164,73
750000000000.0,20201096,445,0.11991376987334951,0,1.9897429328865606,True,60,0.016168148746968473,0
750000000000.0,20201097,2225,0.5995688493667475,20,-2.6422954691211866,True,2272,0.6122338992185394,0
750000000000.0,20201098,3359,0.9051468606844516,569,-3.3523312526003872,True,3318,0.8940986257073565,619
750000000000.0,20201099,3097,0.8345459444893559,252,2.4254539707279177,False,3291,0.8868229587712207,431
750000000000.0,20201100,1544,0.41606036108865535,0,-2.830308848423476,True,2850,0.7679870654810024,40
750000000000.0,20201101,2281,0.6146591215305848,16,3.1809743722577064,False,2359,0.6356777149016437,0
750000000000.0,20201102,630,0.16976556184316896,0,2.859753079850508,False,234,0.06305578011317704,0
750000000000.0,20201103,1819,0.4901643761789275,1,1.1216714712380718,True,2183,0.5882511452438696,15
750000000000.0,20201104,3336,0.898949070331447,715,-2.1740818781923643,True,3412,0.9194287254109405,747
750000000000.0,20201105,210,0.056588520614389654,0,3.795552608855645,False,1496,0.40312584209108054,0
750000000000.0,20201106,2977,0.8022096469954191,81,-2.866978667354557,True,29,0.007814605227701428,0
750000000000.0,20201107,1903,0.5127997844246833,2,0.08481091669362151,True,4,0.0010778765831312314,1
750000000000.0,20201108,2131,0.5742387496631636,3,2.164500002147321,False,1570,0.42306655887900835,1
750000000000.0,20201109,3305,0.89059552681218,437,-1.2637915868108882,True,3165,0.8528698464025869,271
750000000000.0,20201110,1644,0.44300727566693615,2,-0.09488232965181531,True,1455,0.3920776071139854,1
750000000000.0,20201111,2697,0.7267582861762328,25,-1.5583965178456571,True,2350,0.6332524925895985,13
750000000000.0,20201112,3376,0.9097278361627593,513,-3.448465653875955,True,3303,0.8900565885206144,484
750000000000.0,20201113,2566,0.6914578280786849,2,4.550503313366736,False,2348,0.6327135542980329,14
750000000000.0,20201114,3118,0.8402047965507949,249,-2.55810661719788,True,2775,0.7477768795472919,68
750000000000.0,20201115,259,0.06979250875774724,1,1.6142806887967085,True,2364,0.6370250606305577,10
750000000000.0,20201116,3186,0.8585286984640259,268,-8.00663297692374,True,3195,0.8609539207760711,309
750000000000.0,20201117,2225,0.5995688493667475,1,-0.45093917024199737,True,2005,0.5402856372945298,0
750000000000.0,20201118,2874,0.7744543249797898,85,-0.15884112234836678,True,2945,0.7935866343303691,110
750000000000.0,20201119,2635,0.7100511991376988,17,-2.7854352825157953,True,2793,0.7526273241713823,55
750000000000.0,20201120,2909,0.7838857450821881,66,-0.23055591009211973,True,2137,0.5758555645378605,1
750000000000.0,20201121,3285,0.8852061438965239,396,-2.196239844658593,True,3260,0.8784694152519537,398
750000000000.0,20201122,3284,0.884936674750741,536,-3.602907551193476,True,3219,0.8674211802748585,417
750000000000.0,20201123,0,0.0,0,,False,0,0.0,0
750000000000.0,20201124,3350,0.9027216383724064,642,-5.521133462237795,True,3303,0.8900565885206144,647
750000000000.0,20201125,1585,0.42710859606575047,1,-1.9653921634585503,True,102,0.0274858528698464,2
750000000000.0,20201126,2139,0.5763945028294261,0,-11.151783010920504,True,1932,0.5206143896523848,0
750000000000.0,20201127,3399,0.9159256265157639,649,-5.1390682102255685,True,3336,0.898949070331447,708
750000000000.0,20201128,2308,0.6219347884667206,0,2.936891977143567,False,1480,0.3988143357585556,0
750000000000.0,20201129,1,0.00026946914578280785,0,-4.905070417111616,True,2429,0.6545405551064403,33
750000000000.0,20201130,2687,0.7240635947184048,13,1.1217715841697737,True,1349,0.3635138776610078,0
750000000000.0,20201131,425,0.11452438695769335,0,,False,445,0.11991376987334951,0
750000000000.0,20201132,2639,0.71112907572083,35,0.9983892216929551,True,3072,0.8278092158447857,151
750000000000.0,20201133,2903,0.7822689302074912,83,1.078620474484405,True,2909,0.7838857450821881,95
750000000000.0,20201134,3333,0.8981406628940987,690,-5.318023544483992,True,3348,0.9021827000808408,446
750000000000.0,20201135,3391,0.9137698733495014,880,-6.072031260030239,True,3392,0.9140393424952843,687
750000000000.0,20201136,2508,0.6758286176232822,2,-6.845142363584664,True,503,0.13554298032875237,1
750000000000.0,20201137,3023,0.8146052277014282,175,-1.2575176513503221,True,3038,0.8186472648881703,177
750000000000.0,20201138,822,0.22150363783346808,0,-0.6917026220510101,True,788,0.2123416868768526,1
750000000000.0,20201139,2729,0.7353812988412827,14,3.8143066723209937,False,2944,0.7933171651845864,20
750000000000.0,20201140,2874,0.7744543249797898,61,0.4789352317007136,True,9,0.002425222312045271,0
750000000000.0,20201141,3417,0.9207760711398545,852,-3.197204073666314,True,3393,0.9143088116410671,859
750000000000.0,20201142,56,0.01509027216383724,0,,False,118,0.031797359202371325,0
750000000000.0,20201143,2510,0.6763675559148478,26,-0.9677562584514501,True,2036,0.5486391808137968,1
750000000000.0,20201144,3394,0.9145782807868499,589,-3.157942320398466,True,3387,0.9126919967663703,548
750000000000.0,20201145,2740,0.7383454594448936,59,0.9809773951035687,True,3069,0.8270008084074374,158
750000000000.0,20201146,1,0.00026946914578280785,0,0.840127081285952,True,0,0.0,0
750000000000.0,20201147,2,0.0005389382915656157,1,0.20255924163765648,True,704,0.18970627863109674,1
750000000000.0,20201148,0,0.0,0,-0.46522359678036995,True,29,0.007814605227701428,0
750000000000.0,20201149,2422,0.6526542710859606,19,-0.35840134144819125,True,1122,0.30234438156831045,3
750000000000.0,20201150,3101,0.8356238210724872,253,-2.995525716289565,True,3200,0.8623012665049852,177
750000000000.0,20201151,967,0.2605766639719752,0,5.967769279680883,False,734,0.19779035300458098,0
750000000000.0,20201152,1,0.00026946914578280785,1,-0.6825965009752544,True,1,0.00026946914578280785,1
750000000000.0,20201153,199,0.05362436001077876,0,1.6612092351655905,True,437,0.11775801670708703,0
750000000000.0,20201154,1051,0.2832120722177311,1,4.7555342842320005,False,1315,0.35435192670439236,0
750000000000.0,20201155,2657,0.7159795203449205,23,3.0652174844980804,False,2176,0.5863648612233899,2
750000000000.0,20201156,69,0.018593371059013743,0,4.1456464344217405,False,134,0.036108865534896256,0
750000000000.0,20201157,3223,0.8684990568579898,295,-2.8937948601559853,True,2962,0.798167609808677,68
750000000000.0,20201158,1684,0.45378604149824847,1,-0.8268452964270443,True,2647,0.7132848288870924,24
750000000000.0,20201159,3400,0.9161950956615468,537,-1.6449949853446801,True,3374,0.9091888978711937,489
750000000000.0,20201160,0,0.0,0,,False,0,0.0,0
750000000000.0,20201161,1960,0.5281595257343035,0,-0.15937090177091395,True,2821,0.760172460253301,33
750000000000.0,20201162,34,0.009161950956615468,0,,False,43,0.011587173268660739,0
750000000000.0,20201163,2966,0.7992454863918081,88,-1.1405329197387521,True,3013,0.8119105362436001,150
750000000000.0,20201164,3123,0.841552142279709,261,0.6332227366830683,True,3113,0.8388574508218809,210
750000000000.0,20201165,1925,0.5187281056319052,0,-2.7661254048856314,True,2906,0.7830773376448397,63
750000000000.0,20201166,8,0.002155753166262463,0,,False,21,0.005658852061438965,0
750000000000.0,20201167,149,0.04015090272163837,0,3.2827760298292645,False,604,0.16275936405281596,1
750000000000.0,20201168,338,0.09108057127458906,0,5.49050531270839,False,1197,0.322554567502021,0
750000000000.0,20201169,85,0.02290487739153867,0,,False,124,0.033414174077068176,0
750000000000.0,20201170,3263,0.8792778226893021,349,-2.4839250101088233,True,3370,0.9081110212880625,670
750000000000.0,20201171,2798,0.7539746699002964,81,3.426796511857102,False,2804,0.7555914847749933,60
750000000000.0,20201172,2956,0.7965507949339801,69,-0.0958876835792708,True,2676,0.7210994341147938,32
750000000000.0,20201173,3058,0.8240366478038265,143,-12.616659136917512,True,2634,0.7097817299919159,35
750000000000.0,20201174,177,0.047696038803556995,0,5.909826326887934,False,664,0.17892751279978442,1
750000000000.0,20201175,2804,0.7555914847749933,31,-0.44612193620621454,True,2613,0.704122877930477,24
750000000000.0,20201176,1180,0.3179735920237133,0,2.0943204086148324,False,1173,0.31608730800323365,1
750000000000.0,20201177,3028,0.8159525734303422,157,-2.42227374058956,True,2965,0.7989760172460253,136
750000000000.0,20201178,2475,0.6669361358124495,8,-0.08633635169678922,True,2368,0.638102937213689,26
750000000000.0,20201179,1665,0.4486661277283751,1,3.829948487988003,False,203,0.05470223659391,0
750000000000.0,20201180,3118,0.8402047965507949,148,0.9058616405436308,True,3184,0.8579897601724602,182
750000000000.0,20201181,3358,0.9048773915386689,575,-2.470590452756083,True,3284,0.884936674750741,465
750000000000.0,20201182,3413,0.9196981945567233,674,-4.059682872321844,True,3328,0.8967933171651846,596
750000000000.0,20201183,3344,0.9011048234977095,399,2.3997690540078267,False,3189,0.8593371059013742,329
750000000000.0,20201184,3012,0.8116410670978172,148,-4.815760901349639,True,2501,0.6739423336028024,12
750000000000.0,20201185,2174,0.5858259229318243,4,4.063315789638989,False,2675,0.7208299649690111,18
750000000000.0,20201186,3200,0.8623012665049852,461,-2.391323405499818,True,3270,0.8811641067097817,369
750000000000.0,20201187,2301,0.6200485044462409,28,1.4444811852094634,True,2695,0.7262193478846672,48
750000000000.0,20201188,2146,0.5782807868499057,0,2.919676020160641,False,2499,0.6734033953112368,14
750000000000.0,20201189,3203,0.8631096739423336,285,-2.1983608495301556,True,3080,0.8299649690110482,293
750000000000.0,20201190,1897,0.5111829695499865,1,4.651625836348318,False,1289,0.34734572891403936,1
750000000000.0,20201191,1661,0.44758825114524387,0,-2.8829607965245554,True,3101,0.8356238210724872,197
750000000000.0,20201192,3112,0.838587981676098,255,1.9307408134314588,True,2999,0.8081379682026408,182
750000000000.0,20201193,946,0.25491781191053625,0,3.713445264193643,False,2023,0.5451360819186203,1
750000000000.0,20201194,722,0.19455672325518727,0,-0.6510400494404052,True,175,0.04715710051199138,0
750000000000.0,20201195,1148,0.30935057935866345,1,3.3696981002776023,False,2016,0.5432497978981407,0
750000000000.0,20201196,0,0.0,1,5.2213529808677945,False,0,0.0,1
750000000000.0,20201197,19,0.005119913769873349,0,5.172456988053119,False,71,0.019132309350579357,0
750000000000.0,20201198,54,0.014551333872271624,0,6.163334434039694,False,168,0.04527081649151172,0
750000000000.0,20201199,2658,0.7162489894907034,21,3.7599536718973496,False,2268,0.6111560226354082,0
750000000000.0,20201200,3311,0.8922123416868768,522,-2.382016021012335,True,3403,0.9170035030988952,610
1000000000000.0,20201001,3226,0.8693074642953382,367,-1.3663811429320818,True,3176,0.8558340070061978,296
1000000000000.0,20201002,3188,0.8590676367555915,222,2.1764533615030124,False,3143,0.8469415251953651,154
1000000000000.0,20201003,3265,0.8798167609808677,424,-1.0057621642007222,True,3304,0.8903260576663972,595
1000000000000.0,20201004,361,0.09727836162759364,1,0.46667241055194175,True,2147,0.5785502559956885,2
1000000000000.0,20201005,3300,0.889248181083266,482,-7.376355015605215,True,3356,0.9043384532471032,574
1000000000000.0,20201006,2786,0.7507410401509027,52,-0.6986092890962938,True,2870,0.7733764483966585,59
1000000000000.0,20201007,3301,0.8895176502290488,569,-6.177329354588388,True,3417,0.9207760711398545,723
1000000000000.0,20201008,3246,0.8746968472109944,338,-0.6728293887946633,True,3280,0.8838587981676098,316
1000000000000.0,20201009,3260,0.8784694152519537,303,-1.1643490272194796,True,3286,0.8854756130423067,455
1000000000000.0,20201010,0,0.0,0,3.0059665881574547,False,1,0.00026946914578280785,0
1000000000000.0,20201011,3213,0.8658043654001617,264,-3.5268297763956182,True,3241,0.8733495014820803,408
1000000000000.0,20201012,3296,0.8881703045001348,226,-0.054842477040995874,True,3341,0.900296416060361,350
1000000000000.0,20201013,3330,0.8973322554567502,529,-4.3758602585599915,True,3358,0.9048773915386689,644
1000000000000.0,20201014,1,0.00026946914578280785,0,0.14793545282991438,True,1,0.00026946914578280785,0
1000000000000.0,20201015,3018,0.8132578819725141,126,-8.479159909235273,True,3095,0.8340070061977903,190
1000000000000.0,20201016,2997,0.8075990299110751,106,1.0835755652613415,True,3041,0.8194556723255187,174
1000000000000.0,20201017,3437,0.9261654540555107,704,-2.226165683903649,True,3315,0.8932902182700081,683
1000000000000.0,20201018,2930,0.789544597143627,86,-0.11737015657024852,True,3063,0.8253839935327405,128
1000000000000.0,20201019,2893,0.7795742387496631,44,2.43257235038174,False,3001,0.8086769064942064,98
1000000000000.0,20201020,3468,0.9345189975747777,874,-1.3152257264016383,True,3368,0.9075720829964969,835
1000000000000.0,20201021,79,0.021288062516841823,0,-5.950966682889597,True,3037,0.8183777957423874,80
1000000000000.0,20201022,3326,0.8962543788736189,596,-2.2286373606117653,True,3323,0.8954459714362706,498
1000000000000.0,20201023,2477,0.6674750741040151,25,2.4124932086277884,False,2419,0.6518458636486122,19
1000000000000.0,20201024,3370,0.9081110212880625,527,-3.2643559103517843,True,3383,0.9116141201832391,661
1000000000000.0,20201025,1462,0.3939638911344651,0,-0.9160203647650693,True,2217,0.597413096200485,0
1000000000000.0,20201026,3225,0.8690379951495554,426,-3.442335377777394,True,3289,0.886284020479655,394
1000000000000.0,20201027,3393,0.9143088116410671,715,-1.9977548207353144,True,3301,0.8895176502290488,539
1000000000000.0,20201028,2702,0.7281056319051469,21,0.39347676663602993,True,2533,0.6825653462678524,14
1000000000000.0,20201029,3282,0.8843977364591754,357,-2.37686655030506,True,3053,0.8226893020749124,101
1000000000000.0,20201030,3153,0.8496362166531932,207,-1.7718502957198519,True,3089,0.8323901913230936,158
1000000000000.0,20201031,3336,0.898949070331447,400,-2.3867270743395075,True,3278,0.8833198598760442,397
1000000000000.0,20201032,1492,0.40204796550794936,0,0.758301456265249,True,8,0.002155753166262463,0
1000000000000.0,20201033,3325,0.8959849097278362,420,0.3337441746416312,True,3164,0.852600377256804,205
1000000000000.0,20201034,3048,0.8213419563459984,122,-1.1356129193429503,True,3206,0.8639180813796821,279
1000000000000.0,20201035,3253,0.876583131231474,331,-1.2964899678535815,True,3193,0.8604149824845055,382
1000000000000.0,20201036,3336,0.898949070331447,533,-4.373860219936079,True,3360,0.9054163298302345,602
1000000000000.0,20201037,3225,0.8690379951495554,360,1.6832555204519446,True,3162,0.8520614389652384,260
1000000000000.0,20201038,9,0.002425222312045271,0,,False,2,0.0005389382915656157,0
1000000000000.0,20201039,2693,0.7256804095931015,21,0.45427746494227517,True,1646,0.44354621395850174,2
1000000000000.0,20201040,222,0.05982215036378335,0,,False,100,0.026946914578280787,0
1000000000000.0,20201041,2781,0.7493936944219887,61,1.9128879483224668,True,3084,0.8310428455941795,132
1000000000000.0,20201042,3182,0.8574508218808946,215,0.04116257183249328,True,3167,0.8534087846941525,210
1000000000000.0,20201043,7,0.001886284020479655,0,,False,9,0.002425222312045271,0
1000000000000.0,20201044,3292,0.8870924279170035,422,1.095140485547148,True,3278,0.8833198598760442,377
1000000000000.0,20201045,1962,0.5286984640258691,1,1.032818464748324,True,2267,0.6108865534896254,2
1000000000000.0,20201046,2636,0.7103206682834815,12,-0.12788669477456072,True,2799,0.7542441390460792,45
1000000000000.0,20201047,2355,0.6345998383185125,16,2.9244775000891394,False,2332,0.6284020479655079,9
1000000000000.0,20201048,3039,0.8189167340339532,87,2.877230014660336,False,2955,0.7962813257881972,95
1000000000000.0,20201049,971,0.26165454055510645,0,3.7900994573264355,False,217,0.05847480463486931,0
1000000000000.0,20201050,3084,0.8310428455941795,221,0.8436689688656847,True,3079,0.8296954998652655,211
1000000000000.0,20201051,2933,0.7903530045809755,101,-0.006416818223924814,True,2816,0.758825114524387,75
1000000000000.0,20201052,3272,0.8817030450013473,251,0.0420435517578408,True,3183,0.8577202910266775,255
1000000000000.0,20201053,1698,0.45755860953920774,1,-2.7130160873382616,True,12,0.0032336297493936943,1
1000000000000.0,20201054,3184,0.8579897601724602,156,2.1812727095783657,False,3321,0.8949070331447049,397
1000000000000.0,20201055,3014,0.812180005389383,201,-1.4088857748805914,True,3143,0.8469415251953651,176
1000000000000.0,20201056,2850,0.7679870654810024,37,3.2771410927268514,False,2815,0.7585556453786042,38
1000000000000.0,20201057,3109,0.8377795742387497,138,-0.42768587970424754,True,3090,0.8326596604688763,141
1000000000000.0,20201058,3272,0.8817030450013473,347,1.8505413062698093,True,3329,0.8970627863109674,358
1000000000000.0,20201059,2982,0.8035569927243331,81,1.8577349843081201,True,3025,0.8151441659929938,87
1000000000000.0,20201060,563,0.15171112907572082,0,4.614610797254605,False,300,0.08084074373484236,0
1000000000000.0,20201061,1296,0.349232012934519,0,-1.6139060125523086,True,745,0.20075451360819185,0
1000000000000.0,20201062,3235,0.8717326866073835,325,-1.4212384836452125,True,3368,0.9075720829964969,483
1000000000000.0,20201063,2996,0.8073295607652924,57,0.6605173698425908,True,2962,0.798167609808677,74
1000000000000.0,20201064,3029,0.8162220425761251,184,-0.6568744931147492,True,3047,0.8210724872002155,95
1000000000000.0,20201065,226,0.06090002694691458,0,6.428482832433176,False,1120,0.3018054432767448,0
1000000000000.0,20201066,2299,0.6195095661546753,17,-5.717999137859049,True,1973,0.5316626246294799,1
1000000000000.0,20201067,3318,0.8940986257073565,538,-5.34816904569152,True,3394,0.9145782807868499,790
1000000000000.0,20201068,2571,0.692805173807599,19,4.386989928970714,False,2606,0.7022365939099973,6
1000000000000.0,20201069,3117,0.8399353274050121,338,-1.7658797458571192,True,2963,0.7984370789544597,70
1000000000000.0,20201070,3415,0.9202371328482889,816,-4.067193193084102,True,3432,0.9248181083265966,874
1000000000000.0,20201071,1502,0.40474265696577744,0,1.1822753074479868,True,2174,0.5858259229318243,0
1000000000000.0,20201072,3396,0.9151172190784155,745,-3.9936852722426552,True,3377,0.9099973053085422,758
1000000000000.0,20201073,9,0.002425222312045271,0,-4.798252626999135,True,2702,0.7281056319051469,29
1000000000000.0,20201074,0,0.0,0,,False,0,0.0,0
1000000000000.0,20201075,3092,0.8331985987604419,317,-1.0375144138060781,True,3204,0.8633791430881164,299
1000000000000.0,20201076,3348,0.9021827000808408,708,-2.251167570980381,True,3484,0.9388305039073026,952
1000000000000.0,20201077,3194,0.8606844516302883,312,1.608901907878808,True,3269,0.8808946375639989,397
1000000000000.0,20201078,3091,0.8329291296146591,157,0.5058639900419744,True,2816,0.758825114524387,70
1000000000000.0,20201079,22,0.005928321207221773,0,5.1760713786195955,False,19,0.005119913769873349,0
1000000000000.0,20201080,3077,0.8291565615736998,104,-0.5090298939161109,True,3054,0.8229587712206953,111
1000000000000.0,20201081,2856,0.7696038803556993,96,-11.036197980417189,True,3059,0.8243061169496093,114
1000000000000.0,20201082,846,0.22797089733225545,0,4.818717447259256,False,1800,0.4850444624090542,0
1000000000000.0,20201083,3446,0.9285906763675559,860,-3.107047885519252,True,3459,0.9320937752627324,902
1000000000000.0,20201084,3480,0.9377526273241714,953,-4.468922005444403,True,3462,0.9329021827000809,662
1000000000000.0,20201085,2325,0.6265157639450283,2,1.0947234555138596,True,1017,0.2740501212611156,1
1000000000000.0,20201086,3160,0.8515225006736729,293,-2.2891375909635654,True,3213,0.8658043654001617,319
1000000000000.0,20201087,3196,0.861223389921854,295,-1.4660071201635887,True,3295,0.8879008353543519,350
1000000000000.0,20201088,2876,0.7749932632713554,54,0.6257853377724256,True,3006,0.8100242522231205,119
1000000000000.0,20201089,3120,0.8407437348423605,192,-1.0800219993850404,True,3307,0.8911344651037456,325
1000000000000.0,20201090,2887,0.7779574238749664,28,0.991036254315155,True,2973,0.8011317704122878,58
1000000000000.0,20201091,2570,0.6925357046618162,11,0.7600923524978578,True,2192,0.5906763675559148,0
1000000000000.0,20201092,2751,0.7413096200485044,37,3.509054489340441,False,2804,0.7555914847749933,31
1000000000000.0,20201093,1227,0.33063864187550523,0,-0.6939430701545044,True,3,0.0008084074373484236,0
1000000000000.0,20201094,2203,0.5936405281595257,1,2.5659702977436796,False,2484,0.6693613581244947,9
1000000000000.0,20201095,2953,0.7957423874966316,95,1.228940857903868,True,3256,0.8773915386688225,195
1000000000000.0,20201096,368,0.0991646456480733,0,1.9897429328865606,True,139,0.037456211263810296,0
1000000000000.0,20201097,3032,0.8170304500134734,127,-2.6422954691211866,True,1955,0.5268121800053894,1
1000000000000.0,20201098,3408,0.9183508488278093,677,-3.3523312526003872,True,3399,0.9159256265157639,737
1000000000000.0,20201099,3225,0.8690379951495554,310,2.4254539707279177,False,3097,0.8345459444893559,312
1000000000000.0,20201100,1245,0.3354890864995958,1,-2.830308848423476,True,2982,0.8035569927243331,70
1000000000000.0,20201101,2498,0.6731339261654541,24,3.1809743722577064,False,2926,0.7884667205604958,64
1000000000000.0,20201102,653,0.17596335219617354,0,2.859753079850508,False,2266,0.6106170843438427,9
1000000000000.0,20201103,1161,0.3128536782538399,0,1.1216714712380718,True,2761,0.7440043115063325,23
1000000000000.0,20201104,3415,0.9202371328482889,750,-2.1740818781923643,True,3422,0.9221234168687685,824
1000000000000.0,20201105,1442,0.38857450821880896,0,3.795552608855645,False,2408,0.6488817030450014,1
1000000000000.0,20201106,2822,0.7604419293990838,70,-2.866978667354557,True,46,0.012395580706009162,0
1000000000000.0,20201107,2729,0.7353812988412827,20,0.08481091669362151,True,3,0.0008084074373484236,1
1000000000000.0,20201108,2356,0.6348693074642954,0,2.164500002147321,False,1649,0.4443546213958502,1
1000000000000.0,20201109,3378,0.910266774454325,493,-1.2637915868108882,True,3267,0.8803556992724333,311
1000000000000.0,20201110,1644,0.44300727566693615,2,-0.09488232965181531,True,1830,0.4931285367825384,0
1000000000000.0,20201111,1867,0.5030988951765023,0,-1.5583965178456571,True,2498,0.6731339261654541,13
1000000000000.0,20201112,3368,0.9075720829964969,581,-3.448465653875955,True,3266,0.8800862301266505,534
1000000000000.0,20201113,2537,0.6836432228509836,14,4.550503313366736,False,2502,0.6742118027485853,14
1000000000000.0,20201114,3068,0.8267313392616545,162,-2.55810661719788,True,3143,0.8469415251953651,246
1000000000000.0,20201115,2347,0.63244408515225,1,1.6142806887967085,True,2324,0.6262462947992455,15
1000000000000.0,20201116,3212,0.8655348962543788,305,-8.00663297692374,True,3194,0.8606844516302883,296
1000000000000.0,20201117,3035,0.8178388574508219,151,-0.45093917024199737,True,1978,0.5330099703583939,1
1000000000000.0,20201118,2935,0.790891942872541,81,-0.15884112234836678,True,2911,0.7844246833737537,65
1000000000000.0,20201119,2259,0.608730800323363,13,-2.7854352825157953,True,3018,0.8132578819725141,102
1000000000000.0,20201120,3141,0.8464025869037995,135,-0.23055591009211973,True,1798,0.48450552411748854,10
1000000000000.0,20201121,3299,0.8889787119374831,477,-2.196239844658593,True,3305,0.89059552681218,405
1000000000000.0,20201122,3434,0.9253570466181622,956,-3.602907551193476,True,3439,0.9267043923470762,630
1000000000000.0,20201123,0,0.0,0,,False,0,0.0,0
1000000000000.0,20201124,3382,0.9113446510374562,587,-5.521133462237795,True,3397,0.9153866882241983,798
1000000000000.0,20201125,1733,0.466990029641606,1,-1.9653921634585503,True,194,0.05227701428186473,1
1000000000000.0,20201126,2290,0.61708434384263,0,-11.151783010920504,True,2504,0.6747507410401509,0
1000000000000.0,20201127,3415,0.9202371328482889,746,-5.1390682102255685,True,3384,0.9118835893290218,697
1000000000000.0,20201128,2336,0.6294799245486392,1,2.936891977143567,False,1291,0.34788466720560496,1
1000000000000.0,20201129,1,0.00026946914578280785,0,-4.905070417111616,True,3134,0.8445163028833199,184
1000000000000.0,20201130,2733,0.7364591754244139,17,1.1217715841697737,True,2927,0.7887361897062787,53
1000000000000.0,20201131,535,0.1441659929938022,0,,False,545,0.14686068445163028,0
1000000000000.0,20201132,2978,0.8024791161412018,210,0.9983892216929551,True,3253,0.876583131231474,270
1000000000000.0,20201133,3082,0.8305039073026138,74,1.078620474484405,True,2855,0.7693344112099164,56
1000000000000.0,20201134,3466,0.933980059283212,878,-5.318023544483992,True,3347,0.9019132309350579,576
1000000000000.0,20201135,3411,0.9191592562651576,883,-6.072031260030239,True,3388,0.9129614659121531,795
1000000000000.0,20201136,2337,0.629749393694422,0,-6.845142363584664,True,1091,0.29399083804904336,1
1000000000000.0,20201137,3281,0.8841282673133927,348,-1.2575176513503221,True,3081,0.8302344381568311,240
1000000000000.0,20201138,633,0.17057396928051738,0,-0.6917026220510101,True,1407,0.3791430881164107,0
1000000000000.0,20201139,2558,0.6893020749124226,17,3.8143066723209937,False,2876,0.7749932632713554,14
1000000000000.0,20201140,2529,0.6814874696847211,15,0.4789352317007136,True,777,0.20937752627324172,1
1000000000000.0,20201141,3424,0.9226623551603341,983,-3.197204073666314,True,3473,0.9358663433036917,975
1000000000000.0,20201142,72,0.019401778496362168,0,,False,125,0.03368364322285099,0
1000000000000.0,20201143,2972,0.800862301266505,60,-0.9677562584514501,True,1939,0.5225006736728645,0
1000000000000.0,20201144,3419,0.9213150094314201,690,-3.157942320398466,True,3361,0.9056857989760172,666
1000000000000.0,20201145,3017,0.8129884128267313,93,0.9809773951035687,True,2990,0.8057127458905955,163
1000000000000.0,20201146,1,0.00026946914578280785,0,0.840127081285952,True,0,0.0,0
1000000000000.0,20201147,10,0.0026946914578280788,1,0.20255924163765648,True,1245,0.3354890864995958,1
1000000000000.0,20201148,0,0.0,0,-0.46522359678036995,True,44,0.011856642414443546,0
1000000000000.0,20201149,2648,0.7135542980328753,26,-0.35840134144819125,True,1939,0.5225006736728645,2
1000000000000.0,20201150,3176,0.8558340070061978,337,-2.995525716289565,True,3192,0.8601455133387227,197
1000000000000.0,20201151,1004,0.2705470223659391,0,5.967769279680883,False,1359,0.36620856911883587,0
1000000000000.0,20201152,1,0.00026946914578280785,1,-0.6825965009752544,True,1,0.00026946914578280785,1
1000000000000.0,20201153,2008,0.5410940447318782,0,1.6612092351655905,True,595,0.16033414174077068,0
1000000000000.0,20201154,1594,0.42953381837779575,0,4.7555342842320005,False,1946,0.5243869576933441,0
1000000000000.0,20201155,2265,0.6103476151980598,0,3.0652174844980804,False,2379,0.6410670978172999,15
1000000000000.0,20201156,171,0.046079223928860144,0,4.1456464344217405,False,154,0.04149824845055241,0
1000000000000.0,20201157,3223,0.8684990568579898,292,-2.8937948601559853,True,2852,0.7685260037725681,64
1000000000000.0,20201158,2377,0.6405281595257343,0,-0.8268452964270443,True,2972,0.800862301266505,72
1000000000000.0,20201159,3396,0.9151172190784155,550,-1.6449949853446801,True,3399,0.9159256265157639,524
1000000000000.0,20201160,0,0.0,0,,False,0,0.0,0
1000000000000.0,20201161,2092,0.5637294529776341,1,-0.15937090177091395,True,2773,0.7472379412557262,33
1000000000000.0,20201162,36,0.009700889248181084,0,,False,38,0.010239827539746699,0
1000000000000.0,20201163,2836,0.7642144974400431,34,-1.1405329197387521,True,2952,0.7954729183508489,110
1000000000000.0,20201164,3156,0.8504446240905417,309,0.6332227366830683,True,3223,0.8684990568579898,274
1000000000000.0,20201165,2944,0.7933171651845864,49,-2.7661254048856314,True,3110,0.8380490433845325,106
1000000000000.0,20201166,13,0.0035030988951765024,0,,False,17,0.004580975478307734,0
1000000000000.0,20201167,1391,0.37483158178388576,0,3.2827760298292645,False,166,0.044731878199946104,0
1000000000000.0,20201168,281,0.07572082996496901,1,5.49050531270839,False,321,0.08649959579628133,0
1000000000000.0,20201169,95,0.025599568849366747,0,,False,407,0.10967394233360281,0
1000000000000.0,20201170,3288,0.8860145513338723,533,-2.4839250101088233,True,3361,0.9056857989760172,715
1000000000000.0,20201171,2979,0.8027485852869847,120,3.426796511857102,False,2890,0.7787658313123147,44
1000000000000.0,20201172,2997,0.8075990299110751,63,-0.0958876835792708,True,2880,0.7760711398544866,35
1000000000000.0,20201173,3095,0.8340070061977903,147,-12.616659136917512,True,2879,0.7758016707087039,58
1000000000000.0,20201174,218,0.05874427378065211,0,5.909826326887934,False,465,0.12530315278900567,0
1000000000000.0,20201175,2856,0.7696038803556993,36,-0.44612193620621454,True,2919,0.7865804365400162,66
1000000000000.0,20201176,2772,0.7469684721099434,15,2.0943204086148324,False,1960,0.5281595257343035,1
1000000000000.0,20201177,3022,0.8143357585556453,140,-2.42227374058956,True,3167,0.8534087846941525,247
1000000000000.0,20201178,2902,0.7819994610617085,16,-0.08633635169678922,True,2474,0.6666666666666666,11
1000000000000.0,20201179,1349,0.3635138776610078,1,3.829948487988003,False,978,0.2635408245755861,0
1000000000000.0,20201180,3270,0.8811641067097817,344,0.9058616405436308,True,3245,0.8744273780652115,258
1000000000000.0,20201181,3307,0.8911344651037456,493,-2.470590452756083,True,3341,0.900296416060361,476
1000000000000.0,20201182,3401,0.9164645648073295,685,-4.059682872321844,True,3393,0.9143088116410671,619
1000000000000.0,20201183,3258,0.8779304769603881,416,2.3997690540078267,False,3284,0.884936674750741,422
1000000000000.0,20201184,3100,0.8353543519267044,194,-4.815760901349639,True,2580,0.6952303961196443,22
1000000000000.0,20201185,2525,0.6804095931015899,13,4.063315789638989,False,2584,0.6963082727027755,15
1000000000000.0,20201186,3306,0.8908649959579629,593,-2.391323405499818,True,3255,0.8771220695230396,452
1000000000000.0,20201187,2810,0.7572082996496902,45,1.4444811852094634,True,2926,0.7884667205604958,82
1000000000000.0,20201188,2663,0.7175963352196173,24,2.919676020160641,False,2789,0.7515494475882512,33
1000000000000.0,20201189,3298,0.8887092427917004,350,-2.1983608495301556,True,3287,0.8857450821880894,483
1000000000000.0,20201190,1623,0.4373484236054972,0,4.651625836348318,False,739,0.19913769873349502,1
1000000000000.0,20201191,2038,0.5491781191053624,1,-2.8829607965245554,True,3187,0.8587981676098086,273
1000000000000.0,20201192,3253,0.876583131231474,369,1.9307408134314588,True,3211,0.8652654271085961,296
1000000000000.0,20201193,1525,0.410940447318782,1,3.713445264193643,False,1729,0.46591215305847483,0
1000000000000.0,20201194,1107,0.29830234438156833,0,-0.6510400494404052,True,228,0.06143896523848019,0
1000000000000.0,20201195,2335,0.6292104554028564,1,3.3696981002776023,False,2072,0.5583400700619779,1
1000000000000.0,20201196,0,0.0,1,5.2213529808677945,False,0,0.0,1
1000000000000.0,20201197,20,0.0053893829156561575,0,5.172456988053119,False,93,0.025060630557801132,0
1000000000000.0,20201198,73,0.019671247642144975,0,6.163334434039694,False,218,0.05874427378065211,0
1000000000000.0,20201199,2656,0.7157100511991377,17,3.7599536718973496,False,2412,0.6499595796281326,21
1000000000000.0,20201200,3327,0.8965238480194018,462,-2.382016021012335,True,3316,0.8935596874157908,505
