theta,seed,infections_total,attack_rate,recorded_onsets,index_onset_day,index_shedding_at_day0,parent_infections_total,parent_attack_rate,parent_recorded_onsets
100000000000.0,20201001,2074,0.5588790083535435,37,-1.3663811429320818,True,1943,0.5235785502559956,38
100000000000.0,20201002,581,0.15656157369981138,2,2.1764533615030124,False,566,0.15251953651306926,2
100000000000.0,20201003,2860,0.7706817569388305,92,-1.0057621642007222,True,2219,0.5979520344920507,111
100000000000.0,20201004,1,0.00026946914578280785,1,0.46667241055194175,True,1,0.00026946914578280785,1
100000000000.0,20201005,2786,0.7507410401509027,89,-7.376355015605215,True,2681,0.7224467798437079,108
100000000000.0,20201006,2350,0.6332524925895985,15,-0.6986092890962938,True,2017,0.5435192670439235,23
100000000000.0,20201007,2710,0.7302613850714094,78,-6.177329354588388,True,2475,0.6669361358124495,97
100000000000.0,20201008,2876,0.7749932632713554,111,-0.6728293887946633,True,2771,0.7466990029641606,120
100000000000.0,20201009,2442,0.6580436540016168,60,-1.1643490272194796,True,2283,0.6151980598221504,78
100000000000.0,20201010,0,0.0,0,3.0059665881574547,False,0,0.0,0
100000000000.0,20201011,2165,0.583400700619779,16,-3.5268297763956182,True,1971,0.5311236863379143,35
100000000000.0,20201012,3058,0.8240366478038265,52,-0.054842477040995874,True,2972,0.800862301266505,67
100000000000.0,20201013,3109,0.8377795742387497,139,-4.3758602585599915,True,2975,0.8016707087038534,152
100000000000.0,20201014,1,0.00026946914578280785,0,0.14793545282991438,True,1,0.00026946914578280785,0
100000000000.0,20201015,2201,0.5931015898679601,29,-8.479159909235273,True,2208,0.5949878738884398,29
100000000000.0,20201016,2000,0.5389382915656158,20,1.0835755652613415,True,1662,0.44785772029102666,16
100000000000.0,20201017,3173,0.8550255995688494,174,-2.226165683903649,True,2844,0.7663702506063056,199
100000000000.0,20201018,1184,0.3190514686068445,1,-0.11737015657024852,True,1057,0.28482888709242793,2
100000000000.0,20201019,139,0.037456211263810296,1,2.43257235038174,False,139,0.037456211263810296,1
100000000000.0,20201020,3188,0.8590676367555915,212,-1.3152257264016383,True,2834,0.7636755591484775,234
100000000000.0,20201021,77,0.020749124225276205,0,-5.950966682889597,True,4,0.0010778765831312314,0
100000000000.0,20201022,2378,0.6407976286715171,34,-2.2286373606117653,True,2054,0.5534896254378874,49
100000000000.0,20201023,11,0.0029641606036108865,1,2.4124932086277884,False,11,0.0029641606036108865,1
100000000000.0,20201024,3145,0.8474804634869307,156,-3.2643559103517843,True,2880,0.7760711398544866,179
100000000000.0,20201025,0,0.0,0,-0.9160203647650693,True,0,0.0,0
100000000000.0,20201026,2762,0.7442737806521154,113,-3.442335377777394,True,2377,0.6405281595257343,119
100000000000.0,20201027,3044,0.8202640797628672,171,-1.9977548207353144,True,2819,0.7596335219617354,177
100000000000.0,20201028,1935,0.5214227970897333,9,0.39347676663602993,True,1775,0.478307733764484,12
100000000000.0,20201029,2333,0.6286715171112908,19,-2.37686655030506,True,1999,0.5386688224198329,19
100000000000.0,20201030,2366,0.6375639989221235,41,-1.7718502957198519,True,2276,0.6133117758016707,52
100000000000.0,20201031,3056,0.8234977095122609,96,-2.3867270743395075,True,2378,0.6407976286715171,94
100000000000.0,20201032,15,0.004042037186742118,0,0.758301456265249,True,15,0.004042037186742118,0
100000000000.0,20201033,1242,0.33468067906224735,24,0.3337441746416312,True,1529,0.41201832390191323,22
100000000000.0,20201034,1859,0.5009431420102398,13,-1.1356129193429503,True,1669,0.44974400431150635,22
100000000000.0,20201035,2835,0.7639450282942603,74,-1.2964899678535815,True,2512,0.6769064942064134,81
100000000000.0,20201036,3063,0.8253839935327405,164,-4.373860219936079,True,2950,0.7949339800592832,184
100000000000.0,20201037,2183,0.5882511452438696,22,1.6832555204519446,True,2019,0.5440582053354891,29
100000000000.0,20201038,3,0.0008084074373484236,0,,False,3,0.0008084074373484236,0
100000000000.0,20201039,1155,0.3112368633791431,1,0.45427746494227517,True,821,0.22123416868768525,1
100000000000.0,20201040,24,0.0064672594987873885,0,,False,24,0.0064672594987873885,0
100000000000.0,20201041,93,0.025060630557801132,0,1.9128879483224668,True,93,0.025060630557801132,0
100000000000.0,20201042,2640,0.7113985448666128,72,0.04116257183249328,True,2615,0.7046618162220426,88
100000000000.0,20201043,0,0.0,0,,False,0,0.0,0
100000000000.0,20201044,2614,0.7043923470762598,84,1.095140485547148,True,2541,0.6847210994341147,94
100000000000.0,20201045,56,0.01509027216383724,0,1.032818464748324,True,56,0.01509027216383724,0
100000000000.0,20201046,908,0.24467798437078955,3,-0.12788669477456072,True,893,0.24063594718404743,10
100000000000.0,20201047,113,0.03045001347345729,0,2.9244775000891394,False,113,0.03045001347345729,0
100000000000.0,20201048,1781,0.4799245486391808,17,2.877230014660336,False,1599,0.4308811641067098,19
100000000000.0,20201049,16,0.004311506332524926,1,3.7900994573264355,False,16,0.004311506332524926,1
100000000000.0,20201050,2232,0.6014551333872271,20,0.8436689688656847,True,1807,0.4869307464295338,25
100000000000.0,20201051,389,0.10482349770951226,1,-0.006416818223924814,True,414,0.11156022635408246,1
100000000000.0,20201052,2626,0.7076259768256534,47,0.0420435517578408,True,2517,0.6782538399353274,62
100000000000.0,20201053,11,0.0029641606036108865,0,-2.7130160873382616,True,11,0.0029641606036108865,0
100000000000.0,20201054,2366,0.6375639989221235,26,2.1812727095783657,False,1856,0.5001347345728914,25
100000000000.0,20201055,2295,0.618431689571544,29,-1.4088857748805914,True,2036,0.5486391808137968,34
100000000000.0,20201056,568,0.15305847480463486,0,3.2771410927268514,False,568,0.15305847480463486,0
100000000000.0,20201057,2461,0.6631635677714902,30,-0.42768587970424754,True,2340,0.6305578011317704,34
100000000000.0,20201058,2799,0.7542441390460792,123,1.8505413062698093,True,2799,0.7542441390460792,142
100000000000.0,20201059,1729,0.46591215305847483,2,1.8577349843081201,True,1733,0.466990029641606,2
100000000000.0,20201060,115,0.030988951765022903,0,4.614610797254605,False,115,0.030988951765022903,0
100000000000.0,20201061,99,0.02667744543249798,0,-1.6139060125523086,True,99,0.02667744543249798,0
100000000000.0,20201062,2185,0.5887900835354352,21,-1.4212384836452125,True,1726,0.4651037456211264,27
100000000000.0,20201063,1659,0.44704931285367827,21,0.6605173698425908,True,1646,0.44354621395850174,16
100000000000.0,20201064,1464,0.3945028294260307,1,-0.6568744931147492,True,1334,0.35947184047426567,3
100000000000.0,20201065,5,0.0013473457289140394,0,6.428482832433176,False,5,0.0013473457289140394,0
100000000000.0,20201066,3,0.0008084074373484236,1,-5.717999137859049,True,3,0.0008084074373484236,1
100000000000.0,20201067,2779,0.7488547561304231,77,-5.34816904569152,True,2428,0.6542710859606575,83
100000000000.0,20201068,776,0.20910805712745892,1,4.386989928970714,False,776,0.20910805712745892,1
100000000000.0,20201069,2855,0.7693344112099164,74,-1.7658797458571192,True,2435,0.6561573699811372,74
100000000000.0,20201070,3240,0.8730800323362975,305,-4.067193193084102,True,3031,0.8167609808676907,374
100000000000.0,20201071,51,0.0137429264349232,1,1.1822753074479868,True,51,0.0137429264349232,1
100000000000.0,20201072,3226,0.8693074642953382,245,-3.9936852722426552,True,3036,0.8181083265966047,302
100000000000.0,20201073,1,0.00026946914578280785,0,-4.798252626999135,True,1,0.00026946914578280785,0
100000000000.0,20201074,0,0.0,0,,False,0,0.0,0
100000000000.0,20201075,2401,0.6469954190245217,43,-1.0375144138060781,True,2036,0.5486391808137968,61
100000000000.0,20201076,3174,0.8552950687146321,245,-2.251167570980381,True,3024,0.814874696847211,247
100000000000.0,20201077,1623,0.4373484236054972,23,1.608901907878808,True,1596,0.43007275666936134,26
100000000000.0,20201078,87,0.023443815683104285,2,0.5058639900419744,True,87,0.023443815683104285,2
100000000000.0,20201079,0,0.0,0,5.1760713786195955,False,0,0.0,0
100000000000.0,20201080,1749,0.47130153597413094,1,-0.5090298939161109,True,1445,0.38938291565615735,1
100000000000.0,20201081,1730,0.46618162220425763,19,-11.036197980417189,True,1525,0.410940447318782,17
100000000000.0,20201082,20,0.0053893829156561575,1,4.818717447259256,False,20,0.0053893829156561575,1
100000000000.0,20201083,3310,0.8919428725410941,421,-3.107047885519252,True,3245,0.8744273780652115,481
100000000000.0,20201084,3156,0.8504446240905417,197,-4.468922005444403,True,3078,0.8294260307194826,230
100000000000.0,20201085,189,0.05092966855295069,0,1.0947234555138596,True,189,0.05092966855295069,0
100000000000.0,20201086,2382,0.6418755052546483,31,-2.2891375909635654,True,2432,0.6553489625437887,31
100000000000.0,20201087,1513,0.4077068175693883,16,-1.4660071201635887,True,1523,0.4104015090272164,24
100000000000.0,20201088,1306,0.3519267043923471,8,0.6257853377724256,True,1208,0.3255187281056319,19
100000000000.0,20201089,1766,0.4758825114524387,21,-1.0800219993850404,True,1695,0.45675020210185935,36
100000000000.0,20201090,2369,0.6383724063594718,10,0.991036254315155,True,1905,0.513338722716249,22
100000000000.0,20201091,1,0.00026946914578280785,1,0.7600923524978578,True,1,0.00026946914578280785,1
100000000000.0,20201092,1617,0.4357316087308003,9,3.509054489340441,False,1392,0.37510105092966856,7
100000000000.0,20201093,48,0.012934518997574777,0,-0.6939430701545044,True,48,0.012934518997574777,0
100000000000.0,20201094,751,0.20237132848288872,0,2.5659702977436796,False,751,0.20237132848288872,0
100000000000.0,20201095,1315,0.35435192670439236,3,1.228940857903868,True,737,0.1985987604419294,2
100000000000.0,20201096,1,0.00026946914578280785,0,1.9897429328865606,True,1,0.00026946914578280785,0
100000000000.0,20201097,83,0.022365939099973052,0,-2.6422954691211866,True,83,0.022365939099973052,0
100000000000.0,20201098,3213,0.8658043654001617,234,-3.3523312526003872,True,3099,0.8350848827809216,263
100000000000.0,20201099,2812,0.7577472379412558,72,2.4254539707279177,False,2359,0.6356777149016437,79
100000000000.0,20201100,144,0.038803556992724336,0,-2.830308848423476,True,2,0.0005389382915656157,0
100000000000.0,20201101,703,0.18943680948531394,0,3.1809743722577064,False,703,0.18943680948531394,0
100000000000.0,20201102,0,0.0,0,2.859753079850508,False,0,0.0,0
100000000000.0,20201103,44,0.011856642414443546,0,1.1216714712380718,True,44,0.011856642414443546,0
100000000000.0,20201104,3329,0.8970627863109674,249,-2.1740818781923643,True,3164,0.852600377256804,306
100000000000.0,20201105,1,0.00026946914578280785,0,3.795552608855645,False,1,0.00026946914578280785,0
100000000000.0,20201106,67,0.018054432767448128,0,-2.866978667354557,True,67,0.018054432767448128,0
100000000000.0,20201107,1,0.00026946914578280785,1,0.08481091669362151,True,1,0.00026946914578280785,1
100000000000.0,20201108,7,0.001886284020479655,0,2.164500002147321,False,7,0.001886284020479655,0
100000000000.0,20201109,3080,0.8299649690110482,118,-1.2637915868108882,True,3004,0.8094853139315549,148
100000000000.0,20201110,467,0.12584209108057126,0,-0.09488232965181531,True,465,0.12530315278900567,0
100000000000.0,20201111,529,0.14254917811910536,0,-1.5583965178456571,True,529,0.14254917811910536,0
100000000000.0,20201112,3141,0.8464025869037995,188,-3.448465653875955,True,2870,0.7733764483966585,227
100000000000.0,20201113,628,0.16922662355160334,1,4.550503313366736,False,637,0.17165184586364862,1
100000000000.0,20201114,2254,0.607383454594449,26,-2.55810661719788,True,2079,0.5602263540824576,39
100000000000.0,20201115,53,0.014281864726488817,1,1.6142806887967085,True,53,0.014281864726488817,1
100000000000.0,20201116,2706,0.7291835084882781,40,-8.00663297692374,True,2398,0.6461870115871733,53
100000000000.0,20201117,32,0.008623012665049851,0,-0.45093917024199737,True,26,0.007006197790353005,0
100000000000.0,20201118,1802,0.4855834007006198,1,-0.15884112234836678,True,1595,0.42980328752357855,2
100000000000.0,20201119,765,0.206143896523848,0,-2.7854352825157953,True,702,0.18916734033953111,0
100000000000.0,20201120,38,0.010239827539746699,0,-0.23055591009211973,True,38,0.010239827539746699,0
100000000000.0,20201121,2509,0.6760980867690649,66,-2.196239844658593,True,2541,0.6847210994341147,60
100000000000.0,20201122,2977,0.8022096469954191,89,-3.602907551193476,True,2652,0.7146321746160065,98
100000000000.0,20201123,0,0.0,0,,False,0,0.0,0
100000000000.0,20201124,2866,0.7722985718135273,122,-5.521133462237795,True,2692,0.7254109404473188,132
100000000000.0,20201125,206,0.055510644031258424,1,-1.9653921634585503,True,206,0.055510644031258424,1
100000000000.0,20201126,370,0.0997035839396389,0,-11.151783010920504,True,370,0.0997035839396389,0
100000000000.0,20201127,3065,0.8259229318243061,117,-5.1390682102255685,True,2816,0.758825114524387,148
100000000000.0,20201128,30,0.008084074373484237,0,2.936891977143567,False,30,0.008084074373484237,0
100000000000.0,20201129,1,0.00026946914578280785,0,-4.905070417111616,True,1,0.00026946914578280785,0
100000000000.0,20201130,1578,0.42522231204527083,1,1.1217715841697737,True,1534,0.41336566963082727,3
100000000000.0,20201131,139,0.037456211263810296,0,,False,139,0.037456211263810296,0
100000000000.0,20201132,118,0.031797359202371325,1,0.9983892216929551,True,118,0.031797359202371325,1
100000000000.0,20201133,1743,0.4696847210994341,8,1.078620474484405,True,1739,0.46860684451630286,8
100000000000.0,20201134,3305,0.89059552681218,263,-5.318023544483992,True,3116,0.8396658582592293,346
100000000000.0,20201135,3391,0.9137698733495014,355,-6.072031260030239,True,3128,0.842899488008623,372
100000000000.0,20201136,93,0.025060630557801132,1,-6.845142363584664,True,93,0.025060630557801132,1
100000000000.0,20201137,1650,0.444624090541633,17,-1.2575176513503221,True,1688,0.45486391808137966,13
100000000000.0,20201138,86,0.023174346537321477,1,-0.6917026220510101,True,86,0.023174346537321477,1
100000000000.0,20201139,1127,0.3036917272972245,1,3.8143066723209937,False,1127,0.3036917272972245,1
100000000000.0,20201140,1,0.00026946914578280785,0,0.4789352317007136,True,1,0.00026946914578280785,0
100000000000.0,20201141,3325,0.8959849097278362,408,-3.197204073666314,True,3205,0.8636486122338992,461
100000000000.0,20201142,33,0.00889248181083266,0,,False,33,0.00889248181083266,0
100000000000.0,20201143,835,0.22500673672864457,0,-0.9677562584514501,True,723,0.1948261924009701,0
100000000000.0,20201144,3214,0.8660738345459444,197,-3.157942320398466,True,3108,0.8375101050929669,239
100000000000.0,20201145,479,0.12907572082996496,0,0.9809773951035687,True,455,0.12260846133117757,0
100000000000.0,20201146,1,0.00026946914578280785,0,0.840127081285952,True,1,0.00026946914578280785,0
100000000000.0,20201147,2,0.0005389382915656157,1,0.20255924163765648,True,2,0.0005389382915656157,1
100000000000.0,20201148,0,0.0,0,-0.46522359678036995,True,0,0.0,0
100000000000.0,20201149,1511,0.40716787927782266,8,-0.35840134144819125,True,1510,0.40689841013203987,12
100000000000.0,20201150,1983,0.534357316087308,37,-2.995525716289565,True,2067,0.5569927243330639,42
100000000000.0,20201151,33,0.00889248181083266,0,5.967769279680883,False,33,0.00889248181083266,0
100000000000.0,20201152,1,0.00026946914578280785,1,-0.6825965009752544,True,1,0.00026946914578280785,1
100000000000.0,20201153,1,0.00026946914578280785,0,1.6612092351655905,True,1,0.00026946914578280785,0
100000000000.0,20201154,328,0.08838587981676098,0,4.7555342842320005,False,328,0.08838587981676098,0
100000000000.0,20201155,167,0.045001347345728915,0,3.0652174844980804,False,167,0.045001347345728915,0
100000000000.0,20201156,51,0.0137429264349232,0,4.1456464344217405,False,51,0.0137429264349232,0
100000000000.0,20201157,2809,0.7569388305039073,69,-2.8937948601559853,True,2755,0.7423874966316357,77
100000000000.0,20201158,79,0.021288062516841823,0,-0.8268452964270443,True,79,0.021288062516841823,0
100000000000.0,20201159,3133,0.8442468337375371,157,-1.6449949853446801,True,3020,0.8137968202640797,175
100000000000.0,20201160,0,0.0,0,,False,0,0.0,0
100000000000.0,20201161,692,0.18647264888170303,0,-0.15937090177091395,True,692,0.18647264888170303,0
100000000000.0,20201162,20,0.0053893829156561575,0,,False,20,0.0053893829156561575,0
100000000000.0,20201163,1910,0.5146860684451631,22,-1.1405329197387521,True,1383,0.3726758286176233,27
100000000000.0,20201164,2006,0.5405551064403126,27,0.6332227366830683,True,1660,0.44731878199946107,37
100000000000.0,20201165,261,0.07033144704931285,0,-2.7661254048856314,True,261,0.07033144704931285,0
100000000000.0,20201166,2,0.0005389382915656157,0,,False,2,0.0005389382915656157,0
100000000000.0,20201167,1,0.00026946914578280785,0,3.2827760298292645,False,1,0.00026946914578280785,0
100000000000.0,20201168,71,0.019132309350579357,0,5.49050531270839,False,71,0.019132309350579357,0
100000000000.0,20201169,28,0.00754513608191862,0,,False,28,0.00754513608191862,0
100000000000.0,20201170,3094,0.8337375370520076,234,-2.4839250101088233,True,2977,0.8022096469954191,261
100000000000.0,20201171,1521,0.40986257073565074,14,3.426796511857102,False,1540,0.4149824845055241,12
100000000000.0,20201172,1449,0.3904607922392886,5,-0.0958876835792708,True,1467,0.39531123686337916,6
100000000000.0,20201173,2006,0.5405551064403126,7,-12.616659136917512,True,1510,0.40689841013203987,20
100000000000.0,20201174,18,0.004850444624090542,0,5.909826326887934,False,18,0.004850444624090542,0
100000000000.0,20201175,5,0.0013473457289140394,1,-0.44612193620621454,True,5,0.0013473457289140394,1
100000000000.0,20201176,5,0.0013473457289140394,0,2.0943204086148324,False,5,0.0013473457289140394,0
100000000000.0,20201177,2308,0.6219347884667206,15,-2.42227374058956,True,2106,0.5675020210185934,22
100000000000.0,20201178,492,0.13257881972514146,0,-0.08633635169678922,True,491,0.13230935057935866,0
100000000000.0,20201179,5,0.0013473457289140394,0,3.829948487988003,False,5,0.0013473457289140394,0
100000000000.0,20201180,2631,0.7089733225545675,26,0.9058616405436308,True,2458,0.6623551603341418,28
100000000000.0,20201181,2951,0.795203449205066,82,-2.470590452756083,True,2743,0.7391538668822419,82
100000000000.0,20201182,3176,0.8558340070061978,254,-4.059682872321844,True,3089,0.8323901913230936,275
100000000000.0,20201183,2426,0.6537321476690919,44,2.3997690540078267,False,2225,0.5995688493667475,45
100000000000.0,20201184,1449,0.3904607922392886,20,-4.815760901349639,True,1270,0.342225815144166,19
100000000000.0,20201185,635,0.171112907572083,0,4.063315789638989,False,635,0.171112907572083,0
100000000000.0,20201186,3026,0.8154136351387766,120,-2.391323405499818,True,2800,0.7545136081918621,135
100000000000.0,20201187,269,0.07248720021557532,1,1.4444811852094634,True,313,0.08434384263001886,1
100000000000.0,20201188,95,0.025599568849366747,0,2.919676020160641,False,95,0.025599568849366747,0
100000000000.0,20201189,2545,0.685798976017246,105,-2.1983608495301556,True,2315,0.6238210724872002,129
100000000000.0,20201190,42,0.01131770412287793,1,4.651625836348318,False,42,0.01131770412287793,1
100000000000.0,20201191,4,0.0010778765831312314,0,-2.8829607965245554,True,4,0.0010778765831312314,0
100000000000.0,20201192,2211,0.5957962813257882,60,1.9307408134314588,True,2111,0.5688493667475074,63
100000000000.0,20201193,5,0.0013473457289140394,0,3.713445264193643,False,5,0.0013473457289140394,0
100000000000.0,20201194,134,0.036108865534896256,0,-0.6510400494404052,True,134,0.036108865534896256,0
100000000000.0,20201195,31,0.008353543519267044,0,3.3696981002776023,False,31,0.008353543519267044,0
100000000000.0,20201196,0,0.0,1,5.2213529808677945,False,0,0.0,1
100000000000.0,20201197,0,0.0,0,5.172456988053119,False,0,0.0,0
100000000000.0,20201198,4,0.0010778765831312314,0,6.163334434039694,False,4,0.0010778765831312314,0
100000000000.0,20201199,638,0.17192131500943142,1,3.7599536718973496,False,638,0.17192131500943142,1
100000000000.0,20201200,3129,0.8431689571544059,185,-2.382016021012335,True,2937,0.7914308811641068,219
133000000000.0,20201001,2807,0.7563998922123417,96,-1.3663811429320818,True,2518,0.6785233090811102,99
133000000000.0,20201002,1160,0.3125842091080571,0,2.1764533615030124,False,1062,0.28617623282134197,0
133000000000.0,20201003,2863,0.7714901643761789,83,-1.0057621642007222,True,2379,0.6410670978172999,92
133000000000.0,20201004,13,0.0035030988951765024,1,0.46667241055194175,True,9,0.002425222312045271,1
133000000000.0,20201005,3028,0.8159525734303422,124,-7.376355015605215,True,2951,0.795203449205066,151
133000000000.0,20201006,2496,0.6725949878738885,19,-0.6986092890962938,True,2409,0.6491511721907841,25
133000000000.0,20201007,2987,0.804904338453247,105,-6.177329354588388,True,2694,0.7259498787388844,121
133000000000.0,20201008,3010,0.8111021288062517,130,-0.6728293887946633,True,2872,0.7739153866882242,143
133000000000.0,20201009,2869,0.7731069792508758,83,-1.1643490272194796,True,2669,0.7192131500943142,92
133000000000.0,20201010,0,0.0,0,3.0059665881574547,False,0,0.0,0
133000000000.0,20201011,1349,0.3635138776610078,12,-3.5268297763956182,True,1372,0.3697116680140124,11
133000000000.0,20201012,3180,0.856911883589329,85,-0.054842477040995874,True,3142,0.8466720560495823,102
133000000000.0,20201013,3317,0.8938291565615737,214,-4.3758602585599915,True,3109,0.8377795742387497,224
133000000000.0,20201014,1,0.00026946914578280785,0,0.14793545282991438,True,1,0.00026946914578280785,0
133000000000.0,20201015,2375,0.6399892212341687,26,-8.479159909235273,True,2359,0.6356777149016437,28
133000000000.0,20201016,1985,0.5348962543788737,21,1.0835755652613415,True,1883,0.5074104015090272,23
133000000000.0,20201017,3236,0.8720021557531663,249,-2.226165683903649,True,2951,0.795203449205066,284
133000000000.0,20201018,1516,0.4085152250067367,11,-0.11737015657024852,True,1490,0.4015090272163837,11
133000000000.0,20201019,837,0.2255456750202102,1,2.43257235038174,False,837,0.2255456750202102,1
133000000000.0,20201020,3095,0.8340070061977903,241,-1.3152257264016383,True,3020,0.8137968202640797,309
133000000000.0,20201021,3,0.0008084074373484236,0,-5.950966682889597,True,3,0.0008084074373484236,0
133000000000.0,20201022,2706,0.7291835084882781,69,-2.2286373606117653,True,2246,0.6052277014281865,67
133000000000.0,20201023,1355,0.3651306925357047,1,2.4124932086277884,False,1355,0.3651306925357047,1
133000000000.0,20201024,3144,0.847210994341148,140,-3.2643559103517843,True,2994,0.8067906224737268,183
133000000000.0,20201025,0,0.0,0,-0.9160203647650693,True,0,0.0,0
133000000000.0,20201026,2952,0.7954729183508489,141,-3.442335377777394,True,2848,0.7674481271894368,156
133000000000.0,20201027,3090,0.8326596604688763,145,-1.9977548207353144,True,2819,0.7596335219617354,160
133000000000.0,20201028,1672,0.45055241174885474,11,0.39347676663602993,True,1589,0.4281864726488817,9
133000000000.0,20201029,2358,0.635408245755861,16,-2.37686655030506,True,2188,0.5895984909727836,15
133000000000.0,20201030,2702,0.7281056319051469,59,-1.7718502957198519,True,2529,0.6814874696847211,72
133000000000.0,20201031,2987,0.804904338453247,96,-2.3867270743395075,True,2497,0.6728644570196712,103
133000000000.0,20201032,29,0.007814605227701428,0,0.758301456265249,True,29,0.007814605227701428,0
133000000000.0,20201033,2363,0.636755591484775,31,0.3337441746416312,True,2182,0.5879816760980867,47
133000000000.0,20201034,2209,0.5952573430342226,21,-1.1356129193429503,True,1829,0.4928590676367556,23
133000000000.0,20201035,2748,0.740501212611156,84,-1.2964899678535815,True,2572,0.6930746429533818,98
133000000000.0,20201036,3194,0.8606844516302883,178,-4.373860219936079,True,3045,0.8205335489086499,216
133000000000.0,20201037,2680,0.7221773106979251,32,1.6832555204519446,True,2634,0.7097817299919159,35
133000000000.0,20201038,3,0.0008084074373484236,0,,False,3,0.0008084074373484236,0
133000000000.0,20201039,1360,0.3664780382646187,1,0.45427746494227517,True,1289,0.34734572891403936,0
133000000000.0,20201040,26,0.007006197790353005,0,,False,26,0.007006197790353005,0
133000000000.0,20201041,473,0.12745890595526813,3,1.9128879483224668,True,473,0.12745890595526813,3
133000000000.0,20201042,2829,0.7623282134195635,81,0.04116257183249328,True,2747,0.7402317434653732,91
133000000000.0,20201043,0,0.0,0,,False,0,0.0,0
133000000000.0,20201044,2417,0.6513069253570466,52,1.095140485547148,True,1926,0.5189975747776879,59
133000000000.0,20201045,2,0.0005389382915656157,0,1.032818464748324,True,2,0.0005389382915656157,0
133000000000.0,20201046,528,0.14227970897332257,0,-0.12788669477456072,True,568,0.15305847480463486,1
133000000000.0,20201047,187,0.05039073026138507,0,2.9244775000891394,False,187,0.05039073026138507,0
133000000000.0,20201048,2078,0.5599568849366747,18,2.877230014660336,False,1728,0.465642683912692,23
133000000000.0,20201049,16,0.004311506332524926,1,3.7900994573264355,False,16,0.004311506332524926,1
133000000000.0,20201050,1962,0.5286984640258691,21,0.8436689688656847,True,1800,0.4850444624090542,36
133000000000.0,20201051,2484,0.6693613581244947,25,-0.006416818223924814,True,2478,0.6677445432497979,31
133000000000.0,20201052,2851,0.7682565346267852,83,0.0420435517578408,True,2678,0.7216383724063594,86
133000000000.0,20201053,14,0.00377256804095931,1,-2.7130160873382616,True,14,0.00377256804095931,1
133000000000.0,20201054,2851,0.7682565346267852,86,2.1812727095783657,False,2488,0.670439234707626,104
133000000000.0,20201055,2731,0.7359202371328483,37,-1.4088857748805914,True,2361,0.6362166531932094,32
133000000000.0,20201056,619,0.16680140123955808,0,3.2771410927268514,False,619,0.16680140123955808,0
133000000000.0,20201057,2610,0.7033144704931286,39,-0.42768587970424754,True,2460,0.6628940986257074,43
133000000000.0,20201058,2812,0.7577472379412558,78,1.8505413062698093,True,2601,0.7008892481810832,76
133000000000.0,20201059,2276,0.6133117758016707,11,1.8577349843081201,True,2176,0.5863648612233899,7
133000000000.0,20201060,146,0.03934249528428995,0,4.614610797254605,False,146,0.03934249528428995,0
133000000000.0,20201061,216,0.0582053354890865,0,-1.6139060125523086,True,215,0.057935866343303694,0
133000000000.0,20201062,2196,0.5917542441390461,37,-1.4212384836452125,True,2002,0.5394772298571814,35
133000000000.0,20201063,1898,0.5114524386957693,21,0.6605173698425908,True,1884,0.50767987065481,19
133000000000.0,20201064,2024,0.5454055510644031,13,-0.6568744931147492,True,1987,0.5354351926704393,17
133000000000.0,20201065,10,0.0026946914578280788,0,6.428482832433176,False,10,0.0026946914578280788,0
133000000000.0,20201066,10,0.0026946914578280788,0,-5.717999137859049,True,10,0.0026946914578280788,0
133000000000.0,20201067,2928,0.7890056588520614,110,-5.34816904569152,True,2611,0.7035839396389113,99
133000000000.0,20201068,1350,0.36378334680679064,2,4.386989928970714,False,1376,0.37078954459714364,1
133000000000.0,20201069,2988,0.8051738075990299,85,-1.7658797458571192,True,2958,0.7970897332255457,83
133000000000.0,20201070,3250,0.8757747237941256,289,-4.067193193084102,True,3107,0.837240635947184,338
133000000000.0,20201071,20,0.0053893829156561575,1,1.1822753074479868,True,20,0.0053893829156561575,1
133000000000.0,20201072,3320,0.8946375639989221,325,-3.9936852722426552,True,3217,0.8668822419832929,392
133000000000.0,20201073,3,0.0008084074373484236,0,-4.798252626999135,True,3,0.0008084074373484236,0
133000000000.0,20201074,0,0.0,0,,False,0,0.0,0
133000000000.0,20201075,2216,0.5971436270547023,32,-1.0375144138060781,True,2110,0.5685798976017246,32
133000000000.0,20201076,3295,0.8879008353543519,261,-2.251167570980381,True,3092,0.8331985987604419,307
133000000000.0,20201077,2920,0.7868499056857989,51,1.608901907878808,True,2630,0.7087038534087847,58
133000000000.0,20201078,303,0.08164915117219078,0,0.5058639900419744,True,237,0.06386418755052546,0
133000000000.0,20201079,0,0.0,0,5.1760713786195955,False,0,0.0,0
133000000000.0,20201080,1652,0.4451630288331986,1,-0.5090298939161109,True,1496,0.40312584209108054,1
133000000000.0,20201081,1739,0.46860684451630286,16,-11.036197980417189,True,1692,0.4559417946645109,27
133000000000.0,20201082,52,0.01401239558070601,0,4.818717447259256,False,52,0.01401239558070601,0
133000000000.0,20201083,3368,0.9075720829964969,397,-3.107047885519252,True,3180,0.856911883589329,488
133000000000.0,20201084,3266,0.8800862301266505,276,-4.468922005444403,True,3196,0.861223389921854,295
133000000000.0,20201085,74,0.019940716787927783,0,1.0947234555138596,True,74,0.019940716787927783,0
133000000000.0,20201086,2116,0.5701967124764215,43,-2.2891375909635654,True,2094,0.5642683912691997,46
133000000000.0,20201087,2334,0.6289409862570736,19,-1.4660071201635887,True,1600,0.4311506332524926,21
133000000000.0,20201088,2436,0.65642683912692,34,0.6257853377724256,True,2154,0.5804365400161682,32
133000000000.0,20201089,2096,0.5648073295607653,38,-1.0800219993850404,True,1942,0.5233090811102129,42
133000000000.0,20201090,2536,0.6833737537052007,22,0.991036254315155,True,2208,0.5949878738884398,31
133000000000.0,20201091,1,0.00026946914578280785,1,0.7600923524978578,True,1,0.00026946914578280785,1
133000000000.0,20201092,1424,0.3837240635947184,14,3.509054489340441,False,1395,0.375909458367017,14
133000000000.0,20201093,46,0.012395580706009162,0,-0.6939430701545044,True,46,0.012395580706009162,0
133000000000.0,20201094,977,0.2632713554298033,0,2.5659702977436796,False,977,0.2632713554298033,0
133000000000.0,20201095,2883,0.7768795472918351,45,1.228940857903868,True,2784,0.7502021018593371,57
133000000000.0,20201096,1,0.00026946914578280785,0,1.9897429328865606,True,1,0.00026946914578280785,0
133000000000.0,20201097,702,0.18916734033953111,0,-2.6422954691211866,True,590,0.15898679601185664,0
133000000000.0,20201098,3128,0.842899488008623,189,-3.3523312526003872,True,2884,0.7771490164376179,208
133000000000.0,20201099,2469,0.6653193209377526,44,2.4254539707279177,False,1945,0.5241174885475613,51
133000000000.0,20201100,7,0.001886284020479655,0,-2.830308848423476,True,7,0.001886284020479655,0
133000000000.0,20201101,948,0.25545675020210185,0,3.1809743722577064,False,948,0.25545675020210185,0
133000000000.0,20201102,0,0.0,0,2.859753079850508,False,0,0.0,0
133000000000.0,20201103,137,0.036917272972244675,0,1.1216714712380718,True,137,0.036917272972244675,0
133000000000.0,20201104,3238,0.8725410940447319,308,-2.1740818781923643,True,3158,0.8509835623821073,333
133000000000.0,20201105,7,0.001886284020479655,0,3.795552608855645,False,7,0.001886284020479655,0
133000000000.0,20201106,87,0.023443815683104285,0,-2.866978667354557,True,87,0.023443815683104285,0
133000000000.0,20201107,1,0.00026946914578280785,1,0.08481091669362151,True,1,0.00026946914578280785,1
133000000000.0,20201108,8,0.002155753166262463,0,2.164500002147321,False,8,0.002155753166262463,0
133000000000.0,20201109,3111,0.8383185125303153,148,-1.2637915868108882,True,2844,0.7663702506063056,162
133000000000.0,20201110,424,0.11425491781191054,0,-0.09488232965181531,True,424,0.11425491781191054,0
133000000000.0,20201111,731,0.19698194556723256,0,-1.5583965178456571,True,640,0.17246025330099704,0
133000000000.0,20201112,3192,0.8601455133387227,213,-3.448465653875955,True,2820,0.7599029911075182,225
133000000000.0,20201113,845,0.22770142818647265,0,4.550503313366736,False,814,0.21934788466720562,0
133000000000.0,20201114,2082,0.561034761519806,23,-2.55810661719788,True,1622,0.43707895445971434,25
133000000000.0,20201115,210,0.056588520614389654,1,1.6142806887967085,True,210,0.056588520614389654,1
133000000000.0,20201116,2883,0.7768795472918351,63,-8.00663297692374,True,2604,0.7016976556184317,79
133000000000.0,20201117,3,0.0008084074373484236,0,-0.45093917024199737,True,3,0.0008084074373484236,0
133000000000.0,20201118,1587,0.42764753435731606,1,-0.15884112234836678,True,1509,0.40662894098625707,4
133000000000.0,20201119,679,0.18296954998652654,0,-2.7854352825157953,True,679,0.18296954998652654,0
133000000000.0,20201120,4,0.0010778765831312314,0,-0.23055591009211973,True,4,0.0010778765831312314,0
133000000000.0,20201121,2830,0.7625976825653462,65,-2.196239844658593,True,2472,0.666127728375101,81
133000000000.0,20201122,2945,0.7935866343303691,126,-3.602907551193476,True,2405,0.6480732956076529,124
133000000000.0,20201123,0,0.0,0,,False,0,0.0,0
133000000000.0,20201124,2992,0.8062516841821611,156,-5.521133462237795,True,2759,0.7434653732147669,151
133000000000.0,20201125,249,0.06709781729991916,1,-1.9653921634585503,True,249,0.06709781729991916,1
133000000000.0,20201126,211,0.05685798976017246,0,-11.151783010920504,True,166,0.044731878199946104,0
133000000000.0,20201127,3289,0.886284020479655,198,-5.1390682102255685,True,2985,0.8043654001616815,260
133000000000.0,20201128,25,0.006736728644570197,0,2.936891977143567,False,25,0.006736728644570197,0
133000000000.0,20201129,1,0.00026946914578280785,0,-4.905070417111616,True,1,0.00026946914578280785,0
133000000000.0,20201130,22,0.005928321207221773,0,1.1217715841697737,True,22,0.005928321207221773,0
133000000000.0,20201131,170,0.04580975478307734,0,,False,170,0.04580975478307734,0
133000000000.0,20201132,142,0.038264618701158715,0,0.9983892216929551,True,100,0.026946914578280787,1
133000000000.0,20201133,1952,0.526003772568041,11,1.078620474484405,True,2077,0.559687415790892,6
133000000000.0,20201134,3239,0.8728105631905146,269,-5.318023544483992,True,3155,0.8501751549447588,298
133000000000.0,20201135,3233,0.8711937483158179,322,-6.072031260030239,True,3051,0.8221503637833468,390
133000000000.0,20201136,186,0.050121261115602264,1,-6.845142363584664,True,186,0.050121261115602264,1
133000000000.0,20201137,2248,0.6057666397197521,40,-1.2575176513503221,True,1915,0.5160334141740771,47
133000000000.0,20201138,55,0.014820803018054433,0,-0.6917026220510101,True,55,0.014820803018054433,0
133000000000.0,20201139,1245,0.3354890864995958,1,3.8143066723209937,False,1224,0.32983023443815684,2
133000000000.0,20201140,1,0.00026946914578280785,0,0.4789352317007136,True,1,0.00026946914578280785,0
133000000000.0,20201141,3335,0.8986796011856643,452,-3.197204073666314,True,3292,0.8870924279170035,513
133000000000.0,20201142,31,0.008353543519267044,0,,False,31,0.008353543519267044,0
133000000000.0,20201143,1652,0.4451630288331986,0,-0.9677562584514501,True,1662,0.44785772029102666,0
133000000000.0,20201144,3151,0.8490972783616276,241,-3.157942320398466,True,3000,0.8084074373484236,312
133000000000.0,20201145,1708,0.4602533009970358,3,0.9809773951035687,True,1602,0.4316895715440582,2
133000000000.0,20201146,1,0.00026946914578280785,0,0.840127081285952,True,1,0.00026946914578280785,0
133000000000.0,20201147,2,0.0005389382915656157,1,0.20255924163765648,True,2,0.0005389382915656157,1
133000000000.0,20201148,0,0.0,0,-0.46522359678036995,True,0,0.0,0
133000000000.0,20201149,2319,0.6248989490703315,30,-0.35840134144819125,True,2060,0.5551064403125842,28
133000000000.0,20201150,2747,0.7402317434653732,70,-2.995525716289565,True,2394,0.645109135004042,97
133000000000.0,20201151,142,0.038264618701158715,0,5.967769279680883,False,142,0.038264618701158715,0
133000000000.0,20201152,1,0.00026946914578280785,1,-0.6825965009752544,True,1,0.00026946914578280785,1
133000000000.0,20201153,1,0.00026946914578280785,0,1.6612092351655905,True,1,0.00026946914578280785,0
133000000000.0,20201154,401,0.10805712745890596,0,4.7555342842320005,False,401,0.10805712745890596,0
133000000000.0,20201155,188,0.05066019940716788,0,3.0652174844980804,False,188,0.05066019940716788,0
133000000000.0,20201156,51,0.0137429264349232,0,4.1456464344217405,False,51,0.0137429264349232,0
133000000000.0,20201157,2976,0.8019401778496362,89,-2.8937948601559853,True,2918,0.7863109673942333,97
133000000000.0,20201158,588,0.15844785772029102,0,-0.8268452964270443,True,588,0.15844785772029102,0
133000000000.0,20201159,3165,0.8528698464025869,152,-1.6449949853446801,True,3131,0.8437078954459715,167
133000000000.0,20201160,0,0.0,0,,False,0,0.0,0
133000000000.0,20201161,704,0.18970627863109674,1,-0.15937090177091395,True,704,0.18970627863109674,1
133000000000.0,20201162,26,0.007006197790353005,0,,False,26,0.007006197790353005,0
133000000000.0,20201163,2384,0.6424144435462139,38,-1.1405329197387521,True,2157,0.5812449474535166,46
133000000000.0,20201164,2140,0.5766639719752088,22,0.6332227366830683,True,1982,0.5340878469415252,31
133000000000.0,20201165,142,0.038264618701158715,0,-2.7661254048856314,True,98,0.026407976286715172,0
133000000000.0,20201166,2,0.0005389382915656157,0,,False,2,0.0005389382915656157,0
133000000000.0,20201167,1,0.00026946914578280785,0,3.2827760298292645,False,1,0.00026946914578280785,0
133000000000.0,20201168,71,0.019132309350579357,0,5.49050531270839,False,71,0.019132309350579357,0
133000000000.0,20201169,24,0.0064672594987873885,0,,False,24,0.0064672594987873885,0
133000000000.0,20201170,3107,0.837240635947184,204,-2.4839250101088233,True,2920,0.7868499056857989,233
133000000000.0,20201171,1993,0.537052007545136,15,3.426796511857102,False,2117,0.5704661816222043,21
133000000000.0,20201172,1789,0.48208030180544326,14,-0.0958876835792708,True,1856,0.5001347345728914,21
133000000000.0,20201173,1623,0.4373484236054972,16,-12.616659136917512,True,1599,0.4308811641067098,20
133000000000.0,20201174,21,0.005658852061438965,0,5.909826326887934,False,21,0.005658852061438965,0
133000000000.0,20201175,372,0.10024252223120453,1,-0.44612193620621454,True,372,0.10024252223120453,1
133000000000.0,20201176,5,0.0013473457289140394,0,2.0943204086148324,False,5,0.0013473457289140394,0
133000000000.0,20201177,2430,0.6548100242522231,35,-2.42227374058956,True,1888,0.5087577472379412,33
133000000000.0,20201178,607,0.16356777149016438,1,-0.08633635169678922,True,607,0.16356777149016438,1
133000000000.0,20201179,9,0.002425222312045271,0,3.829948487988003,False,9,0.002425222312045271,0
133000000000.0,20201180,2565,0.6911883589329022,21,0.9058616405436308,True,2550,0.6871463217461601,30
133000000000.0,20201181,3089,0.8323901913230936,105,-2.470590452756083,True,2627,0.7078954459714363,130
133000000000.0,20201182,3230,0.8703853408784694,258,-4.059682872321844,True,3136,0.8450552411748855,320
133000000000.0,20201183,2712,0.730800323362975,73,2.3997690540078267,False,2309,0.6222042576125034,87
133000000000.0,20201184,2680,0.7221773106979251,33,-4.815760901349639,True,2454,0.6612772837510105,42
133000000000.0,20201185,1238,0.33360280247911617,0,4.063315789638989,False,1203,0.3241713823767179,0
133000000000.0,20201186,3228,0.8698464025869038,181,-2.391323405499818,True,3106,0.8369711668014013,229
133000000000.0,20201187,434,0.11694960926973862,2,1.4444811852094634,True,434,0.11694960926973862,2
133000000000.0,20201188,268,0.07221773106979251,0,2.919676020160641,False,268,0.07221773106979251,0
133000000000.0,20201189,3012,0.8116410670978172,179,-2.1983608495301556,True,2895,0.7801131770412287,207
133000000000.0,20201190,200,0.05389382915656157,1,4.651625836348318,False,200,0.05389382915656157,1
133000000000.0,20201191,764,0.20587442737806522,0,-2.8829607965245554,True,1,0.00026946914578280785,0
133000000000.0,20201192,2383,0.6421449744004312,55,1.9307408134314588,True,2048,0.5518728105631905,70
133000000000.0,20201193,4,0.0010778765831312314,0,3.713445264193643,False,4,0.0010778765831312314,0
133000000000.0,20201194,127,0.0342225815144166,0,-0.6510400494404052,True,127,0.0342225815144166,0
133000000000.0,20201195,54,0.014551333872271624,1,3.3696981002776023,False,54,0.014551333872271624,1
133000000000.0,20201196,0,0.0,1,5.2213529808677945,False,0,0.0,1
133000000000.0,20201197,0,0.0,0,5.172456988053119,False,0,0.0,0
133000000000.0,20201198,5,0.0013473457289140394,0,6.163334434039694,False,5,0.0013473457289140394,0
133000000000.0,20201199,876,0.2360549717057397,0,3.7599536718973496,False,1066,0.2872541094044732,0
133000000000.0,20201200,3215,0.8663433036917273,194,-2.382016021012335,True,3088,0.8321207221773107,218
178000000000.0,20201001,2998,0.807868499056858,92,-1.3663811429320818,True,2870,0.7733764483966585,102
178000000000.0,20201002,1789,0.48208030180544326,12,2.1764533615030124,False,1555,0.4190245216922662,15
178000000000.0,20201003,3204,0.8633791430881164,188,-1.0057621642007222,True,2894,0.779843707895446,225
178000000000.0,20201004,5,0.0013473457289140394,1,0.46667241055194175,True,5,0.0013473457289140394,1
178000000000.0,20201005,3000,0.8084074373484236,83,-7.376355015605215,True,2790,0.751818916734034,96
178000000000.0,20201006,2292,0.6176232821341956,16,-0.6986092890962938,True,2224,0.5992993802209647,23
178000000000.0,20201007,3102,0.83589329021827,166,-6.177329354588388,True,3032,0.8170304500134734,202
178000000000.0,20201008,2940,0.7922392886014551,99,-0.6728293887946633,True,2903,0.7822689302074912,122
178000000000.0,20201009,2915,0.7855025599568849,92,-1.1643490272194796,True,2793,0.7526273241713823,107
178000000000.0,20201010,0,0.0,0,3.0059665881574547,False,0,0.0,0
178000000000.0,20201011,2353,0.6340609000269469,19,-3.5268297763956182,True,2007,0.5408245755860954,25
178000000000.0,20201012,3263,0.8792778226893021,143,-0.054842477040995874,True,3192,0.8601455133387227,180
178000000000.0,20201013,3080,0.8299649690110482,121,-4.3758602585599915,True,2700,0.7275666936135813,127
178000000000.0,20201014,1,0.00026946914578280785,0,0.14793545282991438,True,1,0.00026946914578280785,0
178000000000.0,20201015,2562,0.6903799514955538,37,-8.479159909235273,True,2485,0.6696308272702776,43
178000000000.0,20201016,2118,0.570735650767987,25,1.0835755652613415,True,1920,0.5173807599029911,24
178000000000.0,20201017,3259,0.8781999461061708,277,-2.226165683903649,True,3101,0.8356238210724872,326
178000000000.0,20201018,1720,0.46348693074642955,17,-0.11737015657024852,True,1702,0.458636486122339,15
178000000000.0,20201019,396,0.10670978172999192,1,2.43257235038174,False,384,0.10347615198059822,1
178000000000.0,20201020,3280,0.8838587981676098,349,-1.3152257264016383,True,3204,0.8633791430881164,379
178000000000.0,20201021,79,0.021288062516841823,0,-5.950966682889597,True,79,0.021288062516841823,0
178000000000.0,20201022,2685,0.7235246564268392,72,-2.2286373606117653,True,2625,0.7073565076798707,81
178000000000.0,20201023,1498,0.4036647803826462,0,2.4124932086277884,False,1497,0.4033953112368634,0
178000000000.0,20201024,3220,0.8676906494206413,251,-3.2643559103517843,True,2991,0.8059822150363783,292
178000000000.0,20201025,0,0.0,0,-0.9160203647650693,True,0,0.0,0
178000000000.0,20201026,3329,0.8970627863109674,261,-3.442335377777394,True,3176,0.8558340070061978,295
178000000000.0,20201027,3036,0.8181083265966047,168,-1.9977548207353144,True,3009,0.8108326596604689,197
178000000000.0,20201028,2002,0.5394772298571814,5,0.39347676663602993,True,1977,0.5327405012126112,11
178000000000.0,20201029,2092,0.5637294529776341,16,-2.37686655030506,True,1723,0.46429533818377794,19
178000000000.0,20201030,2699,0.7272972244677984,64,-1.7718502957198519,True,2606,0.7022365939099973,65
178000000000.0,20201031,3026,0.8154136351387766,118,-2.3867270743395075,True,2855,0.7693344112099164,157
178000000000.0,20201032,82,0.022096469954190245,0,0.758301456265249,True,82,0.022096469954190245,0
178000000000.0,20201033,2478,0.6677445432497979,52,0.3337441746416312,True,2314,0.6235516033414175,53
178000000000.0,20201034,2096,0.5648073295607653,18,-1.1356129193429503,True,1859,0.5009431420102398,26
178000000000.0,20201035,3011,0.8113715979520345,138,-1.2964899678535815,True,2703,0.7283751010509296,160
178000000000.0,20201036,3086,0.8315817838857451,186,-4.373860219936079,True,2796,0.7534357316087308,202
178000000000.0,20201037,2252,0.6068445163028833,24,1.6832555204519446,True,2016,0.5432497978981407,30
178000000000.0,20201038,3,0.0008084074373484236,0,,False,3,0.0008084074373484236,0
178000000000.0,20201039,1416,0.38156831042845596,2,0.45427746494227517,True,1421,0.38291565615737,2
178000000000.0,20201040,30,0.008084074373484237,0,,False,30,0.008084074373484237,0
178000000000.0,20201041,640,0.17246025330099704,0,1.9128879483224668,True,640,0.17246025330099704,0
178000000000.0,20201042,2840,0.7652923740231743,97,0.04116257183249328,True,2904,0.7825383993532741,118
178000000000.0,20201043,0,0.0,0,,False,0,0.0,0
178000000000.0,20201044,2598,0.7000808407437349,44,1.095140485547148,True,1996,0.5378604149824845,67
178000000000.0,20201045,2,0.0005389382915656157,0,1.032818464748324,True,2,0.0005389382915656157,0
178000000000.0,20201046,1746,0.47049312853678255,0,-0.12788669477456072,True,1539,0.4147130153597413,2
178000000000.0,20201047,294,0.07922392886014551,0,2.9244775000891394,False,294,0.07922392886014551,0
178000000000.0,20201048,1692,0.4559417946645109,1,2.877230014660336,False,1669,0.44974400431150635,10
178000000000.0,20201049,22,0.005928321207221773,1,3.7900994573264355,False,22,0.005928321207221773,1
178000000000.0,20201050,2650,0.7140932363244409,54,0.8436689688656847,True,2410,0.649420641336567,60
178000000000.0,20201051,1690,0.4554028563729453,4,-0.006416818223924814,True,1695,0.45675020210185935,5
178000000000.0,20201052,2926,0.7884667205604958,87,0.0420435517578408,True,2746,0.7399622743195904,102
178000000000.0,20201053,1588,0.4279170035030989,0,-2.7130160873382616,True,79,0.021288062516841823,1
178000000000.0,20201054,2989,0.8054432767448128,110,2.1812727095783657,False,2844,0.7663702506063056,129
178000000000.0,20201055,2492,0.6715171112907572,45,-1.4088857748805914,True,2361,0.6362166531932094,57
178000000000.0,20201056,1154,0.3109673942333603,0,3.2771410927268514,False,1098,0.29587712206952305,3
178000000000.0,20201057,2636,0.7103206682834815,27,-0.42768587970424754,True,2559,0.6895715440582053,33
178000000000.0,20201058,2978,0.8024791161412018,96,1.8505413062698093,True,2950,0.7949339800592832,105
178000000000.0,20201059,2183,0.5882511452438696,9,1.8577349843081201,True,2093,0.5639989221234168,10
178000000000.0,20201060,293,0.0789544597143627,0,4.614610797254605,False,293,0.0789544597143627,0
178000000000.0,20201061,143,0.038534087846941525,0,-1.6139060125523086,True,143,0.038534087846941525,0
178000000000.0,20201062,2528,0.6812180005389383,48,-1.4212384836452125,True,2351,0.6335219617353813,61
178000000000.0,20201063,2116,0.5701967124764215,18,0.6605173698425908,True,2011,0.5419024521692266,20
178000000000.0,20201064,2152,0.5798976017246026,14,-0.6568744931147492,True,1968,0.5303152789005658,18
178000000000.0,20201065,14,0.00377256804095931,0,6.428482832433176,False,14,0.00377256804095931,0
178000000000.0,20201066,588,0.15844785772029102,0,-5.717999137859049,True,588,0.15844785772029102,0
178000000000.0,20201067,3116,0.8396658582592293,170,-5.34816904569152,True,2906,0.7830773376448397,176
178000000000.0,20201068,1870,0.5039073026138507,1,4.386989928970714,False,1862,0.5017515494475883,1
178000000000.0,20201069,3013,0.8119105362436001,86,-1.7658797458571192,True,2874,0.7744543249797898,108
178000000000.0,20201070,3283,0.8846672056049583,394,-4.067193193084102,True,3103,0.8361627593640528,466
178000000000.0,20201071,62,0.016707087038534088,0,1.1822753074479868,True,62,0.016707087038534088,0
178000000000.0,20201072,3346,0.9016437617892751,337,-3.9936852722426552,True,3214,0.8660738345459444,417
178000000000.0,20201073,2,0.0005389382915656157,0,-4.798252626999135,True,2,0.0005389382915656157,0
178000000000.0,20201074,0,0.0,0,,False,0,0.0,0
178000000000.0,20201075,2639,0.71112907572083,50,-1.0375144138060781,True,2503,0.6744812718943681,54
178000000000.0,20201076,3166,0.8531393155483697,277,-2.251167570980381,True,3069,0.8270008084074374,296
178000000000.0,20201077,2718,0.7324171382376717,51,1.608901907878808,True,2563,0.6906494206413366,60
178000000000.0,20201078,304,0.08191862031797359,0,0.5058639900419744,True,291,0.07841552142279709,0
178000000000.0,20201079,2,0.0005389382915656157,0,5.1760713786195955,False,2,0.0005389382915656157,0
178000000000.0,20201080,2134,0.575047157100512,10,-0.5090298939161109,True,1652,0.4451630288331986,12
178000000000.0,20201081,2209,0.5952573430342226,21,-11.036197980417189,True,2142,0.5772029102667745,25
178000000000.0,20201082,113,0.03045001347345729,1,4.818717447259256,False,113,0.03045001347345729,1
178000000000.0,20201083,3330,0.8973322554567502,426,-3.107047885519252,True,3214,0.8660738345459444,497
178000000000.0,20201084,3235,0.8717326866073835,302,-4.468922005444403,True,3121,0.8410132039881434,352
178000000000.0,20201085,90,0.024252223120452707,0,1.0947234555138596,True,90,0.024252223120452707,0
178000000000.0,20201086,2711,0.7305308542171921,58,-2.2891375909635654,True,2533,0.6825653462678524,75
178000000000.0,20201087,1440,0.3880355699272433,4,-1.4660071201635887,True,1259,0.3392616545405551,2
178000000000.0,20201088,923,0.24872002155753167,0,0.6257853377724256,True,903,0.2433306386418755,0
178000000000.0,20201089,2453,0.6610078146052277,69,-1.0800219993850404,True,2272,0.6122338992185394,73
178000000000.0,20201090,1395,0.375909458367017,0,0.991036254315155,True,1205,0.3247103206682835,1
178000000000.0,20201091,1,0.00026946914578280785,1,0.7600923524978578,True,1,0.00026946914578280785,1
178000000000.0,20201092,2046,0.5513338722716249,12,3.509054489340441,False,1985,0.5348962543788737,12
178000000000.0,20201093,59,0.015898679601185663,0,-0.6939430701545044,True,59,0.015898679601185663,0
178000000000.0,20201094,1729,0.46591215305847483,0,2.5659702977436796,False,1669,0.44974400431150635,0
178000000000.0,20201095,2887,0.7779574238749664,45,1.228940857903868,True,2807,0.7563998922123417,48
178000000000.0,20201096,1,0.00026946914578280785,0,1.9897429328865606,True,1,0.00026946914578280785,0
178000000000.0,20201097,2041,0.5499865265427109,1,-2.6422954691211866,True,2038,0.5491781191053624,1
178000000000.0,20201098,3275,0.8825114524386958,332,-3.3523312526003872,True,3130,0.8434384263001886,402
178000000000.0,20201099,2737,0.7375370520075452,77,2.4254539707279177,False,2549,0.6868768526003772,78
178000000000.0,20201100,227,0.06116949609269739,0,-2.830308848423476,True,91,0.024521692266235517,0
178000000000.0,20201101,1016,0.2737806521153328,0,3.1809743722577064,False,937,0.25249258959849097,1
178000000000.0,20201102,14,0.00377256804095931,0,2.859753079850508,False,14,0.00377256804095931,0
178000000000.0,20201103,1306,0.3519267043923471,0,1.1216714712380718,True,1340,0.36108865534896256,0
178000000000.0,20201104,3335,0.8986796011856643,283,-2.1740818781923643,True,3171,0.8544866612772838,363
178000000000.0,20201105,17,0.004580975478307734,0,3.795552608855645,False,17,0.004580975478307734,0
178000000000.0,20201106,1879,0.506332524925896,0,-2.866978667354557,True,1880,0.5066019940716788,2
178000000000.0,20201107,1,0.00026946914578280785,1,0.08481091669362151,True,1,0.00026946914578280785,1
178000000000.0,20201108,16,0.004311506332524926,0,2.164500002147321,False,16,0.004311506332524926,0
178000000000.0,20201109,3324,0.8957154405820533,242,-1.2637915868108882,True,3085,0.8313123147399623,299
178000000000.0,20201110,480,0.1293451899757478,0,-0.09488232965181531,True,487,0.13123147399622742,0
178000000000.0,20201111,657,0.17704122877930478,0,-1.5583965178456571,True,534,0.1438965238480194,0
178000000000.0,20201112,3195,0.8609539207760711,214,-3.448465653875955,True,3014,0.812180005389383,249
178000000000.0,20201113,1042,0.2807868499056858,0,4.550503313366736,False,1042,0.2807868499056858,0
178000000000.0,20201114,2721,0.7332255456750202,51,-2.55810661719788,True,2656,0.7157100511991377,56
178000000000.0,20201115,630,0.16976556184316896,0,1.6142806887967085,True,637,0.17165184586364862,0
178000000000.0,20201116,3035,0.8178388574508219,162,-8.00663297692374,True,2832,0.7631366208569119,188
178000000000.0,20201117,24,0.0064672594987873885,0,-0.45093917024199737,True,24,0.0064672594987873885,0
178000000000.0,20201118,2040,0.549717057396928,14,-0.15884112234836678,True,1588,0.4279170035030989,11
178000000000.0,20201119,1632,0.4397736459175424,0,-2.7854352825157953,True,1672,0.45055241174885474,0
178000000000.0,20201120,52,0.01401239558070601,0,-0.23055591009211973,True,52,0.01401239558070601,0
178000000000.0,20201121,2795,0.753166262462948,83,-2.196239844658593,True,2517,0.6782538399353274,97
178000000000.0,20201122,3150,0.8488278092158448,175,-3.602907551193476,True,2867,0.7725680409593102,209
178000000000.0,20201123,0,0.0,0,,False,0,0.0,0
178000000000.0,20201124,2926,0.7884667205604958,125,-5.521133462237795,True,2713,0.7310697925087577,130
178000000000.0,20201125,190,0.05119913769873349,1,-1.9653921634585503,True,190,0.05119913769873349,1
178000000000.0,20201126,500,0.13473457289140395,0,-11.151783010920504,True,500,0.13473457289140395,0
178000000000.0,20201127,3182,0.8574508218808946,140,-5.1390682102255685,True,3163,0.8523309081110213,188
178000000000.0,20201128,79,0.021288062516841823,0,2.936891977143567,False,79,0.021288062516841823,0
178000000000.0,20201129,1,0.00026946914578280785,0,-4.905070417111616,True,1,0.00026946914578280785,0
178000000000.0,20201130,1861,0.5014820803018054,4,1.1217715841697737,True,1789,0.48208030180544326,4
178000000000.0,20201131,166,0.044731878199946104,0,,False,166,0.044731878199946104,0
178000000000.0,20201132,2018,0.5437887361897062,4,0.9983892216929551,True,1953,0.5262732417138237,0
178000000000.0,20201133,2030,0.5470223659390999,16,1.078620474484405,True,2133,0.5747776879547292,11
178000000000.0,20201134,3227,0.869576933441121,284,-5.318023544483992,True,3157,0.8507140932363244,340
178000000000.0,20201135,3357,0.904607922392886,415,-6.072031260030239,True,3279,0.883589329021827,491
178000000000.0,20201136,273,0.07356507679870655,1,-6.845142363584664,True,273,0.07356507679870655,1
178000000000.0,20201137,2787,0.7510105092966856,111,-1.2575176513503221,True,2714,0.7313392616545406,135
178000000000.0,20201138,170,0.04580975478307734,1,-0.6917026220510101,True,170,0.04580975478307734,1
178000000000.0,20201139,1442,0.38857450821880896,1,3.8143066723209937,False,1430,0.3853408784694152,1
178000000000.0,20201140,2,0.0005389382915656157,0,0.4789352317007136,True,2,0.0005389382915656157,0
178000000000.0,20201141,3355,0.9040689841013204,386,-3.197204073666314,True,3212,0.8655348962543788,470
178000000000.0,20201142,30,0.008084074373484237,0,,False,30,0.008084074373484237,0
178000000000.0,20201143,1927,0.5192670439234708,14,-0.9677562584514501,True,1931,0.520344920506602,15
178000000000.0,20201144,3293,0.8873618970627863,307,-3.157942320398466,True,3039,0.8189167340339532,338
178000000000.0,20201145,1637,0.44112099164645646,14,0.9809773951035687,True,1645,0.44327674481271895,17
178000000000.0,20201146,1,0.00026946914578280785,0,0.840127081285952,True,1,0.00026946914578280785,0
178000000000.0,20201147,2,0.0005389382915656157,1,0.20255924163765648,True,2,0.0005389382915656157,1
178000000000.0,20201148,0,0.0,0,-0.46522359678036995,True,0,0.0,0
178000000000.0,20201149,2082,0.561034761519806,25,-0.35840134144819125,True,1930,0.5200754513608192,29
178000000000.0,20201150,2733,0.7364591754244139,92,-2.995525716289565,True,2545,0.685798976017246,103
178000000000.0,20201151,37,0.009970358393963891,0,5.967769279680883,False,37,0.009970358393963891,0
178000000000.0,20201152,1,0.00026946914578280785,1,-0.6825965009752544,True,1,0.00026946914578280785,1
178000000000.0,20201153,97,0.026138507140932365,0,1.6612092351655905,True,97,0.026138507140932365,0
178000000000.0,20201154,170,0.04580975478307734,0,4.7555342842320005,False,170,0.04580975478307734,0
178000000000.0,20201155,556,0.14982484505524118,0,3.0652174844980804,False,457,0.1231473996227432,0
178000000000.0,20201156,48,0.012934518997574777,0,4.1456464344217405,False,48,0.012934518997574777,0
178000000000.0,20201157,3027,0.8156831042845594,103,-2.8937948601559853,True,2611,0.7035839396389113,105
178000000000.0,20201158,373,0.10051199137698734,0,-0.8268452964270443,True,373,0.10051199137698734,0
178000000000.0,20201159,3223,0.8684990568579898,199,-1.6449949853446801,True,3240,0.8730800323362975,218
178000000000.0,20201160,0,0.0,0,,False,0,0.0,0
178000000000.0,20201161,1938,0.5222312045270816,16,-0.15937090177091395,True,2007,0.5408245755860954,12
178000000000.0,20201162,26,0.007006197790353005,0,,False,26,0.007006197790353005,0
178000000000.0,20201163,1774,0.47803826461870114,7,-1.1405329197387521,True,1762,0.47480463486930746,13
178000000000.0,20201164,2115,0.5699272433306386,22,0.6332227366830683,True,1847,0.49770951226084614,23
178000000000.0,20201165,272,0.07329560765292374,0,-2.7661254048856314,True,272,0.07329560765292374,0
178000000000.0,20201166,3,0.0008084074373484236,0,,False,3,0.0008084074373484236,0
178000000000.0,20201167,1,0.00026946914578280785,0,3.2827760298292645,False,1,0.00026946914578280785,0
178000000000.0,20201168,100,0.026946914578280787,0,5.49050531270839,False,100,0.026946914578280787,0
178000000000.0,20201169,21,0.005658852061438965,0,,False,21,0.005658852061438965,0
178000000000.0,20201170,3073,0.8280786849905686,108,-2.4839250101088233,True,2781,0.7493936944219887,147
178000000000.0,20201171,2258,0.6084613311775802,20,3.426796511857102,False,2292,0.6176232821341956,32
178000000000.0,20201172,1866,0.5028294260307195,15,-0.0958876835792708,True,1766,0.4758825114524387,13
178000000000.0,20201173,2128,0.5734303422258151,26,-12.616659136917512,True,2136,0.5755860953920776,30
178000000000.0,20201174,24,0.0064672594987873885,0,5.909826326887934,False,24,0.0064672594987873885,0
178000000000.0,20201175,124,0.033414174077068176,1,-0.44612193620621454,True,124,0.033414174077068176,1
178000000000.0,20201176,40,0.010778765831312315,0,2.0943204086148324,False,40,0.010778765831312315,0
178000000000.0,20201177,2495,0.6723255187281056,46,-2.42227374058956,True,2282,0.6149285906763675,59
178000000000.0,20201178,400,0.10778765831312315,1,-0.08633635169678922,True,400,0.10778765831312315,1
178000000000.0,20201179,19,0.005119913769873349,0,3.829948487988003,False,19,0.005119913769873349,0
178000000000.0,20201180,2742,0.7388843977364592,36,0.9058616405436308,True,2665,0.718135273511183,37
178000000000.0,20201181,3160,0.8515225006736729,181,-2.470590452756083,True,2787,0.7510105092966856,215
178000000000.0,20201182,3358,0.9048773915386689,320,-4.059682872321844,True,3165,0.8528698464025869,367
178000000000.0,20201183,2842,0.76583131231474,86,2.3997690540078267,False,2786,0.7507410401509027,115
178000000000.0,20201184,2880,0.7760711398544866,43,-4.815760901349639,True,2790,0.751818916734034,59
178000000000.0,20201185,1398,0.3767178658043654,0,4.063315789638989,False,1406,0.3788736189706279,1
178000000000.0,20201186,3243,0.8738884397736459,220,-2.391323405499818,True,3148,0.8482888709242792,241
178000000000.0,20201187,953,0.2568040959310159,1,1.4444811852094634,True,970,0.26138507140932365,1
178000000000.0,20201188,1890,0.5092966855295069,0,2.919676020160641,False,1885,0.5079493398005929,0
178000000000.0,20201189,3047,0.8210724872002155,172,-2.1983608495301556,True,2944,0.7933171651845864,212
178000000000.0,20201190,89,0.0239827539746699,0,4.651625836348318,False,89,0.0239827539746699,0
178000000000.0,20201191,646,0.17407706817569388,0,-2.8829607965245554,True,1,0.00026946914578280785,0
178000000000.0,20201192,2446,0.6591215305847481,56,1.9307408134314588,True,2203,0.5936405281595257,50
178000000000.0,20201193,5,0.0013473457289140394,0,3.713445264193643,False,5,0.0013473457289140394,0
178000000000.0,20201194,102,0.0274858528698464,0,-0.6510400494404052,True,102,0.0274858528698464,0
178000000000.0,20201195,158,0.042576125033683646,0,3.3696981002776023,False,158,0.042576125033683646,0
178000000000.0,20201196,0,0.0,1,5.2213529808677945,False,0,0.0,1
178000000000.0,20201197,2,0.0005389382915656157,0,5.172456988053119,False,2,0.0005389382915656157,0
178000000000.0,20201198,10,0.0026946914578280788,0,6.163334434039694,False,10,0.0026946914578280788,0
178000000000.0,20201199,1120,0.3018054432767448,2,3.7599536718973496,False,1120,0.3018054432767448,2
178000000000.0,20201200,3116,0.8396658582592293,193,-2.382016021012335,True,3030,0.8164915117219078,223
237000000000.0,20201001,2950,0.7949339800592832,117,-1.3663811429320818,True,2764,0.744812718943681,158
237000000000.0,20201002,2204,0.5939099973053086,7,2.1764533615030124,False,2042,0.5502559956884937,8
237000000000.0,20201003,3151,0.8490972783616276,161,-1.0057621642007222,True,3093,0.8334680679062247,209
237000000000.0,20201004,2,0.0005389382915656157,1,0.46667241055194175,True,2,0.0005389382915656157,1
237000000000.0,20201005,2997,0.8075990299110751,122,-7.376355015605215,True,2831,0.7628671517111291,134
237000000000.0,20201006,2450,0.6601994071678793,20,-0.6986092890962938,True,2295,0.618431689571544,25
237000000000.0,20201007,3103,0.8361627593640528,187,-6.177329354588388,True,3082,0.8305039073026138,220
237000000000.0,20201008,3111,0.8383185125303153,125,-0.6728293887946633,True,3045,0.8205335489086499,149
237000000000.0,20201009,2975,0.8016707087038534,109,-1.1643490272194796,True,2719,0.7326866073834546,132
237000000000.0,20201010,0,0.0,0,3.0059665881574547,False,0,0.0,0
237000000000.0,20201011,2603,0.7014281864726489,29,-3.5268297763956182,True,2445,0.6588520614389652,28
237000000000.0,20201012,3244,0.8741579089194287,111,-0.054842477040995874,True,3098,0.8348154136351388,128
237000000000.0,20201013,3211,0.8652654271085961,206,-4.3758602585599915,True,3134,0.8445163028833199,228
237000000000.0,20201014,1,0.00026946914578280785,0,0.14793545282991438,True,1,0.00026946914578280785,0
237000000000.0,20201015,2763,0.7445432497978981,41,-8.479159909235273,True,2703,0.7283751010509296,39
237000000000.0,20201016,2256,0.6079223928860146,23,1.0835755652613415,True,2239,0.6033414174077069,33
237000000000.0,20201017,3338,0.8994880086230127,314,-2.226165683903649,True,3189,0.8593371059013742,386
237000000000.0,20201018,2569,0.6922662355160334,49,-0.11737015657024852,True,2403,0.6475343573160873,47
237000000000.0,20201019,848,0.22850983562382107,0,2.43257235038174,False,858,0.23120452708164915,0
237000000000.0,20201020,3279,0.883589329021827,308,-1.3152257264016383,True,3066,0.826192400970089,387
237000000000.0,20201021,131,0.03530045809754783,0,-5.950966682889597,True,3,0.0008084074373484236,0
237000000000.0,20201022,2863,0.7714901643761789,89,-2.2286373606117653,True,2734,0.7367286445701967,95
237000000000.0,20201023,850,0.2290487739153867,1,2.4124932086277884,False,846,0.22797089733225545,1
237000000000.0,20201024,3293,0.8873618970627863,263,-3.2643559103517843,True,3037,0.8183777957423874,314
237000000000.0,20201025,5,0.0013473457289140394,0,-0.9160203647650693,True,5,0.0013473457289140394,0
237000000000.0,20201026,3278,0.8833198598760442,275,-3.442335377777394,True,3206,0.8639180813796821,302
237000000000.0,20201027,3401,0.9164645648073295,372,-1.9977548207353144,True,3259,0.8781999461061708,425
237000000000.0,20201028,1511,0.40716787927782266,0,0.39347676663602993,True,1240,0.33414174077068176,0
237000000000.0,20201029,2410,0.649420641336567,19,-2.37686655030506,True,2142,0.5772029102667745,24
237000000000.0,20201030,2897,0.7806521153327944,80,-1.7718502957198519,True,2759,0.7434653732147669,84
237000000000.0,20201031,3154,0.849905685798976,126,-2.3867270743395075,True,3022,0.8143357585556453,157
237000000000.0,20201032,82,0.022096469954190245,0,0.758301456265249,True,82,0.022096469954190245,0
237000000000.0,20201033,2872,0.7739153866882242,77,0.3337441746416312,True,2609,0.7030450013473457,96
237000000000.0,20201034,2602,0.7011587173268661,43,-1.1356129193429503,True,2448,0.6596604688763137,39
237000000000.0,20201035,2966,0.7992454863918081,107,-1.2964899678535815,True,2815,0.7585556453786042,122
237000000000.0,20201036,3290,0.8865534896254379,230,-4.373860219936079,True,3138,0.8455941794664511,218
237000000000.0,20201037,2780,0.7491242252762059,70,1.6832555204519446,True,2646,0.7130153597413096,73
237000000000.0,20201038,6,0.0016168148746968471,0,,False,6,0.0016168148746968471,0
237000000000.0,20201039,2276,0.6133117758016707,9,0.45427746494227517,True,1911,0.5149555375909458,22
237000000000.0,20201040,34,0.009161950956615468,0,,False,34,0.009161950956615468,0
237000000000.0,20201041,1747,0.47076259768256534,8,1.9128879483224668,True,1775,0.478307733764484,7
237000000000.0,20201042,2987,0.804904338453247,109,0.04116257183249328,True,2832,0.7631366208569119,117
237000000000.0,20201043,0,0.0,0,,False,0,0.0,0
237000000000.0,20201044,3173,0.8550255995688494,115,1.095140485547148,True,3083,0.8307733764483967,145
237000000000.0,20201045,2,0.0005389382915656157,0,1.032818464748324,True,2,0.0005389382915656157,0
237000000000.0,20201046,2237,0.6028024791161412,22,-0.12788669477456072,True,2017,0.5435192670439235,16
237000000000.0,20201047,742,0.19994610617084344,0,2.9244775000891394,False,706,0.19024521692266236,0
237000000000.0,20201048,2155,0.5807060091619509,24,2.877230014660336,False,2055,0.5537590945836701,27
237000000000.0,20201049,17,0.004580975478307734,0,3.7900994573264355,False,17,0.004580975478307734,0
237000000000.0,20201050,2992,0.8062516841821611,76,0.8436689688656847,True,2804,0.7555914847749933,90
237000000000.0,20201051,2542,0.6849905685798976,30,-0.006416818223924814,True,2476,0.6672056049582323,35
237000000000.0,20201052,2855,0.7693344112099164,65,0.0420435517578408,True,2766,0.7453516572352465,81
237000000000.0,20201053,1606,0.4327674481271894,0,-2.7130160873382616,True,398,0.10724872002155753,0
237000000000.0,20201054,2549,0.6868768526003772,64,2.1812727095783657,False,2661,0.7170573969280517,86
237000000000.0,20201055,2948,0.7943950417677176,73,-1.4088857748805914,True,2958,0.7970897332255457,75
237000000000.0,20201056,2513,0.6771759633521962,22,3.2771410927268514,False,2492,0.6715171112907572,21
237000000000.0,20201057,2765,0.7450821880894638,43,-0.42768587970424754,True,2663,0.7175963352196173,40
237000000000.0,20201058,2586,0.6968472109943411,65,1.8505413062698093,True,2480,0.6682834815413635,71
237000000000.0,20201059,2592,0.698464025869038,25,1.8577349843081201,True,2504,0.6747507410401509,27
237000000000.0,20201060,142,0.038264618701158715,0,4.614610797254605,False,142,0.038264618701158715,0
237000000000.0,20201061,597,0.1608730800323363,0,-1.6139060125523086,True,597,0.1608730800323363,0
237000000000.0,20201062,2885,0.7774184855834007,69,-1.4212384836452125,True,2797,0.7537052007545136,85
237000000000.0,20201063,2084,0.5615736998113716,14,0.6605173698425908,True,2099,0.5656157369981137,19
237000000000.0,20201064,2766,0.7453516572352465,54,-0.6568744931147492,True,2613,0.704122877930477,50
237000000000.0,20201065,14,0.00377256804095931,0,6.428482832433176,False,14,0.00377256804095931,0
237000000000.0,20201066,749,0.2018323901913231,1,-5.717999137859049,True,749,0.2018323901913231,1
237000000000.0,20201067,3246,0.8746968472109944,199,-5.34816904569152,True,3076,0.828887092427917,228
237000000000.0,20201068,901,0.2427917003503099,1,4.386989928970714,False,896,0.24144435462139585,1
237000000000.0,20201069,3086,0.8315817838857451,101,-1.7658797458571192,True,2806,0.7561304230665589,115
237000000000.0,20201070,3416,0.9205066019940716,453,-4.067193193084102,True,3197,0.8614928590676367,531
237000000000.0,20201071,499,0.13446510374562112,0,1.1822753074479868,True,499,0.13446510374562112,0
237000000000.0,20201072,3366,0.9070331447049312,426,-3.9936852722426552,True,3258,0.8779304769603881,531
237000000000.0,20201073,3,0.0008084074373484236,0,-4.798252626999135,True,3,0.0008084074373484236,0
237000000000.0,20201074,0,0.0,0,,False,0,0.0,0
237000000000.0,20201075,2842,0.76583131231474,86,-1.0375144138060781,True,2629,0.7084343842630019,83
237000000000.0,20201076,3282,0.8843977364591754,377,-2.251167570980381,True,3171,0.8544866612772838,452
237000000000.0,20201077,2933,0.7903530045809755,82,1.608901907878808,True,2665,0.718135273511183,93
237000000000.0,20201078,495,0.1333872271624899,0,0.5058639900419744,True,484,0.130423066558879,0
237000000000.0,20201079,2,0.0005389382915656157,0,5.1760713786195955,False,2,0.0005389382915656157,0
237000000000.0,20201080,2184,0.5885206143896524,21,-0.5090298939161109,True,2133,0.5747776879547292,25
237000000000.0,20201081,2801,0.7547830773376448,32,-11.036197980417189,True,2307,0.6216653193209377,42
237000000000.0,20201082,179,0.04823497709512261,1,4.818717447259256,False,179,0.04823497709512261,1
237000000000.0,20201083,3363,0.9062247372675829,422,-3.107047885519252,True,3233,0.8711937483158179,526
237000000000.0,20201084,3380,0.9108057127458906,432,-4.468922005444403,True,3274,0.8822419832929129,518
237000000000.0,20201085,250,0.06736728644570197,0,1.0947234555138596,True,250,0.06736728644570197,0
237000000000.0,20201086,2918,0.7863109673942333,69,-2.2891375909635654,True,2821,0.760172460253301,88
237000000000.0,20201087,2085,0.5618431689571544,13,-1.4660071201635887,True,1764,0.47534357316087306,13
237000000000.0,20201088,1103,0.2972244677984371,1,0.6257853377724256,True,643,0.17326866073834546,0
237000000000.0,20201089,2849,0.7677175963352196,79,-1.0800219993850404,True,2650,0.7140932363244409,88
237000000000.0,20201090,1804,0.4861223389921854,1,0.991036254315155,True,1714,0.4618701158717327,2
237000000000.0,20201091,1,0.00026946914578280785,1,0.7600923524978578,True,1,0.00026946914578280785,1
237000000000.0,20201092,2374,0.6397197520883858,21,3.509054489340441,False,2361,0.6362166531932094,22
237000000000.0,20201093,118,0.031797359202371325,0,-0.6939430701545044,True,118,0.031797359202371325,0
237000000000.0,20201094,1184,0.3190514686068445,0,2.5659702977436796,False,1163,0.31339261654540557,0
237000000000.0,20201095,1926,0.5189975747776879,12,1.228940857903868,True,1911,0.5149555375909458,17
237000000000.0,20201096,1,0.00026946914578280785,0,1.9897429328865606,True,1,0.00026946914578280785,0
237000000000.0,20201097,1628,0.43869576933441123,0,-2.6422954691211866,True,1287,0.3468067906224737,1
237000000000.0,20201098,3363,0.9062247372675829,427,-3.3523312526003872,True,3245,0.8744273780652115,481
237000000000.0,20201099,3092,0.8331985987604419,107,2.4254539707279177,False,2946,0.793856103476152,127
237000000000.0,20201100,130,0.03503098895176502,0,-2.830308848423476,True,130,0.03503098895176502,0
237000000000.0,20201101,888,0.2392886014551334,1,3.1809743722577064,False,888,0.2392886014551334,1
237000000000.0,20201102,142,0.038264618701158715,0,2.859753079850508,False,160,0.04311506332524926,0
237000000000.0,20201103,1894,0.5103745621126381,0,1.1216714712380718,True,1931,0.520344920506602,0
237000000000.0,20201104,3251,0.8760441929399084,296,-2.1740818781923643,True,3045,0.8205335489086499,324
237000000000.0,20201105,5,0.0013473457289140394,0,3.795552608855645,False,5,0.0013473457289140394,0
237000000000.0,20201106,2467,0.664780382646187,20,-2.866978667354557,True,2349,0.6329830234438156,22
237000000000.0,20201107,1641,0.4421988682295877,1,0.08481091669362151,True,1556,0.419293990838049,1
237000000000.0,20201108,14,0.00377256804095931,0,2.164500002147321,False,14,0.00377256804095931,0
237000000000.0,20201109,3120,0.8407437348423605,231,-1.2637915868108882,True,2923,0.7876583131231474,264
237000000000.0,20201110,868,0.23389921853947723,1,-0.09488232965181531,True,868,0.23389921853947723,1
237000000000.0,20201111,2290,0.61708434384263,17,-1.5583965178456571,True,2355,0.6345998383185125,22
237000000000.0,20201112,3315,0.8932902182700081,254,-3.448465653875955,True,3038,0.8186472648881703,295
237000000000.0,20201113,538,0.14497440043115065,0,4.550503313366736,False,524,0.14120183239019132,0
237000000000.0,20201114,3118,0.8402047965507949,66,-2.55810661719788,True,2822,0.7604419293990838,83
237000000000.0,20201115,1292,0.34815413635138776,0,1.6142806887967085,True,1308,0.35246564268391267,0
237000000000.0,20201116,2987,0.804904338453247,98,-8.00663297692374,True,2740,0.7383454594448936,112
237000000000.0,20201117,747,0.20129345189975748,1,-0.45093917024199737,True,747,0.20129345189975748,1
237000000000.0,20201118,2250,0.6063055780113177,14,-0.15884112234836678,True,2080,0.5604958232282403,19
237000000000.0,20201119,1186,0.3195904068984101,0,-2.7854352825157953,True,738,0.19886822958771222,0
237000000000.0,20201120,138,0.037186742118027485,0,-0.23055591009211973,True,138,0.037186742118027485,0
237000000000.0,20201121,3057,0.8237671786580436,148,-2.196239844658593,True,2979,0.8027485852869847,195
237000000000.0,20201122,3250,0.8757747237941256,202,-3.602907551193476,True,3072,0.8278092158447857,223
237000000000.0,20201123,0,0.0,0,,False,0,0.0,0
237000000000.0,20201124,3242,0.8736189706278631,272,-5.521133462237795,True,3074,0.8283481541363514,334
237000000000.0,20201125,389,0.10482349770951226,1,-1.9653921634585503,True,389,0.10482349770951226,1
237000000000.0,20201126,472,0.1271894368094853,1,-11.151783010920504,True,472,0.1271894368094853,1
237000000000.0,20201127,3325,0.8959849097278362,270,-5.1390682102255685,True,3147,0.8480194017784963,296
237000000000.0,20201128,104,0.02802479116141202,0,2.936891977143567,False,104,0.02802479116141202,0
237000000000.0,20201129,1,0.00026946914578280785,0,-4.905070417111616,True,1,0.00026946914578280785,0
237000000000.0,20201130,2503,0.6744812718943681,18,1.1217715841697737,True,2438,0.6569657774184856,24
237000000000.0,20201131,257,0.06925357046618162,0,,False,257,0.06925357046618162,0
237000000000.0,20201132,868,0.23389921853947723,3,0.9983892216929551,True,776,0.20910805712745892,0
237000000000.0,20201133,2538,0.6839126919967664,20,1.078620474484405,True,2500,0.6736728644570197,38
237000000000.0,20201134,3299,0.8889787119374831,350,-5.318023544483992,True,3226,0.8693074642953382,418
237000000000.0,20201135,3352,0.903260576663972,355,-6.072031260030239,True,3242,0.8736189706278631,430
237000000000.0,20201136,695,0.18728105631905148,1,-6.845142363584664,True,669,0.18027485852869846,1
237000000000.0,20201137,2642,0.7119374831581784,27,-1.2575176513503221,True,2603,0.7014281864726489,31
237000000000.0,20201138,383,0.10320668283481542,0,-0.6917026220510101,True,383,0.10320668283481542,0
237000000000.0,20201139,1849,0.49824845055241174,2,3.8143066723209937,False,1542,0.41552142279708976,8
237000000000.0,20201140,3,0.0008084074373484236,0,0.4789352317007136,True,3,0.0008084074373484236,0
237000000000.0,20201141,3393,0.9143088116410671,516,-3.197204073666314,True,3299,0.8889787119374831,589
237000000000.0,20201142,36,0.009700889248181084,0,,False,36,0.009700889248181084,0
237000000000.0,20201143,2804,0.7555914847749933,30,-0.9677562584514501,True,2659,0.7165184586364861,24
237000000000.0,20201144,3258,0.8779304769603881,319,-3.157942320398466,True,3117,0.8399353274050121,396
237000000000.0,20201145,2224,0.5992993802209647,10,0.9809773951035687,True,2182,0.5879816760980867,16
237000000000.0,20201146,1,0.00026946914578280785,0,0.840127081285952,True,1,0.00026946914578280785,0
237000000000.0,20201147,3,0.0008084074373484236,1,0.20255924163765648,True,3,0.0008084074373484236,1
237000000000.0,20201148,0,0.0,0,-0.46522359678036995,True,0,0.0,0
237000000000.0,20201149,2901,0.7817299919159256,51,-0.35840134144819125,True,2452,0.6607383454594449,62
237000000000.0,20201150,3049,0.8216114254917812,100,-2.995525716289565,True,2667,0.7186742118027486,120
237000000000.0,20201151,49,0.013203988143357586,0,5.967769279680883,False,49,0.013203988143357586,0
237000000000.0,20201152,1,0.00026946914578280785,1,-0.6825965009752544,True,1,0.00026946914578280785,1
237000000000.0,20201153,220,0.059283212072217734,0,1.6612092351655905,True,220,0.059283212072217734,0
237000000000.0,20201154,687,0.185125303152789,0,4.7555342842320005,False,687,0.185125303152789,0
237000000000.0,20201155,726,0.19563459983831852,0,3.0652174844980804,False,573,0.1544058205335489,0
237000000000.0,20201156,52,0.01401239558070601,0,4.1456464344217405,False,52,0.01401239558070601,0
237000000000.0,20201157,3106,0.8369711668014013,106,-2.8937948601559853,True,3064,0.8256534626785234,99
237000000000.0,20201158,337,0.09081110212880625,0,-0.8268452964270443,True,337,0.09081110212880625,0
237000000000.0,20201159,3328,0.8967933171651846,207,-1.6449949853446801,True,3240,0.8730800323362975,244
237000000000.0,20201160,0,0.0,0,,False,0,0.0,0
237000000000.0,20201161,1871,0.5041767717596335,12,-0.15937090177091395,True,2099,0.5656157369981137,10
237000000000.0,20201162,28,0.00754513608191862,0,,False,28,0.00754513608191862,0
237000000000.0,20201163,1596,0.43007275666936134,3,-1.1405329197387521,True,1500,0.4042037186742118,3
237000000000.0,20201164,2941,0.792508757747238,56,0.6332227366830683,True,2526,0.6806790622473726,65
237000000000.0,20201165,754,0.20317973592023714,0,-2.7661254048856314,True,621,0.16734033953112368,1
237000000000.0,20201166,3,0.0008084074373484236,0,,False,3,0.0008084074373484236,0
237000000000.0,20201167,1,0.00026946914578280785,0,3.2827760298292645,False,1,0.00026946914578280785,0
237000000000.0,20201168,100,0.026946914578280787,0,5.49050531270839,False,100,0.026946914578280787,0
237000000000.0,20201169,18,0.004850444624090542,0,,False,18,0.004850444624090542,0
237000000000.0,20201170,3369,0.9078415521422797,341,-2.4839250101088233,True,3191,0.85987604419294,390
237000000000.0,20201171,2973,0.8011317704122878,48,3.426796511857102,False,2623,0.7068175693883051,57
237000000000.0,20201172,2484,0.6693613581244947,19,-0.0958876835792708,True,2490,0.6709781729991916,25
237000000000.0,20201173,2520,0.6790622473726758,56,-12.616659136917512,True,2490,0.6709781729991916,57
237000000000.0,20201174,36,0.009700889248181084,0,5.909826326887934,False,36,0.009700889248181084,0
237000000000.0,20201175,2434,0.6558879008353543,18,-0.44612193620621454,True,1822,0.49097278361627594,19
237000000000.0,20201176,1447,0.389921853947723,2,2.0943204086148324,False,1447,0.389921853947723,2
237000000000.0,20201177,2734,0.7367286445701967,52,-2.42227374058956,True,2300,0.6197790353004581,60
237000000000.0,20201178,1278,0.34438156831042843,0,-0.08633635169678922,True,1229,0.3311775801670709,1
237000000000.0,20201179,327,0.08811641067097817,0,3.829948487988003,False,327,0.08811641067097817,0
237000000000.0,20201180,2864,0.7717596335219618,34,0.9058616405436308,True,2811,0.7574777687954729,44
237000000000.0,20201181,3284,0.884936674750741,240,-2.470590452756083,True,3036,0.8181083265966047,325
237000000000.0,20201182,3380,0.9108057127458906,373,-4.059682872321844,True,3238,0.8725410940447319,465
237000000000.0,20201183,3069,0.8270008084074374,169,2.3997690540078267,False,2845,0.7666397197520883,179
237000000000.0,20201184,2989,0.8054432767448128,53,-4.815760901349639,True,2416,0.6510374562112639,48
237000000000.0,20201185,1468,0.39558070600916195,0,4.063315789638989,False,1444,0.38911344651037455,0
237000000000.0,20201186,3261,0.8787388843977365,253,-2.391323405499818,True,3113,0.8388574508218809,287
237000000000.0,20201187,1235,0.3327943950417677,1,1.4444811852094634,True,1142,0.3077337644839666,1
237000000000.0,20201188,1383,0.3726758286176233,1,2.919676020160641,False,1317,0.35489086499595796,1
237000000000.0,20201189,3205,0.8636486122338992,236,-2.1983608495301556,True,3022,0.8143357585556453,270
237000000000.0,20201190,252,0.06790622473726758,1,4.651625836348318,False,252,0.06790622473726758,1
237000000000.0,20201191,2,0.0005389382915656157,0,-2.8829607965245554,True,2,0.0005389382915656157,0
237000000000.0,20201192,2794,0.7528967933171652,77,1.9307408134314588,True,2664,0.7178658043654002,86
237000000000.0,20201193,18,0.004850444624090542,0,3.713445264193643,False,18,0.004850444624090542,0
237000000000.0,20201194,125,0.03368364322285099,0,-0.6510400494404052,True,125,0.03368364322285099,0
237000000000.0,20201195,1432,0.3858798167609809,0,3.3696981002776023,False,1432,0.3858798167609809,0
237000000000.0,20201196,0,0.0,1,5.2213529808677945,False,0,0.0,1
237000000000.0,20201197,2,0.0005389382915656157,0,5.172456988053119,False,2,0.0005389382915656157,0
237000000000.0,20201198,12,0.0032336297493936943,0,6.163334434039694,False,12,0.0032336297493936943,0
237000000000.0,20201199,1083,0.2918350848827809,0,3.7599536718973496,False,1050,0.28294260307194824,1
237000000000.0,20201200,3229,0.8701158717326866,230,-2.382016021012335,True,3158,0.8509835623821073,262
316000000000.0,20201001,3194,0.8606844516302883,105,-1.3663811429320818,True,3009,0.8108326596604689,110
316000000000.0,20201002,2204,0.5939099973053086,24,2.1764533615030124,False,2052,0.5529506871463218,23
316000000000.0,20201003,3183,0.8577202910266775,161,-1.0057621642007222,True,2933,0.7903530045809755,215
316000000000.0,20201004,6,0.0016168148746968471,1,0.46667241055194175,True,6,0.0016168148746968471,1
316000000000.0,20201005,3008,0.8105631905146861,166,-7.376355015605215,True,2805,0.7558609539207761,184
316000000000.0,20201006,2644,0.712476421449744,34,-0.6986092890962938,True,2402,0.6472648881703045,42
316000000000.0,20201007,3146,0.8477499326327136,205,-6.177329354588388,True,2908,0.7836162759364053,232
316000000000.0,20201008,3169,0.8539477229857181,168,-0.6728293887946633,True,3093,0.8334680679062247,193
316000000000.0,20201009,3034,0.8175693883050391,119,-1.1643490272194796,True,2730,0.7356507679870655,142
316000000000.0,20201010,0,0.0,0,3.0059665881574547,False,0,0.0,0
316000000000.0,20201011,2556,0.6887631366208569,37,-3.5268297763956182,True,2098,0.5653462678523309,29
316000000000.0,20201012,3171,0.8544866612772838,93,-0.054842477040995874,True,3165,0.8528698464025869,113
316000000000.0,20201013,3281,0.8841282673133927,270,-4.3758602585599915,True,3189,0.8593371059013742,323
316000000000.0,20201014,1,0.00026946914578280785,0,0.14793545282991438,True,1,0.00026946914578280785,0
316000000000.0,20201015,2775,0.7477768795472919,44,-8.479159909235273,True,2644,0.712476421449744,49
316000000000.0,20201016,2262,0.6095392077607114,35,1.0835755652613415,True,2272,0.6122338992185394,28
316000000000.0,20201017,3340,0.9000269469145783,264,-2.226165683903649,True,3251,0.8760441929399084,296
316000000000.0,20201018,2229,0.6006467259498788,20,-0.11737015657024852,True,2267,0.6108865534896254,24
316000000000.0,20201019,917,0.2471032066828348,1,2.43257235038174,False,941,0.2535704661816222,2
316000000000.0,20201020,3367,0.9073026138507141,361,-1.3152257264016383,True,3200,0.8623012665049852,417
316000000000.0,20201021,3,0.0008084074373484236,0,-5.950966682889597,True,3,0.0008084074373484236,0
316000000000.0,20201022,3133,0.8442468337375371,163,-2.2286373606117653,True,2966,0.7992454863918081,196
316000000000.0,20201023,1730,0.46618162220425763,2,2.4124932086277884,False,1708,0.4602533009970358,2
316000000000.0,20201024,3395,0.9148477499326327,286,-3.2643559103517843,True,3282,0.8843977364591754,366
316000000000.0,20201025,5,0.0013473457289140394,0,-0.9160203647650693,True,5,0.0013473457289140394,0
316000000000.0,20201026,3361,0.9056857989760172,325,-3.442335377777394,True,3177,0.8561034761519806,380
316000000000.0,20201027,3396,0.9151172190784155,387,-1.9977548207353144,True,3259,0.8781999461061708,479
316000000000.0,20201028,1959,0.5278900565885206,0,0.39347676663602993,True,1947,0.5246564268391269,1
316000000000.0,20201029,2865,0.7720291026677445,55,-2.37686655030506,True,2650,0.7140932363244409,64
316000000000.0,20201030,2938,0.7917003503098895,90,-1.7718502957198519,True,2739,0.7380759902991108,98
316000000000.0,20201031,3108,0.8375101050929669,186,-2.3867270743395075,True,3004,0.8094853139315549,215
316000000000.0,20201032,56,0.01509027216383724,0,0.758301456265249,True,56,0.01509027216383724,0
316000000000.0,20201033,2837,0.764483966585826,51,0.3337441746416312,True,2679,0.7219078415521423,76
316000000000.0,20201034,2557,0.6890326057666397,37,-1.1356129193429503,True,2484,0.6693613581244947,52
316000000000.0,20201035,3086,0.8315817838857451,166,-1.2964899678535815,True,2898,0.7809215844785772,183
316000000000.0,20201036,3201,0.862570735650768,261,-4.373860219936079,True,3162,0.8520614389652384,309
316000000000.0,20201037,2725,0.7343034222581515,58,1.6832555204519446,True,2645,0.7127458905955268,62
316000000000.0,20201038,5,0.0013473457289140394,0,,False,5,0.0013473457289140394,0
316000000000.0,20201039,2191,0.590406898410132,13,0.45427746494227517,True,2085,0.5618431689571544,6
316000000000.0,20201040,44,0.011856642414443546,0,,False,44,0.011856642414443546,0
316000000000.0,20201041,2584,0.6963082727027755,19,1.9128879483224668,True,2468,0.6650498517919698,20
316000000000.0,20201042,3124,0.8418216114254918,173,0.04116257183249328,True,3013,0.8119105362436001,207
316000000000.0,20201043,0,0.0,0,,False,0,0.0,0
316000000000.0,20201044,3055,0.823228240366478,138,1.095140485547148,True,2904,0.7825383993532741,150
316000000000.0,20201045,1217,0.32794395041767715,0,1.032818464748324,True,1217,0.32794395041767715,0
316000000000.0,20201046,2422,0.6526542710859606,24,-0.12788669477456072,True,2388,0.6434923201293452,25
316000000000.0,20201047,421,0.11344651037456212,0,2.9244775000891394,False,403,0.10859606575047157,0
316000000000.0,20201048,2546,0.6860684451630288,63,2.877230014660336,False,2539,0.6841821611425492,55
316000000000.0,20201049,23,0.006197790353004581,0,3.7900994573264355,False,23,0.006197790353004581,0
316000000000.0,20201050,2726,0.7345728914039342,66,0.8436689688656847,True,2617,0.7052007545136082,75
316000000000.0,20201051,2350,0.6332524925895985,34,-0.006416818223924814,True,2146,0.5782807868499057,34
316000000000.0,20201052,3018,0.8132578819725141,99,0.0420435517578408,True,2911,0.7844246833737537,96
316000000000.0,20201053,1710,0.46079223928860147,1,-2.7130160873382616,True,393,0.1059013742926435,0
316000000000.0,20201054,2706,0.7291835084882781,60,2.1812727095783657,False,2387,0.6432228509835624,69
316000000000.0,20201055,2939,0.7919698194556724,69,-1.4088857748805914,True,2758,0.7431959040689841,81
316000000000.0,20201056,2222,0.598760441929399,22,3.2771410927268514,False,2133,0.5747776879547292,24
316000000000.0,20201057,2764,0.744812718943681,42,-0.42768587970424754,True,2736,0.7372675828617623,47
316000000000.0,20201058,3046,0.8208030180544328,151,1.8505413062698093,True,2934,0.7906224737267583,187
316000000000.0,20201059,2463,0.6637025060630558,9,1.8577349843081201,True,2380,0.6413365669630827,12
316000000000.0,20201060,480,0.1293451899757478,0,4.614610797254605,False,480,0.1293451899757478,0
316000000000.0,20201061,455,0.12260846133117757,0,-1.6139060125523086,True,455,0.12260846133117757,0
316000000000.0,20201062,2988,0.8051738075990299,79,-1.4212384836452125,True,2668,0.7189436809485313,89
316000000000.0,20201063,2513,0.6771759633521962,22,0.6605173698425908,True,2526,0.6806790622473726,21
316000000000.0,20201064,2778,0.7485852869846402,57,-0.6568744931147492,True,2600,0.7006197790353005,52
316000000000.0,20201065,16,0.004311506332524926,0,6.428482832433176,False,16,0.004311506332524926,0
316000000000.0,20201066,21,0.005658852061438965,1,-5.717999137859049,True,21,0.005658852061438965,1
316000000000.0,20201067,3246,0.8746968472109944,290,-5.34816904569152,True,3038,0.8186472648881703,332
316000000000.0,20201068,1322,0.356238210724872,1,4.386989928970714,False,1320,0.3556992724333064,1
316000000000.0,20201069,3100,0.8353543519267044,112,-1.7658797458571192,True,2883,0.7768795472918351,142
316000000000.0,20201070,3399,0.9159256265157639,487,-4.067193193084102,True,3270,0.8811641067097817,582
316000000000.0,20201071,42,0.01131770412287793,0,1.1822753074479868,True,42,0.01131770412287793,0
316000000000.0,20201072,3380,0.9108057127458906,436,-3.9936852722426552,True,3212,0.8655348962543788,521
316000000000.0,20201073,3,0.0008084074373484236,0,-4.798252626999135,True,3,0.0008084074373484236,0
316000000000.0,20201074,0,0.0,0,,False,0,0.0,0
316000000000.0,20201075,3176,0.8558340070061978,154,-1.0375144138060781,True,2870,0.7733764483966585,186
316000000000.0,20201076,3359,0.9051468606844516,426,-2.251167570980381,True,3272,0.8817030450013473,526
316000000000.0,20201077,2894,0.779843707895446,73,1.608901907878808,True,2763,0.7445432497978981,88
316000000000.0,20201078,1690,0.4554028563729453,9,0.5058639900419744,True,1728,0.465642683912692,12
316000000000.0,20201079,2,0.0005389382915656157,0,5.1760713786195955,False,2,0.0005389382915656157,0
316000000000.0,20201080,2466,0.6645109135004043,30,-0.5090298939161109,True,2462,0.663433036917273,34
316000000000.0,20201081,2657,0.7159795203449205,40,-11.036197980417189,True,2705,0.7289140393424953,42
316000000000.0,20201082,86,0.023174346537321477,0,4.818717447259256,False,86,0.023174346537321477,0
316000000000.0,20201083,3358,0.9048773915386689,481,-3.107047885519252,True,3258,0.8779304769603881,589
316000000000.0,20201084,3471,0.9353274050121261,510,-4.468922005444403,True,3387,0.9126919967663703,607
316000000000.0,20201085,2193,0.5909458367016976,1,1.0947234555138596,True,2179,0.5871732686607384,1
316000000000.0,20201086,3123,0.841552142279709,103,-2.2891375909635654,True,2928,0.7890056588520614,135
316000000000.0,20201087,2563,0.6906494206413366,22,-1.4660071201635887,True,2295,0.618431689571544,31
316000000000.0,20201088,1306,0.3519267043923471,0,0.6257853377724256,True,1367,0.36836432228509836,1
316000000000.0,20201089,2767,0.7456211263810294,108,-1.0800219993850404,True,2658,0.7162489894907034,117
316000000000.0,20201090,2136,0.5755860953920776,12,0.991036254315155,True,2115,0.5699272433306386,14
316000000000.0,20201091,1,0.00026946914578280785,1,0.7600923524978578,True,1,0.00026946914578280785,1
316000000000.0,20201092,2252,0.6068445163028833,14,3.509054489340441,False,2284,0.6154675289679332,10
316000000000.0,20201093,1477,0.39800592832120724,0,-0.6939430701545044,True,1126,0.30342225815144164,0
316000000000.0,20201094,1629,0.43896523848019403,0,2.5659702977436796,False,1596,0.43007275666936134,0
316000000000.0,20201095,2004,0.540016168148747,25,1.228940857903868,True,1821,0.49070331447049315,25
316000000000.0,20201096,189,0.05092966855295069,0,1.9897429328865606,True,189,0.05092966855295069,0
316000000000.0,20201097,1924,0.5184586364861223,0,-2.6422954691211866,True,1792,0.4828887092427917,0
316000000000.0,20201098,3292,0.8870924279170035,374,-3.3523312526003872,True,3218,0.8671517111290757,420
316000000000.0,20201099,3044,0.8202640797628672,138,2.4254539707279177,False,2952,0.7954729183508489,159
316000000000.0,20201100,527,0.14201023982753974,0,-2.830308848423476,True,9,0.002425222312045271,0
316000000000.0,20201101,1744,0.4699541902452169,1,3.1809743722577064,False,1744,0.4699541902452169,1
316000000000.0,20201102,206,0.055510644031258424,0,2.859753079850508,False,206,0.055510644031258424,0
316000000000.0,20201103,2025,0.5456750202101859,0,1.1216714712380718,True,1819,0.4901643761789275,1
316000000000.0,20201104,3305,0.89059552681218,314,-2.1740818781923643,True,3232,0.870924279170035,349
316000000000.0,20201105,11,0.0029641606036108865,0,3.795552608855645,False,11,0.0029641606036108865,0
316000000000.0,20201106,2909,0.7838857450821881,58,-2.866978667354557,True,2793,0.7526273241713823,62
316000000000.0,20201107,2094,0.5642683912691997,1,0.08481091669362151,True,2104,0.5669630827270278,1
316000000000.0,20201108,18,0.004850444624090542,0,2.164500002147321,False,18,0.004850444624090542,0
316000000000.0,20201109,3246,0.8746968472109944,280,-1.2637915868108882,True,3124,0.8418216114254918,323
316000000000.0,20201110,19,0.005119913769873349,1,-0.09488232965181531,True,19,0.005119913769873349,1
316000000000.0,20201111,1675,0.4513608191862032,2,-1.5583965178456571,True,1610,0.43384532471032067,0
316000000000.0,20201112,3388,0.9129614659121531,291,-3.448465653875955,True,3221,0.8679601185664242,357
316000000000.0,20201113,1663,0.44812718943680946,0,4.550503313366736,False,1663,0.44812718943680946,0
316000000000.0,20201114,3063,0.8253839935327405,107,-2.55810661719788,True,3001,0.8086769064942064,130
316000000000.0,20201115,745,0.20075451360819185,0,1.6142806887967085,True,745,0.20075451360819185,0
316000000000.0,20201116,3151,0.8490972783616276,141,-8.00663297692374,True,2838,0.7647534357316087,155
316000000000.0,20201117,1009,0.2718943680948531,0,-0.45093917024199737,True,950,0.2559956884936675,0
316000000000.0,20201118,2358,0.635408245755861,15,-0.15884112234836678,True,2445,0.6588520614389652,22
316000000000.0,20201119,2091,0.5634599838318513,8,-2.7854352825157953,True,2079,0.5602263540824576,10
316000000000.0,20201120,145,0.03907302613850714,0,-0.23055591009211973,True,145,0.03907302613850714,0
316000000000.0,20201121,3145,0.8474804634869307,160,-2.196239844658593,True,2907,0.7833468067906225,207
316000000000.0,20201122,3297,0.8884397736459175,295,-3.602907551193476,True,3226,0.8693074642953382,357
316000000000.0,20201123,0,0.0,0,,False,0,0.0,0
316000000000.0,20201124,3299,0.8889787119374831,310,-5.521133462237795,True,3099,0.8350848827809216,355
316000000000.0,20201125,513,0.13823767178658045,2,-1.9653921634585503,True,513,0.13823767178658045,2
316000000000.0,20201126,1231,0.3317165184586365,0,-11.151783010920504,True,1231,0.3317165184586365,0
316000000000.0,20201127,3318,0.8940986257073565,253,-5.1390682102255685,True,3223,0.8684990568579898,292
316000000000.0,20201128,42,0.01131770412287793,0,2.936891977143567,False,42,0.01131770412287793,0
316000000000.0,20201129,1,0.00026946914578280785,0,-4.905070417111616,True,1,0.00026946914578280785,0
316000000000.0,20201130,2515,0.6777149016437618,21,1.1217715841697737,True,2475,0.6669361358124495,21
316000000000.0,20201131,285,0.07679870654810024,0,,False,285,0.07679870654810024,0
316000000000.0,20201132,1753,0.4723794125572622,1,0.9983892216929551,True,1752,0.4721099434114794,1
316000000000.0,20201133,2609,0.7030450013473457,16,1.078620474484405,True,2662,0.7173268660738346,21
316000000000.0,20201134,3349,0.9024521692266235,354,-5.318023544483992,True,3166,0.8531393155483697,411
316000000000.0,20201135,3348,0.9021827000808408,500,-6.072031260030239,True,3262,0.8790083535435192,564
316000000000.0,20201136,841,0.2266235516033414,1,-6.845142363584664,True,841,0.2266235516033414,1
316000000000.0,20201137,2982,0.8035569927243331,67,-1.2575176513503221,True,2820,0.7599029911075182,75
316000000000.0,20201138,382,0.10293721368903261,0,-0.6917026220510101,True,382,0.10293721368903261,0
316000000000.0,20201139,2331,0.6281325788197252,9,3.8143066723209937,False,2327,0.6270547022365939,15
316000000000.0,20201140,115,0.030988951765022903,0,0.4789352317007136,True,126,0.03395311236863379,0
316000000000.0,20201141,3360,0.9054163298302345,488,-3.197204073666314,True,3236,0.8720021557531663,595
316000000000.0,20201142,34,0.009161950956615468,0,,False,34,0.009161950956615468,0
316000000000.0,20201143,1698,0.45755860953920774,16,-0.9677562584514501,True,1675,0.4513608191862032,15
316000000000.0,20201144,3382,0.9113446510374562,411,-3.157942320398466,True,3258,0.8779304769603881,512
316000000000.0,20201145,2836,0.7642144974400431,49,0.9809773951035687,True,2672,0.7200215575316626,54
316000000000.0,20201146,1,0.00026946914578280785,0,0.840127081285952,True,1,0.00026946914578280785,0
316000000000.0,20201147,4,0.0010778765831312314,1,0.20255924163765648,True,4,0.0010778765831312314,1
316000000000.0,20201148,0,0.0,0,-0.46522359678036995,True,0,0.0,0
316000000000.0,20201149,2594,0.6990029641606036,37,-0.35840134144819125,True,2500,0.6736728644570197,37
316000000000.0,20201150,3022,0.8143357585556453,107,-2.995525716289565,True,2653,0.7149016437617893,130
316000000000.0,20201151,209,0.05631905146860684,0,5.967769279680883,False,209,0.05631905146860684,0
316000000000.0,20201152,1,0.00026946914578280785,1,-0.6825965009752544,True,1,0.00026946914578280785,1
316000000000.0,20201153,303,0.08164915117219078,0,1.6612092351655905,True,303,0.08164915117219078,0
316000000000.0,20201154,782,0.21072487200215576,0,4.7555342842320005,False,782,0.21072487200215576,0
316000000000.0,20201155,826,0.2225815144165993,0,3.0652174844980804,False,617,0.16626246294799246,0
316000000000.0,20201156,55,0.014820803018054433,0,4.1456464344217405,False,55,0.014820803018054433,0
316000000000.0,20201157,3070,0.8272702775532201,119,-2.8937948601559853,True,2838,0.7647534357316087,121
316000000000.0,20201158,596,0.16060361088655348,0,-0.8268452964270443,True,596,0.16060361088655348,0
316000000000.0,20201159,3334,0.8984101320398814,287,-1.6449949853446801,True,3279,0.883589329021827,333
316000000000.0,20201160,0,0.0,0,,False,0,0.0,0
316000000000.0,20201161,1749,0.47130153597413094,0,-0.15937090177091395,True,1715,0.4621395850175155,1
316000000000.0,20201162,27,0.007275666936135812,0,,False,27,0.007275666936135812,0
316000000000.0,20201163,2977,0.8022096469954191,77,-1.1405329197387521,True,2717,0.732147669091889,85
316000000000.0,20201164,2920,0.7868499056857989,91,0.6332227366830683,True,2683,0.7229857181352735,115
316000000000.0,20201165,1996,0.5378604149824845,0,-2.7661254048856314,True,2071,0.5580706009161951,0
316000000000.0,20201166,3,0.0008084074373484236,0,,False,3,0.0008084074373484236,0
316000000000.0,20201167,1,0.00026946914578280785,0,3.2827760298292645,False,1,0.00026946914578280785,0
316000000000.0,20201168,157,0.042306655887900835,0,5.49050531270839,False,157,0.042306655887900835,0
316000000000.0,20201169,36,0.009700889248181084,0,,False,36,0.009700889248181084,0
316000000000.0,20201170,3334,0.8984101320398814,397,-2.4839250101088233,True,3210,0.8649959579628133,450
316000000000.0,20201171,2682,0.7227162489894907,70,3.426796511857102,False,2647,0.7132848288870924,74
316000000000.0,20201172,2406,0.6483427647534358,16,-0.0958876835792708,True,2372,0.6391808137968202,19
316000000000.0,20201173,2999,0.8081379682026408,49,-12.616659136917512,True,2784,0.7502021018593371,56
316000000000.0,20201174,48,0.012934518997574777,0,5.909826326887934,False,48,0.012934518997574777,0
316000000000.0,20201175,1950,0.5254648342764754,17,-0.44612193620621454,True,1983,0.534357316087308,20
316000000000.0,20201176,1789,0.48208030180544326,1,2.0943204086148324,False,1899,0.5117219078415521,1
316000000000.0,20201177,3033,0.8172999191592563,69,-2.42227374058956,True,2669,0.7192131500943142,97
316000000000.0,20201178,1635,0.44058205335489087,2,-0.08633635169678922,True,1649,0.4443546213958502,0
316000000000.0,20201179,27,0.007275666936135812,0,3.829948487988003,False,27,0.007275666936135812,0
316000000000.0,20201180,2893,0.7795742387496631,47,0.9058616405436308,True,2943,0.7930476960388035,59
316000000000.0,20201181,3042,0.8197251414713015,130,-2.470590452756083,True,2742,0.7388843977364592,159
316000000000.0,20201182,3302,0.8897871193748316,278,-4.059682872321844,True,3231,0.8706548100242523,350
316000000000.0,20201183,3192,0.8601455133387227,204,2.3997690540078267,False,2990,0.8057127458905955,222
316000000000.0,20201184,3102,0.83589329021827,88,-4.815760901349639,True,2909,0.7838857450821881,99
316000000000.0,20201185,1304,0.3513877661007815,1,4.063315789638989,False,1278,0.34438156831042843,0
316000000000.0,20201186,3367,0.9073026138507141,341,-2.391323405499818,True,3284,0.884936674750741,361
316000000000.0,20201187,646,0.17407706817569388,3,1.4444811852094634,True,716,0.19293990838049044,2
316000000000.0,20201188,1253,0.33764483966585823,1,2.919676020160641,False,1180,0.3179735920237133,1
316000000000.0,20201189,3226,0.8693074642953382,221,-2.1983608495301556,True,3043,0.8199946106170843,253
316000000000.0,20201190,902,0.2430611694960927,0,4.651625836348318,False,902,0.2430611694960927,0
316000000000.0,20201191,1286,0.3465373214766909,0,-2.8829607965245554,True,62,0.016707087038534088,0
316000000000.0,20201192,3212,0.8655348962543788,174,1.9307408134314588,True,3161,0.8517919698194557,189
316000000000.0,20201193,1557,0.4195634599838319,0,3.713445264193643,False,1557,0.4195634599838319,0
316000000000.0,20201194,631,0.17003503098895176,0,-0.6510400494404052,True,631,0.17003503098895176,0
316000000000.0,20201195,196,0.052815952573430344,1,3.3696981002776023,False,196,0.052815952573430344,1
316000000000.0,20201196,0,0.0,1,5.2213529808677945,False,0,0.0,1
316000000000.0,20201197,2,0.0005389382915656157,0,5.172456988053119,False,2,0.0005389382915656157,0
316000000000.0,20201198,15,0.004042037186742118,0,6.163334434039694,False,15,0.004042037186742118,0
316000000000.0,20201199,1510,0.40689841013203987,1,3.7599536718973496,False,1512,0.4074373484236055,2
316000000000.0,20201200,3377,0.9099973053085422,343,-2.382016021012335,True,3257,0.8776610078146052,441
422000000000.0,20201001,3231,0.8706548100242523,162,-1.3663811429320818,True,3112,0.838587981676098,175
422000000000.0,20201002,2332,0.6284020479655079,22,2.1764533615030124,False,2389,0.643761789275128,18
422000000000.0,20201003,3210,0.8649959579628133,188,-1.0057621642007222,True,3150,0.8488278092158448,228
422000000000.0,20201004,8,0.002155753166262463,1,0.46667241055194175,True,8,0.002155753166262463,1
422000000000.0,20201005,3196,0.861223389921854,183,-7.376355015605215,True,3169,0.8539477229857181,198
422000000000.0,20201006,2699,0.7272972244677984,45,-0.6986092890962938,True,2690,0.7248720021557532,41
422000000000.0,20201007,3313,0.8927512799784425,267,-6.177329354588388,True,3149,0.8485583400700619,318
422000000000.0,20201008,3225,0.8690379951495554,162,-0.6728293887946633,True,3116,0.8396658582592293,183
422000000000.0,20201009,3161,0.8517919698194557,136,-1.1643490272194796,True,2823,0.7607113985448666,156
422000000000.0,20201010,0,0.0,0,3.0059665881574547,False,0,0.0,0
422000000000.0,20201011,2484,0.6693613581244947,28,-3.5268297763956182,True,2434,0.6558879008353543,25
422000000000.0,20201012,3329,0.8970627863109674,165,-0.054842477040995874,True,3200,0.8623012665049852,196
422000000000.0,20201013,3340,0.9000269469145783,379,-4.3758602585599915,True,3143,0.8469415251953651,431
422000000000.0,20201014,1,0.00026946914578280785,0,0.14793545282991438,True,1,0.00026946914578280785,0
422000000000.0,20201015,2897,0.7806521153327944,52,-8.479159909235273,True,2712,0.730800323362975,63
422000000000.0,20201016,2218,0.5976825653462678,23,1.0835755652613415,True,1957,0.527351118296955,26
422000000000.0,20201017,3392,0.9140393424952843,397,-2.226165683903649,True,3202,0.8628402047965508,474
422000000000.0,20201018,3060,0.824575586095392,89,-0.11737015657024852,True,2880,0.7760711398544866,97
422000000000.0,20201019,2416,0.6510374562112639,15,2.43257235038174,False,2431,0.655079493398006,15
422000000000.0,20201020,3421,0.9218539477229857,565,-1.3152257264016383,True,3303,0.8900565885206144,661
422000000000.0,20201021,4,0.0010778765831312314,0,-5.950966682889597,True,4,0.0010778765831312314,0
422000000000.0,20201022,3251,0.8760441929399084,156,-2.2286373606117653,True,3021,0.8140662894098626,172
422000000000.0,20201023,1703,0.4589059552681218,1,2.4124932086277884,False,1662,0.44785772029102666,2
422000000000.0,20201024,3336,0.898949070331447,269,-3.2643559103517843,True,3105,0.8367016976556184,312
422000000000.0,20201025,5,0.0013473457289140394,0,-0.9160203647650693,True,5,0.0013473457289140394,0
422000000000.0,20201026,3322,0.8951765022904877,368,-3.442335377777394,True,3262,0.8790083535435192,421
422000000000.0,20201027,3453,0.9304769603880356,422,-1.9977548207353144,True,3303,0.8900565885206144,505
422000000000.0,20201028,1615,0.4351926704392347,1,0.39347676663602993,True,1652,0.4451630288331986,1
422000000000.0,20201029,2693,0.7256804095931015,48,-2.37686655030506,True,2553,0.6879547291835085,37
422000000000.0,20201030,3074,0.8283481541363514,96,-1.7718502957198519,True,2958,0.7970897332255457,118
422000000000.0,20201031,3253,0.876583131231474,197,-2.3867270743395075,True,3162,0.8520614389652384,245
422000000000.0,20201032,199,0.05362436001077876,0,0.758301456265249,True,199,0.05362436001077876,0
422000000000.0,20201033,3164,0.852600377256804,97,0.3337441746416312,True,3034,0.8175693883050391,120
422000000000.0,20201034,3201,0.862570735650768,136,-1.1356129193429503,True,2874,0.7744543249797898,158
422000000000.0,20201035,3332,0.8978711937483158,248,-1.2964899678535815,True,3109,0.8377795742387497,287
422000000000.0,20201036,3303,0.8900565885206144,257,-4.373860219936079,True,3172,0.8547561304230665,307
422000000000.0,20201037,2766,0.7453516572352465,57,1.6832555204519446,True,2642,0.7119374831581784,64
422000000000.0,20201038,4,0.0010778765831312314,0,,False,4,0.0010778765831312314,0
422000000000.0,20201039,2300,0.6197790353004581,23,0.45427746494227517,True,2321,0.6254378873618971,20
422000000000.0,20201040,51,0.0137429264349232,0,,False,51,0.0137429264349232,0
422000000000.0,20201041,2709,0.7299919159256265,25,1.9128879483224668,True,2490,0.6709781729991916,21
422000000000.0,20201042,3223,0.8684990568579898,153,0.04116257183249328,True,3068,0.8267313392616545,186
422000000000.0,20201043,0,0.0,0,,False,0,0.0,0
422000000000.0,20201044,3077,0.8291565615736998,137,1.095140485547148,True,3007,0.8102937213689032,156
422000000000.0,20201045,1589,0.4281864726488817,0,1.032818464748324,True,1589,0.4281864726488817,0
422000000000.0,20201046,2987,0.804904338453247,82,-0.12788669477456072,True,2913,0.7849636216653193,95
422000000000.0,20201047,1393,0.37537052007545135,1,2.9244775000891394,False,1393,0.37537052007545135,1
422000000000.0,20201048,2964,0.7987065481002426,84,2.877230014660336,False,2786,0.7507410401509027,91
422000000000.0,20201049,49,0.013203988143357586,0,3.7900994573264355,False,49,0.013203988143357586,0
422000000000.0,20201050,3022,0.8143357585556453,114,0.8436689688656847,True,2904,0.7825383993532741,147
422000000000.0,20201051,2683,0.7229857181352735,37,-0.006416818223924814,True,2566,0.6914578280786849,42
422000000000.0,20201052,3089,0.8323901913230936,116,0.0420435517578408,True,2983,0.8038264618701159,125
422000000000.0,20201053,1920,0.5173807599029911,1,-2.7130160873382616,True,1614,0.4349232012934519,0
422000000000.0,20201054,2961,0.7978981406628941,90,2.1812727095783657,False,2777,0.7483158178388575,91
422000000000.0,20201055,3088,0.8321207221773107,87,-1.4088857748805914,True,2819,0.7596335219617354,96
422000000000.0,20201056,2591,0.6981945567232551,18,3.2771410927268514,False,2599,0.7003503098895176,22
422000000000.0,20201057,3063,0.8253839935327405,71,-0.42768587970424754,True,2922,0.7873888439773646,78
422000000000.0,20201058,3202,0.8628402047965508,155,1.8505413062698093,True,3098,0.8348154136351388,178
422000000000.0,20201059,2824,0.7609808676906494,28,1.8577349843081201,True,2707,0.7294529776340609,29
422000000000.0,20201060,354,0.09539207760711399,0,4.614610797254605,False,354,0.09539207760711399,0
422000000000.0,20201061,703,0.18943680948531394,0,-1.6139060125523086,True,752,0.20264079762867152,0
422000000000.0,20201062,3030,0.8164915117219078,87,-1.4212384836452125,True,2845,0.7666397197520883,103
422000000000.0,20201063,2523,0.6798706548100243,27,0.6605173698425908,True,2518,0.6785233090811102,36
422000000000.0,20201064,3010,0.8111021288062517,64,-0.6568744931147492,True,2911,0.7844246833737537,73
422000000000.0,20201065,71,0.019132309350579357,0,6.428482832433176,False,71,0.019132309350579357,0
422000000000.0,20201066,1,0.00026946914578280785,0,-5.717999137859049,True,1,0.00026946914578280785,0
422000000000.0,20201067,3345,0.9013742926434923,317,-5.34816904569152,True,3044,0.8202640797628672,386
422000000000.0,20201068,1773,0.47776879547291834,1,4.386989928970714,False,1852,0.4990568579897602,1
422000000000.0,20201069,3275,0.8825114524386958,191,-1.7658797458571192,True,3158,0.8509835623821073,213
422000000000.0,20201070,3383,0.9116141201832391,449,-4.067193193084102,True,3262,0.8790083535435192,567
422000000000.0,20201071,147,0.039611964430072755,0,1.1822753074479868,True,147,0.039611964430072755,0
422000000000.0,20201072,3408,0.9183508488278093,431,-3.9936852722426552,True,3242,0.8736189706278631,560
422000000000.0,20201073,7,0.001886284020479655,0,-4.798252626999135,True,7,0.001886284020479655,0
422000000000.0,20201074,0,0.0,0,,False,0,0.0,0
422000000000.0,20201075,3128,0.842899488008623,143,-1.0375144138060781,True,2978,0.8024791161412018,163
422000000000.0,20201076,3368,0.9075720829964969,395,-2.251167570980381,True,3291,0.8868229587712207,482
422000000000.0,20201077,3129,0.8431689571544059,160,1.608901907878808,True,2951,0.795203449205066,172
422000000000.0,20201078,2282,0.6149285906763675,17,0.5058639900419744,True,2305,0.6211263810293721,25
422000000000.0,20201079,2,0.0005389382915656157,0,5.1760713786195955,False,2,0.0005389382915656157,0
422000000000.0,20201080,2653,0.7149016437617893,33,-0.5090298939161109,True,2389,0.643761789275128,37
422000000000.0,20201081,2433,0.6556184316895716,27,-11.036197980417189,True,2343,0.6313662085691188,26
422000000000.0,20201082,284,0.07652923740231743,1,4.818717447259256,False,284,0.07652923740231743,1
422000000000.0,20201083,3503,0.9439504176771759,652,-3.107047885519252,True,3392,0.9140393424952843,753
422000000000.0,20201084,3444,0.9280517380759903,606,-4.468922005444403,True,3367,0.9073026138507141,731
422000000000.0,20201085,2086,0.5621126381029372,2,1.0947234555138596,True,2188,0.5895984909727836,1
422000000000.0,20201086,3166,0.8531393155483697,158,-2.2891375909635654,True,2875,0.7747237941255726,172
422000000000.0,20201087,2860,0.7706817569388305,70,-1.4660071201635887,True,2755,0.7423874966316357,77
422000000000.0,20201088,2826,0.761519805982215,24,0.6257853377724256,True,2451,0.6604688763136621,29
422000000000.0,20201089,2942,0.7927782268930208,105,-1.0800219993850404,True,2865,0.7720291026677445,111
422000000000.0,20201090,2491,0.6712476421449745,29,0.991036254315155,True,2371,0.6389113446510375,29
422000000000.0,20201091,1,0.00026946914578280785,1,0.7600923524978578,True,1,0.00026946914578280785,1
422000000000.0,20201092,2243,0.604419293990838,9,3.509054489340441,False,2300,0.6197790353004581,15
422000000000.0,20201093,672,0.18108326596604687,0,-0.6939430701545044,True,672,0.18108326596604687,0
422000000000.0,20201094,1651,0.4448935596874158,0,2.5659702977436796,False,1712,0.46133117758016706,0
422000000000.0,20201095,2489,0.6707087038534087,39,1.228940857903868,True,2460,0.6628940986257074,43
422000000000.0,20201096,172,0.046348693074642955,0,1.9897429328865606,True,172,0.046348693074642955,0
422000000000.0,20201097,1205,0.3247103206682835,0,-2.6422954691211866,True,1205,0.3247103206682835,0
422000000000.0,20201098,3350,0.9027216383724064,311,-3.3523312526003872,True,3254,0.8768526003772568,378
422000000000.0,20201099,3253,0.876583131231474,140,2.4254539707279177,False,3150,0.8488278092158448,173
422000000000.0,20201100,72,0.019401778496362168,0,-2.830308848423476,True,72,0.019401778496362168,0
422000000000.0,20201101,2112,0.5691188358932903,18,3.1809743722577064,False,2108,0.568040959310159,13
422000000000.0,20201102,53,0.014281864726488817,0,2.859753079850508,False,53,0.014281864726488817,0
422000000000.0,20201103,1785,0.48100242522231207,0,1.1216714712380718,True,1609,0.43357585556453787,0
422000000000.0,20201104,3345,0.9013742926434923,403,-2.1740818781923643,True,3243,0.8738884397736459,486
422000000000.0,20201105,135,0.03637833468067906,0,3.795552608855645,False,135,0.03637833468067906,0
422000000000.0,20201106,2799,0.7542441390460792,48,-2.866978667354557,True,2603,0.7014281864726489,48
422000000000.0,20201107,1531,0.4125572621934788,1,0.08481091669362151,True,1531,0.4125572621934788,1
422000000000.0,20201108,41,0.011048234977095122,0,2.164500002147321,False,41,0.011048234977095122,0
422000000000.0,20201109,3290,0.8865534896254379,327,-1.2637915868108882,True,3129,0.8431689571544059,367
422000000000.0,20201110,3,0.0008084074373484236,0,-0.09488232965181531,True,3,0.0008084074373484236,0
422000000000.0,20201111,2481,0.6685529506871464,18,-1.5583965178456571,True,2423,0.6529237402317435,25
422000000000.0,20201112,3379,0.9105362436001078,380,-3.448465653875955,True,3280,0.8838587981676098,450
422000000000.0,20201113,1750,0.4715710051199138,0,4.550503313366736,False,1904,0.5130692535704662,0
422000000000.0,20201114,3019,0.813527351118297,82,-2.55810661719788,True,2967,0.799514955537591,90
422000000000.0,20201115,227,0.06116949609269739,0,1.6142806887967085,True,227,0.06116949609269739,0
422000000000.0,20201116,3094,0.8337375370520076,149,-8.00663297692374,True,3065,0.8259229318243061,178
422000000000.0,20201117,810,0.21827000808407437,1,-0.45093917024199737,True,821,0.22123416868768525,1
422000000000.0,20201118,2324,0.6262462947992455,17,-0.15884112234836678,True,2308,0.6219347884667206,24
422000000000.0,20201119,1804,0.4861223389921854,0,-2.7854352825157953,True,1745,0.47022365939099975,2
422000000000.0,20201120,2350,0.6332524925895985,18,-0.23055591009211973,True,2276,0.6133117758016707,30
422000000000.0,20201121,3194,0.8606844516302883,178,-2.196239844658593,True,2963,0.7984370789544597,191
422000000000.0,20201122,3305,0.89059552681218,293,-3.602907551193476,True,3210,0.8649959579628133,309
422000000000.0,20201123,0,0.0,0,,False,0,0.0,0
422000000000.0,20201124,3408,0.9183508488278093,429,-5.521133462237795,True,3300,0.889248181083266,490
422000000000.0,20201125,566,0.15251953651306926,1,-1.9653921634585503,True,566,0.15251953651306926,1
422000000000.0,20201126,1309,0.3527351118296955,0,-11.151783010920504,True,1097,0.29560765292374025,0
422000000000.0,20201127,3400,0.9161950956615468,401,-5.1390682102255685,True,3301,0.8895176502290488,484
422000000000.0,20201128,284,0.07652923740231743,0,2.936891977143567,False,284,0.07652923740231743,0
422000000000.0,20201129,1,0.00026946914578280785,0,-4.905070417111616,True,1,0.00026946914578280785,0
422000000000.0,20201130,2697,0.7267582861762328,15,1.1217715841697737,True,2630,0.7087038534087847,24
422000000000.0,20201131,317,0.08542171921315009,0,,False,317,0.08542171921315009,0
422000000000.0,20201132,2088,0.5626515763945028,2,0.9983892216929551,True,1982,0.5340878469415252,2
422000000000.0,20201133,2602,0.7011587173268661,27,1.078620474484405,True,2545,0.685798976017246,32
422000000000.0,20201134,3391,0.9137698733495014,373,-5.318023544483992,True,3357,0.904607922392886,476
422000000000.0,20201135,3428,0.9237402317434654,487,-6.072031260030239,True,3333,0.8981406628940987,554
422000000000.0,20201136,1360,0.3664780382646187,1,-6.845142363584664,True,1360,0.3664780382646187,1
422000000000.0,20201137,3312,0.8924818108326596,200,-1.2575176513503221,True,3192,0.8601455133387227,233
422000000000.0,20201138,403,0.10859606575047157,1,-0.6917026220510101,True,403,0.10859606575047157,1
422000000000.0,20201139,2583,0.6960388035569928,11,3.8143066723209937,False,2372,0.6391808137968202,12
422000000000.0,20201140,577,0.15548369711668014,1,0.4789352317007136,True,574,0.15467528967933172,1
422000000000.0,20201141,3416,0.9205066019940716,537,-3.197204073666314,True,3332,0.8978711937483158,686
422000000000.0,20201142,35,0.009431420102398275,0,,False,35,0.009431420102398275,0
422000000000.0,20201143,2332,0.6284020479655079,19,-0.9677562584514501,True,2211,0.5957962813257882,15
422000000000.0,20201144,3344,0.9011048234977095,367,-3.157942320398466,True,3165,0.8528698464025869,434
422000000000.0,20201145,2705,0.7289140393424953,33,0.9809773951035687,True,2631,0.7089733225545675,29
422000000000.0,20201146,1,0.00026946914578280785,0,0.840127081285952,True,1,0.00026946914578280785,0
422000000000.0,20201147,4,0.0010778765831312314,1,0.20255924163765648,True,4,0.0010778765831312314,1
422000000000.0,20201148,0,0.0,0,-0.46522359678036995,True,0,0.0,0
422000000000.0,20201149,231,0.06224737267582862,1,-0.35840134144819125,True,231,0.06224737267582862,1
422000000000.0,20201150,3027,0.8156831042845594,117,-2.995525716289565,True,2762,0.7442737806521154,142
422000000000.0,20201151,276,0.07437348423605497,0,5.967769279680883,False,276,0.07437348423605497,0
422000000000.0,20201152,1,0.00026946914578280785,1,-0.6825965009752544,True,1,0.00026946914578280785,1
422000000000.0,20201153,255,0.068714632174616,0,1.6612092351655905,True,255,0.068714632174616,0
422000000000.0,20201154,756,0.20371867421180276,0,4.7555342842320005,False,756,0.20371867421180276,0
422000000000.0,20201155,1752,0.4721099434114794,0,3.0652174844980804,False,1715,0.4621395850175155,0
422000000000.0,20201156,65,0.01751549447588251,0,4.1456464344217405,False,65,0.01751549447588251,0
422000000000.0,20201157,3123,0.841552142279709,152,-2.8937948601559853,True,2899,0.78119105362436,174
422000000000.0,20201158,871,0.23470762597682565,0,-0.8268452964270443,True,854,0.2301266504985179,0
422000000000.0,20201159,3408,0.9183508488278093,312,-1.6449949853446801,True,3362,0.9059552681218,351
422000000000.0,20201160,0,0.0,0,,False,0,0.0,0
422000000000.0,20201161,2276,0.6133117758016707,0,-0.15937090177091395,True,2276,0.6133117758016707,0
422000000000.0,20201162,27,0.007275666936135812,0,,False,27,0.007275666936135812,0
422000000000.0,20201163,2983,0.8038264618701159,93,-1.1405329197387521,True,2817,0.7590945836701698,117
422000000000.0,20201164,3139,0.845863648612234,157,0.6332227366830683,True,2942,0.7927782268930208,168
422000000000.0,20201165,1542,0.41552142279708976,0,-2.7661254048856314,True,1533,0.4130962004850445,0
422000000000.0,20201166,3,0.0008084074373484236,0,,False,3,0.0008084074373484236,0
422000000000.0,20201167,47,0.01266504985179197,0,3.2827760298292645,False,47,0.01266504985179197,0
422000000000.0,20201168,351,0.09458367016976556,0,5.49050531270839,False,351,0.09458367016976556,0
422000000000.0,20201169,35,0.009431420102398275,0,,False,35,0.009431420102398275,0
422000000000.0,20201170,3289,0.886284020479655,330,-2.4839250101088233,True,3066,0.826192400970089,362
422000000000.0,20201171,2944,0.7933171651845864,83,3.426796511857102,False,2892,0.7793047696038804,80
422000000000.0,20201172,2476,0.6672056049582323,35,-0.0958876835792708,True,2457,0.6620856911883589,32
422000000000.0,20201173,2918,0.7863109673942333,67,-12.616659136917512,True,2718,0.7324171382376717,77
422000000000.0,20201174,477,0.12853678253839934,0,5.909826326887934,False,477,0.12853678253839934,0
422000000000.0,20201175,2232,0.6014551333872271,7,-0.44612193620621454,True,2247,0.6054971705739692,7
422000000000.0,20201176,827,0.22285098356238212,0,2.0943204086148324,False,827,0.22285098356238212,0
422000000000.0,20201177,3171,0.8544866612772838,138,-2.42227374058956,True,3009,0.8108326596604689,162
422000000000.0,20201178,1258,0.33899218539477227,2,-0.08633635169678922,True,1252,0.33737537052007543,1
422000000000.0,20201179,607,0.16356777149016438,0,3.829948487988003,False,607,0.16356777149016438,0
422000000000.0,20201180,2949,0.7946645109135004,55,0.9058616405436308,True,2970,0.8003233629749393,66
422000000000.0,20201181,3361,0.9056857989760172,313,-2.470590452756083,True,3137,0.8453247103206682,369
422000000000.0,20201182,3435,0.9256265157639451,393,-4.059682872321844,True,3243,0.8738884397736459,475
422000000000.0,20201183,3236,0.8720021557531663,215,2.3997690540078267,False,3119,0.8404742656965778,266
422000000000.0,20201184,3139,0.845863648612234,94,-4.815760901349639,True,2956,0.7965507949339801,114
422000000000.0,20201185,1833,0.4939369442198868,3,4.063315789638989,False,1888,0.5087577472379412,1
422000000000.0,20201186,3376,0.9097278361627593,324,-2.391323405499818,True,3164,0.852600377256804,379
422000000000.0,20201187,1411,0.3802209646995419,0,1.4444811852094634,True,1393,0.37537052007545135,0
422000000000.0,20201188,1818,0.4898949070331447,2,2.919676020160641,False,1847,0.49770951226084614,2
422000000000.0,20201189,3483,0.9385610347615198,524,-2.1983608495301556,True,3378,0.910266774454325,628
422000000000.0,20201190,1355,0.3651306925357047,0,4.651625836348318,False,1355,0.3651306925357047,0
422000000000.0,20201191,1715,0.4621395850175155,0,-2.8829607965245554,True,1920,0.5173807599029911,0
422000000000.0,20201192,3235,0.8717326866073835,212,1.9307408134314588,True,3053,0.8226893020749124,245
422000000000.0,20201193,809,0.21800053893829158,0,3.713445264193643,False,809,0.21800053893829158,0
422000000000.0,20201194,422,0.11371597952034491,0,-0.6510400494404052,True,422,0.11371597952034491,0
422000000000.0,20201195,1298,0.3497709512260846,2,3.3696981002776023,False,1299,0.35004042037186744,2
422000000000.0,20201196,0,0.0,1,5.2213529808677945,False,0,0.0,1
422000000000.0,20201197,7,0.001886284020479655,0,5.172456988053119,False,7,0.001886284020479655,0
422000000000.0,20201198,16,0.004311506332524926,0,6.163334434039694,False,16,0.004311506332524926,0
422000000000.0,20201199,1669,0.44974400431150635,2,3.7599536718973496,False,1690,0.4554028563729453,2
422000000000.0,20201200,3355,0.9040689841013204,333,-2.382016021012335,True,3279,0.883589329021827,376
562000000000.0,20201001,3276,0.8827809215844786,189,-1.3663811429320818,True,3019,0.813527351118297,210
562000000000.0,20201002,2648,0.7135542980328753,25,2.1764533615030124,False,2545,0.685798976017246,29
562000000000.0,20201003,3253,0.876583131231474,238,-1.0057621642007222,True,3052,0.8224198329291296,290
562000000000.0,20201004,31,0.008353543519267044,1,0.46667241055194175,True,31,0.008353543519267044,1
562000000000.0,20201005,3304,0.8903260576663972,208,-7.376355015605215,True,3004,0.8094853139315549,254
562000000000.0,20201006,2849,0.7677175963352196,51,-0.6986092890962938,True,2790,0.751818916734034,46
562000000000.0,20201007,3412,0.9194287254109405,345,-6.177329354588388,True,3211,0.8652654271085961,398
562000000000.0,20201008,3322,0.8951765022904877,229,-0.6728293887946633,True,3177,0.8561034761519806,255
562000000000.0,20201009,3249,0.8755052546483427,230,-1.1643490272194796,True,3123,0.841552142279709,269
562000000000.0,20201010,0,0.0,0,3.0059665881574547,False,0,0.0,0
562000000000.0,20201011,3047,0.8210724872002155,66,-3.5268297763956182,True,2812,0.7577472379412558,63
562000000000.0,20201012,3378,0.910266774454325,204,-0.054842477040995874,True,3307,0.8911344651037456,252
562000000000.0,20201013,3326,0.8962543788736189,318,-4.3758602585599915,True,3262,0.8790083535435192,406
562000000000.0,20201014,1,0.00026946914578280785,0,0.14793545282991438,True,1,0.00026946914578280785,0
562000000000.0,20201015,2983,0.8038264618701159,64,-8.479159909235273,True,2930,0.789544597143627,66
562000000000.0,20201016,2806,0.7561304230665589,52,1.0835755652613415,True,2692,0.7254109404473188,63
562000000000.0,20201017,3433,0.9250875774723795,473,-2.226165683903649,True,3364,0.9064942064133656,556
562000000000.0,20201018,3034,0.8175693883050391,83,-0.11737015657024852,True,2877,0.7752627324171383,93
562000000000.0,20201019,2297,0.6189706278631096,15,2.43257235038174,False,2226,0.5998383185125303,9
562000000000.0,20201020,3395,0.9148477499326327,561,-1.3152257264016383,True,3272,0.8817030450013473,656
562000000000.0,20201021,6,0.0016168148746968471,0,-5.950966682889597,True,6,0.0016168148746968471,0
562000000000.0,20201022,3440,0.9269738614928591,471,-2.2286373606117653,True,3347,0.9019132309350579,535
562000000000.0,20201023,2134,0.575047157100512,12,2.4124932086277884,False,2134,0.575047157100512,15
562000000000.0,20201024,3311,0.8922123416868768,283,-3.2643559103517843,True,3169,0.8539477229857181,322
562000000000.0,20201025,11,0.0029641606036108865,0,-0.9160203647650693,True,11,0.0029641606036108865,0
562000000000.0,20201026,3197,0.8614928590676367,231,-3.442335377777394,True,3022,0.8143357585556453,273
562000000000.0,20201027,3529,0.950956615467529,554,-1.9977548207353144,True,3471,0.9353274050121261,694
562000000000.0,20201028,2576,0.694152519536513,8,0.39347676663602993,True,2541,0.6847210994341147,8
562000000000.0,20201029,3368,0.9075720829964969,240,-2.37686655030506,True,3262,0.8790083535435192,284
562000000000.0,20201030,3083,0.8307733764483967,124,-1.7718502957198519,True,2966,0.7992454863918081,127
562000000000.0,20201031,3235,0.8717326866073835,231,-2.3867270743395075,True,3145,0.8474804634869307,260
562000000000.0,20201032,150,0.04042037186742118,0,0.758301456265249,True,150,0.04042037186742118,0
562000000000.0,20201033,3289,0.886284020479655,189,0.3337441746416312,True,3164,0.852600377256804,236
562000000000.0,20201034,3145,0.8474804634869307,173,-1.1356129193429503,True,3070,0.8272702775532201,211
562000000000.0,20201035,3287,0.8857450821880894,253,-1.2964899678535815,True,3131,0.8437078954459715,318
562000000000.0,20201036,3261,0.8787388843977365,271,-4.373860219936079,True,3090,0.8326596604688763,298
562000000000.0,20201037,2748,0.740501212611156,66,1.6832555204519446,True,2794,0.7528967933171652,74
562000000000.0,20201038,4,0.0010778765831312314,0,,False,4,0.0010778765831312314,0
562000000000.0,20201039,2549,0.6868768526003772,24,0.45427746494227517,True,2404,0.6478038264618701,22
562000000000.0,20201040,61,0.01643761789275128,0,,False,61,0.01643761789275128,0
562000000000.0,20201041,2784,0.7502021018593371,44,1.9128879483224668,True,2730,0.7356507679870655,48
562000000000.0,20201042,3121,0.8410132039881434,138,0.04116257183249328,True,3015,0.8124494745351657,172
562000000000.0,20201043,3,0.0008084074373484236,0,,False,3,0.0008084074373484236,0
562000000000.0,20201044,3157,0.8507140932363244,111,1.095140485547148,True,3114,0.8391269199676638,128
562000000000.0,20201045,1387,0.3737537052007545,0,1.032818464748324,True,1390,0.37456211263810296,0
562000000000.0,20201046,1562,0.4209108057127459,0,-0.12788669477456072,True,1478,0.39827539746699003,0
562000000000.0,20201047,2268,0.6111560226354082,1,2.9244775000891394,False,2274,0.6127728375101051,0
562000000000.0,20201048,2910,0.7841552142279709,51,2.877230014660336,False,2928,0.7890056588520614,59
562000000000.0,20201049,38,0.010239827539746699,0,3.7900994573264355,False,38,0.010239827539746699,0
562000000000.0,20201050,3112,0.838587981676098,133,0.8436689688656847,True,2908,0.7836162759364053,155
562000000000.0,20201051,3132,0.8439773645917542,119,-0.006416818223924814,True,3096,0.8342764753435732,143
562000000000.0,20201052,3162,0.8520614389652384,141,0.0420435517578408,True,3138,0.8455941794664511,173
562000000000.0,20201053,214,0.05766639719752088,0,-2.7130160873382616,True,214,0.05766639719752088,0
562000000000.0,20201054,3063,0.8253839935327405,98,2.1812727095783657,False,2920,0.7868499056857989,114
562000000000.0,20201055,3143,0.8469415251953651,112,-1.4088857748805914,True,2850,0.7679870654810024,112
562000000000.0,20201056,2591,0.6981945567232551,35,3.2771410927268514,False,2517,0.6782538399353274,36
562000000000.0,20201057,3036,0.8181083265966047,80,-0.42768587970424754,True,2989,0.8054432767448128,86
562000000000.0,20201058,3263,0.8792778226893021,175,1.8505413062698093,True,3119,0.8404742656965778,202
562000000000.0,20201059,2976,0.8019401778496362,69,1.8577349843081201,True,2979,0.8027485852869847,82
562000000000.0,20201060,340,0.09161950956615468,0,4.614610797254605,False,340,0.09161950956615468,0
562000000000.0,20201061,500,0.13473457289140395,0,-1.6139060125523086,True,471,0.1269199676637025,0
562000000000.0,20201062,3029,0.8162220425761251,137,-1.4212384836452125,True,2991,0.8059822150363783,173
562000000000.0,20201063,2763,0.7445432497978981,45,0.6605173698425908,True,2733,0.7364591754244139,51
562000000000.0,20201064,2990,0.8057127458905955,61,-0.6568744931147492,True,2708,0.7297224467798437,69
562000000000.0,20201065,121,0.03260576663971975,0,6.428482832433176,False,121,0.03260576663971975,0
562000000000.0,20201066,38,0.010239827539746699,0,-5.717999137859049,True,38,0.010239827539746699,0
562000000000.0,20201067,3320,0.8946375639989221,283,-5.34816904569152,True,3145,0.8474804634869307,324
562000000000.0,20201068,1943,0.5235785502559956,1,4.386989928970714,False,1913,0.5154944758825114,1
562000000000.0,20201069,3221,0.8679601185664242,206,-1.7658797458571192,True,3134,0.8445163028833199,213
562000000000.0,20201070,3396,0.9151172190784155,505,-4.067193193084102,True,3215,0.8663433036917273,571
562000000000.0,20201071,847,0.22824036647803828,0,1.1822753074479868,True,835,0.22500673672864457,1
562000000000.0,20201072,3487,0.939638911344651,594,-3.9936852722426552,True,3449,0.9293990838049043,702
562000000000.0,20201073,12,0.0032336297493936943,0,-4.798252626999135,True,12,0.0032336297493936943,0
562000000000.0,20201074,0,0.0,0,,False,0,0.0,0
562000000000.0,20201075,3050,0.821880894637564,166,-1.0375144138060781,True,2916,0.7857720291026677,181
562000000000.0,20201076,3436,0.9258959849097278,497,-2.251167570980381,True,3299,0.8889787119374831,593
562000000000.0,20201077,3257,0.8776610078146052,207,1.608901907878808,True,3064,0.8256534626785234,242
562000000000.0,20201078,3142,0.8466720560495823,168,0.5058639900419744,True,3013,0.8119105362436001,180
562000000000.0,20201079,2,0.0005389382915656157,0,5.1760713786195955,False,2,0.0005389382915656157,0
562000000000.0,20201080,2779,0.7488547561304231,36,-0.5090298939161109,True,2666,0.7184047426569657,43
562000000000.0,20201081,2770,0.7464295338183778,34,-11.036197980417189,True,2704,0.7286445701967125,44
562000000000.0,20201082,269,0.07248720021557532,0,4.818717447259256,False,269,0.07248720021557532,0
562000000000.0,20201083,3503,0.9439504176771759,755,-3.107047885519252,True,3418,0.9210455402856373,933
562000000000.0,20201084,3499,0.9428725410940447,565,-4.468922005444403,True,3307,0.8911344651037456,666
562000000000.0,20201085,1057,0.28482888709242793,0,1.0947234555138596,True,1057,0.28482888709242793,0
562000000000.0,20201086,3144,0.847210994341148,186,-2.2891375909635654,True,3006,0.8100242522231205,197
562000000000.0,20201087,2861,0.7709512260846133,70,-1.4660071201635887,True,2672,0.7200215575316626,69
562000000000.0,20201088,1842,0.4963621665319321,1,0.6257853377724256,True,1844,0.4969011048234977,1
562000000000.0,20201089,3136,0.8450552411748855,114,-1.0800219993850404,True,2887,0.7779574238749664,126
562000000000.0,20201090,2926,0.7884667205604958,72,0.991036254315155,True,2825,0.7612503368364322,81
562000000000.0,20201091,124,0.033414174077068176,1,0.7600923524978578,True,125,0.03368364322285099,1
562000000000.0,20201092,2260,0.6090002694691458,13,3.509054489340441,False,2219,0.5979520344920507,15
562000000000.0,20201093,725,0.1953651306925357,0,-0.6939430701545044,True,662,0.17838857450821882,0
562000000000.0,20201094,1654,0.44570196712476423,0,2.5659702977436796,False,1660,0.44731878199946107,0
562000000000.0,20201095,2967,0.799514955537591,45,1.228940857903868,True,2776,0.7480463486930746,50
562000000000.0,20201096,281,0.07572082996496901,0,1.9897429328865606,True,281,0.07572082996496901,0
562000000000.0,20201097,3028,0.8159525734303422,63,-2.6422954691211866,True,2696,0.72648881703045,66
562000000000.0,20201098,3409,0.918620317973592,440,-3.3523312526003872,True,3334,0.8984101320398814,517
562000000000.0,20201099,3176,0.8558340070061978,175,2.4254539707279177,False,3028,0.8159525734303422,180
562000000000.0,20201100,1112,0.29964969011048237,0,-2.830308848423476,True,489,0.13177041228779304,1
562000000000.0,20201101,2267,0.6108865534896254,1,3.1809743722577064,False,2260,0.6090002694691458,1
562000000000.0,20201102,94,0.02533009970358394,1,2.859753079850508,False,94,0.02533009970358394,1
562000000000.0,20201103,2320,0.6251684182161142,5,1.1216714712380718,True,2314,0.6235516033414175,6
562000000000.0,20201104,3461,0.932632713554298,570,-2.1740818781923643,True,3350,0.9027216383724064,665
562000000000.0,20201105,400,0.10778765831312315,0,3.795552608855645,False,400,0.10778765831312315,0
562000000000.0,20201106,3083,0.8307733764483967,56,-2.866978667354557,True,2843,0.7661007814605227,69
562000000000.0,20201107,1628,0.43869576933441123,1,0.08481091669362151,True,1518,0.40905416329830235,2
562000000000.0,20201108,1588,0.4279170035030989,1,2.164500002147321,False,1588,0.4279170035030989,1
562000000000.0,20201109,3310,0.8919428725410941,210,-1.2637915868108882,True,3204,0.8633791430881164,251
562000000000.0,20201110,1373,0.3699811371597952,0,-0.09488232965181531,True,1264,0.34060900026946916,0
562000000000.0,20201111,2205,0.5941794664510913,13,-1.5583965178456571,True,2191,0.590406898410132,15
562000000000.0,20201112,3384,0.9118835893290218,385,-3.448465653875955,True,3212,0.8655348962543788,458
562000000000.0,20201113,2283,0.6151980598221504,1,4.550503313366736,False,2288,0.6165454055510644,1
562000000000.0,20201114,2934,0.7906224737267583,85,-2.55810661719788,True,2854,0.7690649420641337,116
562000000000.0,20201115,796,0.21449744004311505,0,1.6142806887967085,True,796,0.21449744004311505,0
562000000000.0,20201116,3111,0.8383185125303153,153,-8.00663297692374,True,3006,0.8100242522231205,178
562000000000.0,20201117,2365,0.6372945297763406,15,-0.45093917024199737,True,2358,0.635408245755861,17
562000000000.0,20201118,2884,0.7771490164376179,45,-0.15884112234836678,True,2708,0.7297224467798437,58
562000000000.0,20201119,2308,0.6219347884667206,11,-2.7854352825157953,True,2297,0.6189706278631096,8
562000000000.0,20201120,2376,0.6402586903799515,13,-0.23055591009211973,True,2402,0.6472648881703045,18
562000000000.0,20201121,3303,0.8900565885206144,305,-2.196239844658593,True,3138,0.8455941794664511,361
562000000000.0,20201122,3317,0.8938291565615737,349,-3.602907551193476,True,3196,0.861223389921854,385
562000000000.0,20201123,0,0.0,0,,False,0,0.0,0
562000000000.0,20201124,3451,0.9299380220964699,486,-5.521133462237795,True,3400,0.9161950956615468,593
562000000000.0,20201125,1733,0.466990029641606,1,-1.9653921634585503,True,1733,0.466990029641606,1
562000000000.0,20201126,1880,0.5066019940716788,0,-11.151783010920504,True,1890,0.5092966855295069,0
562000000000.0,20201127,3324,0.8957154405820533,345,-5.1390682102255685,True,3212,0.8655348962543788,408
562000000000.0,20201128,1839,0.49555375909458366,0,2.936891977143567,False,1802,0.4855834007006198,0
562000000000.0,20201129,1,0.00026946914578280785,0,-4.905070417111616,True,1,0.00026946914578280785,0
562000000000.0,20201130,2545,0.685798976017246,21,1.1217715841697737,True,2434,0.6558879008353543,16
562000000000.0,20201131,280,0.0754513608191862,0,,False,280,0.0754513608191862,0
562000000000.0,20201132,2262,0.6095392077607114,1,0.9983892216929551,True,2107,0.5677714901643762,2
562000000000.0,20201133,2651,0.7143627054702236,26,1.078620474484405,True,2622,0.7065481002425222,31
562000000000.0,20201134,3413,0.9196981945567233,447,-5.318023544483992,True,3362,0.9059552681218,522
562000000000.0,20201135,3479,0.9374831581783886,736,-6.072031260030239,True,3398,0.9156561573699812,908
562000000000.0,20201136,2274,0.6127728375101051,1,-6.845142363584664,True,2230,0.6009161950956615,1
562000000000.0,20201137,3115,0.8393963891134465,114,-1.2575176513503221,True,2910,0.7841552142279709,141
562000000000.0,20201138,874,0.23551603341417407,1,-0.6917026220510101,True,874,0.23551603341417407,1
562000000000.0,20201139,2772,0.7469684721099434,9,3.8143066723209937,False,2704,0.7286445701967125,12
562000000000.0,20201140,1013,0.27297224467798437,0,0.4789352317007136,True,1026,0.2764753435731609,2
562000000000.0,20201141,3476,0.9366747507410401,630,-3.197204073666314,True,3358,0.9048773915386689,780
562000000000.0,20201142,48,0.012934518997574777,0,,False,48,0.012934518997574777,0
562000000000.0,20201143,2651,0.7143627054702236,25,-0.9677562584514501,True,2539,0.6841821611425492,23
562000000000.0,20201144,3420,0.9215844785772029,503,-3.157942320398466,True,3364,0.9064942064133656,642
562000000000.0,20201145,2658,0.7162489894907034,29,0.9809773951035687,True,2707,0.7294529776340609,39
562000000000.0,20201146,1,0.00026946914578280785,0,0.840127081285952,True,1,0.00026946914578280785,0
562000000000.0,20201147,4,0.0010778765831312314,1,0.20255924163765648,True,4,0.0010778765831312314,1
562000000000.0,20201148,0,0.0,0,-0.46522359678036995,True,0,0.0,0
562000000000.0,20201149,2092,0.5637294529776341,9,-0.35840134144819125,True,2097,0.5650767987065481,14
562000000000.0,20201150,3130,0.8434384263001886,141,-2.995525716289565,True,3044,0.8202640797628672,154
562000000000.0,20201151,151,0.04068984101320399,0,5.967769279680883,False,151,0.04068984101320399,0
562000000000.0,20201152,1,0.00026946914578280785,1,-0.6825965009752544,True,1,0.00026946914578280785,1
562000000000.0,20201153,337,0.09081110212880625,0,1.6612092351655905,True,337,0.09081110212880625,0
562000000000.0,20201154,526,0.14174077068175694,0,4.7555342842320005,False,526,0.14174077068175694,0
562000000000.0,20201155,2356,0.6348693074642954,16,3.0652174844980804,False,2167,0.5839396389113447,20
562000000000.0,20201156,55,0.014820803018054433,0,4.1456464344217405,False,55,0.014820803018054433,0
562000000000.0,20201157,3205,0.8636486122338992,174,-2.8937948601559853,True,3141,0.8464025869037995,196
562000000000.0,20201158,913,0.2460253300997036,0,-0.8268452964270443,True,913,0.2460253300997036,0
562000000000.0,20201159,3385,0.9121530584748047,341,-1.6449949853446801,True,3277,0.8830503907302614,397
562000000000.0,20201160,0,0.0,0,,False,0,0.0,0
562000000000.0,20201161,1797,0.48423605497170574,2,-0.15937090177091395,True,1836,0.49474535165723527,2
562000000000.0,20201162,36,0.009700889248181084,0,,False,36,0.009700889248181084,0
562000000000.0,20201163,2997,0.8075990299110751,86,-1.1405329197387521,True,2785,0.75047157100512,95
562000000000.0,20201164,3208,0.8644570196712477,171,0.6332227366830683,True,2923,0.7876583131231474,187
562000000000.0,20201165,2421,0.6523848019401779,8,-2.7661254048856314,True,2406,0.6483427647534358,14
562000000000.0,20201166,8,0.002155753166262463,0,,False,8,0.002155753166262463,0
562000000000.0,20201167,1515,0.4082457558609539,0,3.2827760298292645,False,1533,0.4130962004850445,1
562000000000.0,20201168,545,0.14686068445163028,0,5.49050531270839,False,545,0.14686068445163028,0
562000000000.0,20201169,64,0.017246025330099703,0,,False,64,0.017246025330099703,0
562000000000.0,20201170,3358,0.9048773915386689,466,-2.4839250101088233,True,3299,0.8889787119374831,526
562000000000.0,20201171,2993,0.8065211533279439,97,3.426796511857102,False,2899,0.78119105362436,121
562000000000.0,20201172,2917,0.7860414982484506,39,-0.0958876835792708,True,2883,0.7768795472918351,43
562000000000.0,20201173,2991,0.8059822150363783,89,-12.616659136917512,True,2971,0.8005928321207222,97
562000000000.0,20201174,481,0.12961465912153058,0,5.909826326887934,False,481,0.12961465912153058,0
562000000000.0,20201175,2250,0.6063055780113177,11,-0.44612193620621454,True,2378,0.6407976286715171,23
562000000000.0,20201176,1075,0.28967933171651844,1,2.0943204086148324,False,1075,0.28967933171651844,1
562000000000.0,20201177,3240,0.8730800323362975,166,-2.42227374058956,True,3028,0.8159525734303422,187
562000000000.0,20201178,2104,0.5669630827270278,0,-0.08633635169678922,True,1697,0.45728914039342494,1
562000000000.0,20201179,721,0.19428725410940448,0,3.829948487988003,False,721,0.19428725410940448,0
562000000000.0,20201180,3075,0.8286176232821342,98,0.9058616405436308,True,3055,0.823228240366478,113
562000000000.0,20201181,3465,0.9337105901374293,479,-2.470590452756083,True,3394,0.9145782807868499,568
562000000000.0,20201182,3457,0.9315548369711668,460,-4.059682872321844,True,3404,0.917272972244678,540
562000000000.0,20201183,3376,0.9097278361627593,347,2.3997690540078267,False,3278,0.8833198598760442,406
562000000000.0,20201184,3094,0.8337375370520076,106,-4.815760901349639,True,2985,0.8043654001616815,132
562000000000.0,20201185,2345,0.6319051468606844,5,4.063315789638989,False,2420,0.652115332794395,3
562000000000.0,20201186,3465,0.9337105901374293,440,-2.391323405499818,True,3252,0.8763136620856912,489
562000000000.0,20201187,1039,0.27997844246833736,2,1.4444811852094634,True,799,0.2153058474804635,3
562000000000.0,20201188,3014,0.812180005389383,25,2.919676020160641,False,2707,0.7294529776340609,28
562000000000.0,20201189,3298,0.8887092427917004,251,-2.1983608495301556,True,3244,0.8741579089194287,301
562000000000.0,20201190,1317,0.35489086499595796,0,4.651625836348318,False,1317,0.35489086499595796,0
562000000000.0,20201191,1758,0.4737267582861762,0,-2.8829607965245554,True,1758,0.4737267582861762,0
562000000000.0,20201192,3304,0.8903260576663972,230,1.9307408134314588,True,3028,0.8159525734303422,272
562000000000.0,20201193,1803,0.4858528698464026,0,3.713445264193643,False,1793,0.4831581783885745,0
562000000000.0,20201194,605,0.16302883319859876,0,-0.6510400494404052,True,605,0.16302883319859876,0
562000000000.0,20201195,1323,0.3565076798706548,0,3.3696981002776023,False,1118,0.3012665049851792,1
562000000000.0,20201196,0,0.0,1,5.2213529808677945,False,0,0.0,1
562000000000.0,20201197,4,0.0010778765831312314,0,5.172456988053119,False,4,0.0010778765831312314,0
562000000000.0,20201198,168,0.04527081649151172,0,6.163334434039694,False,168,0.04527081649151172,0
562000000000.0,20201199,2192,0.5906763675559148,0,3.7599536718973496,False,2208,0.5949878738884398,0
562000000000.0,20201200,3428,0.9237402317434654,541,-2.382016021012335,True,3325,0.8959849097278362,610
750000000000.0,20201001,3160,0.8515225006736729,198,-1.3663811429320818,True,3172,0.8547561304230665,215
750000000000.0,20201002,3238,0.8725410940447319,170,2.1764533615030124,False,3150,0.8488278092158448,192
750000000000.0,20201003,3426,0.9232012934518997,506,-1.0057621642007222,True,3272,0.8817030450013473,603
750000000000.0,20201004,29,0.007814605227701428,1,0.46667241055194175,True,20,0.0053893829156561575,1
750000000000.0,20201005,3227,0.869576933441121,283,-7.376355015605215,True,3183,0.8577202910266775,326
750000000000.0,20201006,3069,0.8270008084074374,79,-0.6986092890962938,True,2959,0.7973592023713285,93
750000000000.0,20201007,3405,0.9175424413904608,380,-6.177329354588388,True,3338,0.8994880086230127,439
750000000000.0,20201008,3295,0.8879008353543519,217,-0.6728293887946633,True,3180,0.856911883589329,251
750000000000.0,20201009,3292,0.8870924279170035,283,-1.1643490272194796,True,3226,0.8693074642953382,322
750000000000.0,20201010,0,0.0,0,3.0059665881574547,False,0,0.0,0
750000000000.0,20201011,3099,0.8350848827809216,78,-3.5268297763956182,True,2908,0.7836162759364053,84
750000000000.0,20201012,3375,0.9094583670169766,289,-0.054842477040995874,True,3305,0.89059552681218,315
750000000000.0,20201013,3434,0.9253570466181622,456,-4.3758602585599915,True,3302,0.8897871193748316,549
750000000000.0,20201014,1,0.00026946914578280785,0,0.14793545282991438,True,1,0.00026946914578280785,0
750000000000.0,20201015,3105,0.8367016976556184,98,-8.479159909235273,True,2997,0.8075990299110751,109
750000000000.0,20201016,3049,0.8216114254917812,124,1.0835755652613415,True,2977,0.8022096469954191,156
750000000000.0,20201017,3394,0.9145782807868499,471,-2.226165683903649,True,3297,0.8884397736459175,575
750000000000.0,20201018,2969,0.8000538938291566,78,-0.11737015657024852,True,2909,0.7838857450821881,86
750000000000.0,20201019,2463,0.6637025060630558,13,2.43257235038174,False,2521,0.6793317165184586,19
750000000000.0,20201020,3444,0.9280517380759903,648,-1.3152257264016383,True,3365,0.9067636755591485,764
750000000000.0,20201021,234,0.06305578011317704,0,-5.950966682889597,True,234,0.06305578011317704,0
750000000000.0,20201022,3374,0.9091888978711937,501,-2.2286373606117653,True,3281,0.8841282673133927,568
750000000000.0,20201023,2403,0.6475343573160873,1,2.4124932086277884,False,2270,0.6116949609269738,14
750000000000.0,20201024,3368,0.9075720829964969,317,-3.2643559103517843,True,3266,0.8800862301266505,356
750000000000.0,20201025,11,0.0029641606036108865,0,-0.9160203647650693,True,11,0.0029641606036108865,0
750000000000.0,20201026,3390,0.9135004042037187,374,-3.442335377777394,True,3248,0.87523578550256,455
750000000000.0,20201027,3445,0.9283212072217731,488,-1.9977548207353144,True,3384,0.9118835893290218,575
750000000000.0,20201028,2748,0.740501212611156,23,0.39347676663602993,True,2743,0.7391538668822419,22
750000000000.0,20201029,3239,0.8728105631905146,218,-2.37686655030506,True,3102,0.83589329021827,252
750000000000.0,20201030,3167,0.8534087846941525,139,-1.7718502957198519,True,3180,0.856911883589329,154
750000000000.0,20201031,3340,0.9000269469145783,318,-2.3867270743395075,True,3204,0.8633791430881164,360
750000000000.0,20201032,175,0.04715710051199138,0,0.758301456265249,True,175,0.04715710051199138,0
750000000000.0,20201033,3214,0.8660738345459444,152,0.3337441746416312,True,3118,0.8402047965507949,176
750000000000.0,20201034,3171,0.8544866612772838,166,-1.1356129193429503,True,3057,0.8237671786580436,201
750000000000.0,20201035,3401,0.9164645648073295,484,-1.2964899678535815,True,3310,0.8919428725410941,576
750000000000.0,20201036,3402,0.9167340339531124,369,-4.373860219936079,True,3281,0.8841282673133927,426
750000000000.0,20201037,3294,0.8876313662085691,180,1.6832555204519446,True,3233,0.8711937483158179,214
750000000000.0,20201038,5,0.0013473457289140394,0,,False,5,0.0013473457289140394,0
750000000000.0,20201039,2874,0.7744543249797898,48,0.45427746494227517,True,2880,0.7760711398544866,60
750000000000.0,20201040,75,0.02021018593371059,0,,False,75,0.02021018593371059,0
750000000000.0,20201041,2987,0.804904338453247,70,1.9128879483224668,True,2874,0.7744543249797898,98
750000000000.0,20201042,3289,0.886284020479655,204,0.04116257183249328,True,3112,0.838587981676098,231
750000000000.0,20201043,5,0.0013473457289140394,0,,False,5,0.0013473457289140394,0
750000000000.0,20201044,3172,0.8547561304230665,177,1.095140485547148,True,3191,0.85987604419294,228
750000000000.0,20201045,2269,0.6114254917811911,1,1.032818464748324,True,2269,0.6114254917811911,1
750000000000.0,20201046,2314,0.6235516033414175,1,-0.12788669477456072,True,2110,0.5685798976017246,0
750000000000.0,20201047,2348,0.6327135542980329,3,2.9244775000891394,False,2348,0.6327135542980329,3
750000000000.0,20201048,2778,0.7485852869846402,45,2.877230014660336,False,2687,0.7240635947184048,51
750000000000.0,20201049,140,0.0377256804095931,0,3.7900994573264355,False,140,0.0377256804095931,0
750000000000.0,20201050,3249,0.8755052546483427,202,0.8436689688656847,True,3144,0.847210994341148,229
750000000000.0,20201051,3131,0.8437078954459715,122,-0.006416818223924814,True,3048,0.8213419563459984,119
750000000000.0,20201052,3186,0.8585286984640259,152,0.0420435517578408,True,3040,0.8191862031797359,178
750000000000.0,20201053,465,0.12530315278900567,1,-2.7130160873382616,True,465,0.12530315278900567,1
750000000000.0,20201054,3214,0.8660738345459444,105,2.1812727095783657,False,3079,0.8296954998652655,120
750000000000.0,20201055,3190,0.8596065750471571,139,-1.4088857748805914,True,3098,0.8348154136351388,154
750000000000.0,20201056,2791,0.7520883858798167,44,3.2771410927268514,False,2709,0.7299919159256265,46
750000000000.0,20201057,2964,0.7987065481002426,71,-0.42768587970424754,True,2918,0.7863109673942333,78
750000000000.0,20201058,3339,0.8997574777687954,268,1.8505413062698093,True,3275,0.8825114524386958,311
750000000000.0,20201059,3027,0.8156831042845594,83,1.8577349843081201,True,2975,0.8016707087038534,87
750000000000.0,20201060,845,0.22770142818647265,0,4.614610797254605,False,845,0.22770142818647265,0
750000000000.0,20201061,637,0.17165184586364862,0,-1.6139060125523086,True,637,0.17165184586364862,0
750000000000.0,20201062,3195,0.8609539207760711,173,-1.4212384836452125,True,2992,0.8062516841821611,185
750000000000.0,20201063,2803,0.7553220156292104,28,0.6605173698425908,True,2846,0.7669091888978712,44
750000000000.0,20201064,3286,0.8854756130423067,195,-0.6568744931147492,True,3095,0.8340070061977903,224
750000000000.0,20201065,112,0.03018054432767448,0,6.428482832433176,False,112,0.03018054432767448,0
750000000000.0,20201066,1473,0.396928051738076,1,-5.717999137859049,True,1578,0.42522231204527083,2
750000000000.0,20201067,3424,0.9226623551603341,425,-5.34816904569152,True,3351,0.9029911075181891,489
750000000000.0,20201068,2373,0.6394502829426031,12,4.386989928970714,False,2382,0.6418755052546483,16
750000000000.0,20201069,3086,0.8315817838857451,136,-1.7658797458571192,True,2929,0.7892751279978443,151
750000000000.0,20201070,3487,0.939638911344651,629,-4.067193193084102,True,3366,0.9070331447049312,755
750000000000.0,20201071,1451,0.39099973053085424,0,1.1822753074479868,True,1451,0.39099973053085424,0
750000000000.0,20201072,3417,0.9207760711398545,467,-3.9936852722426552,True,3305,0.89059552681218,575
750000000000.0,20201073,7,0.001886284020479655,0,-4.798252626999135,True,7,0.001886284020479655,0
750000000000.0,20201074,0,0.0,0,,False,0,0.0,0
750000000000.0,20201075,3230,0.8703853408784694,191,-1.0375144138060781,True,3137,0.8453247103206682,246
750000000000.0,20201076,3423,0.9223928860145514,476,-2.251167570980381,True,3288,0.8860145513338723,573
750000000000.0,20201077,3316,0.8935596874157908,251,1.608901907878808,True,3216,0.8666127728375101,289
750000000000.0,20201078,2479,0.6680140123955807,17,0.5058639900419744,True,2454,0.6612772837510105,15
750000000000.0,20201079,11,0.0029641606036108865,0,5.1760713786195955,False,11,0.0029641606036108865,0
750000000000.0,20201080,2855,0.7693344112099164,56,-0.5090298939161109,True,2824,0.7609808676906494,63
750000000000.0,20201081,2898,0.7809215844785772,57,-11.036197980417189,True,2757,0.7429264349232013,53
750000000000.0,20201082,234,0.06305578011317704,1,4.818717447259256,False,234,0.06305578011317704,1
750000000000.0,20201083,3489,0.9401778496362166,708,-3.107047885519252,True,3449,0.9293990838049043,850
750000000000.0,20201084,3431,0.9245486391808138,620,-4.468922005444403,True,3352,0.903260576663972,736
750000000000.0,20201085,2286,0.6160064672594988,1,1.0947234555138596,True,2244,0.6046887631366209,1
750000000000.0,20201086,3104,0.8364322285098357,135,-2.2891375909635654,True,3072,0.8278092158447857,151
750000000000.0,20201087,3193,0.8604149824845055,160,-1.4660071201635887,True,2976,0.8019401778496362,193
750000000000.0,20201088,2551,0.6874157908919428,17,0.6257853377724256,True,2449,0.6599299380220964,25
750000000000.0,20201089,3216,0.8666127728375101,135,-1.0800219993850404,True,3097,0.8345459444893559,141
750000000000.0,20201090,2979,0.8027485852869847,57,0.991036254315155,True,2830,0.7625976825653462,69
750000000000.0,20201091,2656,0.7157100511991377,18,0.7600923524978578,True,2663,0.7175963352196173,21
750000000000.0,20201092,2606,0.7022365939099973,27,3.509054489340441,False,2593,0.6987334950148208,24
750000000000.0,20201093,1755,0.47291835084882783,0,-0.6939430701545044,True,1710,0.46079223928860147,0
750000000000.0,20201094,1593,0.42926434923201295,1,2.5659702977436796,False,1593,0.42926434923201295,1
750000000000.0,20201095,3008,0.8105631905146861,68,1.228940857903868,True,2885,0.7774184855834007,73
750000000000.0,20201096,445,0.11991376987334951,0,1.9897429328865606,True,445,0.11991376987334951,0
750000000000.0,20201097,2329,0.6275936405281596,17,-2.6422954691211866,True,2225,0.5995688493667475,20
750000000000.0,20201098,3410,0.9188897871193749,504,-3.3523312526003872,True,3359,0.9051468606844516,569
750000000000.0,20201099,3300,0.889248181083266,219,2.4254539707279177,False,3097,0.8345459444893559,252
750000000000.0,20201100,1544,0.41606036108865535,0,-2.830308848423476,True,1544,0.41606036108865535,0
750000000000.0,20201101,2395,0.6453786041498248,13,3.1809743722577064,False,2281,0.6146591215305848,16
750000000000.0,20201102,802,0.21611425491781192,0,2.859753079850508,False,630,0.16976556184316896,0
750000000000.0,20201103,1819,0.4901643761789275,1,1.1216714712380718,True,1819,0.4901643761789275,1
750000000000.0,20201104,3447,0.9288601455133387,596,-2.1740818781923643,True,3336,0.898949070331447,715
750000000000.0,20201105,210,0.056588520614389654,0,3.795552608855645,False,210,0.056588520614389654,0
750000000000.0,20201106,3187,0.8587981676098086,71,-2.866978667354557,True,2977,0.8022096469954191,81
750000000000.0,20201107,1903,0.5127997844246833,2,0.08481091669362151,True,1903,0.5127997844246833,2
750000000000.0,20201108,2149,0.5790891942872541,3,2.164500002147321,False,2131,0.5742387496631636,3
750000000000.0,20201109,3448,0.9291296146591216,394,-1.2637915868108882,True,3305,0.89059552681218,437
750000000000.0,20201110,1926,0.5189975747776879,0,-0.09488232965181531,True,1644,0.44300727566693615,2
750000000000.0,20201111,2913,0.7849636216653193,21,-1.5583965178456571,True,2697,0.7267582861762328,25
750000000000.0,20201112,3474,0.9361358124494745,431,-3.448465653875955,True,3376,0.9097278361627593,513
750000000000.0,20201113,2550,0.6871463217461601,3,4.550503313366736,False,2566,0.6914578280786849,2
750000000000.0,20201114,3305,0.89059552681218,214,-2.55810661719788,True,3118,0.8402047965507949,249
750000000000.0,20201115,259,0.06979250875774724,1,1.6142806887967085,True,259,0.06979250875774724,1
750000000000.0,20201116,3285,0.8852061438965239,238,-8.00663297692374,True,3186,0.8585286984640259,268
750000000000.0,20201117,2211,0.5957962813257882,1,-0.45093917024199737,True,2225,0.5995688493667475,1
750000000000.0,20201118,2997,0.8075990299110751,79,-0.15884112234836678,True,2874,0.7744543249797898,85
750000000000.0,20201119,2742,0.7388843977364592,9,-2.7854352825157953,True,2635,0.7100511991376988,17
750000000000.0,20201120,3006,0.8100242522231205,60,-0.23055591009211973,True,2909,0.7838857450821881,66
750000000000.0,20201121,3365,0.9067636755591485,353,-2.196239844658593,True,3285,0.8852061438965239,396
750000000000.0,20201122,3453,0.9304769603880356,457,-3.602907551193476,True,3284,0.884936674750741,536
750000000000.0,20201123,0,0.0,0,,False,0,0.0,0
750000000000.0,20201124,3415,0.9202371328482889,544,-5.521133462237795,True,3350,0.9027216383724064,642
750000000000.0,20201125,1585,0.42710859606575047,1,-1.9653921634585503,True,1585,0.42710859606575047,1
750000000000.0,20201126,2182,0.5879816760980867,0,-11.151783010920504,True,2139,0.5763945028294261,0
750000000000.0,20201127,3459,0.9320937752627324,556,-5.1390682102255685,True,3399,0.9159256265157639,649
750000000000.0,20201128,2431,0.655079493398006,0,2.936891977143567,False,2308,0.6219347884667206,0
750000000000.0,20201129,1,0.00026946914578280785,0,-4.905070417111616,True,1,0.00026946914578280785,0
750000000000.0,20201130,2575,0.6938830503907303,20,1.1217715841697737,True,2687,0.7240635947184048,13
750000000000.0,20201131,425,0.11452438695769335,0,,False,425,0.11452438695769335,0
750000000000.0,20201132,2744,0.7394233360280248,27,0.9983892216929551,True,2639,0.71112907572083,35
750000000000.0,20201133,3005,0.8097547830773376,65,1.078620474484405,True,2903,0.7822689302074912,83
750000000000.0,20201134,3480,0.9377526273241714,577,-5.318023544483992,True,3333,0.8981406628940987,690
750000000000.0,20201135,3478,0.9372136890326057,723,-6.072031260030239,True,3391,0.9137698733495014,880
750000000000.0,20201136,2543,0.6852600377256804,0,-6.845142363584664,True,2508,0.6758286176232822,2
750000000000.0,20201137,3084,0.8310428455941795,152,-1.2575176513503221,True,3023,0.8146052277014282,175
750000000000.0,20201138,822,0.22150363783346808,0,-0.6917026220510101,True,822,0.22150363783346808,0
750000000000.0,20201139,2790,0.751818916734034,7,3.8143066723209937,False,2729,0.7353812988412827,14
750000000000.0,20201140,3098,0.8348154136351388,55,0.4789352317007136,True,2874,0.7744543249797898,61
750000000000.0,20201141,3478,0.9372136890326057,647,-3.197204073666314,True,3417,0.9207760711398545,852
750000000000.0,20201142,56,0.01509027216383724,0,,False,56,0.01509027216383724,0
750000000000.0,20201143,2545,0.685798976017246,18,-0.9677562584514501,True,2510,0.6763675559148478,26
750000000000.0,20201144,3455,0.9310158986796012,505,-3.157942320398466,True,3394,0.9145782807868499,589
750000000000.0,20201145,2935,0.790891942872541,43,0.9809773951035687,True,2740,0.7383454594448936,59
750000000000.0,20201146,1,0.00026946914578280785,0,0.840127081285952,True,1,0.00026946914578280785,0
750000000000.0,20201147,2,0.0005389382915656157,1,0.20255924163765648,True,2,0.0005389382915656157,1
750000000000.0,20201148,0,0.0,0,-0.46522359678036995,True,0,0.0,0
750000000000.0,20201149,2369,0.6383724063594718,12,-0.35840134144819125,True,2422,0.6526542710859606,19
750000000000.0,20201150,3258,0.8779304769603881,215,-2.995525716289565,True,3101,0.8356238210724872,253
750000000000.0,20201151,967,0.2605766639719752,0,5.967769279680883,False,967,0.2605766639719752,0
750000000000.0,20201152,1,0.00026946914578280785,1,-0.6825965009752544,True,1,0.00026946914578280785,1
750000000000.0,20201153,199,0.05362436001077876,0,1.6612092351655905,True,199,0.05362436001077876,0
750000000000.0,20201154,1051,0.2832120722177311,1,4.7555342842320005,False,1051,0.2832120722177311,1
750000000000.0,20201155,2611,0.7035839396389113,21,3.0652174844980804,False,2657,0.7159795203449205,23
750000000000.0,20201156,69,0.018593371059013743,0,4.1456464344217405,False,69,0.018593371059013743,0
750000000000.0,20201157,3321,0.8949070331447049,268,-2.8937948601559853,True,3223,0.8684990568579898,295
750000000000.0,20201158,1633,0.4400431150633253,1,-0.8268452964270443,True,1684,0.45378604149824847,1
750000000000.0,20201159,3459,0.9320937752627324,458,-1.6449949853446801,True,3400,0.9161950956615468,537
750000000000.0,20201160,0,0.0,0,,False,0,0.0,0
750000000000.0,20201161,1791,0.4826192400970089,0,-0.15937090177091395,True,1960,0.5281595257343035,0
750000000000.0,20201162,34,0.009161950956615468,0,,False,34,0.009161950956615468,0
750000000000.0,20201163,3067,0.8264618701158717,76,-1.1405329197387521,True,2966,0.7992454863918081,88
750000000000.0,20201164,3251,0.8760441929399084,222,0.6332227366830683,True,3123,0.841552142279709,261
750000000000.0,20201165,2304,0.6208569118835894,0,-2.7661254048856314,True,1925,0.5187281056319052,0
750000000000.0,20201166,8,0.002155753166262463,0,,False,8,0.002155753166262463,0
750000000000.0,20201167,149,0.04015090272163837,0,3.2827760298292645,False,149,0.04015090272163837,0
750000000000.0,20201168,340,0.09161950956615468,0,5.49050531270839,False,338,0.09108057127458906,0
750000000000.0,20201169,85,0.02290487739153867,0,,False,85,0.02290487739153867,0
750000000000.0,20201170,3351,0.9029911075181891,306,-2.4839250101088233,True,3263,0.8792778226893021,349
750000000000.0,20201171,3009,0.8108326596604689,79,3.426796511857102,False,2798,0.7539746699002964,81
750000000000.0,20201172,2962,0.798167609808677,65,-0.0958876835792708,True,2956,0.7965507949339801,69
750000000000.0,20201173,3175,0.855564537860415,123,-12.616659136917512,True,3058,0.8240366478038265,143
750000000000.0,20201174,177,0.047696038803556995,0,5.909826326887934,False,177,0.047696038803556995,0
750000000000.0,20201175,2819,0.7596335219617354,31,-0.44612193620621454,True,2804,0.7555914847749933,31
750000000000.0,20201176,1162,0.31312314739962277,0,2.0943204086148324,False,1180,0.3179735920237133,0
750000000000.0,20201177,3210,0.8649959579628133,140,-2.42227374058956,True,3028,0.8159525734303422,157
750000000000.0,20201178,2474,0.6666666666666666,14,-0.08633635169678922,True,2475,0.6669361358124495,8
750000000000.0,20201179,1665,0.4486661277283751,1,3.829948487988003,False,1665,0.4486661277283751,1
750000000000.0,20201180,3252,0.8763136620856912,128,0.9058616405436308,True,3118,0.8402047965507949,148
750000000000.0,20201181,3394,0.9145782807868499,478,-2.470590452756083,True,3358,0.9048773915386689,575
750000000000.0,20201182,3493,0.9412557262193478,526,-4.059682872321844,True,3413,0.9196981945567233,674
750000000000.0,20201183,3356,0.9043384532471032,342,2.3997690540078267,False,3344,0.9011048234977095,399
750000000000.0,20201184,3153,0.8496362166531932,111,-4.815760901349639,True,3012,0.8116410670978172,148
750000000000.0,20201185,2175,0.5860953920776071,1,4.063315789638989,False,2174,0.5858259229318243,4
750000000000.0,20201186,3405,0.9175424413904608,400,-2.391323405499818,True,3200,0.8623012665049852,461
750000000000.0,20201187,2386,0.6429533818377796,19,1.4444811852094634,True,2301,0.6200485044462409,28
750000000000.0,20201188,2163,0.5828617623282134,2,2.919676020160641,False,2146,0.5782807868499057,0
750000000000.0,20201189,3300,0.889248181083266,254,-2.1983608495301556,True,3203,0.8631096739423336,285
750000000000.0,20201190,1897,0.5111829695499865,1,4.651625836348318,False,1897,0.5111829695499865,1
750000000000.0,20201191,1704,0.45917542441390463,0,-2.8829607965245554,True,1661,0.44758825114524387,0
750000000000.0,20201192,3235,0.8717326866073835,207,1.9307408134314588,True,3112,0.838587981676098,255
750000000000.0,20201193,965,0.2600377256804096,0,3.713445264193643,False,946,0.25491781191053625,0
750000000000.0,20201194,722,0.19455672325518727,0,-0.6510400494404052,True,722,0.19455672325518727,0
750000000000.0,20201195,1121,0.3020749124225276,2,3.3696981002776023,False,1148,0.30935057935866345,1
750000000000.0,20201196,0,0.0,1,5.2213529808677945,False,0,0.0,1
750000000000.0,20201197,19,0.005119913769873349,0,5.172456988053119,False,19,0.005119913769873349,0
750000000000.0,20201198,54,0.014551333872271624,0,6.163334434039694,False,54,0.014551333872271624,0
750000000000.0,20201199,2654,0.7151711129075721,17,3.7599536718973496,False,2658,0.7162489894907034,21
750000000000.0,20201200,3441,0.9272433306386418,413,-2.382016021012335,True,3311,0.8922123416868768,522
1000000000000.0,20201001,3318,0.8940986257073565,344,-1.3663811429320818,True,3226,0.8693074642953382,367
1000000000000.0,20201002,3265,0.8798167609808677,197,2.1764533615030124,False,3188,0.8590676367555915,222
1000000000000.0,20201003,3374,0.9091888978711937,365,-1.0057621642007222,True,3265,0.8798167609808677,424
1000000000000.0,20201004,361,0.09727836162759364,1,0.46667241055194175,True,361,0.09727836162759364,1
1000000000000.0,20201005,3395,0.9148477499326327,434,-7.376355015605215,True,3300,0.889248181083266,482
1000000000000.0,20201006,2848,0.7674481271894368,52,-0.6986092890962938,True,2786,0.7507410401509027,52
1000000000000.0,20201007,3387,0.9126919967663703,514,-6.177329354588388,True,3301,0.8895176502290488,569
1000000000000.0,20201008,3350,0.9027216383724064,280,-0.6728293887946633,True,3246,0.8746968472109944,338
1000000000000.0,20201009,3292,0.8870924279170035,260,-1.1643490272194796,True,3260,0.8784694152519537,303
1000000000000.0,20201010,0,0.0,0,3.0059665881574547,False,0,0.0,0
1000000000000.0,20201011,3353,0.9035300458097548,230,-3.5268297763956182,True,3213,0.8658043654001617,264
1000000000000.0,20201012,3340,0.9000269469145783,178,-0.054842477040995874,True,3296,0.8881703045001348,226
1000000000000.0,20201013,3447,0.9288601455133387,425,-4.3758602585599915,True,3330,0.8973322554567502,529
1000000000000.0,20201014,1,0.00026946914578280785,0,0.14793545282991438,True,1,0.00026946914578280785,0
1000000000000.0,20201015,3145,0.8474804634869307,105,-8.479159909235273,True,3018,0.8132578819725141,126
1000000000000.0,20201016,3032,0.8170304500134734,97,1.0835755652613415,True,2997,0.8075990299110751,106
1000000000000.0,20201017,3497,0.9423336028024791,568,-2.226165683903649,True,3437,0.9261654540555107,704
1000000000000.0,20201018,3082,0.8305039073026138,84,-0.11737015657024852,True,2930,0.789544597143627,86
1000000000000.0,20201019,2988,0.8051738075990299,32,2.43257235038174,False,2893,0.7795742387496631,44
1000000000000.0,20201020,3526,0.9501482080301805,719,-1.3152257264016383,True,3468,0.9345189975747777,874
1000000000000.0,20201021,79,0.021288062516841823,0,-5.950966682889597,True,79,0.021288062516841823,0
1000000000000.0,20201022,3458,0.9318243061169497,493,-2.2286373606117653,True,3326,0.8962543788736189,596
1000000000000.0,20201023,2565,0.6911883589329022,22,2.4124932086277884,False,2477,0.6674750741040151,25
1000000000000.0,20201024,3459,0.9320937752627324,440,-3.2643559103517843,True,3370,0.9081110212880625,527
1000000000000.0,20201025,1574,0.4241444354621396,0,-0.9160203647650693,True,1462,0.3939638911344651,0
1000000000000.0,20201026,3368,0.9075720829964969,373,-3.442335377777394,True,3225,0.8690379951495554,426
1000000000000.0,20201027,3505,0.9444893559687416,548,-1.9977548207353144,True,3393,0.9143088116410671,715
1000000000000.0,20201028,2763,0.7445432497978981,22,0.39347676663602993,True,2702,0.7281056319051469,21
1000000000000.0,20201029,3331,0.897601724602533,279,-2.37686655030506,True,3282,0.8843977364591754,357
1000000000000.0,20201030,3226,0.8693074642953382,175,-1.7718502957198519,True,3153,0.8496362166531932,207
1000000000000.0,20201031,3363,0.9062247372675829,347,-2.3867270743395075,True,3336,0.898949070331447,400
1000000000000.0,20201032,2120,0.5712745890595526,0,0.758301456265249,True,1492,0.40204796550794936,0
1000000000000.0,20201033,3408,0.9183508488278093,352,0.3337441746416312,True,3325,0.8959849097278362,420
1000000000000.0,20201034,3129,0.8431689571544059,120,-1.1356129193429503,True,3048,0.8213419563459984,122
1000000000000.0,20201035,3354,0.9037995149555376,288,-1.2964899678535815,True,3253,0.876583131231474,331
1000000000000.0,20201036,3422,0.9221234168687685,434,-4.373860219936079,True,3336,0.898949070331447,533
1000000000000.0,20201037,3366,0.9070331447049312,304,1.6832555204519446,True,3225,0.8690379951495554,360
1000000000000.0,20201038,9,0.002425222312045271,0,,False,9,0.002425222312045271,0
1000000000000.0,20201039,2854,0.7690649420641337,27,0.45427746494227517,True,2693,0.7256804095931015,21
1000000000000.0,20201040,222,0.05982215036378335,0,,False,222,0.05982215036378335,0
1000000000000.0,20201041,3010,0.8111021288062517,68,1.9128879483224668,True,2781,0.7493936944219887,61
1000000000000.0,20201042,3337,0.8992185394772299,190,0.04116257183249328,True,3182,0.8574508218808946,215
1000000000000.0,20201043,7,0.001886284020479655,0,,False,7,0.001886284020479655,0
1000000000000.0,20201044,3376,0.9097278361627593,365,1.095140485547148,True,3292,0.8870924279170035,422
1000000000000.0,20201045,2021,0.5445971436270547,1,1.032818464748324,True,1962,0.5286984640258691,1
1000000000000.0,20201046,2523,0.6798706548100243,13,-0.12788669477456072,True,2636,0.7103206682834815,12
1000000000000.0,20201047,2365,0.6372945297763406,13,2.9244775000891394,False,2355,0.6345998383185125,16
1000000000000.0,20201048,3118,0.8402047965507949,89,2.877230014660336,False,3039,0.8189167340339532,87
1000000000000.0,20201049,971,0.26165454055510645,0,3.7900994573264355,False,971,0.26165454055510645,0
1000000000000.0,20201050,3276,0.8827809215844786,219,0.8436689688656847,True,3084,0.8310428455941795,221
1000000000000.0,20201051,3074,0.8283481541363514,95,-0.006416818223924814,True,2933,0.7903530045809755,101
1000000000000.0,20201052,3344,0.9011048234977095,215,0.0420435517578408,True,3272,0.8817030450013473,251
1000000000000.0,20201053,1631,0.4395041767717596,1,-2.7130160873382616,True,1698,0.45755860953920774,1
1000000000000.0,20201054,3224,0.8687685260037725,126,2.1812727095783657,False,3184,0.8579897601724602,156
1000000000000.0,20201055,3236,0.8720021557531663,180,-1.4088857748805914,True,3014,0.812180005389383,201
1000000000000.0,20201056,2961,0.7978981406628941,28,3.2771410927268514,False,2850,0.7679870654810024,37
1000000000000.0,20201057,3136,0.8450552411748855,104,-0.42768587970424754,True,3109,0.8377795742387497,138
1000000000000.0,20201058,3371,0.9083804904338453,291,1.8505413062698093,True,3272,0.8817030450013473,347
1000000000000.0,20201059,3114,0.8391269199676638,64,1.8577349843081201,True,2982,0.8035569927243331,81
1000000000000.0,20201060,563,0.15171112907572082,0,4.614610797254605,False,563,0.15171112907572082,0
1000000000000.0,20201061,1448,0.3901913230935058,0,-1.6139060125523086,True,1296,0.349232012934519,0
1000000000000.0,20201062,3334,0.8984101320398814,272,-1.4212384836452125,True,3235,0.8717326866073835,325
1000000000000.0,20201063,2984,0.8040959310158987,55,0.6605173698425908,True,2996,0.8073295607652924,57
1000000000000.0,20201064,3164,0.852600377256804,180,-0.6568744931147492,True,3029,0.8162220425761251,184
1000000000000.0,20201065,226,0.06090002694691458,0,6.428482832433176,False,226,0.06090002694691458,0
1000000000000.0,20201066,2603,0.7014281864726489,12,-5.717999137859049,True,2299,0.6195095661546753,17
1000000000000.0,20201067,3429,0.9240097008892482,440,-5.34816904569152,True,3318,0.8940986257073565,538
1000000000000.0,20201068,2523,0.6798706548100243,15,4.386989928970714,False,2571,0.692805173807599,19
1000000000000.0,20201069,3262,0.8790083535435192,304,-1.7658797458571192,True,3117,0.8399353274050121,338
1000000000000.0,20201070,3472,0.9355968741579089,689,-4.067193193084102,True,3415,0.9202371328482889,816
1000000000000.0,20201071,1694,0.45648073295607655,0,1.1822753074479868,True,1502,0.40474265696577744,0
1000000000000.0,20201072,3477,0.936944219886823,602,-3.9936852722426552,True,3396,0.9151172190784155,745
1000000000000.0,20201073,9,0.002425222312045271,0,-4.798252626999135,True,9,0.002425222312045271,0
1000000000000.0,20201074,0,0.0,0,,False,0,0.0,0
1000000000000.0,20201075,3246,0.8746968472109944,278,-1.0375144138060781,True,3092,0.8331985987604419,317
1000000000000.0,20201076,3452,0.9302074912422528,596,-2.251167570980381,True,3348,0.9021827000808408,708
1000000000000.0,20201077,3306,0.8908649959579629,279,1.608901907878808,True,3194,0.8606844516302883,312
1000000000000.0,20201078,3146,0.8477499326327136,127,0.5058639900419744,True,3091,0.8329291296146591,157
1000000000000.0,20201079,22,0.005928321207221773,0,5.1760713786195955,False,22,0.005928321207221773,0
1000000000000.0,20201080,3111,0.8383185125303153,88,-0.5090298939161109,True,3077,0.8291565615736998,104
1000000000000.0,20201081,2952,0.7954729183508489,73,-11.036197980417189,True,2856,0.7696038803556993,96
1000000000000.0,20201082,846,0.22797089733225545,0,4.818717447259256,False,846,0.22797089733225545,0
1000000000000.0,20201083,3507,0.9450282942603072,706,-3.107047885519252,True,3446,0.9285906763675559,860
1000000000000.0,20201084,3549,0.9563459983831851,793,-4.468922005444403,True,3480,0.9377526273241714,953
1000000000000.0,20201085,2414,0.6504985179196981,1,1.0947234555138596,True,2325,0.6265157639450283,2
1000000000000.0,20201086,3386,0.9124225276205874,262,-2.2891375909635654,True,3160,0.8515225006736729,293
1000000000000.0,20201087,3303,0.8900565885206144,239,-1.4660071201635887,True,3196,0.861223389921854,295
1000000000000.0,20201088,2940,0.7922392886014551,53,0.6257853377724256,True,2876,0.7749932632713554,54
1000000000000.0,20201089,3189,0.8593371059013742,178,-1.0800219993850404,True,3120,0.8407437348423605,192
1000000000000.0,20201090,2890,0.7787658313123147,31,0.991036254315155,True,2887,0.7779574238749664,28
1000000000000.0,20201091,2467,0.664780382646187,7,0.7600923524978578,True,2570,0.6925357046618162,11
1000000000000.0,20201092,2837,0.764483966585826,32,3.509054489340441,False,2751,0.7413096200485044,37
1000000000000.0,20201093,1227,0.33063864187550523,0,-0.6939430701545044,True,1227,0.33063864187550523,0
1000000000000.0,20201094,2171,0.5850175154944759,1,2.5659702977436796,False,2203,0.5936405281595257,1
1000000000000.0,20201095,3081,0.8302344381568311,83,1.228940857903868,True,2953,0.7957423874966316,95
1000000000000.0,20201096,368,0.0991646456480733,0,1.9897429328865606,True,368,0.0991646456480733,0
1000000000000.0,20201097,3130,0.8434384263001886,127,-2.6422954691211866,True,3032,0.8170304500134734,127
1000000000000.0,20201098,3488,0.9399083804904338,588,-3.3523312526003872,True,3408,0.9183508488278093,677
1000000000000.0,20201099,3332,0.8978711937483158,261,2.4254539707279177,False,3225,0.8690379951495554,310
1000000000000.0,20201100,1258,0.33899218539477227,1,-2.830308848423476,True,1245,0.3354890864995958,1
1000000000000.0,20201101,2515,0.6777149016437618,21,3.1809743722577064,False,2498,0.6731339261654541,24
1000000000000.0,20201102,653,0.17596335219617354,0,2.859753079850508,False,653,0.17596335219617354,0
1000000000000.0,20201103,1169,0.3150094314201024,0,1.1216714712380718,True,1161,0.3128536782538399,0
1000000000000.0,20201104,3516,0.9474535165723524,599,-2.1740818781923643,True,3415,0.9202371328482889,750
1000000000000.0,20201105,1431,0.3856103476151981,0,3.795552608855645,False,1442,0.38857450821880896,0
1000000000000.0,20201106,2877,0.7752627324171383,64,-2.866978667354557,True,2822,0.7604419293990838,70
1000000000000.0,20201107,2709,0.7299919159256265,25,0.08481091669362151,True,2729,0.7353812988412827,20
1000000000000.0,20201108,2350,0.6332524925895985,0,2.164500002147321,False,2356,0.6348693074642954,0
1000000000000.0,20201109,3462,0.9329021827000809,418,-1.2637915868108882,True,3378,0.910266774454325,493
1000000000000.0,20201110,1644,0.44300727566693615,2,-0.09488232965181531,True,1644,0.44300727566693615,2
1000000000000.0,20201111,2080,0.5604958232282403,0,-1.5583965178456571,True,1867,0.5030988951765023,0
1000000000000.0,20201112,3438,0.9264349232012935,476,-3.448465653875955,True,3368,0.9075720829964969,581
1000000000000.0,20201113,2539,0.6841821611425492,9,4.550503313366736,False,2537,0.6836432228509836,14
1000000000000.0,20201114,3080,0.8299649690110482,153,-2.55810661719788,True,3068,0.8267313392616545,162
1000000000000.0,20201115,2350,0.6332524925895985,1,1.6142806887967085,True,2347,0.63244408515225,1
1000000000000.0,20201116,3289,0.886284020479655,254,-8.00663297692374,True,3212,0.8655348962543788,305
1000000000000.0,20201117,3201,0.862570735650768,131,-0.45093917024199737,True,3035,0.8178388574508219,151
1000000000000.0,20201118,3066,0.826192400970089,77,-0.15884112234836678,True,2935,0.790891942872541,81
1000000000000.0,20201119,2277,0.6135812449474535,7,-2.7854352825157953,True,2259,0.608730800323363,13
1000000000000.0,20201120,3178,0.8563729452977634,128,-0.23055591009211973,True,3141,0.8464025869037995,135
1000000000000.0,20201121,3354,0.9037995149555376,403,-2.196239844658593,True,3299,0.8889787119374831,477
1000000000000.0,20201122,3538,0.9533818377795742,781,-3.602907551193476,True,3434,0.9253570466181622,956
1000000000000.0,20201123,0,0.0,0,,False,0,0.0,0
1000000000000.0,20201124,3407,0.9180813796820264,497,-5.521133462237795,True,3382,0.9113446510374562,587
1000000000000.0,20201125,1733,0.466990029641606,1,-1.9653921634585503,True,1733,0.466990029641606,1
1000000000000.0,20201126,2392,0.6445701967124764,0,-11.151783010920504,True,2290,0.61708434384263,0
1000000000000.0,20201127,3478,0.9372136890326057,601,-5.1390682102255685,True,3415,0.9202371328482889,746
1000000000000.0,20201128,2323,0.6259768256534627,0,2.936891977143567,False,2336,0.6294799245486392,1
1000000000000.0,20201129,1,0.00026946914578280785,0,-4.905070417111616,True,1,0.00026946914578280785,0
1000000000000.0,20201130,2838,0.7647534357316087,19,1.1217715841697737,True,2733,0.7364591754244139,17
1000000000000.0,20201131,535,0.1441659929938022,0,,False,535,0.1441659929938022,0
1000000000000.0,20201132,3045,0.8205335489086499,192,0.9983892216929551,True,2978,0.8024791161412018,210
1000000000000.0,20201133,3082,0.8305039073026138,79,1.078620474484405,True,3082,0.8305039073026138,74
1000000000000.0,20201134,3531,0.9514955537590946,753,-5.318023544483992,True,3466,0.933980059283212,878
1000000000000.0,20201135,3500,0.9431420102398276,711,-6.072031260030239,True,3411,0.9191592562651576,883
1000000000000.0,20201136,2432,0.6553489625437887,0,-6.845142363584664,True,2337,0.629749393694422,0
1000000000000.0,20201137,3389,0.9132309350579358,294,-1.2575176513503221,True,3281,0.8841282673133927,348
1000000000000.0,20201138,633,0.17057396928051738,0,-0.6917026220510101,True,633,0.17057396928051738,0
1000000000000.0,20201139,2512,0.6769064942064134,16,3.8143066723209937,False,2558,0.6893020749124226,17
1000000000000.0,20201140,2579,0.6949609269738615,20,0.4789352317007136,True,2529,0.6814874696847211,15
1000000000000.0,20201141,3508,0.94529776340609,770,-3.197204073666314,True,3424,0.9226623551603341,983
1000000000000.0,20201142,72,0.019401778496362168,0,,False,72,0.019401778496362168,0
1000000000000.0,20201143,3034,0.8175693883050391,69,-0.9677562584514501,True,2972,0.800862301266505,60
1000000000000.0,20201144,3490,0.9404473187819995,568,-3.157942320398466,True,3419,0.9213150094314201,690
1000000000000.0,20201145,3101,0.8356238210724872,83,0.9809773951035687,True,3017,0.8129884128267313,93
1000000000000.0,20201146,1,0.00026946914578280785,0,0.840127081285952,True,1,0.00026946914578280785,0
1000000000000.0,20201147,10,0.0026946914578280788,1,0.20255924163765648,True,10,0.0026946914578280788,1
1000000000000.0,20201148,0,0.0,0,-0.46522359678036995,True,0,0.0,0
1000000000000.0,20201149,2647,0.7132848288870924,24,-0.35840134144819125,True,2648,0.7135542980328753,26
1000000000000.0,20201150,3336,0.898949070331447,275,-2.995525716289565,True,3176,0.8558340070061978,337
1000000000000.0,20201151,1004,0.2705470223659391,0,5.967769279680883,False,1004,0.2705470223659391,0
1000000000000.0,20201152,1,0.00026946914578280785,1,-0.6825965009752544,True,1,0.00026946914578280785,1
1000000000000.0,20201153,2017,0.5435192670439235,0,1.6612092351655905,True,2008,0.5410940447318782,0
1000000000000.0,20201154,1594,0.42953381837779575,0,4.7555342842320005,False,1594,0.42953381837779575,0
1000000000000.0,20201155,2264,0.6100781460522771,0,3.0652174844980804,False,2265,0.6103476151980598,0
1000000000000.0,20201156,171,0.046079223928860144,0,4.1456464344217405,False,171,0.046079223928860144,0
1000000000000.0,20201157,3380,0.9108057127458906,248,-2.8937948601559853,True,3223,0.8684990568579898,292
1000000000000.0,20201158,2377,0.6405281595257343,0,-0.8268452964270443,True,2377,0.6405281595257343,0
1000000000000.0,20201159,3475,0.9364052815952574,451,-1.6449949853446801,True,3396,0.9151172190784155,550
1000000000000.0,20201160,0,0.0,0,,False,0,0.0,0
1000000000000.0,20201161,2142,0.5772029102667745,1,-0.15937090177091395,True,2092,0.5637294529776341,1
1000000000000.0,20201162,36,0.009700889248181084,0,,False,36,0.009700889248181084,0
1000000000000.0,20201163,2893,0.7795742387496631,34,-1.1405329197387521,True,2836,0.7642144974400431,34
1000000000000.0,20201164,3271,0.8814335758555646,267,0.6332227366830683,True,3156,0.8504446240905417,309
1000000000000.0,20201165,2967,0.799514955537591,43,-2.7661254048856314,True,2944,0.7933171651845864,49
1000000000000.0,20201166,13,0.0035030988951765024,0,,False,13,0.0035030988951765024,0
1000000000000.0,20201167,1391,0.37483158178388576,0,3.2827760298292645,False,1391,0.37483158178388576,0
1000000000000.0,20201168,281,0.07572082996496901,1,5.49050531270839,False,281,0.07572082996496901,1
1000000000000.0,20201169,95,0.025599568849366747,0,,False,95,0.025599568849366747,0
1000000000000.0,20201170,3343,0.9008353543519267,454,-2.4839250101088233,True,3288,0.8860145513338723,533
1000000000000.0,20201171,3215,0.8663433036917273,116,3.426796511857102,False,2979,0.8027485852869847,120
1000000000000.0,20201172,2952,0.7954729183508489,65,-0.0958876835792708,True,2997,0.8075990299110751,63
1000000000000.0,20201173,3207,0.8641875505254648,130,-12.616659136917512,True,3095,0.8340070061977903,147
1000000000000.0,20201174,218,0.05874427378065211,0,5.909826326887934,False,218,0.05874427378065211,0
1000000000000.0,20201175,2904,0.7825383993532741,46,-0.44612193620621454,True,2856,0.7696038803556993,36
1000000000000.0,20201176,2794,0.7528967933171652,18,2.0943204086148324,False,2772,0.7469684721099434,15
1000000000000.0,20201177,3150,0.8488278092158448,118,-2.42227374058956,True,3022,0.8143357585556453,140
1000000000000.0,20201178,2886,0.7776879547291835,19,-0.08633635169678922,True,2902,0.7819994610617085,16
1000000000000.0,20201179,1349,0.3635138776610078,1,3.829948487988003,False,1349,0.3635138776610078,1
1000000000000.0,20201180,3385,0.9121530584748047,303,0.9058616405436308,True,3270,0.8811641067097817,344
1000000000000.0,20201181,3370,0.9081110212880625,403,-2.470590452756083,True,3307,0.8911344651037456,493
1000000000000.0,20201182,3482,0.938291565615737,555,-4.059682872321844,True,3401,0.9164645648073295,685
1000000000000.0,20201183,3403,0.9170035030988952,377,2.3997690540078267,False,3258,0.8779304769603881,416
1000000000000.0,20201184,3277,0.8830503907302614,172,-4.815760901349639,True,3100,0.8353543519267044,194
1000000000000.0,20201185,2501,0.6739423336028024,11,4.063315789638989,False,2525,0.6804095931015899,13
1000000000000.0,20201186,3438,0.9264349232012935,495,-2.391323405499818,True,3306,0.8908649959579629,593
1000000000000.0,20201187,2915,0.7855025599568849,32,1.4444811852094634,True,2810,0.7572082996496902,45
1000000000000.0,20201188,2642,0.7119374831581784,24,2.919676020160641,False,2663,0.7175963352196173,24
1000000000000.0,20201189,3318,0.8940986257073565,314,-2.1983608495301556,True,3298,0.8887092427917004,350
1000000000000.0,20201190,1623,0.4373484236054972,0,4.651625836348318,False,1623,0.4373484236054972,0
1000000000000.0,20201191,2290,0.61708434384263,0,-2.8829607965245554,True,2038,0.5491781191053624,1
1000000000000.0,20201192,3322,0.8951765022904877,304,1.9307408134314588,True,3253,0.876583131231474,369
1000000000000.0,20201193,1525,0.410940447318782,1,3.713445264193643,False,1525,0.410940447318782,1
1000000000000.0,20201194,1107,0.29830234438156833,0,-0.6510400494404052,True,1107,0.29830234438156833,0
1000000000000.0,20201195,2335,0.6292104554028564,1,3.3696981002776023,False,2335,0.6292104554028564,1
1000000000000.0,20201196,0,0.0,1,5.2213529808677945,False,0,0.0,1
1000000000000.0,20201197,20,0.0053893829156561575,0,5.172456988053119,False,20,0.0053893829156561575,0
1000000000000.0,20201198,73,0.019671247642144975,0,6.163334434039694,False,73,0.019671247642144975,0
1000000000000.0,20201199,2774,0.747507410401509,12,3.7599536718973496,False,2656,0.7157100511991377,17
1000000000000.0,20201200,3418,0.9210455402856373,393,-2.382016021012335,True,3327,0.8965238480194018,462
