theta,infection_age_days,seed,infections_total,attack_rate,recorded_onsets,index_onset_day,index_shedding_at_day0,invalid_reason,parent_infections_total,parent_attack_rate,parent_recorded_onsets
100000000000.0,0.0,20201001,2151,0.5796281325788197,89,-1.3663811429320818,True,,2151,0.5796281325788197,89
100000000000.0,0.0,20201002,1337,0.3602802479116141,1,2.1764533615030124,False,,1337,0.3602802479116141,1
100000000000.0,0.0,20201003,2789,0.7515494475882512,236,-1.0057621642007222,True,,2789,0.7515494475882512,236
100000000000.0,0.0,20201004,3,0.0008084074373484236,1,0.46667241055194175,True,,3,0.0008084074373484236,1
100000000000.0,0.0,20201005,2573,0.6933441120991647,166,-7.376355015605215,True,,2573,0.6933441120991647,166
100000000000.0,0.0,20201006,1796,0.48396658582592295,24,-0.6986092890962938,True,,1796,0.48396658582592295,24
100000000000.0,0.0,20201007,2573,0.6933441120991647,195,-6.177329354588388,True,,2573,0.6933441120991647,195
100000000000.0,0.0,20201008,2391,0.6443007275666937,91,-0.6728293887946633,True,,2391,0.6443007275666937,91
100000000000.0,0.0,20201009,1678,0.4521692266235516,11,-1.1643490272194796,True,,1678,0.4521692266235516,11
100000000000.0,0.0,20201010,4,0.0010778765831312314,0,3.0059665881574547,False,,4,0.0010778765831312314,0
100000000000.0,0.0,20201011,2818,0.7593640528159525,370,-3.5268297763956182,True,,2818,0.7593640528159525,370
100000000000.0,0.0,20201012,2859,0.7704122877930477,192,-0.054842477040995874,True,,2859,0.7704122877930477,192
100000000000.0,0.0,20201013,3136,0.8450552411748855,683,-4.3758602585599915,True,,3136,0.8450552411748855,683
100000000000.0,0.0,20201014,1,0.00026946914578280785,0,0.14793545282991438,True,,1,0.00026946914578280785,0
100000000000.0,0.0,20201015,2396,0.6456480732956077,37,-8.479159909235273,True,,2396,0.6456480732956077,37
100000000000.0,0.0,20201016,1048,0.28240366478038265,2,1.0835755652613415,True,,1048,0.28240366478038265,2
100000000000.0,0.0,20201017,3117,0.8399353274050121,427,-2.226165683903649,True,,3117,0.8399353274050121,427
100000000000.0,0.0,20201018,1037,0.27943950417677177,1,-0.11737015657024852,True,,1037,0.27943950417677177,1
100000000000.0,0.0,20201019,1484,0.39989221234168687,0,2.43257235038174,False,,1484,0.39989221234168687,0
100000000000.0,0.0,20201020,2826,0.761519805982215,224,-1.3152257264016383,True,,2826,0.761519805982215,224
100000000000.0,0.0,20201021,66,0.01778496362166532,0,-5.950966682889597,True,,66,0.01778496362166532,0
100000000000.0,0.0,20201022,1752,0.4721099434114794,38,-2.2286373606117653,True,,1752,0.4721099434114794,38
100000000000.0,0.0,20201023,6,0.0016168148746968471,0,2.4124932086277884,False,,6,0.0016168148746968471,0
100000000000.0,0.0,20201024,2941,0.792508757747238,298,-3.2643559103517843,True,,2941,0.792508757747238,298
100000000000.0,0.0,20201025,893,0.24063594718404743,1,-0.9160203647650693,True,,893,0.24063594718404743,1
100000000000.0,0.0,20201026,3117,0.8399353274050121,463,-3.442335377777394,True,,3117,0.8399353274050121,463
100000000000.0,0.0,20201027,3023,0.8146052277014282,468,-1.9977548207353144,True,,3023,0.8146052277014282,468
100000000000.0,0.0,20201028,715,0.1926704392347076,0,0.39347676663602993,True,,715,0.1926704392347076,0
100000000000.0,0.0,20201029,761,0.2050660199407168,3,-2.37686655030506,True,,761,0.2050660199407168,3
100000000000.0,0.0,20201030,1647,0.44381568310428454,11,-1.7718502957198519,True,,1647,0.44381568310428454,11
100000000000.0,0.0,20201031,2810,0.7572082996496902,226,-2.3867270743395075,True,,2810,0.7572082996496902,226
100000000000.0,0.0,20201032,2,0.0005389382915656157,0,0.758301456265249,True,,2,0.0005389382915656157,0
100000000000.0,0.0,20201033,2487,0.6701697655618432,56,0.3337441746416312,True,,2487,0.6701697655618432,56
100000000000.0,0.0,20201034,1670,0.45001347345728915,28,-1.1356129193429503,True,,1670,0.45001347345728915,28
100000000000.0,0.0,20201035,2312,0.6230126650498518,109,-1.2964899678535815,True,,2312,0.6230126650498518,109
100000000000.0,0.0,20201036,3139,0.845863648612234,570,-4.373860219936079,True,,3139,0.845863648612234,570
100000000000.0,0.0,20201037,1787,0.48154136351387766,3,1.6832555204519446,True,,1787,0.48154136351387766,3
100000000000.0,0.0,20201038,1,0.00026946914578280785,0,,False,,1,0.00026946914578280785,0
100000000000.0,0.0,20201039,483,0.1301535974130962,0,0.45427746494227517,True,,483,0.1301535974130962,0
100000000000.0,0.0,20201040,34,0.009161950956615468,0,,False,,34,0.009161950956615468,0
100000000000.0,0.0,20201041,340,0.09161950956615468,0,1.9128879483224668,True,,340,0.09161950956615468,0
100000000000.0,0.0,20201042,2398,0.6461870115871733,47,0.04116257183249328,True,,2398,0.6461870115871733,47
100000000000.0,0.0,20201043,0,0.0,0,,False,,0,0.0,0
100000000000.0,0.0,20201044,2337,0.629749393694422,98,1.095140485547148,True,,2337,0.629749393694422,98
100000000000.0,0.0,20201045,4,0.0010778765831312314,0,1.032818464748324,True,,4,0.0010778765831312314,0
100000000000.0,0.0,20201046,407,0.10967394233360281,0,-0.12788669477456072,True,,407,0.10967394233360281,0
100000000000.0,0.0,20201047,410,0.11048234977095123,0,2.9244775000891394,False,,410,0.11048234977095123,0
100000000000.0,0.0,20201048,667,0.17973592023713283,1,2.877230014660336,False,,667,0.17973592023713283,1
100000000000.0,0.0,20201049,0,0.0,0,3.7900994573264355,False,,0,0.0,0
100000000000.0,0.0,20201050,2194,0.5912153058474805,25,0.8436689688656847,True,,2194,0.5912153058474805,25
100000000000.0,0.0,20201051,1725,0.4648342764753436,20,-0.006416818223924814,True,,1725,0.4648342764753436,20
100000000000.0,0.0,20201052,2499,0.6734033953112368,63,0.0420435517578408,True,,2499,0.6734033953112368,63
100000000000.0,0.0,20201053,2041,0.5499865265427109,31,-2.7130160873382616,True,,2041,0.5499865265427109,31
100000000000.0,0.0,20201054,1701,0.4583670169765562,26,2.1812727095783657,False,,1701,0.4583670169765562,26
100000000000.0,0.0,20201055,2142,0.5772029102667745,46,-1.4088857748805914,True,,2142,0.5772029102667745,46
100000000000.0,0.0,20201056,582,0.15683104284559418,1,3.2771410927268514,False,,582,0.15683104284559418,1
100000000000.0,0.0,20201057,1969,0.5305847480463487,26,-0.42768587970424754,True,,1969,0.5305847480463487,26
100000000000.0,0.0,20201058,2555,0.6884936674750741,71,1.8505413062698093,True,,2555,0.6884936674750741,71
100000000000.0,0.0,20201059,1645,0.44327674481271895,1,1.8577349843081201,True,,1645,0.44327674481271895,1
100000000000.0,0.0,20201060,1,0.00026946914578280785,0,4.614610797254605,False,,1,0.00026946914578280785,0
100000000000.0,0.0,20201061,337,0.09081110212880625,0,-1.6139060125523086,True,,337,0.09081110212880625,0
100000000000.0,0.0,20201062,1096,0.2953381837779574,4,-1.4212384836452125,True,,1096,0.2953381837779574,4
100000000000.0,0.0,20201063,2094,0.5642683912691997,25,0.6605173698425908,True,,2094,0.5642683912691997,25
100000000000.0,0.0,20201064,1081,0.29129614659121533,0,-0.6568744931147492,True,,1081,0.29129614659121533,0
100000000000.0,0.0,20201065,82,0.022096469954190245,0,6.428482832433176,False,,82,0.022096469954190245,0
100000000000.0,0.0,20201066,103,0.027755322015629212,0,-5.717999137859049,True,,103,0.027755322015629212,0
100000000000.0,0.0,20201067,3125,0.8420910805712746,550,-5.34816904569152,True,,3125,0.8420910805712746,550
100000000000.0,0.0,20201068,850,0.2290487739153867,1,4.386989928970714,False,,850,0.2290487739153867,1
100000000000.0,0.0,20201069,2285,0.615736998113716,63,-1.7658797458571192,True,,2285,0.615736998113716,63
100000000000.0,0.0,20201070,3113,0.8388574508218809,611,-4.067193193084102,True,,3113,0.8388574508218809,611
100000000000.0,0.0,20201071,54,0.014551333872271624,0,1.1822753074479868,True,,54,0.014551333872271624,0
100000000000.0,0.0,20201072,2769,0.746160064672595,204,-3.9936852722426552,True,,2769,0.746160064672595,204
100000000000.0,0.0,20201073,2691,0.725141471301536,145,-4.798252626999135,True,,2691,0.725141471301536,145
100000000000.0,0.0,20201074,0,0.0,0,,False,,0,0.0,0
100000000000.0,0.0,20201075,2191,0.590406898410132,60,-1.0375144138060781,True,,2191,0.590406898410132,60
100000000000.0,0.0,20201076,3038,0.8186472648881703,483,-2.251167570980381,True,,3038,0.8186472648881703,483
100000000000.0,0.0,20201077,2049,0.5521422797089733,25,1.608901907878808,True,,2049,0.5521422797089733,25
100000000000.0,0.0,20201078,502,0.13527351118296954,0,0.5058639900419744,True,,502,0.13527351118296954,0
100000000000.0,0.0,20201079,1,0.00026946914578280785,0,5.1760713786195955,False,,1,0.00026946914578280785,0
100000000000.0,0.0,20201080,82,0.022096469954190245,1,-0.5090298939161109,True,,82,0.022096469954190245,1
100000000000.0,0.0,20201081,1814,0.48881703045001346,16,-11.036197980417189,True,,1814,0.48881703045001346,16
100000000000.0,0.0,20201082,47,0.01266504985179197,1,4.818717447259256,False,,47,0.01266504985179197,1
100000000000.0,0.0,20201083,3247,0.8749663163567771,969,-3.107047885519252,True,,3247,0.8749663163567771,969
100000000000.0,0.0,20201084,2875,0.7747237941255726,331,-4.468922005444403,True,,2875,0.7747237941255726,331
100000000000.0,0.0,20201085,251,0.06763675559148477,0,1.0947234555138596,True,,251,0.06763675559148477,0
100000000000.0,0.0,20201086,1965,0.5295068714632175,40,-2.2891375909635654,True,,1965,0.5295068714632175,40
100000000000.0,0.0,20201087,1951,0.5257343034222581,51,-1.4660071201635887,True,,1951,0.5257343034222581,51
100000000000.0,0.0,20201088,787,0.2120722177310698,0,0.6257853377724256,True,,787,0.2120722177310698,0
100000000000.0,0.0,20201089,1982,0.5340878469415252,33,-1.0800219993850404,True,,1982,0.5340878469415252,33
100000000000.0,0.0,20201090,150,0.04042037186742118,0,0.991036254315155,True,,150,0.04042037186742118,0
100000000000.0,0.0,20201091,1,0.00026946914578280785,1,0.7600923524978578,True,,1,0.00026946914578280785,1
100000000000.0,0.0,20201092,479,0.12907572082996496,0,3.509054489340441,False,,479,0.12907572082996496,0
100000000000.0,0.0,20201093,203,0.05470223659391,0,-0.6939430701545044,True,,203,0.05470223659391,0
100000000000.0,0.0,20201094,1,0.00026946914578280785,0,2.5659702977436796,False,,1,0.00026946914578280785,0
100000000000.0,0.0,20201095,1349,0.3635138776610078,1,1.228940857903868,True,,1349,0.3635138776610078,1
100000000000.0,0.0,20201096,167,0.045001347345728915,0,1.9897429328865606,True,,167,0.045001347345728915,0
100000000000.0,0.0,20201097,91,0.024521692266235517,0,-2.6422954691211866,True,,91,0.024521692266235517,0
100000000000.0,0.0,20201098,3228,0.8698464025869038,801,-3.3523312526003872,True,,3228,0.8698464025869038,801
100000000000.0,0.0,20201099,2135,0.5753166262462948,45,2.4254539707279177,False,,2135,0.5753166262462948,45
100000000000.0,0.0,20201100,154,0.04149824845055241,0,-2.830308848423476,True,,154,0.04149824845055241,0
100000000000.0,0.0,20201101,1547,0.4168687685260038,3,3.1809743722577064,False,,1547,0.4168687685260038,3
100000000000.0,0.0,20201102,1,0.00026946914578280785,0,2.859753079850508,False,,1,0.00026946914578280785,0
100000000000.0,0.0,20201103,34,0.009161950956615468,0,1.1216714712380718,True,,34,0.009161950956615468,0
100000000000.0,0.0,20201104,3252,0.8763136620856912,772,-2.1740818781923643,True,,3252,0.8763136620856912,772
100000000000.0,0.0,20201105,1,0.00026946914578280785,0,3.795552608855645,False,,1,0.00026946914578280785,0
100000000000.0,0.0,20201106,2135,0.5753166262462948,56,-2.866978667354557,True,,2135,0.5753166262462948,56
100000000000.0,0.0,20201107,306,0.08245755860953921,1,0.08481091669362151,True,,306,0.08245755860953921,1
100000000000.0,0.0,20201108,2,0.0005389382915656157,0,2.164500002147321,False,,2,0.0005389382915656157,0
100000000000.0,0.0,20201109,2284,0.6154675289679332,60,-1.2637915868108882,True,,2284,0.6154675289679332,60
100000000000.0,0.0,20201110,176,0.047426569657774184,0,-0.09488232965181531,True,,176,0.047426569657774184,0
100000000000.0,0.0,20201111,470,0.1266504985179197,1,-1.5583965178456571,True,,470,0.1266504985179197,1
100000000000.0,0.0,20201112,2786,0.7507410401509027,279,-3.448465653875955,True,,2786,0.7507410401509027,279
100000000000.0,0.0,20201113,834,0.22473726758286175,1,4.550503313366736,False,,834,0.22473726758286175,1
100000000000.0,0.0,20201114,2826,0.761519805982215,193,-2.55810661719788,True,,2826,0.761519805982215,193
100000000000.0,0.0,20201115,42,0.01131770412287793,0,1.6142806887967085,True,,42,0.01131770412287793,0
100000000000.0,0.0,20201116,2244,0.6046887631366209,51,-8.00663297692374,True,,2244,0.6046887631366209,51
100000000000.0,0.0,20201117,8,0.002155753166262463,0,-0.45093917024199737,True,,8,0.002155753166262463,0
100000000000.0,0.0,20201118,1290,0.34761519805982216,0,-0.15884112234836678,True,,1290,0.34761519805982216,0
100000000000.0,0.0,20201119,1,0.00026946914578280785,0,-2.7854352825157953,True,,1,0.00026946914578280785,0
100000000000.0,0.0,20201120,16,0.004311506332524926,0,-0.23055591009211973,True,,16,0.004311506332524926,0
100000000000.0,0.0,20201121,2634,0.7097817299919159,96,-2.196239844658593,True,,2634,0.7097817299919159,96
100000000000.0,0.0,20201122,2655,0.7154405820533549,174,-3.602907551193476,True,,2655,0.7154405820533549,174
100000000000.0,0.0,20201123,0,0.0,0,,False,,0,0.0,0
100000000000.0,0.0,20201124,2922,0.7873888439773646,310,-5.521133462237795,True,,2922,0.7873888439773646,310
100000000000.0,0.0,20201125,28,0.00754513608191862,1,-1.9653921634585503,True,,28,0.00754513608191862,1
100000000000.0,0.0,20201126,266,0.07167879277822689,0,-11.151783010920504,True,,266,0.07167879277822689,0
100000000000.0,0.0,20201127,3257,0.8776610078146052,883,-5.1390682102255685,True,,3257,0.8776610078146052,883
100000000000.0,0.0,20201128,38,0.010239827539746699,0,2.936891977143567,False,,38,0.010239827539746699,0
100000000000.0,0.0,20201129,1243,0.3349501482080302,2,-4.905070417111616,True,,1243,0.3349501482080302,2
100000000000.0,0.0,20201130,1450,0.3907302613850714,2,1.1217715841697737,True,,1450,0.3907302613850714,2
100000000000.0,0.0,20201131,140,0.0377256804095931,0,,False,,140,0.0377256804095931,0
100000000000.0,0.0,20201132,181,0.048773915386688224,0,0.9983892216929551,True,,181,0.048773915386688224,0
100000000000.0,0.0,20201133,1489,0.4012395580706009,12,1.078620474484405,True,,1489,0.4012395580706009,12
100000000000.0,0.0,20201134,2971,0.8005928321207222,545,-5.318023544483992,True,,2971,0.8005928321207222,545
100000000000.0,0.0,20201135,3152,0.8493667475074104,620,-6.072031260030239,True,,3152,0.8493667475074104,620
100000000000.0,0.0,20201136,2,0.0005389382915656157,1,-6.845142363584664,True,,2,0.0005389382915656157,1
100000000000.0,0.0,20201137,2119,0.5710051199137699,62,-1.2575176513503221,True,,2119,0.5710051199137699,62
100000000000.0,0.0,20201138,5,0.0013473457289140394,0,-0.6917026220510101,True,,5,0.0013473457289140394,0
100000000000.0,0.0,20201139,411,0.11075181891673404,0,3.8143066723209937,False,,411,0.11075181891673404,0
100000000000.0,0.0,20201140,159,0.04284559417946645,1,0.4789352317007136,True,,159,0.04284559417946645,1
100000000000.0,0.0,20201141,3212,0.8655348962543788,750,-3.197204073666314,True,,3212,0.8655348962543788,750
100000000000.0,0.0,20201142,127,0.0342225815144166,0,,False,,127,0.0342225815144166,0
100000000000.0,0.0,20201143,1528,0.41174885475613043,7,-0.9677562584514501,True,,1528,0.41174885475613043,7
100000000000.0,0.0,20201144,2984,0.8040959310158987,380,-3.157942320398466,True,,2984,0.8040959310158987,380
100000000000.0,0.0,20201145,994,0.267852330908111,25,0.9809773951035687,True,,994,0.267852330908111,25
100000000000.0,0.0,20201146,1,0.00026946914578280785,0,0.840127081285952,True,,1,0.00026946914578280785,0
100000000000.0,0.0,20201147,485,0.13069253570466183,1,0.20255924163765648,True,,485,0.13069253570466183,1
100000000000.0,0.0,20201148,3,0.0008084074373484236,0,-0.46522359678036995,True,,3,0.0008084074373484236,0
100000000000.0,0.0,20201149,173,0.04661816222042576,0,-0.35840134144819125,True,,173,0.04661816222042576,0
100000000000.0,0.0,20201150,1808,0.4872002155753166,34,-2.995525716289565,True,,1808,0.4872002155753166,34
100000000000.0,0.0,20201151,32,0.008623012665049851,0,5.967769279680883,False,,32,0.008623012665049851,0
100000000000.0,0.0,20201152,1,0.00026946914578280785,1,-0.6825965009752544,True,,1,0.00026946914578280785,1
100000000000.0,0.0,20201153,1,0.00026946914578280785,0,1.6612092351655905,True,,1,0.00026946914578280785,0
100000000000.0,0.0,20201154,63,0.016976556184316895,1,4.7555342842320005,False,,63,0.016976556184316895,1
100000000000.0,0.0,20201155,206,0.055510644031258424,0,3.0652174844980804,False,,206,0.055510644031258424,0
100000000000.0,0.0,20201156,67,0.018054432767448128,0,4.1456464344217405,False,,67,0.018054432767448128,0
100000000000.0,0.0,20201157,2752,0.7415790891942873,176,-2.8937948601559853,True,,2752,0.7415790891942873,176
100000000000.0,0.0,20201158,36,0.009700889248181084,0,-0.8268452964270443,True,,36,0.009700889248181084,0
100000000000.0,0.0,20201159,2711,0.7305308542171921,151,-1.6449949853446801,True,,2711,0.7305308542171921,151
100000000000.0,0.0,20201160,0,0.0,0,,False,,0,0.0,0
100000000000.0,0.0,20201161,9,0.002425222312045271,0,-0.15937090177091395,True,,9,0.002425222312045271,0
100000000000.0,0.0,20201162,95,0.025599568849366747,0,,False,,95,0.025599568849366747,0
100000000000.0,0.0,20201163,1039,0.27997844246833736,4,-1.1405329197387521,True,,1039,0.27997844246833736,4
100000000000.0,0.0,20201164,1145,0.308542171921315,1,0.6332227366830683,True,,1145,0.308542171921315,1
100000000000.0,0.0,20201165,1587,0.42764753435731606,2,-2.7661254048856314,True,,1587,0.42764753435731606,2
100000000000.0,0.0,20201166,6,0.0016168148746968471,0,,False,,6,0.0016168148746968471,0
100000000000.0,0.0,20201167,54,0.014551333872271624,1,3.2827760298292645,False,,54,0.014551333872271624,1
100000000000.0,0.0,20201168,31,0.008353543519267044,0,5.49050531270839,False,,31,0.008353543519267044,0
100000000000.0,0.0,20201169,19,0.005119913769873349,0,,False,,19,0.005119913769873349,0
100000000000.0,0.0,20201170,2936,0.7911614120183239,362,-2.4839250101088233,True,,2936,0.7911614120183239,362
100000000000.0,0.0,20201171,1751,0.4718404742656966,12,3.426796511857102,False,,1751,0.4718404742656966,12
100000000000.0,0.0,20201172,1694,0.45648073295607655,21,-0.0958876835792708,True,,1694,0.45648073295607655,21
100000000000.0,0.0,20201173,401,0.10805712745890596,2,-12.616659136917512,True,,401,0.10805712745890596,2
100000000000.0,0.0,20201174,5,0.0013473457289140394,0,5.909826326887934,False,,5,0.0013473457289140394,0
100000000000.0,0.0,20201175,15,0.004042037186742118,1,-0.44612193620621454,True,,15,0.004042037186742118,1
100000000000.0,0.0,20201176,16,0.004311506332524926,0,2.0943204086148324,False,,16,0.004311506332524926,0
100000000000.0,0.0,20201177,2714,0.7313392616545406,181,-2.42227374058956,True,,2714,0.7313392616545406,181
100000000000.0,0.0,20201178,1072,0.28887092427917005,2,-0.08633635169678922,True,,1072,0.28887092427917005,2
100000000000.0,0.0,20201179,38,0.010239827539746699,1,3.829948487988003,False,,38,0.010239827539746699,1
100000000000.0,0.0,20201180,2110,0.5685798976017246,31,0.9058616405436308,True,,2110,0.5685798976017246,31
100000000000.0,0.0,20201181,2870,0.7733764483966585,251,-2.470590452756083,True,,2870,0.7733764483966585,251
100000000000.0,0.0,20201182,3198,0.8617623282134196,654,-4.059682872321844,True,,3198,0.8617623282134196,654
100000000000.0,0.0,20201183,2199,0.5925626515763945,70,2.3997690540078267,False,,2199,0.5925626515763945,70
100000000000.0,0.0,20201184,797,0.21476690918889788,0,-4.815760901349639,True,,797,0.21476690918889788,0
100000000000.0,0.0,20201185,492,0.13257881972514146,0,4.063315789638989,False,,492,0.13257881972514146,0
100000000000.0,0.0,20201186,3068,0.8267313392616545,444,-2.391323405499818,True,,3068,0.8267313392616545,444
100000000000.0,0.0,20201187,973,0.26219347884667205,1,1.4444811852094634,True,,973,0.26219347884667205,1
100000000000.0,0.0,20201188,896,0.24144435462139585,1,2.919676020160641,False,,896,0.24144435462139585,1
100000000000.0,0.0,20201189,2702,0.7281056319051469,239,-2.1983608495301556,True,,2702,0.7281056319051469,239
100000000000.0,0.0,20201190,8,0.002155753166262463,1,4.651625836348318,False,,8,0.002155753166262463,1
100000000000.0,0.0,20201191,190,0.05119913769873349,0,-2.8829607965245554,True,,190,0.05119913769873349,0
100000000000.0,0.0,20201192,2062,0.5556453786041499,68,1.9307408134314588,True,,2062,0.5556453786041499,68
100000000000.0,0.0,20201193,21,0.005658852061438965,0,3.713445264193643,False,,21,0.005658852061438965,0
100000000000.0,0.0,20201194,73,0.019671247642144975,0,-0.6510400494404052,True,,73,0.019671247642144975,0
100000000000.0,0.0,20201195,1,0.00026946914578280785,0,3.3696981002776023,False,,1,0.00026946914578280785,0
100000000000.0,0.0,20201196,0,0.0,1,5.2213529808677945,False,,0,0.0,1
100000000000.0,0.0,20201197,0,0.0,0,5.172456988053119,False,,0,0.0,0
100000000000.0,0.0,20201198,5,0.0013473457289140394,0,6.163334434039694,False,,5,0.0013473457289140394,0
100000000000.0,0.0,20201199,1177,0.31716518458636483,0,3.7599536718973496,False,,1177,0.31716518458636483,0
100000000000.0,0.0,20201200,3055,0.823228240366478,398,-2.382016021012335,True,,3055,0.823228240366478,398
133000000000.0,0.0,20201001,2627,0.7078954459714363,114,-1.3663811429320818,True,,,,
133000000000.0,0.0,20201002,1535,0.41363513877661007,3,2.1764533615030124,False,,,,
133000000000.0,0.0,20201003,2678,0.7216383724063594,218,-1.0057621642007222,True,,,,
133000000000.0,0.0,20201004,3,0.0008084074373484236,1,0.46667241055194175,True,,,,
133000000000.0,0.0,20201005,2745,0.7396928051738076,250,-7.376355015605215,True,,,,
133000000000.0,0.0,20201006,1785,0.48100242522231207,24,-0.6986092890962938,True,,,,
133000000000.0,0.0,20201007,2754,0.7421180274858529,217,-6.177329354588388,True,,,,
133000000000.0,0.0,20201008,2655,0.7154405820533549,101,-0.6728293887946633,True,,,,
133000000000.0,0.0,20201009,2004,0.540016168148747,24,-1.1643490272194796,True,,,,
133000000000.0,0.0,20201010,36,0.009700889248181084,0,3.0059665881574547,False,,,,
133000000000.0,0.0,20201011,3009,0.8108326596604689,382,-3.5268297763956182,True,,,,
133000000000.0,0.0,20201012,2808,0.7566693613581245,145,-0.054842477040995874,True,,,,
133000000000.0,0.0,20201013,3174,0.8552950687146321,809,-4.3758602585599915,True,,,,
133000000000.0,0.0,20201014,1,0.00026946914578280785,0,0.14793545282991438,True,,,,
133000000000.0,0.0,20201015,2242,0.6041498248450552,31,-8.479159909235273,True,,,,
133000000000.0,0.0,20201016,1933,0.5208838587981676,2,1.0835755652613415,True,,,,
133000000000.0,0.0,20201017,2944,0.7933171651845864,310,-2.226165683903649,True,,,,
133000000000.0,0.0,20201018,1467,0.39531123686337916,10,-0.11737015657024852,True,,,,
133000000000.0,0.0,20201019,2096,0.5648073295607653,8,2.43257235038174,False,,,,
133000000000.0,0.0,20201020,2704,0.7286445701967125,291,-1.3152257264016383,True,,,,
133000000000.0,0.0,20201021,84,0.02263540824575586,0,-5.950966682889597,True,,,,
133000000000.0,0.0,20201022,2475,0.6669361358124495,86,-2.2286373606117653,True,,,,
133000000000.0,0.0,20201023,190,0.05119913769873349,0,2.4124932086277884,False,,,,
133000000000.0,0.0,20201024,2800,0.7545136081918621,196,-3.2643559103517843,True,,,,
133000000000.0,0.0,20201025,871,0.23470762597682565,0,-0.9160203647650693,True,,,,
133000000000.0,0.0,20201026,3155,0.8501751549447588,611,-3.442335377777394,True,,,,
133000000000.0,0.0,20201027,3104,0.8364322285098357,424,-1.9977548207353144,True,,,,
133000000000.0,0.0,20201028,1007,0.27135542980328753,0,0.39347676663602993,True,,,,
133000000000.0,0.0,20201029,2589,0.6976556184316896,131,-2.37686655030506,True,,,,
133000000000.0,0.0,20201030,1931,0.520344920506602,18,-1.7718502957198519,True,,,,
133000000000.0,0.0,20201031,2975,0.8016707087038534,254,-2.3867270743395075,True,,,,
133000000000.0,0.0,20201032,3,0.0008084074373484236,0,0.758301456265249,True,,,,
133000000000.0,0.0,20201033,2513,0.6771759633521962,69,0.3337441746416312,True,,,,
133000000000.0,0.0,20201034,2257,0.6081918620317973,62,-1.1356129193429503,True,,,,
133000000000.0,0.0,20201035,2625,0.7073565076798707,173,-1.2964899678535815,True,,,,
133000000000.0,0.0,20201036,3156,0.8504446240905417,563,-4.373860219936079,True,,,,
133000000000.0,0.0,20201037,1614,0.4349232012934519,14,1.6832555204519446,True,,,,
133000000000.0,0.0,20201038,1,0.00026946914578280785,0,,False,,,,
133000000000.0,0.0,20201039,213,0.05739692805173808,0,0.45427746494227517,True,,,,
133000000000.0,0.0,20201040,30,0.008084074373484237,0,,False,,,,
133000000000.0,0.0,20201041,299,0.08057127458905955,0,1.9128879483224668,True,,,,
133000000000.0,0.0,20201042,2465,0.6642414443546214,69,0.04116257183249328,True,,,,
133000000000.0,0.0,20201043,0,0.0,0,,False,,,,
133000000000.0,0.0,20201044,2325,0.6265157639450283,100,1.095140485547148,True,,,,
133000000000.0,0.0,20201045,16,0.004311506332524926,0,1.032818464748324,True,,,,
133000000000.0,0.0,20201046,971,0.26165454055510645,1,-0.12788669477456072,True,,,,
133000000000.0,0.0,20201047,291,0.07841552142279709,0,2.9244775000891394,False,,,,
133000000000.0,0.0,20201048,1643,0.44273780652115335,2,2.877230014660336,False,,,,
133000000000.0,0.0,20201049,0,0.0,0,3.7900994573264355,False,,,,
133000000000.0,0.0,20201050,1219,0.3284828887092428,6,0.8436689688656847,True,,,,
133000000000.0,0.0,20201051,1720,0.46348693074642955,19,-0.006416818223924814,True,,,,
133000000000.0,0.0,20201052,2629,0.7084343842630019,61,0.0420435517578408,True,,,,
133000000000.0,0.0,20201053,2236,0.6025330099703584,64,-2.7130160873382616,True,,,,
133000000000.0,0.0,20201054,2928,0.7890056588520614,172,2.1812727095783657,False,,,,
133000000000.0,0.0,20201055,2128,0.5734303422258151,38,-1.4088857748805914,True,,,,
133000000000.0,0.0,20201056,1183,0.3187819994610617,3,3.2771410927268514,False,,,,
133000000000.0,0.0,20201057,2053,0.5532201562921045,27,-0.42768587970424754,True,,,,
133000000000.0,0.0,20201058,2384,0.6424144435462139,86,1.8505413062698093,True,,,,
133000000000.0,0.0,20201059,2038,0.5491781191053624,7,1.8577349843081201,True,,,,
133000000000.0,0.0,20201060,1,0.00026946914578280785,0,4.614610797254605,False,,,,
133000000000.0,0.0,20201061,701,0.18889787119374832,0,-1.6139060125523086,True,,,,
133000000000.0,0.0,20201062,2401,0.6469954190245217,54,-1.4212384836452125,True,,,,
133000000000.0,0.0,20201063,2046,0.5513338722716249,25,0.6605173698425908,True,,,,
133000000000.0,0.0,20201064,1445,0.38938291565615735,1,-0.6568744931147492,True,,,,
133000000000.0,0.0,20201065,98,0.026407976286715172,0,6.428482832433176,False,,,,
133000000000.0,0.0,20201066,74,0.019940716787927783,0,-5.717999137859049,True,,,,
133000000000.0,0.0,20201067,3128,0.842899488008623,569,-5.34816904569152,True,,,,
133000000000.0,0.0,20201068,866,0.2333602802479116,1,4.386989928970714,False,,,,
133000000000.0,0.0,20201069,2609,0.7030450013473457,144,-1.7658797458571192,True,,,,
133000000000.0,0.0,20201070,3172,0.8547561304230665,716,-4.067193193084102,True,,,,
133000000000.0,0.0,20201071,40,0.010778765831312315,0,1.1822753074479868,True,,,,
133000000000.0,0.0,20201072,2984,0.8040959310158987,289,-3.9936852722426552,True,,,,
133000000000.0,0.0,20201073,2479,0.6680140123955807,138,-4.798252626999135,True,,,,
133000000000.0,0.0,20201074,0,0.0,0,,False,,,,
133000000000.0,0.0,20201075,1957,0.527351118296955,47,-1.0375144138060781,True,,,,
133000000000.0,0.0,20201076,3121,0.8410132039881434,565,-2.251167570980381,True,,,,
133000000000.0,0.0,20201077,2568,0.6919967663702506,94,1.608901907878808,True,,,,
133000000000.0,0.0,20201078,799,0.2153058474804635,1,0.5058639900419744,True,,,,
133000000000.0,0.0,20201079,1,0.00026946914578280785,0,5.1760713786195955,False,,,,
133000000000.0,0.0,20201080,145,0.03907302613850714,1,-0.5090298939161109,True,,,,
133000000000.0,0.0,20201081,1916,0.5163028833198599,19,-11.036197980417189,True,,,,
133000000000.0,0.0,20201082,49,0.013203988143357586,1,4.818717447259256,False,,,,
133000000000.0,0.0,20201083,3310,0.8919428725410941,1077,-3.107047885519252,True,,,,
133000000000.0,0.0,20201084,3073,0.8280786849905686,402,-4.468922005444403,True,,,,
133000000000.0,0.0,20201085,700,0.18862840204796552,0,1.0947234555138596,True,,,,
133000000000.0,0.0,20201086,2253,0.6071139854486661,45,-2.2891375909635654,True,,,,
133000000000.0,0.0,20201087,2392,0.6445701967124764,64,-1.4660071201635887,True,,,,
133000000000.0,0.0,20201088,418,0.11263810293721369,2,0.6257853377724256,True,,,,
133000000000.0,0.0,20201089,1997,0.5381298841282673,34,-1.0800219993850404,True,,,,
133000000000.0,0.0,20201090,372,0.10024252223120453,0,0.991036254315155,True,,,,
133000000000.0,0.0,20201091,4,0.0010778765831312314,1,0.7600923524978578,True,,,,
133000000000.0,0.0,20201092,1182,0.3185125303152789,1,3.509054489340441,False,,,,
133000000000.0,0.0,20201093,525,0.14147130153597412,0,-0.6939430701545044,True,,,,
133000000000.0,0.0,20201094,1,0.00026946914578280785,0,2.5659702977436796,False,,,,
133000000000.0,0.0,20201095,1906,0.5136081918620318,31,1.228940857903868,True,,,,
133000000000.0,0.0,20201096,93,0.025060630557801132,0,1.9897429328865606,True,,,,
133000000000.0,0.0,20201097,85,0.02290487739153867,0,-2.6422954691211866,True,,,,
133000000000.0,0.0,20201098,3275,0.8825114524386958,792,-3.3523312526003872,True,,,,
133000000000.0,0.0,20201099,2728,0.7351118296954998,153,2.4254539707279177,False,,,,
133000000000.0,0.0,20201100,20,0.0053893829156561575,0,-2.830308848423476,True,,,,
133000000000.0,0.0,20201101,1072,0.28887092427917005,1,3.1809743722577064,False,,,,
133000000000.0,0.0,20201102,1,0.00026946914578280785,0,2.859753079850508,False,,,,
133000000000.0,0.0,20201103,39,0.010509296685529508,0,1.1216714712380718,True,,,,
133000000000.0,0.0,20201104,3285,0.8852061438965239,844,-2.1740818781923643,True,,,,
133000000000.0,0.0,20201105,1,0.00026946914578280785,0,3.795552608855645,False,,,,
133000000000.0,0.0,20201106,2425,0.6534626785233091,76,-2.866978667354557,True,,,,
133000000000.0,0.0,20201107,141,0.03799514955537591,1,0.08481091669362151,True,,,,
133000000000.0,0.0,20201108,20,0.0053893829156561575,0,2.164500002147321,False,,,,
133000000000.0,0.0,20201109,2572,0.6930746429533818,85,-1.2637915868108882,True,,,,
133000000000.0,0.0,20201110,159,0.04284559417946645,0,-0.09488232965181531,True,,,,
133000000000.0,0.0,20201111,200,0.05389382915656157,0,-1.5583965178456571,True,,,,
133000000000.0,0.0,20201112,3037,0.8183777957423874,441,-3.448465653875955,True,,,,
133000000000.0,0.0,20201113,1085,0.2923740231743465,0,4.550503313366736,False,,,,
133000000000.0,0.0,20201114,2813,0.7580167070870385,220,-2.55810661719788,True,,,,
133000000000.0,0.0,20201115,4,0.0010778765831312314,0,1.6142806887967085,True,,,,
133000000000.0,0.0,20201116,2463,0.6637025060630558,67,-8.00663297692374,True,,,,
133000000000.0,0.0,20201117,212,0.05712745890595527,0,-0.45093917024199737,True,,,,
133000000000.0,0.0,20201118,2051,0.5526812180005389,25,-0.15884112234836678,True,,,,
133000000000.0,0.0,20201119,1,0.00026946914578280785,0,-2.7854352825157953,True,,,,
133000000000.0,0.0,20201120,28,0.00754513608191862,0,-0.23055591009211973,True,,,,
133000000000.0,0.0,20201121,2445,0.6588520614389652,114,-2.196239844658593,True,,,,
133000000000.0,0.0,20201122,2807,0.7563998922123417,232,-3.602907551193476,True,,,,
133000000000.0,0.0,20201123,0,0.0,0,,False,,,,
133000000000.0,0.0,20201124,2991,0.8059822150363783,341,-5.521133462237795,True,,,,
133000000000.0,0.0,20201125,412,0.11102128806251685,1,-1.9653921634585503,True,,,,
133000000000.0,0.0,20201126,1123,0.30261385071409325,0,-11.151783010920504,True,,,,
133000000000.0,0.0,20201127,3264,0.8795472918350848,912,-5.1390682102255685,True,,,,
133000000000.0,0.0,20201128,358,0.09646995419024522,0,2.936891977143567,False,,,,
133000000000.0,0.0,20201129,2010,0.5416329830234439,48,-4.905070417111616,True,,,,
133000000000.0,0.0,20201130,1793,0.4831581783885745,14,1.1217715841697737,True,,,,
133000000000.0,0.0,20201131,265,0.07140932363244408,0,,False,,,,
133000000000.0,0.0,20201132,735,0.19805982215036377,0,0.9983892216929551,True,,,,
133000000000.0,0.0,20201133,971,0.26165454055510645,2,1.078620474484405,True,,,,
133000000000.0,0.0,20201134,3214,0.8660738345459444,687,-5.318023544483992,True,,,,
133000000000.0,0.0,20201135,3312,0.8924818108326596,831,-6.072031260030239,True,,,,
133000000000.0,0.0,20201136,42,0.01131770412287793,1,-6.845142363584664,True,,,,
133000000000.0,0.0,20201137,1940,0.5227701428186473,46,-1.2575176513503221,True,,,,
133000000000.0,0.0,20201138,11,0.0029641606036108865,0,-0.6917026220510101,True,,,,
133000000000.0,0.0,20201139,1408,0.3794125572621935,1,3.8143066723209937,False,,,,
133000000000.0,0.0,20201140,92,0.024791161412018325,1,0.4789352317007136,True,,,,
133000000000.0,0.0,20201141,3264,0.8795472918350848,795,-3.197204073666314,True,,,,
133000000000.0,0.0,20201142,161,0.043384532471032064,0,,False,,,,
133000000000.0,0.0,20201143,1945,0.5241174885475613,0,-0.9677562584514501,True,,,,
133000000000.0,0.0,20201144,2954,0.7960118566424145,371,-3.157942320398466,True,,,,
133000000000.0,0.0,20201145,1649,0.4443546213958502,17,0.9809773951035687,True,,,,
133000000000.0,0.0,20201146,1,0.00026946914578280785,0,0.840127081285952,True,,,,
133000000000.0,0.0,20201147,279,0.07518189167340339,2,0.20255924163765648,True,,,,
133000000000.0,0.0,20201148,2,0.0005389382915656157,0,-0.46522359678036995,True,,,,
133000000000.0,0.0,20201149,206,0.055510644031258424,0,-0.35840134144819125,True,,,,
133000000000.0,0.0,20201150,2325,0.6265157639450283,47,-2.995525716289565,True,,,,
133000000000.0,0.0,20201151,46,0.012395580706009162,1,5.967769279680883,False,,,,
133000000000.0,0.0,20201152,1,0.00026946914578280785,1,-0.6825965009752544,True,,,,
133000000000.0,0.0,20201153,1,0.00026946914578280785,0,1.6612092351655905,True,,,,
133000000000.0,0.0,20201154,326,0.08784694152519537,0,4.7555342842320005,False,,,,
133000000000.0,0.0,20201155,317,0.08542171921315009,0,3.0652174844980804,False,,,,
133000000000.0,0.0,20201156,79,0.021288062516841823,0,4.1456464344217405,False,,,,
133000000000.0,0.0,20201157,2759,0.7434653732147669,257,-2.8937948601559853,True,,,,
133000000000.0,0.0,20201158,106,0.028563729452977634,0,-0.8268452964270443,True,,,,
133000000000.0,0.0,20201159,2594,0.6990029641606036,132,-1.6449949853446801,True,,,,
133000000000.0,0.0,20201160,0,0.0,0,,False,,,,
133000000000.0,0.0,20201161,33,0.00889248181083266,0,-0.15937090177091395,True,,,,
133000000000.0,0.0,20201162,100,0.026946914578280787,0,,False,,,,
133000000000.0,0.0,20201163,1262,0.3400700619779035,2,-1.1405329197387521,True,,,,
133000000000.0,0.0,20201164,1983,0.534357316087308,27,0.6332227366830683,True,,,,
133000000000.0,0.0,20201165,1261,0.3398005928321207,5,-2.7661254048856314,True,,,,
133000000000.0,0.0,20201166,6,0.0016168148746968471,0,,False,,,,
133000000000.0,0.0,20201167,55,0.014820803018054433,1,3.2827760298292645,False,,,,
133000000000.0,0.0,20201168,245,0.06601994071678793,0,5.49050531270839,False,,,,
133000000000.0,0.0,20201169,19,0.005119913769873349,0,,False,,,,
133000000000.0,0.0,20201170,3124,0.8418216114254918,450,-2.4839250101088233,True,,,,
133000000000.0,0.0,20201171,1249,0.33656696308272704,1,3.426796511857102,False,,,,
133000000000.0,0.0,20201172,2107,0.5677714901643762,21,-0.0958876835792708,True,,,,
133000000000.0,0.0,20201173,584,0.1573699811371598,1,-12.616659136917512,True,,,,
133000000000.0,0.0,20201174,5,0.0013473457289140394,0,5.909826326887934,False,,,,
133000000000.0,0.0,20201175,23,0.006197790353004581,1,-0.44612193620621454,True,,,,
133000000000.0,0.0,20201176,3,0.0008084074373484236,1,2.0943204086148324,False,,,,
133000000000.0,0.0,20201177,2624,0.7070870385340878,141,-2.42227374058956,True,,,,
133000000000.0,0.0,20201178,1215,0.32740501212611156,0,-0.08633635169678922,True,,,,
133000000000.0,0.0,20201179,122,0.03287523578550256,0,3.829948487988003,False,,,,
133000000000.0,0.0,20201180,2530,0.6817569388305039,50,0.9058616405436308,True,,,,
133000000000.0,0.0,20201181,3053,0.8226893020749124,382,-2.470590452756083,True,,,,
133000000000.0,0.0,20201182,3209,0.8647264888170304,644,-4.059682872321844,True,,,,
133000000000.0,0.0,20201183,2743,0.7391538668822419,98,2.3997690540078267,False,,,,
133000000000.0,0.0,20201184,2204,0.5939099973053086,59,-4.815760901349639,True,,,,
133000000000.0,0.0,20201185,770,0.20749124225276205,0,4.063315789638989,False,,,,
133000000000.0,0.0,20201186,3277,0.8830503907302614,507,-2.391323405499818,True,,,,
133000000000.0,0.0,20201187,1392,0.37510105092966856,1,1.4444811852094634,True,,,,
133000000000.0,0.0,20201188,1847,0.49770951226084614,1,2.919676020160641,False,,,,
133000000000.0,0.0,20201189,2771,0.7466990029641606,319,-2.1983608495301556,True,,,,
133000000000.0,0.0,20201190,9,0.002425222312045271,1,4.651625836348318,False,,,,
133000000000.0,0.0,20201191,363,0.09781729991915926,0,-2.8829607965245554,True,,,,
133000000000.0,0.0,20201192,2666,0.7184047426569657,117,1.9307408134314588,True,,,,
133000000000.0,0.0,20201193,8,0.002155753166262463,0,3.713445264193643,False,,,,
133000000000.0,0.0,20201194,104,0.02802479116141202,0,-0.6510400494404052,True,,,,
133000000000.0,0.0,20201195,6,0.0016168148746968471,0,3.3696981002776023,False,,,,
133000000000.0,0.0,20201196,1,0.00026946914578280785,1,5.2213529808677945,False,,,,
133000000000.0,0.0,20201197,12,0.0032336297493936943,0,5.172456988053119,False,,,,
133000000000.0,0.0,20201198,3,0.0008084074373484236,0,6.163334434039694,False,,,,
133000000000.0,0.0,20201199,1741,0.4691457828078685,14,3.7599536718973496,False,,,,
133000000000.0,0.0,20201200,3145,0.8474804634869307,462,-2.382016021012335,True,,,,
178000000000.0,0.0,20201001,2410,0.649420641336567,93,-1.3663811429320818,True,,,,
178000000000.0,0.0,20201002,2069,0.5575316626246295,25,2.1764533615030124,False,,,,
178000000000.0,0.0,20201003,2817,0.7590945836701698,215,-1.0057621642007222,True,,,,
178000000000.0,0.0,20201004,4,0.0010778765831312314,1,0.46667241055194175,True,,,,
178000000000.0,0.0,20201005,2770,0.7464295338183778,255,-7.376355015605215,True,,,,
178000000000.0,0.0,20201006,2307,0.6216653193209377,27,-0.6986092890962938,True,,,,
178000000000.0,0.0,20201007,2788,0.7512799784424683,218,-6.177329354588388,True,,,,
178000000000.0,0.0,20201008,2885,0.7774184855834007,144,-0.6728293887946633,True,,,,
178000000000.0,0.0,20201009,2388,0.6434923201293452,41,-1.1643490272194796,True,,,,
178000000000.0,0.0,20201010,2,0.0005389382915656157,0,3.0059665881574547,False,,,,
178000000000.0,0.0,20201011,3188,0.8590676367555915,550,-3.5268297763956182,True,,,,
178000000000.0,0.0,20201012,2774,0.747507410401509,162,-0.054842477040995874,True,,,,
178000000000.0,0.0,20201013,3260,0.8784694152519537,836,-4.3758602585599915,True,,,,
178000000000.0,0.0,20201014,1,0.00026946914578280785,0,0.14793545282991438,True,,,,
178000000000.0,0.0,20201015,2436,0.65642683912692,48,-8.479159909235273,True,,,,
178000000000.0,0.0,20201016,1976,0.5324710320668283,30,1.0835755652613415,True,,,,
178000000000.0,0.0,20201017,3219,0.8674211802748585,558,-2.226165683903649,True,,,,
178000000000.0,0.0,20201018,1674,0.4510913500404204,14,-0.11737015657024852,True,,,,
178000000000.0,0.0,20201019,1873,0.5047157100511991,0,2.43257235038174,False,,,,
178000000000.0,0.0,20201020,2947,0.7941255726219348,350,-1.3152257264016383,True,,,,
178000000000.0,0.0,20201021,19,0.005119913769873349,0,-5.950966682889597,True,,,,
178000000000.0,0.0,20201022,2502,0.6742118027485853,61,-2.2286373606117653,True,,,,
178000000000.0,0.0,20201023,6,0.0016168148746968471,0,2.4124932086277884,False,,,,
178000000000.0,0.0,20201024,2956,0.7965507949339801,351,-3.2643559103517843,True,,,,
178000000000.0,0.0,20201025,872,0.23497709512260845,0,-0.9160203647650693,True,,,,
178000000000.0,0.0,20201026,3107,0.837240635947184,596,-3.442335377777394,True,,,,
178000000000.0,0.0,20201027,3086,0.8315817838857451,517,-1.9977548207353144,True,,,,
178000000000.0,0.0,20201028,1582,0.426300188628402,0,0.39347676663602993,True,,,,
178000000000.0,0.0,20201029,2832,0.7631366208569119,128,-2.37686655030506,True,,,,
178000000000.0,0.0,20201030,2405,0.6480732956076529,28,-1.7718502957198519,True,,,,
178000000000.0,0.0,20201031,2935,0.790891942872541,333,-2.3867270743395075,True,,,,
178000000000.0,0.0,20201032,143,0.038534087846941525,0,0.758301456265249,True,,,,
178000000000.0,0.0,20201033,2518,0.6785233090811102,50,0.3337441746416312,True,,,,
178000000000.0,0.0,20201034,2244,0.6046887631366209,61,-1.1356129193429503,True,,,,
178000000000.0,0.0,20201035,2968,0.7997844246833737,225,-1.2964899678535815,True,,,,
178000000000.0,0.0,20201036,3146,0.8477499326327136,632,-4.373860219936079,True,,,,
178000000000.0,0.0,20201037,1838,0.49528428994880086,13,1.6832555204519446,True,,,,
178000000000.0,0.0,20201038,1,0.00026946914578280785,0,,False,,,,
178000000000.0,0.0,20201039,1153,0.3106979250875775,0,0.45427746494227517,True,,,,
178000000000.0,0.0,20201040,42,0.01131770412287793,0,,False,,,,
178000000000.0,0.0,20201041,309,0.08326596604688763,1,1.9128879483224668,True,,,,
178000000000.0,0.0,20201042,2525,0.6804095931015899,48,0.04116257183249328,True,,,,
178000000000.0,0.0,20201043,2,0.0005389382915656157,0,,False,,,,
178000000000.0,0.0,20201044,2655,0.7154405820533549,123,1.095140485547148,True,,,,
178000000000.0,0.0,20201045,46,0.012395580706009162,0,1.032818464748324,True,,,,
178000000000.0,0.0,20201046,1412,0.3804904338453247,0,-0.12788669477456072,True,,,,
178000000000.0,0.0,20201047,586,0.1579089194287254,1,2.9244775000891394,False,,,,
178000000000.0,0.0,20201048,1678,0.4521692266235516,2,2.877230014660336,False,,,,
178000000000.0,0.0,20201049,0,0.0,0,3.7900994573264355,False,,,,
178000000000.0,0.0,20201050,2379,0.6410670978172999,41,0.8436689688656847,True,,,,
178000000000.0,0.0,20201051,1359,0.36620856911883587,18,-0.006416818223924814,True,,,,
178000000000.0,0.0,20201052,2606,0.7022365939099973,78,0.0420435517578408,True,,,,
178000000000.0,0.0,20201053,2417,0.6513069253570466,56,-2.7130160873382616,True,,,,
178000000000.0,0.0,20201054,2546,0.6860684451630288,92,2.1812727095783657,False,,,,
178000000000.0,0.0,20201055,2196,0.5917542441390461,52,-1.4088857748805914,True,,,,
178000000000.0,0.0,20201056,1287,0.3468067906224737,1,3.2771410927268514,False,,,,
178000000000.0,0.0,20201057,2148,0.5788197251414713,26,-0.42768587970424754,True,,,,
178000000000.0,0.0,20201058,1966,0.5297763406090003,45,1.8505413062698093,True,,,,
178000000000.0,0.0,20201059,1898,0.5114524386957693,11,1.8577349843081201,True,,,,
178000000000.0,0.0,20201060,1,0.00026946914578280785,0,4.614610797254605,False,,,,
178000000000.0,0.0,20201061,344,0.09269738614928591,0,-1.6139060125523086,True,,,,
178000000000.0,0.0,20201062,2368,0.638102937213689,39,-1.4212384836452125,True,,,,
178000000000.0,0.0,20201063,2176,0.5863648612233899,22,0.6605173698425908,True,,,,
178000000000.0,0.0,20201064,1870,0.5039073026138507,0,-0.6568744931147492,True,,,,
178000000000.0,0.0,20201065,15,0.004042037186742118,0,6.428482832433176,False,,,,
178000000000.0,0.0,20201066,22,0.005928321207221773,0,-5.717999137859049,True,,,,
178000000000.0,0.0,20201067,3169,0.8539477229857181,605,-5.34816904569152,True,,,,
178000000000.0,0.0,20201068,1201,0.32363244408515224,1,4.386989928970714,False,,,,
178000000000.0,0.0,20201069,2755,0.7423874966316357,107,-1.7658797458571192,True,,,,
178000000000.0,0.0,20201070,3218,0.8671517111290757,695,-4.067193193084102,True,,,,
178000000000.0,0.0,20201071,49,0.013203988143357586,0,1.1822753074479868,True,,,,
178000000000.0,0.0,20201072,3163,0.8523309081110213,511,-3.9936852722426552,True,,,,
178000000000.0,0.0,20201073,2944,0.7933171651845864,204,-4.798252626999135,True,,,,
178000000000.0,0.0,20201074,0,0.0,0,,False,,,,
178000000000.0,0.0,20201075,2235,0.6022635408245756,68,-1.0375144138060781,True,,,,
178000000000.0,0.0,20201076,3177,0.8561034761519806,666,-2.251167570980381,True,,,,
178000000000.0,0.0,20201077,2490,0.6709781729991916,92,1.608901907878808,True,,,,
178000000000.0,0.0,20201078,1303,0.35111829695499863,0,0.5058639900419744,True,,,,
178000000000.0,0.0,20201079,1,0.00026946914578280785,0,5.1760713786195955,False,,,,
178000000000.0,0.0,20201080,90,0.024252223120452707,0,-0.5090298939161109,True,,,,
178000000000.0,0.0,20201081,2487,0.6701697655618432,22,-11.036197980417189,True,,,,
178000000000.0,0.0,20201082,679,0.18296954998652654,1,4.818717447259256,False,,,,
178000000000.0,0.0,20201083,3337,0.8992185394772299,1077,-3.107047885519252,True,,,,
178000000000.0,0.0,20201084,2971,0.8005928321207222,368,-4.468922005444403,True,,,,
178000000000.0,0.0,20201085,753,0.2029102667744543,0,1.0947234555138596,True,,,,
178000000000.0,0.0,20201086,2476,0.6672056049582323,84,-2.2891375909635654,True,,,,
178000000000.0,0.0,20201087,2612,0.7038534087846942,84,-1.4660071201635887,True,,,,
178000000000.0,0.0,20201088,1616,0.4354621395850175,3,0.6257853377724256,True,,,,
178000000000.0,0.0,20201089,2208,0.5949878738884398,60,-1.0800219993850404,True,,,,
178000000000.0,0.0,20201090,284,0.07652923740231743,0,0.991036254315155,True,,,,
178000000000.0,0.0,20201091,160,0.04311506332524926,1,0.7600923524978578,True,,,,
178000000000.0,0.0,20201092,1595,0.42980328752357855,1,3.509054489340441,False,,,,
178000000000.0,0.0,20201093,448,0.12072217731069793,0,-0.6939430701545044,True,,,,
178000000000.0,0.0,20201094,1,0.00026946914578280785,0,2.5659702977436796,False,,,,
178000000000.0,0.0,20201095,1531,0.4125572621934788,3,1.228940857903868,True,,,,
178000000000.0,0.0,20201096,115,0.030988951765022903,0,1.9897429328865606,True,,,,
178000000000.0,0.0,20201097,182,0.049043384532471035,0,-2.6422954691211866,True,,,,
178000000000.0,0.0,20201098,3318,0.8940986257073565,839,-3.3523312526003872,True,,,,
178000000000.0,0.0,20201099,2764,0.744812718943681,150,2.4254539707279177,False,,,,
178000000000.0,0.0,20201100,40,0.010778765831312315,0,-2.830308848423476,True,,,,
178000000000.0,0.0,20201101,2380,0.6413365669630827,29,3.1809743722577064,False,,,,
178000000000.0,0.0,20201102,1,0.00026946914578280785,0,2.859753079850508,False,,,,
178000000000.0,0.0,20201103,833,0.22446779843707895,0,1.1216714712380718,True,,,,
178000000000.0,0.0,20201104,3276,0.8827809215844786,858,-2.1740818781923643,True,,,,
178000000000.0,0.0,20201105,1,0.00026946914578280785,0,3.795552608855645,False,,,,
178000000000.0,0.0,20201106,2681,0.7224467798437079,112,-2.866978667354557,True,,,,
178000000000.0,0.0,20201107,683,0.18404742656965778,1,0.08481091669362151,True,,,,
178000000000.0,0.0,20201108,25,0.006736728644570197,0,2.164500002147321,False,,,,
178000000000.0,0.0,20201109,2790,0.751818916734034,115,-1.2637915868108882,True,,,,
178000000000.0,0.0,20201110,194,0.05227701428186473,1,-0.09488232965181531,True,,,,
178000000000.0,0.0,20201111,1656,0.4462409054163298,2,-1.5583965178456571,True,,,,
178000000000.0,0.0,20201112,3171,0.8544866612772838,495,-3.448465653875955,True,,,,
178000000000.0,0.0,20201113,944,0.2543788736189706,1,4.550503313366736,False,,,,
178000000000.0,0.0,20201114,2906,0.7830773376448397,277,-2.55810661719788,True,,,,
178000000000.0,0.0,20201115,8,0.002155753166262463,0,1.6142806887967085,True,,,,
178000000000.0,0.0,20201116,2353,0.6340609000269469,52,-8.00663297692374,True,,,,
178000000000.0,0.0,20201117,212,0.05712745890595527,0,-0.45093917024199737,True,,,,
178000000000.0,0.0,20201118,2446,0.6591215305847481,55,-0.15884112234836678,True,,,,
178000000000.0,0.0,20201119,2,0.0005389382915656157,0,-2.7854352825157953,True,,,,
178000000000.0,0.0,20201120,68,0.018323901913230935,0,-0.23055591009211973,True,,,,
178000000000.0,0.0,20201121,1937,0.5219617353812989,55,-2.196239844658593,True,,,,
178000000000.0,0.0,20201122,2991,0.8059822150363783,307,-3.602907551193476,True,,,,
178000000000.0,0.0,20201123,0,0.0,0,,False,,,,
178000000000.0,0.0,20201124,2757,0.7429264349232013,199,-5.521133462237795,True,,,,
178000000000.0,0.0,20201125,173,0.04661816222042576,1,-1.9653921634585503,True,,,,
178000000000.0,0.0,20201126,1373,0.3699811371597952,1,-11.151783010920504,True,,,,
178000000000.0,0.0,20201127,3303,0.8900565885206144,961,-5.1390682102255685,True,,,,
178000000000.0,0.0,20201128,1807,0.4869307464295338,1,2.936891977143567,False,,,,
178000000000.0,0.0,20201129,1853,0.499326327135543,38,-4.905070417111616,True,,,,
178000000000.0,0.0,20201130,2335,0.6292104554028564,47,1.1217715841697737,True,,,,
178000000000.0,0.0,20201131,520,0.14012395580706008,0,,False,,,,
178000000000.0,0.0,20201132,572,0.1541363513877661,1,0.9983892216929551,True,,,,
178000000000.0,0.0,20201133,1768,0.4764214497440043,8,1.078620474484405,True,,,,
178000000000.0,0.0,20201134,3168,0.8536782538399353,728,-5.318023544483992,True,,,,
178000000000.0,0.0,20201135,3268,0.8806251684182161,761,-6.072031260030239,True,,,,
178000000000.0,0.0,20201136,6,0.0016168148746968471,1,-6.845142363584664,True,,,,
178000000000.0,0.0,20201137,2813,0.7580167070870385,164,-1.2575176513503221,True,,,,
178000000000.0,0.0,20201138,14,0.00377256804095931,0,-0.6917026220510101,True,,,,
178000000000.0,0.0,20201139,1289,0.34734572891403936,0,3.8143066723209937,False,,,,
178000000000.0,0.0,20201140,287,0.07733764483966586,1,0.4789352317007136,True,,,,
178000000000.0,0.0,20201141,3243,0.8738884397736459,766,-3.197204073666314,True,,,,
178000000000.0,0.0,20201142,172,0.046348693074642955,0,,False,,,,
178000000000.0,0.0,20201143,984,0.2651576394502829,1,-0.9677562584514501,True,,,,
178000000000.0,0.0,20201144,3048,0.8213419563459984,462,-3.157942320398466,True,,,,
178000000000.0,0.0,20201145,2653,0.7149016437617893,78,0.9809773951035687,True,,,,
178000000000.0,0.0,20201146,1,0.00026946914578280785,0,0.840127081285952,True,,,,
178000000000.0,0.0,20201147,568,0.15305847480463486,1,0.20255924163765648,True,,,,
178000000000.0,0.0,20201148,2,0.0005389382915656157,0,-0.46522359678036995,True,,,,
178000000000.0,0.0,20201149,524,0.14120183239019132,1,-0.35840134144819125,True,,,,
178000000000.0,0.0,20201150,2455,0.6615467528967933,53,-2.995525716289565,True,,,,
178000000000.0,0.0,20201151,52,0.01401239558070601,0,5.967769279680883,False,,,,
178000000000.0,0.0,20201152,1,0.00026946914578280785,1,-0.6825965009752544,True,,,,
178000000000.0,0.0,20201153,1,0.00026946914578280785,0,1.6612092351655905,True,,,,
178000000000.0,0.0,20201154,694,0.18701158717326866,1,4.7555342842320005,False,,,,
178000000000.0,0.0,20201155,264,0.07113985448666128,0,3.0652174844980804,False,,,,
178000000000.0,0.0,20201156,91,0.024521692266235517,0,4.1456464344217405,False,,,,
178000000000.0,0.0,20201157,2977,0.8022096469954191,327,-2.8937948601559853,True,,,,
178000000000.0,0.0,20201158,61,0.01643761789275128,0,-0.8268452964270443,True,,,,
178000000000.0,0.0,20201159,2467,0.664780382646187,125,-1.6449949853446801,True,,,,
178000000000.0,0.0,20201160,0,0.0,0,,False,,,,
178000000000.0,0.0,20201161,133,0.035839396389113445,0,-0.15937090177091395,True,,,,
178000000000.0,0.0,20201162,114,0.030719482619240096,0,,False,,,,
178000000000.0,0.0,20201163,2356,0.6348693074642954,50,-1.1405329197387521,True,,,,
178000000000.0,0.0,20201164,2225,0.5995688493667475,48,0.6332227366830683,True,,,,
178000000000.0,0.0,20201165,2500,0.6736728644570197,75,-2.7661254048856314,True,,,,
178000000000.0,0.0,20201166,6,0.0016168148746968471,0,,False,,,,
178000000000.0,0.0,20201167,2,0.0005389382915656157,0,3.2827760298292645,False,,,,
178000000000.0,0.0,20201168,261,0.07033144704931285,0,5.49050531270839,False,,,,
178000000000.0,0.0,20201169,16,0.004311506332524926,0,,False,,,,
178000000000.0,0.0,20201170,3095,0.8340070061977903,512,-2.4839250101088233,True,,,,
178000000000.0,0.0,20201171,1225,0.33009970358393964,0,3.426796511857102,False,,,,
178000000000.0,0.0,20201172,2360,0.6359471840474266,30,-0.0958876835792708,True,,,,
178000000000.0,0.0,20201173,1126,0.30342225815144164,0,-12.616659136917512,True,,,,
178000000000.0,0.0,20201174,5,0.0013473457289140394,0,5.909826326887934,False,,,,
178000000000.0,0.0,20201175,324,0.08730800323362975,1,-0.44612193620621454,True,,,,
178000000000.0,0.0,20201176,2,0.0005389382915656157,1,2.0943204086148324,False,,,,
178000000000.0,0.0,20201177,2763,0.7445432497978981,215,-2.42227374058956,True,,,,
178000000000.0,0.0,20201178,1390,0.37456211263810296,0,-0.08633635169678922,True,,,,
178000000000.0,0.0,20201179,136,0.03664780382646187,1,3.829948487988003,False,,,,
178000000000.0,0.0,20201180,2484,0.6693613581244947,63,0.9058616405436308,True,,,,
178000000000.0,0.0,20201181,3089,0.8323901913230936,385,-2.470590452756083,True,,,,
178000000000.0,0.0,20201182,3190,0.8596065750471571,736,-4.059682872321844,True,,,,
178000000000.0,0.0,20201183,2589,0.6976556184316896,77,2.3997690540078267,False,,,,
178000000000.0,0.0,20201184,1869,0.5036378334680679,2,-4.815760901349639,True,,,,
178000000000.0,0.0,20201185,1009,0.2718943680948531,0,4.063315789638989,False,,,,
178000000000.0,0.0,20201186,3130,0.8434384263001886,629,-2.391323405499818,True,,,,
178000000000.0,0.0,20201187,1741,0.4691457828078685,1,1.4444811852094634,True,,,,
178000000000.0,0.0,20201188,1949,0.5251953651306925,2,2.919676020160641,False,,,,
178000000000.0,0.0,20201189,2805,0.7558609539207761,282,-2.1983608495301556,True,,,,
178000000000.0,0.0,20201190,532,0.14335758555645378,1,4.651625836348318,False,,,,
178000000000.0,0.0,20201191,1658,0.4467798437078954,0,-2.8829607965245554,True,,,,
178000000000.0,0.0,20201192,2398,0.6461870115871733,89,1.9307408134314588,True,,,,
178000000000.0,0.0,20201193,107,0.02883319859876044,0,3.713445264193643,False,,,,
178000000000.0,0.0,20201194,475,0.12799784424683375,0,-0.6510400494404052,True,,,,
178000000000.0,0.0,20201195,20,0.0053893829156561575,0,3.3696981002776023,False,,,,
178000000000.0,0.0,20201196,1,0.00026946914578280785,1,5.2213529808677945,False,,,,
178000000000.0,0.0,20201197,12,0.0032336297493936943,0,5.172456988053119,False,,,,
178000000000.0,0.0,20201198,3,0.0008084074373484236,0,6.163334434039694,False,,,,
178000000000.0,0.0,20201199,1578,0.42522231204527083,13,3.7599536718973496,False,,,,
178000000000.0,0.0,20201200,3192,0.8601455133387227,526,-2.382016021012335,True,,,,
237000000000.0,0.0,20201001,3016,0.8127189436809485,194,-1.3663811429320818,True,,,,
237000000000.0,0.0,20201002,2541,0.6847210994341147,48,2.1764533615030124,False,,,,
237000000000.0,0.0,20201003,2944,0.7933171651845864,291,-1.0057621642007222,True,,,,
237000000000.0,0.0,20201004,5,0.0013473457289140394,1,0.46667241055194175,True,,,,
237000000000.0,0.0,20201005,2947,0.7941255726219348,298,-7.376355015605215,True,,,,
237000000000.0,0.0,20201006,2298,0.6192400970088925,25,-0.6986092890962938,True,,,,
237000000000.0,0.0,20201007,3056,0.8234977095122609,276,-6.177329354588388,True,,,,
237000000000.0,0.0,20201008,2907,0.7833468067906225,128,-0.6728293887946633,True,,,,
237000000000.0,0.0,20201009,2812,0.7577472379412558,192,-1.1643490272194796,True,,,,
237000000000.0,0.0,20201010,2,0.0005389382915656157,0,3.0059665881574547,False,,,,
237000000000.0,0.0,20201011,3241,0.8733495014820803,612,-3.5268297763956182,True,,,,
237000000000.0,0.0,20201012,2921,0.7871193748315818,228,-0.054842477040995874,True,,,,
237000000000.0,0.0,20201013,3333,0.8981406628940987,865,-4.3758602585599915,True,,,,
237000000000.0,0.0,20201014,1,0.00026946914578280785,0,0.14793545282991438,True,,,,
237000000000.0,0.0,20201015,2547,0.6863379143088116,54,-8.479159909235273,True,,,,
237000000000.0,0.0,20201016,1769,0.4766909188897871,3,1.0835755652613415,True,,,,
237000000000.0,0.0,20201017,3172,0.8547561304230665,562,-2.226165683903649,True,,,,
237000000000.0,0.0,20201018,2406,0.6483427647534358,64,-0.11737015657024852,True,,,,
237000000000.0,0.0,20201019,547,0.1473996227431959,0,2.43257235038174,False,,,,
237000000000.0,0.0,20201020,3048,0.8213419563459984,487,-1.3152257264016383,True,,,,
237000000000.0,0.0,20201021,125,0.03368364322285099,0,-5.950966682889597,True,,,,
237000000000.0,0.0,20201022,2786,0.7507410401509027,156,-2.2286373606117653,True,,,,
237000000000.0,0.0,20201023,1835,0.4944758825114524,2,2.4124932086277884,False,,,,
237000000000.0,0.0,20201024,2945,0.7935866343303691,264,-3.2643559103517843,True,,,,
237000000000.0,0.0,20201025,1139,0.30692535704661816,0,-0.9160203647650693,True,,,,
237000000000.0,0.0,20201026,3168,0.8536782538399353,654,-3.442335377777394,True,,,,
237000000000.0,0.0,20201027,3111,0.8383185125303153,556,-1.9977548207353144,True,,,,
237000000000.0,0.0,20201028,618,0.16653193209377526,0,0.39347676663602993,True,,,,
237000000000.0,0.0,20201029,2428,0.6542710859606575,36,-2.37686655030506,True,,,,
237000000000.0,0.0,20201030,2491,0.6712476421449745,32,-1.7718502957198519,True,,,,
237000000000.0,0.0,20201031,3062,0.8251145243869576,375,-2.3867270743395075,True,,,,
237000000000.0,0.0,20201032,144,0.038803556992724336,0,0.758301456265249,True,,,,
237000000000.0,0.0,20201033,2613,0.704122877930477,81,0.3337441746416312,True,,,,
237000000000.0,0.0,20201034,2671,0.7197520883858798,94,-1.1356129193429503,True,,,,
237000000000.0,0.0,20201035,2718,0.7324171382376717,162,-1.2964899678535815,True,,,,
237000000000.0,0.0,20201036,3225,0.8690379951495554,752,-4.373860219936079,True,,,,
237000000000.0,0.0,20201037,2161,0.5823228240366478,36,1.6832555204519446,True,,,,
237000000000.0,0.0,20201038,2,0.0005389382915656157,0,,False,,,,
237000000000.0,0.0,20201039,752,0.20264079762867152,0,0.45427746494227517,True,,,,
237000000000.0,0.0,20201040,48,0.012934518997574777,0,,False,,,,
237000000000.0,0.0,20201041,1490,0.4015090272163837,7,1.9128879483224668,True,,,,
237000000000.0,0.0,20201042,2529,0.6814874696847211,60,0.04116257183249328,True,,,,
237000000000.0,0.0,20201043,2,0.0005389382915656157,0,,False,,,,
237000000000.0,0.0,20201044,2690,0.7248720021557532,141,1.095140485547148,True,,,,
237000000000.0,0.0,20201045,225,0.060630557801131774,0,1.032818464748324,True,,,,
237000000000.0,0.0,20201046,1401,0.37752627324171384,0,-0.12788669477456072,True,,,,
237000000000.0,0.0,20201047,66,0.01778496362166532,1,2.9244775000891394,False,,,,
237000000000.0,0.0,20201048,1981,0.5338183777957424,2,2.877230014660336,False,,,,
237000000000.0,0.0,20201049,2,0.0005389382915656157,0,3.7900994573264355,False,,,,
237000000000.0,0.0,20201050,2426,0.6537321476690919,31,0.8436689688656847,True,,,,
237000000000.0,0.0,20201051,2047,0.5516033414174077,17,-0.006416818223924814,True,,,,
237000000000.0,0.0,20201052,2617,0.7052007545136082,66,0.0420435517578408,True,,,,
237000000000.0,0.0,20201053,2664,0.7178658043654002,82,-2.7130160873382616,True,,,,
237000000000.0,0.0,20201054,2710,0.7302613850714094,89,2.1812727095783657,False,,,,
237000000000.0,0.0,20201055,3034,0.8175693883050391,251,-1.4088857748805914,True,,,,
237000000000.0,0.0,20201056,2351,0.6335219617353813,13,3.2771410927268514,False,,,,
237000000000.0,0.0,20201057,2370,0.6386418755052546,39,-0.42768587970424754,True,,,,
237000000000.0,0.0,20201058,2619,0.7057396928051738,97,1.8505413062698093,True,,,,
237000000000.0,0.0,20201059,925,0.24925895984909727,0,1.8577349843081201,True,,,,
237000000000.0,0.0,20201060,1,0.00026946914578280785,0,4.614610797254605,False,,,,
237000000000.0,0.0,20201061,776,0.20910805712745892,0,-1.6139060125523086,True,,,,
237000000000.0,0.0,20201062,2124,0.5723524656426839,31,-1.4212384836452125,True,,,,
237000000000.0,0.0,20201063,2147,0.5785502559956885,25,0.6605173698425908,True,,,,
237000000000.0,0.0,20201064,2024,0.5454055510644031,2,-0.6568744931147492,True,,,,
237000000000.0,0.0,20201065,47,0.01266504985179197,0,6.428482832433176,False,,,,
237000000000.0,0.0,20201066,1023,0.27566693613581245,1,-5.717999137859049,True,,,,
237000000000.0,0.0,20201067,3217,0.8668822419832929,700,-5.34816904569152,True,,,,
237000000000.0,0.0,20201068,908,0.24467798437078955,2,4.386989928970714,False,,,,
237000000000.0,0.0,20201069,2757,0.7429264349232013,181,-1.7658797458571192,True,,,,
237000000000.0,0.0,20201070,3246,0.8746968472109944,817,-4.067193193084102,True,,,,
237000000000.0,0.0,20201071,72,0.019401778496362168,0,1.1822753074479868,True,,,,
237000000000.0,0.0,20201072,3135,0.8447857720291027,442,-3.9936852722426552,True,,,,
237000000000.0,0.0,20201073,2938,0.7917003503098895,272,-4.798252626999135,True,,,,
237000000000.0,0.0,20201074,0,0.0,0,,False,,,,
237000000000.0,0.0,20201075,2920,0.7868499056857989,292,-1.0375144138060781,True,,,,
237000000000.0,0.0,20201076,3277,0.8830503907302614,806,-2.251167570980381,True,,,,
237000000000.0,0.0,20201077,2746,0.7399622743195904,116,1.608901907878808,True,,,,
237000000000.0,0.0,20201078,1005,0.27081649151172194,3,0.5058639900419744,True,,,,
237000000000.0,0.0,20201079,1,0.00026946914578280785,0,5.1760713786195955,False,,,,
237000000000.0,0.0,20201080,168,0.04527081649151172,0,-0.5090298939161109,True,,,,
237000000000.0,0.0,20201081,2084,0.5615736998113716,21,-11.036197980417189,True,,,,
237000000000.0,0.0,20201082,1452,0.39126919967663704,1,4.818717447259256,False,,,,
237000000000.0,0.0,20201083,3408,0.9183508488278093,1213,-3.107047885519252,True,,,,
237000000000.0,0.0,20201084,3226,0.8693074642953382,505,-4.468922005444403,True,,,,
237000000000.0,0.0,20201085,53,0.014281864726488817,0,1.0947234555138596,True,,,,
237000000000.0,0.0,20201086,2618,0.705470223659391,74,-2.2891375909635654,True,,,,
237000000000.0,0.0,20201087,2772,0.7469684721099434,157,-1.4660071201635887,True,,,,
237000000000.0,0.0,20201088,1925,0.5187281056319052,14,0.6257853377724256,True,,,,
237000000000.0,0.0,20201089,2522,0.6796011856642414,90,-1.0800219993850404,True,,,,
237000000000.0,0.0,20201090,482,0.12988412826731338,1,0.991036254315155,True,,,,
237000000000.0,0.0,20201091,299,0.08057127458905955,1,0.7600923524978578,True,,,,
237000000000.0,0.0,20201092,2205,0.5941794664510913,7,3.509054489340441,False,,,,
237000000000.0,0.0,20201093,387,0.10428455941794665,0,-0.6939430701545044,True,,,,
237000000000.0,0.0,20201094,2,0.0005389382915656157,0,2.5659702977436796,False,,,,
237000000000.0,0.0,20201095,2460,0.6628940986257074,38,1.228940857903868,True,,,,
237000000000.0,0.0,20201096,140,0.0377256804095931,0,1.9897429328865606,True,,,,
237000000000.0,0.0,20201097,323,0.08703853408784694,0,-2.6422954691211866,True,,,,
237000000000.0,0.0,20201098,3299,0.8889787119374831,981,-3.3523312526003872,True,,,,
237000000000.0,0.0,20201099,2710,0.7302613850714094,190,2.4254539707279177,False,,,,
237000000000.0,0.0,20201100,230,0.06197790353004581,0,-2.830308848423476,True,,,,
237000000000.0,0.0,20201101,1652,0.4451630288331986,1,3.1809743722577064,False,,,,
237000000000.0,0.0,20201102,1,0.00026946914578280785,0,2.859753079850508,False,,,,
237000000000.0,0.0,20201103,1212,0.3265966046887631,0,1.1216714712380718,True,,,,
237000000000.0,0.0,20201104,3322,0.8951765022904877,939,-2.1740818781923643,True,,,,
237000000000.0,0.0,20201105,1,0.00026946914578280785,0,3.795552608855645,False,,,,
237000000000.0,0.0,20201106,2920,0.7868499056857989,206,-2.866978667354557,True,,,,
237000000000.0,0.0,20201107,788,0.2123416868768526,2,0.08481091669362151,True,,,,
237000000000.0,0.0,20201108,143,0.038534087846941525,1,2.164500002147321,False,,,,
237000000000.0,0.0,20201109,3058,0.8240366478038265,360,-1.2637915868108882,True,,,,
237000000000.0,0.0,20201110,365,0.09835623821072487,0,-0.09488232965181531,True,,,,
237000000000.0,0.0,20201111,1149,0.30962004850444624,1,-1.5583965178456571,True,,,,
237000000000.0,0.0,20201112,3151,0.8490972783616276,497,-3.448465653875955,True,,,,
237000000000.0,0.0,20201113,722,0.19455672325518727,1,4.550503313366736,False,,,,
237000000000.0,0.0,20201114,2892,0.7793047696038804,291,-2.55810661719788,True,,,,
237000000000.0,0.0,20201115,11,0.0029641606036108865,0,1.6142806887967085,True,,,,
237000000000.0,0.0,20201116,2660,0.716787927782269,81,-8.00663297692374,True,,,,
237000000000.0,0.0,20201117,797,0.21476690918889788,0,-0.45093917024199737,True,,,,
237000000000.0,0.0,20201118,2222,0.598760441929399,22,-0.15884112234836678,True,,,,
237000000000.0,0.0,20201119,7,0.001886284020479655,0,-2.7854352825157953,True,,,,
237000000000.0,0.0,20201120,132,0.03556992724333064,0,-0.23055591009211973,True,,,,
237000000000.0,0.0,20201121,2695,0.7262193478846672,127,-2.196239844658593,True,,,,
237000000000.0,0.0,20201122,2944,0.7933171651845864,198,-3.602907551193476,True,,,,
237000000000.0,0.0,20201123,0,0.0,0,,False,,,,
237000000000.0,0.0,20201124,3142,0.8466720560495823,353,-5.521133462237795,True,,,,
237000000000.0,0.0,20201125,176,0.047426569657774184,1,-1.9653921634585503,True,,,,
237000000000.0,0.0,20201126,1067,0.287523578550256,1,-11.151783010920504,True,,,,
237000000000.0,0.0,20201127,3345,0.9013742926434923,1040,-5.1390682102255685,True,,,,
237000000000.0,0.0,20201128,1303,0.35111829695499863,1,2.936891977143567,False,,,,
237000000000.0,0.0,20201129,2664,0.7178658043654002,89,-4.905070417111616,True,,,,
237000000000.0,0.0,20201130,2134,0.575047157100512,14,1.1217715841697737,True,,,,
237000000000.0,0.0,20201131,471,0.1269199676637025,0,,False,,,,
237000000000.0,0.0,20201132,959,0.2584209108057127,1,0.9983892216929551,True,,,,
237000000000.0,0.0,20201133,2224,0.5992993802209647,27,1.078620474484405,True,,,,
237000000000.0,0.0,20201134,3262,0.8790083535435192,690,-5.318023544483992,True,,,,
237000000000.0,0.0,20201135,3343,0.9008353543519267,888,-6.072031260030239,True,,,,
237000000000.0,0.0,20201136,4,0.0010778765831312314,1,-6.845142363584664,True,,,,
237000000000.0,0.0,20201137,2613,0.704122877930477,115,-1.2575176513503221,True,,,,
237000000000.0,0.0,20201138,40,0.010778765831312315,1,-0.6917026220510101,True,,,,
237000000000.0,0.0,20201139,1411,0.3802209646995419,3,3.8143066723209937,False,,,,
237000000000.0,0.0,20201140,299,0.08057127458905955,1,0.4789352317007136,True,,,,
237000000000.0,0.0,20201141,3392,0.9140393424952843,1100,-3.197204073666314,True,,,,
237000000000.0,0.0,20201142,203,0.05470223659391,0,,False,,,,
237000000000.0,0.0,20201143,441,0.11883589329021826,0,-0.9677562584514501,True,,,,
237000000000.0,0.0,20201144,3164,0.852600377256804,566,-3.157942320398466,True,,,,
237000000000.0,0.0,20201145,2552,0.6876852600377257,85,0.9809773951035687,True,,,,
237000000000.0,0.0,20201146,1,0.00026946914578280785,0,0.840127081285952,True,,,,
237000000000.0,0.0,20201147,1601,0.4314201023982754,1,0.20255924163765648,True,,,,
237000000000.0,0.0,20201148,5,0.0013473457289140394,0,-0.46522359678036995,True,,,,
237000000000.0,0.0,20201149,351,0.09458367016976556,0,-0.35840134144819125,True,,,,
237000000000.0,0.0,20201150,2651,0.7143627054702236,88,-2.995525716289565,True,,,,
237000000000.0,0.0,20201151,86,0.023174346537321477,0,5.967769279680883,False,,,,
237000000000.0,0.0,20201152,1,0.00026946914578280785,1,-0.6825965009752544,True,,,,
237000000000.0,0.0,20201153,1,0.00026946914578280785,0,1.6612092351655905,True,,,,
237000000000.0,0.0,20201154,600,0.16168148746968472,1,4.7555342842320005,False,,,,
237000000000.0,0.0,20201155,1024,0.27593640528159524,0,3.0652174844980804,False,,,,
237000000000.0,0.0,20201156,120,0.03233629749393695,0,4.1456464344217405,False,,,,
237000000000.0,0.0,20201157,3072,0.8278092158447857,342,-2.8937948601559853,True,,,,
237000000000.0,0.0,20201158,63,0.016976556184316895,0,-0.8268452964270443,True,,,,
237000000000.0,0.0,20201159,2800,0.7545136081918621,171,-1.6449949853446801,True,,,,
237000000000.0,0.0,20201160,0,0.0,0,,False,,,,
237000000000.0,0.0,20201161,258,0.06952303961196443,0,-0.15937090177091395,True,,,,
237000000000.0,0.0,20201162,117,0.03152789005658852,0,,False,,,,
237000000000.0,0.0,20201163,2673,0.7202910266774454,111,-1.1405329197387521,True,,,,
237000000000.0,0.0,20201164,2622,0.7065481002425222,86,0.6332227366830683,True,,,,
237000000000.0,0.0,20201165,2622,0.7065481002425222,83,-2.7661254048856314,True,,,,
237000000000.0,0.0,20201166,8,0.002155753166262463,0,,False,,,,
237000000000.0,0.0,20201167,4,0.0010778765831312314,1,3.2827760298292645,False,,,,
237000000000.0,0.0,20201168,431,0.1161412018323902,0,5.49050531270839,False,,,,
237000000000.0,0.0,20201169,159,0.04284559417946645,0,,False,,,,
237000000000.0,0.0,20201170,3176,0.8558340070061978,548,-2.4839250101088233,True,,,,
237000000000.0,0.0,20201171,1985,0.5348962543788737,18,3.426796511857102,False,,,,
237000000000.0,0.0,20201172,2516,0.6779843707895445,29,-0.0958876835792708,True,,,,
237000000000.0,0.0,20201173,1498,0.4036647803826462,0,-12.616659136917512,True,,,,
237000000000.0,0.0,20201174,392,0.10563190514686069,0,5.909826326887934,False,,,,
237000000000.0,0.0,20201175,79,0.021288062516841823,2,-0.44612193620621454,True,,,,
237000000000.0,0.0,20201176,165,0.0444624090541633,0,2.0943204086148324,False,,,,
237000000000.0,0.0,20201177,2993,0.8065211533279439,285,-2.42227374058956,True,,,,
237000000000.0,0.0,20201178,2122,0.5718135273511183,1,-0.08633635169678922,True,,,,
237000000000.0,0.0,20201179,181,0.048773915386688224,1,3.829948487988003,False,,,,
237000000000.0,0.0,20201180,2525,0.6804095931015899,50,0.9058616405436308,True,,,,
237000000000.0,0.0,20201181,3080,0.8299649690110482,409,-2.470590452756083,True,,,,
237000000000.0,0.0,20201182,3304,0.8903260576663972,811,-4.059682872321844,True,,,,
237000000000.0,0.0,20201183,2701,0.727836162759364,99,2.3997690540078267,False,,,,
237000000000.0,0.0,20201184,2204,0.5939099973053086,29,-4.815760901349639,True,,,,
237000000000.0,0.0,20201185,1459,0.39315548369711667,0,4.063315789638989,False,,,,
237000000000.0,0.0,20201186,3244,0.8741579089194287,698,-2.391323405499818,True,,,,
237000000000.0,0.0,20201187,1376,0.37078954459714364,1,1.4444811852094634,True,,,,
237000000000.0,0.0,20201188,2324,0.6262462947992455,26,2.919676020160641,False,,,,
237000000000.0,0.0,20201189,2945,0.7935866343303691,316,-2.1983608495301556,True,,,,
237000000000.0,0.0,20201190,1127,0.3036917272972245,1,4.651625836348318,False,,,,
237000000000.0,0.0,20201191,1186,0.3195904068984101,1,-2.8829607965245554,True,,,,
237000000000.0,0.0,20201192,2699,0.7272972244677984,184,1.9307408134314588,True,,,,
237000000000.0,0.0,20201193,188,0.05066019940716788,0,3.713445264193643,False,,,,
237000000000.0,0.0,20201194,122,0.03287523578550256,0,-0.6510400494404052,True,,,,
237000000000.0,0.0,20201195,4,0.0010778765831312314,1,3.3696981002776023,False,,,,
237000000000.0,0.0,20201196,1,0.00026946914578280785,1,5.2213529808677945,False,,,,
237000000000.0,0.0,20201197,18,0.004850444624090542,0,5.172456988053119,False,,,,
237000000000.0,0.0,20201198,10,0.0026946914578280788,0,6.163334434039694,False,,,,
237000000000.0,0.0,20201199,1585,0.42710859606575047,13,3.7599536718973496,False,,,,
237000000000.0,0.0,20201200,3378,0.910266774454325,825,-2.382016021012335,True,,,,
316000000000.0,0.0,20201001,2839,0.7650229048773916,195,-1.3663811429320818,True,,,,
316000000000.0,0.0,20201002,2370,0.6386418755052546,20,2.1764533615030124,False,,,,
316000000000.0,0.0,20201003,3033,0.8172999191592563,339,-1.0057621642007222,True,,,,
316000000000.0,0.0,20201004,7,0.001886284020479655,1,0.46667241055194175,True,,,,
316000000000.0,0.0,20201005,3135,0.8447857720291027,419,-7.376355015605215,True,,,,
316000000000.0,0.0,20201006,2524,0.680140123955807,20,-0.6986092890962938,True,,,,
316000000000.0,0.0,20201007,3119,0.8404742656965778,506,-6.177329354588388,True,,,,
316000000000.0,0.0,20201008,2965,0.7989760172460253,158,-0.6728293887946633,True,,,,
316000000000.0,0.0,20201009,2877,0.7752627324171383,136,-1.1643490272194796,True,,,,
316000000000.0,0.0,20201010,2,0.0005389382915656157,0,3.0059665881574547,False,,,,
316000000000.0,0.0,20201011,3198,0.8617623282134196,637,-3.5268297763956182,True,,,,
316000000000.0,0.0,20201012,3018,0.8132578819725141,277,-0.054842477040995874,True,,,,
316000000000.0,0.0,20201013,3366,0.9070331447049312,982,-4.3758602585599915,True,,,,
316000000000.0,0.0,20201014,1,0.00026946914578280785,0,0.14793545282991438,True,,,,
316000000000.0,0.0,20201015,2673,0.7202910266774454,95,-8.479159909235273,True,,,,
316000000000.0,0.0,20201016,2648,0.7135542980328753,73,1.0835755652613415,True,,,,
316000000000.0,0.0,20201017,3196,0.861223389921854,611,-2.226165683903649,True,,,,
316000000000.0,0.0,20201018,2804,0.7555914847749933,73,-0.11737015657024852,True,,,,
316000000000.0,0.0,20201019,1123,0.30261385071409325,2,2.43257235038174,False,,,,
316000000000.0,0.0,20201020,3250,0.8757747237941256,533,-1.3152257264016383,True,,,,
316000000000.0,0.0,20201021,1,0.00026946914578280785,0,-5.950966682889597,True,,,,
316000000000.0,0.0,20201022,2843,0.7661007814605227,174,-2.2286373606117653,True,,,,
316000000000.0,0.0,20201023,2115,0.5699272433306386,0,2.4124932086277884,False,,,,
316000000000.0,0.0,20201024,3206,0.8639180813796821,387,-3.2643559103517843,True,,,,
316000000000.0,0.0,20201025,2049,0.5521422797089733,11,-0.9160203647650693,True,,,,
316000000000.0,0.0,20201026,3247,0.8749663163567771,799,-3.442335377777394,True,,,,
316000000000.0,0.0,20201027,3235,0.8717326866073835,631,-1.9977548207353144,True,,,,
316000000000.0,0.0,20201028,1728,0.465642683912692,0,0.39347676663602993,True,,,,
316000000000.0,0.0,20201029,2486,0.6699002964160604,50,-2.37686655030506,True,,,,
316000000000.0,0.0,20201030,2428,0.6542710859606575,27,-1.7718502957198519,True,,,,
316000000000.0,0.0,20201031,3314,0.8930207491242252,527,-2.3867270743395075,True,,,,
316000000000.0,0.0,20201032,539,0.14524386957693344,0,0.758301456265249,True,,,,
316000000000.0,0.0,20201033,2471,0.6658582592293183,84,0.3337441746416312,True,,,,
316000000000.0,0.0,20201034,2638,0.7108596065750472,112,-1.1356129193429503,True,,,,
316000000000.0,0.0,20201035,2922,0.7873888439773646,244,-1.2964899678535815,True,,,,
316000000000.0,0.0,20201036,3269,0.8808946375639989,792,-4.373860219936079,True,,,,
316000000000.0,0.0,20201037,2420,0.652115332794395,53,1.6832555204519446,True,,,,
316000000000.0,0.0,20201038,2,0.0005389382915656157,0,,False,,,,
316000000000.0,0.0,20201039,1988,0.535704661816222,0,0.45427746494227517,True,,,,
316000000000.0,0.0,20201040,32,0.008623012665049851,0,,False,,,,
316000000000.0,0.0,20201041,1484,0.39989221234168687,0,1.9128879483224668,True,,,,
316000000000.0,0.0,20201042,2672,0.7200215575316626,69,0.04116257183249328,True,,,,
316000000000.0,0.0,20201043,2,0.0005389382915656157,0,,False,,,,
316000000000.0,0.0,20201044,2727,0.7348423605497171,143,1.095140485547148,True,,,,
316000000000.0,0.0,20201045,75,0.02021018593371059,0,1.032818464748324,True,,,,
316000000000.0,0.0,20201046,1370,0.3691727297224468,1,-0.12788669477456072,True,,,,
316000000000.0,0.0,20201047,1799,0.48477499326327134,0,2.9244775000891394,False,,,,
316000000000.0,0.0,20201048,1650,0.444624090541633,3,2.877230014660336,False,,,,
316000000000.0,0.0,20201049,144,0.038803556992724336,1,3.7900994573264355,False,,,,
316000000000.0,0.0,20201050,2897,0.7806521153327944,241,0.8436689688656847,True,,,,
316000000000.0,0.0,20201051,2401,0.6469954190245217,20,-0.006416818223924814,True,,,,
316000000000.0,0.0,20201052,2764,0.744812718943681,92,0.0420435517578408,True,,,,
316000000000.0,0.0,20201053,2870,0.7733764483966585,143,-2.7130160873382616,True,,,,
316000000000.0,0.0,20201054,2134,0.575047157100512,48,2.1812727095783657,False,,,,
316000000000.0,0.0,20201055,3153,0.8496362166531932,393,-1.4088857748805914,True,,,,
316000000000.0,0.0,20201056,1696,0.45701967124764215,3,3.2771410927268514,False,,,,
316000000000.0,0.0,20201057,2518,0.6785233090811102,32,-0.42768587970424754,True,,,,
316000000000.0,0.0,20201058,2774,0.747507410401509,82,1.8505413062698093,True,,,,
316000000000.0,0.0,20201059,1564,0.4214497440043115,2,1.8577349843081201,True,,,,
316000000000.0,0.0,20201060,1,0.00026946914578280785,0,4.614610797254605,False,,,,
316000000000.0,0.0,20201061,1117,0.3009970358393964,0,-1.6139060125523086,True,,,,
316000000000.0,0.0,20201062,2645,0.7127458905955268,74,-1.4212384836452125,True,,,,
316000000000.0,0.0,20201063,2353,0.6340609000269469,23,0.6605173698425908,True,,,,
316000000000.0,0.0,20201064,2429,0.6545405551064403,19,-0.6568744931147492,True,,,,
316000000000.0,0.0,20201065,256,0.06898410132039881,0,6.428482832433176,False,,,,
316000000000.0,0.0,20201066,700,0.18862840204796552,0,-5.717999137859049,True,,,,
316000000000.0,0.0,20201067,3297,0.8884397736459175,755,-5.34816904569152,True,,,,
316000000000.0,0.0,20201068,1595,0.42980328752357855,1,4.386989928970714,False,,,,
316000000000.0,0.0,20201069,2941,0.792508757747238,132,-1.7658797458571192,True,,,,
316000000000.0,0.0,20201070,3321,0.8949070331447049,917,-4.067193193084102,True,,,,
316000000000.0,0.0,20201071,208,0.05604958232282404,0,1.1822753074479868,True,,,,
316000000000.0,0.0,20201072,3225,0.8690379951495554,551,-3.9936852722426552,True,,,,
316000000000.0,0.0,20201073,3072,0.8278092158447857,314,-4.798252626999135,True,,,,
316000000000.0,0.0,20201074,0,0.0,0,,False,,,,
316000000000.0,0.0,20201075,3048,0.8213419563459984,264,-1.0375144138060781,True,,,,
316000000000.0,0.0,20201076,3270,0.8811641067097817,687,-2.251167570980381,True,,,,
316000000000.0,0.0,20201077,2576,0.694152519536513,71,1.608901907878808,True,,,,
316000000000.0,0.0,20201078,2072,0.5583400700619779,23,0.5058639900419744,True,,,,
316000000000.0,0.0,20201079,1,0.00026946914578280785,0,5.1760713786195955,False,,,,
316000000000.0,0.0,20201080,690,0.18593371059013744,0,-0.5090298939161109,True,,,,
316000000000.0,0.0,20201081,2475,0.6669361358124495,34,-11.036197980417189,True,,,,
316000000000.0,0.0,20201082,98,0.026407976286715172,0,4.818717447259256,False,,,,
316000000000.0,0.0,20201083,3417,0.9207760711398545,1375,-3.107047885519252,True,,,,
316000000000.0,0.0,20201084,3218,0.8671517111290757,540,-4.468922005444403,True,,,,
316000000000.0,0.0,20201085,1756,0.4731878199946106,0,1.0947234555138596,True,,,,
316000000000.0,0.0,20201086,2610,0.7033144704931286,61,-2.2891375909635654,True,,,,
316000000000.0,0.0,20201087,2811,0.7574777687954729,151,-1.4660071201635887,True,,,,
316000000000.0,0.0,20201088,2482,0.6688224198329291,25,0.6257853377724256,True,,,,
316000000000.0,0.0,20201089,2590,0.6979250875774724,100,-1.0800219993850404,True,,,,
316000000000.0,0.0,20201090,1646,0.44354621395850174,1,0.991036254315155,True,,,,
316000000000.0,0.0,20201091,376,0.10132039881433576,1,0.7600923524978578,True,,,,
316000000000.0,0.0,20201092,1603,0.43195904068984103,3,3.509054489340441,False,,,,
316000000000.0,0.0,20201093,996,0.26839126919967665,1,-0.6939430701545044,True,,,,
316000000000.0,0.0,20201094,198,0.05335489086499596,1,2.5659702977436796,False,,,,
316000000000.0,0.0,20201095,2489,0.6707087038534087,66,1.228940857903868,True,,,,
316000000000.0,0.0,20201096,161,0.043384532471032064,0,1.9897429328865606,True,,,,
316000000000.0,0.0,20201097,350,0.09431420102398276,0,-2.6422954691211866,True,,,,
316000000000.0,0.0,20201098,3337,0.8992185394772299,1029,-3.3523312526003872,True,,,,
316000000000.0,0.0,20201099,3125,0.8420910805712746,296,2.4254539707279177,False,,,,
316000000000.0,0.0,20201100,332,0.08946375639989221,0,-2.830308848423476,True,,,,
316000000000.0,0.0,20201101,1801,0.485313931554837,1,3.1809743722577064,False,,,,
316000000000.0,0.0,20201102,1,0.00026946914578280785,0,2.859753079850508,False,,,,
316000000000.0,0.0,20201103,355,0.09566154675289679,0,1.1216714712380718,True,,,,
316000000000.0,0.0,20201104,3345,0.9013742926434923,955,-2.1740818781923643,True,,,,
316000000000.0,0.0,20201105,327,0.08811641067097817,0,3.795552608855645,False,,,,
316000000000.0,0.0,20201106,2944,0.7933171651845864,269,-2.866978667354557,True,,,,
316000000000.0,0.0,20201107,1289,0.34734572891403936,1,0.08481091669362151,True,,,,
316000000000.0,0.0,20201108,203,0.05470223659391,1,2.164500002147321,False,,,,
316000000000.0,0.0,20201109,2795,0.753166262462948,144,-1.2637915868108882,True,,,,
316000000000.0,0.0,20201110,843,0.22716248989490703,0,-0.09488232965181531,True,,,,
316000000000.0,0.0,20201111,2108,0.568040959310159,0,-1.5583965178456571,True,,,,
316000000000.0,0.0,20201112,3281,0.8841282673133927,708,-3.448465653875955,True,,,,
316000000000.0,0.0,20201113,1758,0.4737267582861762,0,4.550503313366736,False,,,,
316000000000.0,0.0,20201114,2978,0.8024791161412018,340,-2.55810661719788,True,,,,
316000000000.0,0.0,20201115,10,0.0026946914578280788,0,1.6142806887967085,True,,,,
316000000000.0,0.0,20201116,2892,0.7793047696038804,174,-8.00663297692374,True,,,,
316000000000.0,0.0,20201117,696,0.18755052546483428,0,-0.45093917024199737,True,,,,
316000000000.0,0.0,20201118,1945,0.5241174885475613,23,-0.15884112234836678,True,,,,
316000000000.0,0.0,20201119,10,0.0026946914578280788,0,-2.7854352825157953,True,,,,
316000000000.0,0.0,20201120,829,0.2233899218539477,0,-0.23055591009211973,True,,,,
316000000000.0,0.0,20201121,3009,0.8108326596604689,280,-2.196239844658593,True,,,,
316000000000.0,0.0,20201122,3210,0.8649959579628133,585,-3.602907551193476,True,,,,
316000000000.0,0.0,20201123,0,0.0,0,,False,,,,
316000000000.0,0.0,20201124,2983,0.8038264618701159,314,-5.521133462237795,True,,,,
316000000000.0,0.0,20201125,426,0.11479385610347616,1,-1.9653921634585503,True,,,,
316000000000.0,0.0,20201126,1631,0.4395041767717596,1,-11.151783010920504,True,,,,
316000000000.0,0.0,20201127,3370,0.9081110212880625,1188,-5.1390682102255685,True,,,,
316000000000.0,0.0,20201128,2094,0.5642683912691997,1,2.936891977143567,False,,,,
316000000000.0,0.0,20201129,2522,0.6796011856642414,64,-4.905070417111616,True,,,,
316000000000.0,0.0,20201130,2194,0.5912153058474805,21,1.1217715841697737,True,,,,
316000000000.0,0.0,20201131,293,0.0789544597143627,0,,False,,,,
316000000000.0,0.0,20201132,1462,0.3939638911344651,0,0.9983892216929551,True,,,,
316000000000.0,0.0,20201133,2348,0.6327135542980329,22,1.078620474484405,True,,,,
316000000000.0,0.0,20201134,3276,0.8827809215844786,804,-5.318023544483992,True,,,,
316000000000.0,0.0,20201135,3283,0.8846672056049583,876,-6.072031260030239,True,,,,
316000000000.0,0.0,20201136,6,0.0016168148746968471,1,-6.845142363584664,True,,,,
316000000000.0,0.0,20201137,2788,0.7512799784424683,173,-1.2575176513503221,True,,,,
316000000000.0,0.0,20201138,34,0.009161950956615468,0,-0.6917026220510101,True,,,,
316000000000.0,0.0,20201139,1765,0.4756130423066559,1,3.8143066723209937,False,,,,
316000000000.0,0.0,20201140,943,0.2541094044731878,1,0.4789352317007136,True,,,,
316000000000.0,0.0,20201141,3383,0.9116141201832391,1022,-3.197204073666314,True,,,,
316000000000.0,0.0,20201142,189,0.05092966855295069,0,,False,,,,
316000000000.0,0.0,20201143,1112,0.29964969011048237,1,-0.9677562584514501,True,,,,
316000000000.0,0.0,20201144,3313,0.8927512799784425,635,-3.157942320398466,True,,,,
316000000000.0,0.0,20201145,2944,0.7933171651845864,248,0.9809773951035687,True,,,,
316000000000.0,0.0,20201146,1,0.00026946914578280785,0,0.840127081285952,True,,,,
316000000000.0,0.0,20201147,1474,0.3971975208838588,1,0.20255924163765648,True,,,,
316000000000.0,0.0,20201148,15,0.004042037186742118,0,-0.46522359678036995,True,,,,
316000000000.0,0.0,20201149,1807,0.4869307464295338,1,-0.35840134144819125,True,,,,
316000000000.0,0.0,20201150,2561,0.6901104823497709,97,-2.995525716289565,True,,,,
316000000000.0,0.0,20201151,445,0.11991376987334951,1,5.967769279680883,False,,,,
316000000000.0,0.0,20201152,1,0.00026946914578280785,1,-0.6825965009752544,True,,,,
316000000000.0,0.0,20201153,1,0.00026946914578280785,0,1.6612092351655905,True,,,,
316000000000.0,0.0,20201154,683,0.18404742656965778,1,4.7555342842320005,False,,,,
316000000000.0,0.0,20201155,565,0.15225006736728644,0,3.0652174844980804,False,,,,
316000000000.0,0.0,20201156,104,0.02802479116141202,0,4.1456464344217405,False,,,,
316000000000.0,0.0,20201157,3117,0.8399353274050121,418,-2.8937948601559853,True,,,,
316000000000.0,0.0,20201158,97,0.026138507140932365,0,-0.8268452964270443,True,,,,
316000000000.0,0.0,20201159,2953,0.7957423874966316,203,-1.6449949853446801,True,,,,
316000000000.0,0.0,20201160,0,0.0,0,,False,,,,
316000000000.0,0.0,20201161,228,0.06143896523848019,0,-0.15937090177091395,True,,,,
316000000000.0,0.0,20201162,129,0.034761519805982216,0,,False,,,,
316000000000.0,0.0,20201163,2575,0.6938830503907303,48,-1.1405329197387521,True,,,,
316000000000.0,0.0,20201164,2770,0.7464295338183778,94,0.6332227366830683,True,,,,
316000000000.0,0.0,20201165,2615,0.7046618162220426,84,-2.7661254048856314,True,,,,
316000000000.0,0.0,20201166,9,0.002425222312045271,0,,False,,,,
316000000000.0,0.0,20201167,32,0.008623012665049851,1,3.2827760298292645,False,,,,
316000000000.0,0.0,20201168,583,0.15710051199137698,0,5.49050531270839,False,,,,
316000000000.0,0.0,20201169,388,0.10455402856372946,0,,False,,,,
316000000000.0,0.0,20201170,3245,0.8744273780652115,699,-2.4839250101088233,True,,,,
316000000000.0,0.0,20201171,2015,0.5429803287523579,2,3.426796511857102,False,,,,
316000000000.0,0.0,20201172,2567,0.6917272972244678,40,-0.0958876835792708,True,,,,
316000000000.0,0.0,20201173,1991,0.5365130692535705,0,-12.616659136917512,True,,,,
316000000000.0,0.0,20201174,136,0.03664780382646187,0,5.909826326887934,False,,,,
316000000000.0,0.0,20201175,964,0.25976825653462676,0,-0.44612193620621454,True,,,,
316000000000.0,0.0,20201176,411,0.11075181891673404,0,2.0943204086148324,False,,,,
316000000000.0,0.0,20201177,3065,0.8259229318243061,327,-2.42227374058956,True,,,,
316000000000.0,0.0,20201178,2061,0.555375909458367,0,-0.08633635169678922,True,,,,
316000000000.0,0.0,20201179,1870,0.5039073026138507,0,3.829948487988003,False,,,,
316000000000.0,0.0,20201180,2728,0.7351118296954998,86,0.9058616405436308,True,,,,
316000000000.0,0.0,20201181,3100,0.8353543519267044,540,-2.470590452756083,True,,,,
316000000000.0,0.0,20201182,3391,0.9137698733495014,976,-4.059682872321844,True,,,,
316000000000.0,0.0,20201183,2929,0.7892751279978443,155,2.3997690540078267,False,,,,
316000000000.0,0.0,20201184,2307,0.6216653193209377,33,-4.815760901349639,True,,,,
316000000000.0,0.0,20201185,1806,0.486661277283751,0,4.063315789638989,False,,,,
316000000000.0,0.0,20201186,3346,0.9016437617892751,806,-2.391323405499818,True,,,,
316000000000.0,0.0,20201187,2329,0.6275936405281596,16,1.4444811852094634,True,,,,
316000000000.0,0.0,20201188,1675,0.4513608191862032,9,2.919676020160641,False,,,,
316000000000.0,0.0,20201189,3122,0.8412826731339261,396,-2.1983608495301556,True,,,,
316000000000.0,0.0,20201190,467,0.12584209108057126,0,4.651625836348318,False,,,,
316000000000.0,0.0,20201191,1627,0.4384263001886284,0,-2.8829607965245554,True,,,,
316000000000.0,0.0,20201192,2780,0.7491242252762059,152,1.9307408134314588,True,,,,
316000000000.0,0.0,20201193,382,0.10293721368903261,0,3.713445264193643,False,,,,
316000000000.0,0.0,20201194,193,0.05200754513608192,0,-0.6510400494404052,True,,,,
316000000000.0,0.0,20201195,617,0.16626246294799246,0,3.3696981002776023,False,,,,
316000000000.0,0.0,20201196,1,0.00026946914578280785,1,5.2213529808677945,False,,,,
316000000000.0,0.0,20201197,21,0.005658852061438965,0,5.172456988053119,False,,,,
316000000000.0,0.0,20201198,10,0.0026946914578280788,0,6.163334434039694,False,,,,
316000000000.0,0.0,20201199,2409,0.6491511721907841,41,3.7599536718973496,False,,,,
316000000000.0,0.0,20201200,3239,0.8728105631905146,719,-2.382016021012335,True,,,,
422000000000.0,0.0,20201001,3060,0.824575586095392,249,-1.3663811429320818,True,,,,
422000000000.0,0.0,20201002,2158,0.5815144165992994,23,2.1764533615030124,False,,,,
422000000000.0,0.0,20201003,3019,0.813527351118297,416,-1.0057621642007222,True,,,,
422000000000.0,0.0,20201004,2196,0.5917542441390461,2,0.46667241055194175,True,,,,
422000000000.0,0.0,20201005,3170,0.8542171921315009,444,-7.376355015605215,True,,,,
422000000000.0,0.0,20201006,2591,0.6981945567232551,44,-0.6986092890962938,True,,,,
422000000000.0,0.0,20201007,3152,0.8493667475074104,514,-6.177329354588388,True,,,,
422000000000.0,0.0,20201008,3069,0.8270008084074374,219,-0.6728293887946633,True,,,,
422000000000.0,0.0,20201009,2862,0.7712206952303962,113,-1.1643490272194796,True,,,,
422000000000.0,0.0,20201010,2,0.0005389382915656157,0,3.0059665881574547,False,,,,
422000000000.0,0.0,20201011,3228,0.8698464025869038,664,-3.5268297763956182,True,,,,
422000000000.0,0.0,20201012,3167,0.8534087846941525,440,-0.054842477040995874,True,,,,
422000000000.0,0.0,20201013,3416,0.9205066019940716,1026,-4.3758602585599915,True,,,,
422000000000.0,0.0,20201014,1,0.00026946914578280785,0,0.14793545282991438,True,,,,
422000000000.0,0.0,20201015,2707,0.7294529776340609,86,-8.479159909235273,True,,,,
422000000000.0,0.0,20201016,2859,0.7704122877930477,171,1.0835755652613415,True,,,,
422000000000.0,0.0,20201017,3296,0.8881703045001348,680,-2.226165683903649,True,,,,
422000000000.0,0.0,20201018,2516,0.6779843707895445,65,-0.11737015657024852,True,,,,
422000000000.0,0.0,20201019,1037,0.27943950417677177,1,2.43257235038174,False,,,,
422000000000.0,0.0,20201020,3287,0.8857450821880894,780,-1.3152257264016383,True,,,,
422000000000.0,0.0,20201021,1,0.00026946914578280785,0,-5.950966682889597,True,,,,
422000000000.0,0.0,20201022,2893,0.7795742387496631,200,-2.2286373606117653,True,,,,
422000000000.0,0.0,20201023,1870,0.5039073026138507,3,2.4124932086277884,False,,,,
422000000000.0,0.0,20201024,3225,0.8690379951495554,453,-3.2643559103517843,True,,,,
422000000000.0,0.0,20201025,1647,0.44381568310428454,0,-0.9160203647650693,True,,,,
422000000000.0,0.0,20201026,3319,0.8943680948531393,838,-3.442335377777394,True,,,,
422000000000.0,0.0,20201027,3336,0.898949070331447,796,-1.9977548207353144,True,,,,
422000000000.0,0.0,20201028,1903,0.5127997844246833,0,0.39347676663602993,True,,,,
422000000000.0,0.0,20201029,2881,0.7763406090002695,113,-2.37686655030506,True,,,,
422000000000.0,0.0,20201030,2685,0.7235246564268392,45,-1.7718502957198519,True,,,,
422000000000.0,0.0,20201031,3155,0.8501751549447588,398,-2.3867270743395075,True,,,,
422000000000.0,0.0,20201032,2203,0.5936405281595257,0,0.758301456265249,True,,,,
422000000000.0,0.0,20201033,2830,0.7625976825653462,120,0.3337441746416312,True,,,,
422000000000.0,0.0,20201034,2690,0.7248720021557532,64,-1.1356129193429503,True,,,,
422000000000.0,0.0,20201035,3009,0.8108326596604689,264,-1.2964899678535815,True,,,,
422000000000.0,0.0,20201036,3281,0.8841282673133927,916,-4.373860219936079,True,,,,
422000000000.0,0.0,20201037,2955,0.7962813257881972,179,1.6832555204519446,True,,,,
422000000000.0,0.0,20201038,1,0.00026946914578280785,0,,False,,,,
422000000000.0,0.0,20201039,1873,0.5047157100511991,3,0.45427746494227517,True,,,,
422000000000.0,0.0,20201040,48,0.012934518997574777,0,,False,,,,
422000000000.0,0.0,20201041,2274,0.6127728375101051,3,1.9128879483224668,True,,,,
422000000000.0,0.0,20201042,2734,0.7367286445701967,75,0.04116257183249328,True,,,,
422000000000.0,0.0,20201043,2,0.0005389382915656157,0,,False,,,,
422000000000.0,0.0,20201044,3161,0.8517919698194557,355,1.095140485547148,True,,,,
422000000000.0,0.0,20201045,270,0.07275666936135812,0,1.032818464748324,True,,,,
422000000000.0,0.0,20201046,2650,0.7140932363244409,37,-0.12788669477456072,True,,,,
422000000000.0,0.0,20201047,1755,0.47291835084882783,1,2.9244775000891394,False,,,,
422000000000.0,0.0,20201048,1411,0.3802209646995419,1,2.877230014660336,False,,,,
422000000000.0,0.0,20201049,5,0.0013473457289140394,0,3.7900994573264355,False,,,,
422000000000.0,0.0,20201050,2645,0.7127458905955268,56,0.8436689688656847,True,,,,
422000000000.0,0.0,20201051,2735,0.7369981137159796,66,-0.006416818223924814,True,,,,
422000000000.0,0.0,20201052,2922,0.7873888439773646,104,0.0420435517578408,True,,,,
422000000000.0,0.0,20201053,2849,0.7677175963352196,91,-2.7130160873382616,True,,,,
422000000000.0,0.0,20201054,2858,0.7701428186472649,147,2.1812727095783657,False,,,,
422000000000.0,0.0,20201055,3025,0.8151441659929938,351,-1.4088857748805914,True,,,,
422000000000.0,0.0,20201056,2128,0.5734303422258151,16,3.2771410927268514,False,,,,
422000000000.0,0.0,20201057,2680,0.7221773106979251,64,-0.42768587970424754,True,,,,
422000000000.0,0.0,20201058,2909,0.7838857450821881,165,1.8505413062698093,True,,,,
422000000000.0,0.0,20201059,2354,0.6343303691727297,12,1.8577349843081201,True,,,,
422000000000.0,0.0,20201060,1,0.00026946914578280785,0,4.614610797254605,False,,,,
422000000000.0,0.0,20201061,1576,0.4246833737537052,0,-1.6139060125523086,True,,,,
422000000000.0,0.0,20201062,2188,0.5895984909727836,1,-1.4212384836452125,True,,,,
422000000000.0,0.0,20201063,2524,0.680140123955807,32,0.6605173698425908,True,,,,
422000000000.0,0.0,20201064,2494,0.6720560495823228,23,-0.6568744931147492,True,,,,
422000000000.0,0.0,20201065,124,0.033414174077068176,0,6.428482832433176,False,,,,
422000000000.0,0.0,20201066,1086,0.2926434923201294,1,-5.717999137859049,True,,,,
422000000000.0,0.0,20201067,3367,0.9073026138507141,912,-5.34816904569152,True,,,,
422000000000.0,0.0,20201068,2042,0.5502559956884937,1,4.386989928970714,False,,,,
422000000000.0,0.0,20201069,3148,0.8482888709242792,386,-1.7658797458571192,True,,,,
422000000000.0,0.0,20201070,3394,0.9145782807868499,1035,-4.067193193084102,True,,,,
422000000000.0,0.0,20201071,189,0.05092966855295069,0,1.1822753074479868,True,,,,
422000000000.0,0.0,20201072,3332,0.8978711937483158,788,-3.9936852722426552,True,,,,
422000000000.0,0.0,20201073,3222,0.8682295877122069,479,-4.798252626999135,True,,,,
422000000000.0,0.0,20201074,0,0.0,0,,False,,,,
422000000000.0,0.0,20201075,2940,0.7922392886014551,270,-1.0375144138060781,True,,,,
422000000000.0,0.0,20201076,3304,0.8903260576663972,761,-2.251167570980381,True,,,,
422000000000.0,0.0,20201077,2931,0.7898140662894099,248,1.608901907878808,True,,,,
422000000000.0,0.0,20201078,2636,0.7103206682834815,59,0.5058639900419744,True,,,,
422000000000.0,0.0,20201079,1,0.00026946914578280785,0,5.1760713786195955,False,,,,
422000000000.0,0.0,20201080,1763,0.47507410401509026,0,-0.5090298939161109,True,,,,
422000000000.0,0.0,20201081,2679,0.7219078415521423,33,-11.036197980417189,True,,,,
422000000000.0,0.0,20201082,989,0.26650498517919696,1,4.818717447259256,False,,,,
422000000000.0,0.0,20201083,3368,0.9075720829964969,1254,-3.107047885519252,True,,,,
422000000000.0,0.0,20201084,3201,0.862570735650768,605,-4.468922005444403,True,,,,
422000000000.0,0.0,20201085,1717,0.4626785233090811,2,1.0947234555138596,True,,,,
422000000000.0,0.0,20201086,2727,0.7348423605497171,76,-2.2891375909635654,True,,,,
422000000000.0,0.0,20201087,3043,0.8199946106170843,205,-1.4660071201635887,True,,,,
422000000000.0,0.0,20201088,2468,0.6650498517919698,32,0.6257853377724256,True,,,,
422000000000.0,0.0,20201089,3041,0.8194556723255187,261,-1.0800219993850404,True,,,,
422000000000.0,0.0,20201090,2229,0.6006467259498788,2,0.991036254315155,True,,,,
422000000000.0,0.0,20201091,1444,0.38911344651037455,1,0.7600923524978578,True,,,,
422000000000.0,0.0,20201092,2525,0.6804095931015899,32,3.509054489340441,False,,,,
422000000000.0,0.0,20201093,1414,0.3810293721368903,0,-0.6939430701545044,True,,,,
422000000000.0,0.0,20201094,90,0.024252223120452707,0,2.5659702977436796,False,,,,
422000000000.0,0.0,20201095,2754,0.7421180274858529,71,1.228940857903868,True,,,,
422000000000.0,0.0,20201096,200,0.05389382915656157,0,1.9897429328865606,True,,,,
422000000000.0,0.0,20201097,2285,0.615736998113716,20,-2.6422954691211866,True,,,,
422000000000.0,0.0,20201098,3416,0.9205066019940716,1244,-3.3523312526003872,True,,,,
422000000000.0,0.0,20201099,3103,0.8361627593640528,309,2.4254539707279177,False,,,,
422000000000.0,0.0,20201100,159,0.04284559417946645,0,-2.830308848423476,True,,,,
422000000000.0,0.0,20201101,2292,0.6176232821341956,23,3.1809743722577064,False,,,,
422000000000.0,0.0,20201102,1739,0.46860684451630286,0,2.859753079850508,False,,,,
422000000000.0,0.0,20201103,1149,0.30962004850444624,1,1.1216714712380718,True,,,,
422000000000.0,0.0,20201104,3417,0.9207760711398545,1141,-2.1740818781923643,True,,,,
422000000000.0,0.0,20201105,467,0.12584209108057126,0,3.795552608855645,False,,,,
422000000000.0,0.0,20201106,3130,0.8434384263001886,404,-2.866978667354557,True,,,,
422000000000.0,0.0,20201107,1286,0.3465373214766909,1,0.08481091669362151,True,,,,
422000000000.0,0.0,20201108,204,0.0549717057396928,0,2.164500002147321,False,,,,
422000000000.0,0.0,20201109,2998,0.807868499056858,215,-1.2637915868108882,True,,,,
422000000000.0,0.0,20201110,928,0.2500673672864457,0,-0.09488232965181531,True,,,,
422000000000.0,0.0,20201111,2496,0.6725949878738885,11,-1.5583965178456571,True,,,,
422000000000.0,0.0,20201112,3306,0.8908649959579629,659,-3.448465653875955,True,,,,
422000000000.0,0.0,20201113,1525,0.410940447318782,1,4.550503313366736,False,,,,
422000000000.0,0.0,20201114,3191,0.85987604419294,552,-2.55810661719788,True,,,,
422000000000.0,0.0,20201115,20,0.0053893829156561575,0,1.6142806887967085,True,,,,
422000000000.0,0.0,20201116,2981,0.8032875235785503,210,-8.00663297692374,True,,,,
422000000000.0,0.0,20201117,767,0.20668283481541364,0,-0.45093917024199737,True,,,,
422000000000.0,0.0,20201118,2493,0.67178658043654,49,-0.15884112234836678,True,,,,
422000000000.0,0.0,20201119,30,0.008084074373484237,0,-2.7854352825157953,True,,,,
422000000000.0,0.0,20201120,1737,0.46806790622473726,4,-0.23055591009211973,True,,,,
422000000000.0,0.0,20201121,3071,0.827539746699003,259,-2.196239844658593,True,,,,
422000000000.0,0.0,20201122,3232,0.870924279170035,667,-3.602907551193476,True,,,,
422000000000.0,0.0,20201123,0,0.0,0,,False,,,,
422000000000.0,0.0,20201124,3064,0.8256534626785234,386,-5.521133462237795,True,,,,
422000000000.0,0.0,20201125,833,0.22446779843707895,1,-1.9653921634585503,True,,,,
422000000000.0,0.0,20201126,2077,0.559687415790892,1,-11.151783010920504,True,,,,
422000000000.0,0.0,20201127,3419,0.9213150094314201,1278,-5.1390682102255685,True,,,,
422000000000.0,0.0,20201128,2196,0.5917542441390461,1,2.936891977143567,False,,,,
422000000000.0,0.0,20201129,3066,0.826192400970089,200,-4.905070417111616,True,,,,
422000000000.0,0.0,20201130,2651,0.7143627054702236,31,1.1217715841697737,True,,,,
422000000000.0,0.0,20201131,678,0.18270008084074374,0,,False,,,,
422000000000.0,0.0,20201132,2128,0.5734303422258151,1,0.9983892216929551,True,,,,
422000000000.0,0.0,20201133,2476,0.6672056049582323,20,1.078620474484405,True,,,,
422000000000.0,0.0,20201134,3384,0.9118835893290218,894,-5.318023544483992,True,,,,
422000000000.0,0.0,20201135,3379,0.9105362436001078,1025,-6.072031260030239,True,,,,
422000000000.0,0.0,20201136,7,0.001886284020479655,1,-6.845142363584664,True,,,,
422000000000.0,0.0,20201137,2911,0.7844246833737537,176,-1.2575176513503221,True,,,,
422000000000.0,0.0,20201138,137,0.036917272972244675,0,-0.6917026220510101,True,,,,
422000000000.0,0.0,20201139,1777,0.4788466720560496,2,3.8143066723209937,False,,,,
422000000000.0,0.0,20201140,1838,0.49528428994880086,1,0.4789352317007136,True,,,,
422000000000.0,0.0,20201141,3363,0.9062247372675829,1157,-3.197204073666314,True,,,,
422000000000.0,0.0,20201142,202,0.05443276744812719,0,,False,,,,
422000000000.0,0.0,20201143,1582,0.426300188628402,0,-0.9677562584514501,True,,,,
422000000000.0,0.0,20201144,3262,0.8790083535435192,653,-3.157942320398466,True,,,,
422000000000.0,0.0,20201145,3101,0.8356238210724872,307,0.9809773951035687,True,,,,
422000000000.0,0.0,20201146,1,0.00026946914578280785,0,0.840127081285952,True,,,,
422000000000.0,0.0,20201147,684,0.18431689571544058,2,0.20255924163765648,True,,,,
422000000000.0,0.0,20201148,30,0.008084074373484237,0,-0.46522359678036995,True,,,,
422000000000.0,0.0,20201149,2488,0.670439234707626,19,-0.35840134144819125,True,,,,
422000000000.0,0.0,20201150,2626,0.7076259768256534,98,-2.995525716289565,True,,,,
422000000000.0,0.0,20201151,652,0.17569388305039074,0,5.967769279680883,False,,,,
422000000000.0,0.0,20201152,131,0.03530045809754783,1,-0.6825965009752544,True,,,,
422000000000.0,0.0,20201153,46,0.012395580706009162,0,1.6612092351655905,True,,,,
422000000000.0,0.0,20201154,655,0.17650229048773916,0,4.7555342842320005,False,,,,
422000000000.0,0.0,20201155,2162,0.5825922931824307,10,3.0652174844980804,False,,,,
422000000000.0,0.0,20201156,118,0.031797359202371325,0,4.1456464344217405,False,,,,
422000000000.0,0.0,20201157,3183,0.8577202910266775,435,-2.8937948601559853,True,,,,
422000000000.0,0.0,20201158,335,0.09027216383724064,0,-0.8268452964270443,True,,,,
422000000000.0,0.0,20201159,3221,0.8679601185664242,430,-1.6449949853446801,True,,,,
422000000000.0,0.0,20201160,0,0.0,0,,False,,,,
422000000000.0,0.0,20201161,619,0.16680140123955808,1,-0.15937090177091395,True,,,,
422000000000.0,0.0,20201162,135,0.03637833468067906,0,,False,,,,
422000000000.0,0.0,20201163,2853,0.7687954729183508,108,-1.1405329197387521,True,,,,
422000000000.0,0.0,20201164,2824,0.7609808676906494,209,0.6332227366830683,True,,,,
422000000000.0,0.0,20201165,2757,0.7429264349232013,129,-2.7661254048856314,True,,,,
422000000000.0,0.0,20201166,12,0.0032336297493936943,0,,False,,,,
422000000000.0,0.0,20201167,163,0.043923470762597686,1,3.2827760298292645,False,,,,
422000000000.0,0.0,20201168,1157,0.31177580167070873,0,5.49050531270839,False,,,,
422000000000.0,0.0,20201169,30,0.008084074373484237,0,,False,,,,
422000000000.0,0.0,20201170,3355,0.9040689841013204,789,-2.4839250101088233,True,,,,
422000000000.0,0.0,20201171,2098,0.5653462678523309,2,3.426796511857102,False,,,,
422000000000.0,0.0,20201172,2711,0.7305308542171921,54,-0.0958876835792708,True,,,,
422000000000.0,0.0,20201173,2456,0.6618162220425762,26,-12.616659136917512,True,,,,
422000000000.0,0.0,20201174,214,0.05766639719752088,0,5.909826326887934,False,,,,
422000000000.0,0.0,20201175,1636,0.44085152250067366,0,-0.44612193620621454,True,,,,
422000000000.0,0.0,20201176,1399,0.3769873349501482,0,2.0943204086148324,False,,,,
422000000000.0,0.0,20201177,3062,0.8251145243869576,387,-2.42227374058956,True,,,,
422000000000.0,0.0,20201178,2226,0.5998383185125303,17,-0.08633635169678922,True,,,,
422000000000.0,0.0,20201179,1172,0.3158178388574508,0,3.829948487988003,False,,,,
422000000000.0,0.0,20201180,2973,0.8011317704122878,84,0.9058616405436308,True,,,,
422000000000.0,0.0,20201181,3242,0.8736189706278631,585,-2.470590452756083,True,,,,
422000000000.0,0.0,20201182,3336,0.898949070331447,933,-4.059682872321844,True,,,,
422000000000.0,0.0,20201183,2964,0.7987065481002426,205,2.3997690540078267,False,,,,
422000000000.0,0.0,20201184,2537,0.6836432228509836,26,-4.815760901349639,True,,,,
422000000000.0,0.0,20201185,1978,0.5330099703583939,0,4.063315789638989,False,,,,
422000000000.0,0.0,20201186,3292,0.8870924279170035,832,-2.391323405499818,True,,,,
422000000000.0,0.0,20201187,2275,0.6130423066558879,19,1.4444811852094634,True,,,,
422000000000.0,0.0,20201188,2053,0.5532201562921045,13,2.919676020160641,False,,,,
422000000000.0,0.0,20201189,3139,0.845863648612234,509,-2.1983608495301556,True,,,,
422000000000.0,0.0,20201190,415,0.11182969549986527,0,4.651625836348318,False,,,,
422000000000.0,0.0,20201191,1732,0.4667205604958232,0,-2.8829607965245554,True,,,,
422000000000.0,0.0,20201192,2857,0.7698733495014821,182,1.9307408134314588,True,,,,
422000000000.0,0.0,20201193,844,0.22743195904068983,0,3.713445264193643,False,,,,
422000000000.0,0.0,20201194,631,0.17003503098895176,0,-0.6510400494404052,True,,,,
422000000000.0,0.0,20201195,1408,0.3794125572621935,1,3.3696981002776023,False,,,,
422000000000.0,0.0,20201196,4,0.0010778765831312314,1,5.2213529808677945,False,,,,
422000000000.0,0.0,20201197,124,0.033414174077068176,0,5.172456988053119,False,,,,
422000000000.0,0.0,20201198,21,0.005658852061438965,1,6.163334434039694,False,,,,
422000000000.0,0.0,20201199,2421,0.6523848019401779,27,3.7599536718973496,False,,,,
422000000000.0,0.0,20201200,3307,0.8911344651037456,863,-2.382016021012335,True,,,,
562000000000.0,0.0,20201001,3004,0.8094853139315549,225,-1.3663811429320818,True,,,,
562000000000.0,0.0,20201002,2648,0.7135542980328753,49,2.1764533615030124,False,,,,
562000000000.0,0.0,20201003,3207,0.8641875505254648,471,-1.0057621642007222,True,,,,
562000000000.0,0.0,20201004,2352,0.6337914308811641,8,0.46667241055194175,True,,,,
562000000000.0,0.0,20201005,3115,0.8393963891134465,427,-7.376355015605215,True,,,,
562000000000.0,0.0,20201006,2844,0.7663702506063056,72,-0.6986092890962938,True,,,,
562000000000.0,0.0,20201007,3160,0.8515225006736729,462,-6.177329354588388,True,,,,
562000000000.0,0.0,20201008,3094,0.8337375370520076,301,-0.6728293887946633,True,,,,
562000000000.0,0.0,20201009,3024,0.814874696847211,199,-1.1643490272194796,True,,,,
562000000000.0,0.0,20201010,2,0.0005389382915656157,0,3.0059665881574547,False,,,,
562000000000.0,0.0,20201011,3375,0.9094583670169766,887,-3.5268297763956182,True,,,,
562000000000.0,0.0,20201012,3233,0.8711937483158179,550,-0.054842477040995874,True,,,,
562000000000.0,0.0,20201013,3419,0.9213150094314201,1201,-4.3758602585599915,True,,,,
562000000000.0,0.0,20201014,1,0.00026946914578280785,0,0.14793545282991438,True,,,,
562000000000.0,0.0,20201015,2905,0.7828078684990568,85,-8.479159909235273,True,,,,
562000000000.0,0.0,20201016,2694,0.7259498787388844,56,1.0835755652613415,True,,,,
562000000000.0,0.0,20201017,3393,0.9143088116410671,820,-2.226165683903649,True,,,,
562000000000.0,0.0,20201018,2826,0.761519805982215,99,-0.11737015657024852,True,,,,
562000000000.0,0.0,20201019,1933,0.5208838587981676,0,2.43257235038174,False,,,,
562000000000.0,0.0,20201020,3307,0.8911344651037456,713,-1.3152257264016383,True,,,,
562000000000.0,0.0,20201021,342,0.09215844785772029,0,-5.950966682889597,True,,,,
562000000000.0,0.0,20201022,3121,0.8410132039881434,302,-2.2286373606117653,True,,,,
562000000000.0,0.0,20201023,1659,0.44704931285367827,0,2.4124932086277884,False,,,,
562000000000.0,0.0,20201024,3076,0.828887092427917,450,-3.2643559103517843,True,,,,
562000000000.0,0.0,20201025,1661,0.44758825114524387,1,-0.9160203647650693,True,,,,
562000000000.0,0.0,20201026,3350,0.9027216383724064,872,-3.442335377777394,True,,,,
562000000000.0,0.0,20201027,3313,0.8927512799784425,713,-1.9977548207353144,True,,,,
562000000000.0,0.0,20201028,2173,0.5855564537860415,0,0.39347676663602993,True,,,,
562000000000.0,0.0,20201029,2994,0.8067906224737268,158,-2.37686655030506,True,,,,
562000000000.0,0.0,20201030,2647,0.7132848288870924,38,-1.7718502957198519,True,,,,
562000000000.0,0.0,20201031,3219,0.8674211802748585,500,-2.3867270743395075,True,,,,
562000000000.0,0.0,20201032,1861,0.5014820803018054,0,0.758301456265249,True,,,,
562000000000.0,0.0,20201033,2957,0.7968202640797629,167,0.3337441746416312,True,,,,
562000000000.0,0.0,20201034,3009,0.8108326596604689,157,-1.1356129193429503,True,,,,
562000000000.0,0.0,20201035,3035,0.8178388574508219,307,-1.2964899678535815,True,,,,
562000000000.0,0.0,20201036,3366,0.9070331447049312,965,-4.373860219936079,True,,,,
562000000000.0,0.0,20201037,2789,0.7515494475882512,88,1.6832555204519446,True,,,,
562000000000.0,0.0,20201038,4,0.0010778765831312314,0,,False,,,,
562000000000.0,0.0,20201039,2111,0.5688493667475074,1,0.45427746494227517,True,,,,
562000000000.0,0.0,20201040,75,0.02021018593371059,0,,False,,,,
562000000000.0,0.0,20201041,2694,0.7259498787388844,51,1.9128879483224668,True,,,,
562000000000.0,0.0,20201042,2937,0.7914308811641068,141,0.04116257183249328,True,,,,
562000000000.0,0.0,20201043,3,0.0008084074373484236,0,,False,,,,
562000000000.0,0.0,20201044,3069,0.8270008084074374,233,1.095140485547148,True,,,,
562000000000.0,0.0,20201045,245,0.06601994071678793,1,1.032818464748324,True,,,,
562000000000.0,0.0,20201046,2686,0.7237941255726219,33,-0.12788669477456072,True,,,,
562000000000.0,0.0,20201047,1492,0.40204796550794936,0,2.9244775000891394,False,,,,
562000000000.0,0.0,20201048,2287,0.6162759364052816,1,2.877230014660336,False,,,,
562000000000.0,0.0,20201049,30,0.008084074373484237,1,3.7900994573264355,False,,,,
562000000000.0,0.0,20201050,2877,0.7752627324171383,95,0.8436689688656847,True,,,,
562000000000.0,0.0,20201051,2689,0.7246025330099704,58,-0.006416818223924814,True,,,,
562000000000.0,0.0,20201052,2940,0.7922392886014551,150,0.0420435517578408,True,,,,
562000000000.0,0.0,20201053,2782,0.7496631635677715,125,-2.7130160873382616,True,,,,
562000000000.0,0.0,20201054,2793,0.7526273241713823,112,2.1812727095783657,False,,,,
562000000000.0,0.0,20201055,3123,0.841552142279709,454,-1.4088857748805914,True,,,,
562000000000.0,0.0,20201056,2749,0.7407706817569388,42,3.2771410927268514,False,,,,
562000000000.0,0.0,20201057,2700,0.7275666936135813,44,-0.42768587970424754,True,,,,
562000000000.0,0.0,20201058,3075,0.8286176232821342,202,1.8505413062698093,True,,,,
562000000000.0,0.0,20201059,2511,0.6766370250606305,21,1.8577349843081201,True,,,,
562000000000.0,0.0,20201060,186,0.050121261115602264,0,4.614610797254605,False,,,,
562000000000.0,0.0,20201061,1684,0.45378604149824847,1,-1.6139060125523086,True,,,,
562000000000.0,0.0,20201062,2541,0.6847210994341147,23,-1.4212384836452125,True,,,,
562000000000.0,0.0,20201063,2830,0.7625976825653462,69,0.6605173698425908,True,,,,
562000000000.0,0.0,20201064,2824,0.7609808676906494,85,-0.6568744931147492,True,,,,
562000000000.0,0.0,20201065,80,0.02155753166262463,0,6.428482832433176,False,,,,
562000000000.0,0.0,20201066,2113,0.569388305039073,0,-5.717999137859049,True,,,,
562000000000.0,0.0,20201067,3394,0.9145782807868499,905,-5.34816904569152,True,,,,
562000000000.0,0.0,20201068,2324,0.6262462947992455,1,4.386989928970714,False,,,,
562000000000.0,0.0,20201069,3005,0.8097547830773376,225,-1.7658797458571192,True,,,,
562000000000.0,0.0,20201070,3314,0.8930207491242252,947,-4.067193193084102,True,,,,
562000000000.0,0.0,20201071,2197,0.5920237132848288,1,1.1822753074479868,True,,,,
562000000000.0,0.0,20201072,3300,0.889248181083266,650,-3.9936852722426552,True,,,,
562000000000.0,0.0,20201073,3304,0.8903260576663972,569,-4.798252626999135,True,,,,
562000000000.0,0.0,20201074,0,0.0,0,,False,,,,
562000000000.0,0.0,20201075,3170,0.8542171921315009,480,-1.0375144138060781,True,,,,
562000000000.0,0.0,20201076,3374,0.9091888978711937,927,-2.251167570980381,True,,,,
562000000000.0,0.0,20201077,3060,0.824575586095392,298,1.608901907878808,True,,,,
562000000000.0,0.0,20201078,2548,0.6866073834545945,28,0.5058639900419744,True,,,,
562000000000.0,0.0,20201079,2,0.0005389382915656157,0,5.1760713786195955,False,,,,
562000000000.0,0.0,20201080,1702,0.458636486122339,3,-0.5090298939161109,True,,,,
562000000000.0,0.0,20201081,2782,0.7496631635677715,66,-11.036197980417189,True,,,,
562000000000.0,0.0,20201082,1482,0.3993532740501213,0,4.818717447259256,False,,,,
562000000000.0,0.0,20201083,3452,0.9302074912422528,1363,-3.107047885519252,True,,,,
562000000000.0,0.0,20201084,3315,0.8932902182700081,809,-4.468922005444403,True,,,,
562000000000.0,0.0,20201085,1733,0.466990029641606,0,1.0947234555138596,True,,,,
562000000000.0,0.0,20201086,2897,0.7806521153327944,145,-2.2891375909635654,True,,,,
562000000000.0,0.0,20201087,3022,0.8143357585556453,184,-1.4660071201635887,True,,,,
562000000000.0,0.0,20201088,1897,0.5111829695499865,11,0.6257853377724256,True,,,,
562000000000.0,0.0,20201089,2894,0.779843707895446,156,-1.0800219993850404,True,,,,
562000000000.0,0.0,20201090,2734,0.7367286445701967,45,0.991036254315155,True,,,,
562000000000.0,0.0,20201091,557,0.15009431420102398,0,0.7600923524978578,True,,,,
562000000000.0,0.0,20201092,2558,0.6893020749124226,19,3.509054489340441,False,,,,
562000000000.0,0.0,20201093,1296,0.349232012934519,1,-0.6939430701545044,True,,,,
562000000000.0,0.0,20201094,14,0.00377256804095931,0,2.5659702977436796,False,,,,
562000000000.0,0.0,20201095,2786,0.7507410401509027,87,1.228940857903868,True,,,,
562000000000.0,0.0,20201096,63,0.016976556184316895,0,1.9897429328865606,True,,,,
562000000000.0,0.0,20201097,2321,0.6254378873618971,19,-2.6422954691211866,True,,,,
562000000000.0,0.0,20201098,3390,0.9135004042037187,1104,-3.3523312526003872,True,,,,
562000000000.0,0.0,20201099,2938,0.7917003503098895,226,2.4254539707279177,False,,,,
562000000000.0,0.0,20201100,1144,0.3082727027755322,0,-2.830308848423476,True,,,,
562000000000.0,0.0,20201101,2341,0.6308272702775533,24,3.1809743722577064,False,,,,
562000000000.0,0.0,20201102,2362,0.6364861223389922,0,2.859753079850508,False,,,,
562000000000.0,0.0,20201103,2441,0.657774184855834,1,1.1216714712380718,True,,,,
562000000000.0,0.0,20201104,3465,0.9337105901374293,1235,-2.1740818781923643,True,,,,
562000000000.0,0.0,20201105,314,0.08461331177580167,0,3.795552608855645,False,,,,
562000000000.0,0.0,20201106,3169,0.8539477229857181,396,-2.866978667354557,True,,,,
562000000000.0,0.0,20201107,1973,0.5316626246294799,1,0.08481091669362151,True,,,,
562000000000.0,0.0,20201108,271,0.07302613850714093,0,2.164500002147321,False,,,,
562000000000.0,0.0,20201109,3148,0.8482888709242792,275,-1.2637915868108882,True,,,,
562000000000.0,0.0,20201110,1211,0.3263271355429803,1,-0.09488232965181531,True,,,,
562000000000.0,0.0,20201111,1882,0.5071409323632444,2,-1.5583965178456571,True,,,,
562000000000.0,0.0,20201112,3344,0.9011048234977095,849,-3.448465653875955,True,,,,
562000000000.0,0.0,20201113,2301,0.6200485044462409,1,4.550503313366736,False,,,,
562000000000.0,0.0,20201114,3172,0.8547561304230665,571,-2.55810661719788,True,,,,
562000000000.0,0.0,20201115,23,0.006197790353004581,1,1.6142806887967085,True,,,,
562000000000.0,0.0,20201116,3091,0.8329291296146591,352,-8.00663297692374,True,,,,
562000000000.0,0.0,20201117,1787,0.48154136351387766,0,-0.45093917024199737,True,,,,
562000000000.0,0.0,20201118,2360,0.6359471840474266,21,-0.15884112234836678,True,,,,
562000000000.0,0.0,20201119,219,0.05901374292643492,0,-2.7854352825157953,True,,,,
562000000000.0,0.0,20201120,2664,0.7178658043654002,43,-0.23055591009211973,True,,,,
562000000000.0,0.0,20201121,3009,0.8108326596604689,232,-2.196239844658593,True,,,,
562000000000.0,0.0,20201122,3080,0.8299649690110482,377,-3.602907551193476,True,,,,
562000000000.0,0.0,20201123,0,0.0,0,,False,,,,
562000000000.0,0.0,20201124,3219,0.8674211802748585,467,-5.521133462237795,True,,,,
562000000000.0,0.0,20201125,187,0.05039073026138507,1,-1.9653921634585503,True,,,,
562000000000.0,0.0,20201126,1941,0.52303961196443,1,-11.151783010920504,True,,,,
562000000000.0,0.0,20201127,3414,0.919967663702506,1299,-5.1390682102255685,True,,,,
562000000000.0,0.0,20201128,1936,0.521692266235516,0,2.936891977143567,False,,,,
562000000000.0,0.0,20201129,3035,0.8178388574508219,235,-4.905070417111616,True,,,,
562000000000.0,0.0,20201130,2679,0.7219078415521423,24,1.1217715841697737,True,,,,
562000000000.0,0.0,20201131,732,0.19725141471301536,0,,False,,,,
562000000000.0,0.0,20201132,2479,0.6680140123955807,0,0.9983892216929551,True,,,,
562000000000.0,0.0,20201133,2802,0.7550525464834277,53,1.078620474484405,True,,,,
562000000000.0,0.0,20201134,3336,0.898949070331447,929,-5.318023544483992,True,,,,
562000000000.0,0.0,20201135,3355,0.9040689841013204,1056,-6.072031260030239,True,,,,
562000000000.0,0.0,20201136,5,0.0013473457289140394,1,-6.845142363584664,True,,,,
562000000000.0,0.0,20201137,2954,0.7960118566424145,190,-1.2575176513503221,True,,,,
562000000000.0,0.0,20201138,30,0.008084074373484237,0,-0.6917026220510101,True,,,,
562000000000.0,0.0,20201139,2814,0.7582861762328214,49,3.8143066723209937,False,,,,
562000000000.0,0.0,20201140,2187,0.5893290218270008,0,0.4789352317007136,True,,,,
562000000000.0,0.0,20201141,3421,0.9218539477229857,1305,-3.197204073666314,True,,,,
562000000000.0,0.0,20201142,450,0.12126111560226355,0,,False,,,,
562000000000.0,0.0,20201143,1752,0.4721099434114794,1,-0.9677562584514501,True,,,,
562000000000.0,0.0,20201144,3331,0.897601724602533,755,-3.157942320398466,True,,,,
562000000000.0,0.0,20201145,2871,0.7736459175424414,97,0.9809773951035687,True,,,,
562000000000.0,0.0,20201146,1,0.00026946914578280785,0,0.840127081285952,True,,,,
562000000000.0,0.0,20201147,1453,0.39153866882241983,1,0.20255924163765648,True,,,,
562000000000.0,0.0,20201148,54,0.014551333872271624,0,-0.46522359678036995,True,,,,
562000000000.0,0.0,20201149,2385,0.6426839126919968,19,-0.35840134144819125,True,,,,
562000000000.0,0.0,20201150,2994,0.8067906224737268,140,-2.995525716289565,True,,,,
562000000000.0,0.0,20201151,860,0.23174346537321477,1,5.967769279680883,False,,,,
562000000000.0,0.0,20201152,448,0.12072217731069793,1,-0.6825965009752544,True,,,,
562000000000.0,0.0,20201153,390,0.10509296685529507,0,1.6612092351655905,True,,,,
562000000000.0,0.0,20201154,2151,0.5796281325788197,0,4.7555342842320005,False,,,,
562000000000.0,0.0,20201155,2361,0.6362166531932094,1,3.0652174844980804,False,,,,
562000000000.0,0.0,20201156,133,0.035839396389113445,0,4.1456464344217405,False,,,,
562000000000.0,0.0,20201157,3231,0.8706548100242523,707,-2.8937948601559853,True,,,,
562000000000.0,0.0,20201158,311,0.08380490433845325,0,-0.8268452964270443,True,,,,
562000000000.0,0.0,20201159,3173,0.8550255995688494,416,-1.6449949853446801,True,,,,
562000000000.0,0.0,20201160,0,0.0,0,,False,,,,
562000000000.0,0.0,20201161,2214,0.5966046887631367,0,-0.15937090177091395,True,,,,
562000000000.0,0.0,20201162,289,0.07787658313123147,0,,False,,,,
562000000000.0,0.0,20201163,2826,0.761519805982215,92,-1.1405329197387521,True,,,,
562000000000.0,0.0,20201164,3029,0.8162220425761251,212,0.6332227366830683,True,,,,
562000000000.0,0.0,20201165,2947,0.7941255726219348,180,-2.7661254048856314,True,,,,
562000000000.0,0.0,20201166,15,0.004042037186742118,0,,False,,,,
562000000000.0,0.0,20201167,291,0.07841552142279709,1,3.2827760298292645,False,,,,
562000000000.0,0.0,20201168,2050,0.5524117488547561,0,5.49050531270839,False,,,,
562000000000.0,0.0,20201169,44,0.011856642414443546,0,,False,,,,
562000000000.0,0.0,20201170,3309,0.8916734033953112,850,-2.4839250101088233,True,,,,
562000000000.0,0.0,20201171,2710,0.7302613850714094,34,3.426796511857102,False,,,,
562000000000.0,0.0,20201172,2834,0.7636755591484775,75,-0.0958876835792708,True,,,,
562000000000.0,0.0,20201173,2805,0.7558609539207761,66,-12.616659136917512,True,,,,
562000000000.0,0.0,20201174,1287,0.3468067906224737,0,5.909826326887934,False,,,,
562000000000.0,0.0,20201175,246,0.06628940986257073,0,-0.44612193620621454,True,,,,
562000000000.0,0.0,20201176,1880,0.5066019940716788,1,2.0943204086148324,False,,,,
562000000000.0,0.0,20201177,3364,0.9064942064133656,809,-2.42227374058956,True,,,,
562000000000.0,0.0,20201178,2334,0.6289409862570736,5,-0.08633635169678922,True,,,,
562000000000.0,0.0,20201179,1282,0.3454594448935597,0,3.829948487988003,False,,,,
562000000000.0,0.0,20201180,2775,0.7477768795472919,87,0.9058616405436308,True,,,,
562000000000.0,0.0,20201181,3323,0.8954459714362706,659,-2.470590452756083,True,,,,
562000000000.0,0.0,20201182,3415,0.9202371328482889,1086,-4.059682872321844,True,,,,
562000000000.0,0.0,20201183,3011,0.8113715979520345,245,2.3997690540078267,False,,,,
562000000000.0,0.0,20201184,2945,0.7935866343303691,173,-4.815760901349639,True,,,,
562000000000.0,0.0,20201185,2144,0.5777418485583401,0,4.063315789638989,False,,,,
562000000000.0,0.0,20201186,3362,0.9059552681218,972,-2.391323405499818,True,,,,
562000000000.0,0.0,20201187,1461,0.3936944219886823,1,1.4444811852094634,True,,,,
562000000000.0,0.0,20201188,2163,0.5828617623282134,14,2.919676020160641,False,,,,
562000000000.0,0.0,20201189,3189,0.8593371059013742,451,-2.1983608495301556,True,,,,
562000000000.0,0.0,20201190,551,0.14847749932632714,1,4.651625836348318,False,,,,
562000000000.0,0.0,20201191,2059,0.5548369711668014,0,-2.8829607965245554,True,,,,
562000000000.0,0.0,20201192,3127,0.8426300188628402,344,1.9307408134314588,True,,,,
562000000000.0,0.0,20201193,562,0.15144165992993802,0,3.713445264193643,False,,,,
562000000000.0,0.0,20201194,279,0.07518189167340339,0,-0.6510400494404052,True,,,,
562000000000.0,0.0,20201195,1573,0.4238749663163568,1,3.3696981002776023,False,,,,
562000000000.0,0.0,20201196,9,0.002425222312045271,1,5.2213529808677945,False,,,,
562000000000.0,0.0,20201197,35,0.009431420102398275,0,5.172456988053119,False,,,,
562000000000.0,0.0,20201198,15,0.004042037186742118,0,6.163334434039694,False,,,,
562000000000.0,0.0,20201199,2762,0.7442737806521154,50,3.7599536718973496,False,,,,
562000000000.0,0.0,20201200,3403,0.9170035030988952,1048,-2.382016021012335,True,,,,
750000000000.0,0.0,20201001,3301,0.8895176502290488,783,-1.3663811429320818,True,,,,
750000000000.0,0.0,20201002,2906,0.7830773376448397,104,2.1764533615030124,False,,,,
750000000000.0,0.0,20201003,3293,0.8873618970627863,673,-1.0057621642007222,True,,,,
750000000000.0,0.0,20201004,11,0.0029641606036108865,1,0.46667241055194175,True,,,,
750000000000.0,0.0,20201005,3306,0.8908649959579629,585,-7.376355015605215,True,,,,
750000000000.0,0.0,20201006,2811,0.7574777687954729,56,-0.6986092890962938,True,,,,
750000000000.0,0.0,20201007,3209,0.8647264888170304,532,-6.177329354588388,True,,,,
750000000000.0,0.0,20201008,3075,0.8286176232821342,231,-0.6728293887946633,True,,,,
750000000000.0,0.0,20201009,2979,0.8027485852869847,260,-1.1643490272194796,True,,,,
750000000000.0,0.0,20201010,2,0.0005389382915656157,0,3.0059665881574547,False,,,,
750000000000.0,0.0,20201011,3355,0.9040689841013204,843,-3.5268297763956182,True,,,,
750000000000.0,0.0,20201012,3196,0.861223389921854,351,-0.054842477040995874,True,,,,
750000000000.0,0.0,20201013,3406,0.9178119105362436,1154,-4.3758602585599915,True,,,,
750000000000.0,0.0,20201014,1,0.00026946914578280785,0,0.14793545282991438,True,,,,
750000000000.0,0.0,20201015,3088,0.8321207221773107,220,-8.479159909235273,True,,,,
750000000000.0,0.0,20201016,2921,0.7871193748315818,114,1.0835755652613415,True,,,,
750000000000.0,0.0,20201017,3402,0.9167340339531124,1028,-2.226165683903649,True,,,,
750000000000.0,0.0,20201018,2922,0.7873888439773646,116,-0.11737015657024852,True,,,,
750000000000.0,0.0,20201019,2045,0.551064403125842,0,2.43257235038174,False,,,,
750000000000.0,0.0,20201020,3277,0.8830503907302614,820,-1.3152257264016383,True,,,,
750000000000.0,0.0,20201021,1130,0.3045001347345729,1,-5.950966682889597,True,,,,
750000000000.0,0.0,20201022,3076,0.828887092427917,300,-2.2286373606117653,True,,,,
750000000000.0,0.0,20201023,1964,0.5292374023174347,4,2.4124932086277884,False,,,,
750000000000.0,0.0,20201024,3322,0.8951765022904877,636,-3.2643559103517843,True,,,,
750000000000.0,0.0,20201025,2096,0.5648073295607653,0,-0.9160203647650693,True,,,,
750000000000.0,0.0,20201026,3448,0.9291296146591216,1074,-3.442335377777394,True,,,,
750000000000.0,0.0,20201027,3414,0.919967663702506,1010,-1.9977548207353144,True,,,,
750000000000.0,0.0,20201028,2440,0.6575047157100512,9,0.39347676663602993,True,,,,
750000000000.0,0.0,20201029,3042,0.8197251414713015,240,-2.37686655030506,True,,,,
750000000000.0,0.0,20201030,2886,0.7776879547291835,99,-1.7718502957198519,True,,,,
750000000000.0,0.0,20201031,3275,0.8825114524386958,609,-2.3867270743395075,True,,,,
750000000000.0,0.0,20201032,1547,0.4168687685260038,0,0.758301456265249,True,,,,
750000000000.0,0.0,20201033,3039,0.8189167340339532,248,0.3337441746416312,True,,,,
750000000000.0,0.0,20201034,2969,0.8000538938291566,189,-1.1356129193429503,True,,,,
750000000000.0,0.0,20201035,3097,0.8345459444893559,410,-1.2964899678535815,True,,,,
750000000000.0,0.0,20201036,3443,0.9277822689302075,1106,-4.373860219936079,True,,,,
750000000000.0,0.0,20201037,3027,0.8156831042845594,295,1.6832555204519446,True,,,,
750000000000.0,0.0,20201038,4,0.0010778765831312314,0,,False,,,,
750000000000.0,0.0,20201039,2486,0.6699002964160604,8,0.45427746494227517,True,,,,
750000000000.0,0.0,20201040,216,0.0582053354890865,0,,False,,,,
750000000000.0,0.0,20201041,2575,0.6938830503907303,25,1.9128879483224668,True,,,,
750000000000.0,0.0,20201042,3062,0.8251145243869576,154,0.04116257183249328,True,,,,
750000000000.0,0.0,20201043,3,0.0008084074373484236,0,,False,,,,
750000000000.0,0.0,20201044,3025,0.8151441659929938,199,1.095140485547148,True,,,,
750000000000.0,0.0,20201045,212,0.05712745890595527,0,1.032818464748324,True,,,,
750000000000.0,0.0,20201046,2743,0.7391538668822419,30,-0.12788669477456072,True,,,,
750000000000.0,0.0,20201047,2331,0.6281325788197252,0,2.9244775000891394,False,,,,
750000000000.0,0.0,20201048,2590,0.6979250875774724,13,2.877230014660336,False,,,,
750000000000.0,0.0,20201049,280,0.0754513608191862,1,3.7900994573264355,False,,,,
750000000000.0,0.0,20201050,3060,0.824575586095392,158,0.8436689688656847,True,,,,
750000000000.0,0.0,20201051,2827,0.7617892751279979,66,-0.006416818223924814,True,,,,
750000000000.0,0.0,20201052,3021,0.8140662894098626,176,0.0420435517578408,True,,,,
750000000000.0,0.0,20201053,3046,0.8208030180544328,249,-2.7130160873382616,True,,,,
750000000000.0,0.0,20201054,2770,0.7464295338183778,91,2.1812727095783657,False,,,,
750000000000.0,0.0,20201055,3249,0.8755052546483427,588,-1.4088857748805914,True,,,,
750000000000.0,0.0,20201056,2836,0.7642144974400431,64,3.2771410927268514,False,,,,
750000000000.0,0.0,20201057,2772,0.7469684721099434,61,-0.42768587970424754,True,,,,
750000000000.0,0.0,20201058,3019,0.813527351118297,252,1.8505413062698093,True,,,,
750000000000.0,0.0,20201059,2587,0.697116680140124,25,1.8577349843081201,True,,,,
750000000000.0,0.0,20201060,16,0.004311506332524926,0,4.614610797254605,False,,,,
750000000000.0,0.0,20201061,2532,0.6822958771220695,1,-1.6139060125523086,True,,,,
750000000000.0,0.0,20201062,2716,0.7318781999461061,29,-1.4212384836452125,True,,,,
750000000000.0,0.0,20201063,2730,0.7356507679870655,48,0.6605173698425908,True,,,,
750000000000.0,0.0,20201064,2565,0.6911883589329022,14,-0.6568744931147492,True,,,,
750000000000.0,0.0,20201065,707,0.19051468606844515,0,6.428482832433176,False,,,,
750000000000.0,0.0,20201066,2426,0.6537321476690919,16,-5.717999137859049,True,,,,
750000000000.0,0.0,20201067,3370,0.9081110212880625,970,-5.34816904569152,True,,,,
750000000000.0,0.0,20201068,2472,0.666127728375101,3,4.386989928970714,False,,,,
750000000000.0,0.0,20201069,3027,0.8156831042845594,262,-1.7658797458571192,True,,,,
750000000000.0,0.0,20201070,3360,0.9054163298302345,1001,-4.067193193084102,True,,,,
750000000000.0,0.0,20201071,2395,0.6453786041498248,0,1.1822753074479868,True,,,,
750000000000.0,0.0,20201072,3349,0.9024521692266235,778,-3.9936852722426552,True,,,,
750000000000.0,0.0,20201073,3304,0.8903260576663972,658,-4.798252626999135,True,,,,
750000000000.0,0.0,20201074,0,0.0,0,,False,,,,
750000000000.0,0.0,20201075,3062,0.8251145243869576,324,-1.0375144138060781,True,,,,
750000000000.0,0.0,20201076,3395,0.9148477499326327,1056,-2.251167570980381,True,,,,
750000000000.0,0.0,20201077,3103,0.8361627593640528,406,1.608901907878808,True,,,,
750000000000.0,0.0,20201078,2787,0.7510105092966856,54,0.5058639900419744,True,,,,
750000000000.0,0.0,20201079,2,0.0005389382915656157,0,5.1760713786195955,False,,,,
750000000000.0,0.0,20201080,2334,0.6289409862570736,22,-0.5090298939161109,True,,,,
750000000000.0,0.0,20201081,2980,0.8030180544327674,87,-11.036197980417189,True,,,,
750000000000.0,0.0,20201082,1592,0.4289948800862301,1,4.818717447259256,False,,,,
750000000000.0,0.0,20201083,3482,0.938291565615737,1479,-3.107047885519252,True,,,,
750000000000.0,0.0,20201084,3345,0.9013742926434923,792,-4.468922005444403,True,,,,
750000000000.0,0.0,20201085,1853,0.499326327135543,1,1.0947234555138596,True,,,,
750000000000.0,0.0,20201086,3120,0.8407437348423605,206,-2.2891375909635654,True,,,,
750000000000.0,0.0,20201087,3086,0.8315817838857451,259,-1.4660071201635887,True,,,,
750000000000.0,0.0,20201088,2697,0.7267582861762328,33,0.6257853377724256,True,,,,
750000000000.0,0.0,20201089,2968,0.7997844246833737,152,-1.0800219993850404,True,,,,
750000000000.0,0.0,20201090,2588,0.6973861492859068,38,0.991036254315155,True,,,,
750000000000.0,0.0,20201091,174,0.04688763136620857,0,0.7600923524978578,True,,,,
750000000000.0,0.0,20201092,2699,0.7272972244677984,32,3.509054489340441,False,,,,
750000000000.0,0.0,20201093,2492,0.6715171112907572,0,-0.6939430701545044,True,,,,
750000000000.0,0.0,20201094,756,0.20371867421180276,0,2.5659702977436796,False,,,,
750000000000.0,0.0,20201095,3158,0.8509835623821073,239,1.228940857903868,True,,,,
750000000000.0,0.0,20201096,13,0.0035030988951765024,0,1.9897429328865606,True,,,,
750000000000.0,0.0,20201097,2539,0.6841821611425492,26,-2.6422954691211866,True,,,,
750000000000.0,0.0,20201098,3503,0.9439504176771759,1263,-3.3523312526003872,True,,,,
750000000000.0,0.0,20201099,3020,0.8137968202640797,250,2.4254539707279177,False,,,,
750000000000.0,0.0,20201100,1197,0.322554567502021,0,-2.830308848423476,True,,,,
750000000000.0,0.0,20201101,2947,0.7941255726219348,153,3.1809743722577064,False,,,,
750000000000.0,0.0,20201102,1964,0.5292374023174347,0,2.859753079850508,False,,,,
750000000000.0,0.0,20201103,2622,0.7065481002425222,17,1.1216714712380718,True,,,,
750000000000.0,0.0,20201104,3474,0.9361358124494745,1240,-2.1740818781923643,True,,,,
750000000000.0,0.0,20201105,1105,0.2977634060900027,0,3.795552608855645,False,,,,
750000000000.0,0.0,20201106,3361,0.9056857989760172,671,-2.866978667354557,True,,,,
750000000000.0,0.0,20201107,2716,0.7318781999461061,36,0.08481091669362151,True,,,,
750000000000.0,0.0,20201108,1982,0.5340878469415252,0,2.164500002147321,False,,,,
750000000000.0,0.0,20201109,3189,0.8593371059013742,367,-1.2637915868108882,True,,,,
750000000000.0,0.0,20201110,2334,0.6289409862570736,1,-0.09488232965181531,True,,,,
750000000000.0,0.0,20201111,2882,0.7766100781460523,65,-1.5583965178456571,True,,,,
750000000000.0,0.0,20201112,3368,0.9075720829964969,954,-3.448465653875955,True,,,,
750000000000.0,0.0,20201113,2457,0.6620856911883589,0,4.550503313366736,False,,,,
750000000000.0,0.0,20201114,3297,0.8884397736459175,682,-2.55810661719788,True,,,,
750000000000.0,0.0,20201115,2267,0.6108865534896254,0,1.6142806887967085,True,,,,
750000000000.0,0.0,20201116,3105,0.8367016976556184,225,-8.00663297692374,True,,,,
750000000000.0,0.0,20201117,2476,0.6672056049582323,0,-0.45093917024199737,True,,,,
750000000000.0,0.0,20201118,2650,0.7140932363244409,39,-0.15884112234836678,True,,,,
750000000000.0,0.0,20201119,634,0.17084343842630018,0,-2.7854352825157953,True,,,,
750000000000.0,0.0,20201120,2850,0.7679870654810024,42,-0.23055591009211973,True,,,,
750000000000.0,0.0,20201121,3213,0.8658043654001617,413,-2.196239844658593,True,,,,
750000000000.0,0.0,20201122,3260,0.8784694152519537,568,-3.602907551193476,True,,,,
750000000000.0,0.0,20201123,0,0.0,0,,False,,,,
750000000000.0,0.0,20201124,3194,0.8606844516302883,475,-5.521133462237795,True,,,,
750000000000.0,0.0,20201125,1252,0.33737537052007543,1,-1.9653921634585503,True,,,,
750000000000.0,0.0,20201126,2186,0.589059552681218,0,-11.151783010920504,True,,,,
750000000000.0,0.0,20201127,3461,0.932632713554298,1379,-5.1390682102255685,True,,,,
750000000000.0,0.0,20201128,2529,0.6814874696847211,20,2.936891977143567,False,,,,
750000000000.0,0.0,20201129,3089,0.8323901913230936,295,-4.905070417111616,True,,,,
750000000000.0,0.0,20201130,2805,0.7558609539207761,35,1.1217715841697737,True,,,,
750000000000.0,0.0,20201131,1028,0.2770142818647265,0,,False,,,,
750000000000.0,0.0,20201132,2360,0.6359471840474266,3,0.9983892216929551,True,,,,
750000000000.0,0.0,20201133,2847,0.767178658043654,104,1.078620474484405,True,,,,
750000000000.0,0.0,20201134,3376,0.9097278361627593,870,-5.318023544483992,True,,,,
750000000000.0,0.0,20201135,3375,0.9094583670169766,1062,-6.072031260030239,True,,,,
750000000000.0,0.0,20201136,47,0.01266504985179197,1,-6.845142363584664,True,,,,
750000000000.0,0.0,20201137,3007,0.8102937213689032,198,-1.2575176513503221,True,,,,
750000000000.0,0.0,20201138,64,0.017246025330099703,1,-0.6917026220510101,True,,,,
750000000000.0,0.0,20201139,2814,0.7582861762328214,21,3.8143066723209937,False,,,,
750000000000.0,0.0,20201140,2657,0.7159795203449205,29,0.4789352317007136,True,,,,
750000000000.0,0.0,20201141,3460,0.9323632444085153,1342,-3.197204073666314,True,,,,
750000000000.0,0.0,20201142,205,0.055241174885475613,0,,False,,,,
750000000000.0,0.0,20201143,2328,0.6273241713823767,0,-0.9677562584514501,True,,,,
750000000000.0,0.0,20201144,3418,0.9210455402856373,852,-3.157942320398466,True,,,,
750000000000.0,0.0,20201145,3033,0.8172999191592563,195,0.9809773951035687,True,,,,
750000000000.0,0.0,20201146,1,0.00026946914578280785,0,0.840127081285952,True,,,,
750000000000.0,0.0,20201147,1699,0.4578280786849906,1,0.20255924163765648,True,,,,
750000000000.0,0.0,20201148,41,0.011048234977095122,0,-0.46522359678036995,True,,,,
750000000000.0,0.0,20201149,2501,0.6739423336028024,24,-0.35840134144819125,True,,,,
750000000000.0,0.0,20201150,3013,0.8119105362436001,189,-2.995525716289565,True,,,,
750000000000.0,0.0,20201151,655,0.17650229048773916,0,5.967769279680883,False,,,,
750000000000.0,0.0,20201152,296,0.07976286715171113,1,-0.6825965009752544,True,,,,
750000000000.0,0.0,20201153,561,0.15117219078415522,0,1.6612092351655905,True,,,,
750000000000.0,0.0,20201154,1813,0.48854756130423066,0,4.7555342842320005,False,,,,
750000000000.0,0.0,20201155,2422,0.6526542710859606,4,3.0652174844980804,False,,,,
750000000000.0,0.0,20201156,198,0.05335489086499596,0,4.1456464344217405,False,,,,
750000000000.0,0.0,20201157,3336,0.898949070331447,751,-2.8937948601559853,True,,,,
750000000000.0,0.0,20201158,186,0.050121261115602264,0,-0.8268452964270443,True,,,,
750000000000.0,0.0,20201159,3229,0.8701158717326866,479,-1.6449949853446801,True,,,,
750000000000.0,0.0,20201160,0,0.0,0,,False,,,,
750000000000.0,0.0,20201161,2359,0.6356777149016437,10,-0.15937090177091395,True,,,,
750000000000.0,0.0,20201162,186,0.050121261115602264,0,,False,,,,
750000000000.0,0.0,20201163,3184,0.8579897601724602,349,-1.1405329197387521,True,,,,
750000000000.0,0.0,20201164,2922,0.7873888439773646,170,0.6332227366830683,True,,,,
750000000000.0,0.0,20201165,2911,0.7844246833737537,158,-2.7661254048856314,True,,,,
750000000000.0,0.0,20201166,8,0.002155753166262463,0,,False,,,,
750000000000.0,0.0,20201167,95,0.025599568849366747,1,3.2827760298292645,False,,,,
750000000000.0,0.0,20201168,2417,0.6513069253570466,0,5.49050531270839,False,,,,
750000000000.0,0.0,20201169,108,0.02910266774454325,0,,False,,,,
750000000000.0,0.0,20201170,3351,0.9029911075181891,851,-2.4839250101088233,True,,,,
750000000000.0,0.0,20201171,2847,0.767178658043654,61,3.426796511857102,False,,,,
750000000000.0,0.0,20201172,2789,0.7515494475882512,44,-0.0958876835792708,True,,,,
750000000000.0,0.0,20201173,2548,0.6866073834545945,24,-12.616659136917512,True,,,,
750000000000.0,0.0,20201174,711,0.1915925626515764,0,5.909826326887934,False,,,,
750000000000.0,0.0,20201175,656,0.17677175963352196,0,-0.44612193620621454,True,,,,
750000000000.0,0.0,20201176,2038,0.5491781191053624,1,2.0943204086148324,False,,,,
750000000000.0,0.0,20201177,3251,0.8760441929399084,597,-2.42227374058956,True,,,,
750000000000.0,0.0,20201178,2682,0.7227162489894907,68,-0.08633635169678922,True,,,,
750000000000.0,0.0,20201179,1822,0.49097278361627594,0,3.829948487988003,False,,,,
750000000000.0,0.0,20201180,2880,0.7760711398544866,95,0.9058616405436308,True,,,,
750000000000.0,0.0,20201181,3340,0.9000269469145783,789,-2.470590452756083,True,,,,
750000000000.0,0.0,20201182,3403,0.9170035030988952,1122,-4.059682872321844,True,,,,
750000000000.0,0.0,20201183,3212,0.8655348962543788,429,2.3997690540078267,False,,,,
750000000000.0,0.0,20201184,2818,0.7593640528159525,64,-4.815760901349639,True,,,,
750000000000.0,0.0,20201185,2561,0.6901104823497709,11,4.063315789638989,False,,,,
750000000000.0,0.0,20201186,3384,0.9118835893290218,1006,-2.391323405499818,True,,,,
750000000000.0,0.0,20201187,1990,0.5362436001077877,2,1.4444811852094634,True,,,,
750000000000.0,0.0,20201188,2493,0.67178658043654,32,2.919676020160641,False,,,,
750000000000.0,0.0,20201189,3285,0.8852061438965239,762,-2.1983608495301556,True,,,,
750000000000.0,0.0,20201190,1758,0.4737267582861762,0,4.651625836348318,False,,,,
750000000000.0,0.0,20201191,2565,0.6911883589329022,21,-2.8829607965245554,True,,,,
750000000000.0,0.0,20201192,3104,0.8364322285098357,386,1.9307408134314588,True,,,,
750000000000.0,0.0,20201193,2001,0.5392077607113985,0,3.713445264193643,False,,,,
750000000000.0,0.0,20201194,447,0.12045270816491511,0,-0.6510400494404052,True,,,,
750000000000.0,0.0,20201195,2132,0.5745082188089464,0,3.3696981002776023,False,,,,
750000000000.0,0.0,20201196,14,0.00377256804095931,1,5.2213529808677945,False,,,,
750000000000.0,0.0,20201197,67,0.018054432767448128,0,5.172456988053119,False,,,,
750000000000.0,0.0,20201198,16,0.004311506332524926,0,6.163334434039694,False,,,,
750000000000.0,0.0,20201199,2738,0.7378065211533279,50,3.7599536718973496,False,,,,
750000000000.0,0.0,20201200,3400,0.9161950956615468,982,-2.382016021012335,True,,,,
1000000000000.0,0.0,20201001,3188,0.8590676367555915,390,-1.3663811429320818,True,,3188,0.8590676367555915,390
1000000000000.0,0.0,20201002,2894,0.779843707895446,75,2.1764533615030124,False,,2894,0.779843707895446,75
1000000000000.0,0.0,20201003,3359,0.9051468606844516,780,-1.0057621642007222,True,,3359,0.9051468606844516,780
1000000000000.0,0.0,20201004,408,0.1099434114793856,2,0.46667241055194175,True,,408,0.1099434114793856,2
1000000000000.0,0.0,20201005,3293,0.8873618970627863,643,-7.376355015605215,True,,3293,0.8873618970627863,643
1000000000000.0,0.0,20201006,2825,0.7612503368364322,55,-0.6986092890962938,True,,2825,0.7612503368364322,55
1000000000000.0,0.0,20201007,3327,0.8965238480194018,709,-6.177329354588388,True,,3327,0.8965238480194018,709
1000000000000.0,0.0,20201008,3130,0.8434384263001886,307,-0.6728293887946633,True,,3130,0.8434384263001886,307
1000000000000.0,0.0,20201009,3193,0.8604149824845055,340,-1.1643490272194796,True,,3193,0.8604149824845055,340
1000000000000.0,0.0,20201010,3,0.0008084074373484236,0,3.0059665881574547,False,,3,0.0008084074373484236,0
1000000000000.0,0.0,20201011,3387,0.9126919967663703,1042,-3.5268297763956182,True,,3387,0.9126919967663703,1042
1000000000000.0,0.0,20201012,3281,0.8841282673133927,588,-0.054842477040995874,True,,3281,0.8841282673133927,588
1000000000000.0,0.0,20201013,3503,0.9439504176771759,1299,-4.3758602585599915,True,,3503,0.9439504176771759,1299
1000000000000.0,0.0,20201014,1,0.00026946914578280785,0,0.14793545282991438,True,,1,0.00026946914578280785,0
1000000000000.0,0.0,20201015,3150,0.8488278092158448,298,-8.479159909235273,True,,3150,0.8488278092158448,298
1000000000000.0,0.0,20201016,2958,0.7970897332255457,153,1.0835755652613415,True,,2958,0.7970897332255457,153
1000000000000.0,0.0,20201017,3383,0.9116141201832391,870,-2.226165683903649,True,,3383,0.9116141201832391,870
1000000000000.0,0.0,20201018,2901,0.7817299919159256,143,-0.11737015657024852,True,,2901,0.7817299919159256,143
1000000000000.0,0.0,20201019,2672,0.7200215575316626,25,2.43257235038174,False,,2672,0.7200215575316626,25
1000000000000.0,0.0,20201020,3339,0.8997574777687954,911,-1.3152257264016383,True,,3339,0.8997574777687954,911
1000000000000.0,0.0,20201021,986,0.26569657774184857,0,-5.950966682889597,True,,986,0.26569657774184857,0
1000000000000.0,0.0,20201022,2957,0.7968202640797629,178,-2.2286373606117653,True,,2957,0.7968202640797629,178
1000000000000.0,0.0,20201023,2429,0.6545405551064403,0,2.4124932086277884,False,,2429,0.6545405551064403,0
1000000000000.0,0.0,20201024,3289,0.886284020479655,772,-3.2643559103517843,True,,3289,0.886284020479655,772
1000000000000.0,0.0,20201025,2613,0.704122877930477,0,-0.9160203647650693,True,,2613,0.704122877930477,0
1000000000000.0,0.0,20201026,3357,0.904607922392886,1099,-3.442335377777394,True,,3357,0.904607922392886,1099
1000000000000.0,0.0,20201027,3412,0.9194287254109405,871,-1.9977548207353144,True,,3412,0.9194287254109405,871
1000000000000.0,0.0,20201028,2613,0.704122877930477,8,0.39347676663602993,True,,2613,0.704122877930477,8
1000000000000.0,0.0,20201029,3149,0.8485583400700619,255,-2.37686655030506,True,,3149,0.8485583400700619,255
1000000000000.0,0.0,20201030,2807,0.7563998922123417,80,-1.7718502957198519,True,,2807,0.7563998922123417,80
1000000000000.0,0.0,20201031,3328,0.8967933171651846,819,-2.3867270743395075,True,,3328,0.8967933171651846,819
1000000000000.0,0.0,20201032,2501,0.6739423336028024,1,0.758301456265249,True,,2501,0.6739423336028024,1
1000000000000.0,0.0,20201033,3120,0.8407437348423605,182,0.3337441746416312,True,,3120,0.8407437348423605,182
1000000000000.0,0.0,20201034,2937,0.7914308811641068,102,-1.1356129193429503,True,,2937,0.7914308811641068,102
1000000000000.0,0.0,20201035,3245,0.8744273780652115,488,-1.2964899678535815,True,,3245,0.8744273780652115,488
1000000000000.0,0.0,20201036,3448,0.9291296146591216,1291,-4.373860219936079,True,,3448,0.9291296146591216,1291
1000000000000.0,0.0,20201037,2846,0.7669091888978712,96,1.6832555204519446,True,,2846,0.7669091888978712,96
1000000000000.0,0.0,20201038,11,0.0029641606036108865,0,,False,,11,0.0029641606036108865,0
1000000000000.0,0.0,20201039,2699,0.7272972244677984,25,0.45427746494227517,True,,2699,0.7272972244677984,25
1000000000000.0,0.0,20201040,167,0.045001347345728915,0,,False,,167,0.045001347345728915,0
1000000000000.0,0.0,20201041,2823,0.7607113985448666,38,1.9128879483224668,True,,2823,0.7607113985448666,38
1000000000000.0,0.0,20201042,3107,0.837240635947184,192,0.04116257183249328,True,,3107,0.837240635947184,192
1000000000000.0,0.0,20201043,3,0.0008084074373484236,0,,False,,3,0.0008084074373484236,0
1000000000000.0,0.0,20201044,3151,0.8490972783616276,298,1.095140485547148,True,,3151,0.8490972783616276,298
1000000000000.0,0.0,20201045,1649,0.4443546213958502,0,1.032818464748324,True,,1649,0.4443546213958502,0
1000000000000.0,0.0,20201046,3070,0.8272702775532201,103,-0.12788669477456072,True,,3070,0.8272702775532201,103
1000000000000.0,0.0,20201047,2552,0.6876852600377257,16,2.9244775000891394,False,,2552,0.6876852600377257,16
1000000000000.0,0.0,20201048,2448,0.6596604688763137,3,2.877230014660336,False,,2448,0.6596604688763137,3
1000000000000.0,0.0,20201049,940,0.2533009970358394,0,3.7900994573264355,False,,940,0.2533009970358394,0
1000000000000.0,0.0,20201050,3039,0.8189167340339532,197,0.8436689688656847,True,,3039,0.8189167340339532,197
1000000000000.0,0.0,20201051,2797,0.7537052007545136,66,-0.006416818223924814,True,,2797,0.7537052007545136,66
1000000000000.0,0.0,20201052,3172,0.8547561304230665,190,0.0420435517578408,True,,3172,0.8547561304230665,190
1000000000000.0,0.0,20201053,3060,0.824575586095392,208,-2.7130160873382616,True,,3060,0.824575586095392,208
1000000000000.0,0.0,20201054,3106,0.8369711668014013,228,2.1812727095783657,False,,3106,0.8369711668014013,228
1000000000000.0,0.0,20201055,3307,0.8911344651037456,589,-1.4088857748805914,True,,3307,0.8911344651037456,589
1000000000000.0,0.0,20201056,2904,0.7825383993532741,97,3.2771410927268514,False,,2904,0.7825383993532741,97
1000000000000.0,0.0,20201057,3040,0.8191862031797359,112,-0.42768587970424754,True,,3040,0.8191862031797359,112
1000000000000.0,0.0,20201058,3155,0.8501751549447588,231,1.8505413062698093,True,,3155,0.8501751549447588,231
1000000000000.0,0.0,20201059,2881,0.7763406090002695,30,1.8577349843081201,True,,2881,0.7763406090002695,30
1000000000000.0,0.0,20201060,14,0.00377256804095931,0,4.614610797254605,False,,14,0.00377256804095931,0
1000000000000.0,0.0,20201061,2441,0.657774184855834,0,-1.6139060125523086,True,,2441,0.657774184855834,0
1000000000000.0,0.0,20201062,2951,0.795203449205066,110,-1.4212384836452125,True,,2951,0.795203449205066,110
1000000000000.0,0.0,20201063,2962,0.798167609808677,116,0.6605173698425908,True,,2962,0.798167609808677,116
1000000000000.0,0.0,20201064,2725,0.7343034222581515,34,-0.6568744931147492,True,,2725,0.7343034222581515,34
1000000000000.0,0.0,20201065,217,0.05847480463486931,0,6.428482832433176,False,,217,0.05847480463486931,0
1000000000000.0,0.0,20201066,2427,0.6540016168148747,1,-5.717999137859049,True,,2427,0.6540016168148747,1
1000000000000.0,0.0,20201067,3454,0.9307464295338184,1192,-5.34816904569152,True,,3454,0.9307464295338184,1192
1000000000000.0,0.0,20201068,2743,0.7391538668822419,2,4.386989928970714,False,,2743,0.7391538668822419,2
1000000000000.0,0.0,20201069,3046,0.8208030180544328,283,-1.7658797458571192,True,,3046,0.8208030180544328,283
1000000000000.0,0.0,20201070,3452,0.9302074912422528,1123,-4.067193193084102,True,,3452,0.9302074912422528,1123
1000000000000.0,0.0,20201071,2044,0.5507949339800593,2,1.1822753074479868,True,,2044,0.5507949339800593,2
1000000000000.0,0.0,20201072,3430,0.924279170035031,889,-3.9936852722426552,True,,3430,0.924279170035031,889
1000000000000.0,0.0,20201073,3363,0.9062247372675829,820,-4.798252626999135,True,,3363,0.9062247372675829,820
1000000000000.0,0.0,20201074,0,0.0,0,,False,,0,0.0,0
1000000000000.0,0.0,20201075,3155,0.8501751549447588,394,-1.0375144138060781,True,,3155,0.8501751549447588,394
1000000000000.0,0.0,20201076,3396,0.9151172190784155,1022,-2.251167570980381,True,,3396,0.9151172190784155,1022
1000000000000.0,0.0,20201077,3155,0.8501751549447588,313,1.608901907878808,True,,3155,0.8501751549447588,313
1000000000000.0,0.0,20201078,2867,0.7725680409593102,77,0.5058639900419744,True,,2867,0.7725680409593102,77
1000000000000.0,0.0,20201079,2,0.0005389382915656157,0,5.1760713786195955,False,,2,0.0005389382915656157,0
1000000000000.0,0.0,20201080,2865,0.7720291026677445,46,-0.5090298939161109,True,,2865,0.7720291026677445,46
1000000000000.0,0.0,20201081,3005,0.8097547830773376,103,-11.036197980417189,True,,3005,0.8097547830773376,103
1000000000000.0,0.0,20201082,2662,0.7173268660738346,7,4.818717447259256,False,,2662,0.7173268660738346,7
1000000000000.0,0.0,20201083,3458,0.9318243061169497,1454,-3.107047885519252,True,,3458,0.9318243061169497,1454
1000000000000.0,0.0,20201084,3451,0.9299380220964699,958,-4.468922005444403,True,,3451,0.9299380220964699,958
1000000000000.0,0.0,20201085,2465,0.6642414443546214,0,1.0947234555138596,True,,2465,0.6642414443546214,0
1000000000000.0,0.0,20201086,3090,0.8326596604688763,229,-2.2891375909635654,True,,3090,0.8326596604688763,229
1000000000000.0,0.0,20201087,3106,0.8369711668014013,187,-1.4660071201635887,True,,3106,0.8369711668014013,187
1000000000000.0,0.0,20201088,2733,0.7364591754244139,28,0.6257853377724256,True,,2733,0.7364591754244139,28
1000000000000.0,0.0,20201089,2928,0.7890056588520614,149,-1.0800219993850404,True,,2928,0.7890056588520614,149
1000000000000.0,0.0,20201090,2835,0.7639450282942603,58,0.991036254315155,True,,2835,0.7639450282942603,58
1000000000000.0,0.0,20201091,1243,0.3349501482080302,0,0.7600923524978578,True,,1243,0.3349501482080302,0
1000000000000.0,0.0,20201092,2912,0.7846941525195366,76,3.509054489340441,False,,2912,0.7846941525195366,76
1000000000000.0,0.0,20201093,2509,0.6760980867690649,5,-0.6939430701545044,True,,2509,0.6760980867690649,5
1000000000000.0,0.0,20201094,51,0.0137429264349232,0,2.5659702977436796,False,,51,0.0137429264349232,0
1000000000000.0,0.0,20201095,3012,0.8116410670978172,91,1.228940857903868,True,,3012,0.8116410670978172,91
1000000000000.0,0.0,20201096,54,0.014551333872271624,0,1.9897429328865606,True,,54,0.014551333872271624,0
1000000000000.0,0.0,20201097,2608,0.702775532201563,28,-2.6422954691211866,True,,2608,0.702775532201563,28
1000000000000.0,0.0,20201098,3479,0.9374831581783886,1454,-3.3523312526003872,True,,3479,0.9374831581783886,1454
1000000000000.0,0.0,20201099,3173,0.8550255995688494,414,2.4254539707279177,False,,3173,0.8550255995688494,414
1000000000000.0,0.0,20201100,2654,0.7151711129075721,15,-2.830308848423476,True,,2654,0.7151711129075721,15
1000000000000.0,0.0,20201101,2514,0.677445432497979,1,3.1809743722577064,False,,2514,0.677445432497979,1
1000000000000.0,0.0,20201102,2463,0.6637025060630558,8,2.859753079850508,False,,2463,0.6637025060630558,8
1000000000000.0,0.0,20201103,2599,0.7003503098895176,9,1.1216714712380718,True,,2599,0.7003503098895176,9
1000000000000.0,0.0,20201104,3482,0.938291565615737,1286,-2.1740818781923643,True,,3482,0.938291565615737,1286
1000000000000.0,0.0,20201105,5,0.0013473457289140394,0,3.795552608855645,False,,5,0.0013473457289140394,0
1000000000000.0,0.0,20201106,3328,0.8967933171651846,638,-2.866978667354557,True,,3328,0.8967933171651846,638
1000000000000.0,0.0,20201107,2563,0.6906494206413366,3,0.08481091669362151,True,,2563,0.6906494206413366,3
1000000000000.0,0.0,20201108,2147,0.5785502559956885,0,2.164500002147321,False,,2147,0.5785502559956885,0
1000000000000.0,0.0,20201109,3146,0.8477499326327136,347,-1.2637915868108882,True,,3146,0.8477499326327136,347
1000000000000.0,0.0,20201110,2434,0.6558879008353543,0,-0.09488232965181531,True,,2434,0.6558879008353543,0
1000000000000.0,0.0,20201111,2269,0.6114254917811911,0,-1.5583965178456571,True,,2269,0.6114254917811911,0
1000000000000.0,0.0,20201112,3382,0.9113446510374562,975,-3.448465653875955,True,,3382,0.9113446510374562,975
1000000000000.0,0.0,20201113,2520,0.6790622473726758,11,4.550503313366736,False,,2520,0.6790622473726758,11
1000000000000.0,0.0,20201114,3358,0.9048773915386689,899,-2.55810661719788,True,,3358,0.9048773915386689,899
1000000000000.0,0.0,20201115,1778,0.4791161412018324,1,1.6142806887967085,True,,1778,0.4791161412018324,1
1000000000000.0,0.0,20201116,3166,0.8531393155483697,349,-8.00663297692374,True,,3166,0.8531393155483697,349
1000000000000.0,0.0,20201117,2525,0.6804095931015899,0,-0.45093917024199737,True,,2525,0.6804095931015899,0
1000000000000.0,0.0,20201118,2845,0.7666397197520883,90,-0.15884112234836678,True,,2845,0.7666397197520883,90
1000000000000.0,0.0,20201119,412,0.11102128806251685,0,-2.7854352825157953,True,,412,0.11102128806251685,0
1000000000000.0,0.0,20201120,1619,0.43627054702236595,1,-0.23055591009211973,True,,1619,0.43627054702236595,1
1000000000000.0,0.0,20201121,3195,0.8609539207760711,408,-2.196239844658593,True,,3195,0.8609539207760711,408
1000000000000.0,0.0,20201122,3260,0.8784694152519537,755,-3.602907551193476,True,,3260,0.8784694152519537,755
1000000000000.0,0.0,20201123,0,0.0,0,,False,,0,0.0,0
1000000000000.0,0.0,20201124,3256,0.8773915386688225,603,-5.521133462237795,True,,3256,0.8773915386688225,603
1000000000000.0,0.0,20201125,1726,0.4651037456211264,1,-1.9653921634585503,True,,1726,0.4651037456211264,1
1000000000000.0,0.0,20201126,2466,0.6645109135004043,1,-11.151783010920504,True,,2466,0.6645109135004043,1
1000000000000.0,0.0,20201127,3482,0.938291565615737,1477,-5.1390682102255685,True,,3482,0.938291565615737,1477
1000000000000.0,0.0,20201128,2512,0.6769064942064134,0,2.936891977143567,False,,2512,0.6769064942064134,0
1000000000000.0,0.0,20201129,3177,0.8561034761519806,357,-4.905070417111616,True,,3177,0.8561034761519806,357
1000000000000.0,0.0,20201130,2947,0.7941255726219348,128,1.1217715841697737,True,,2947,0.7941255726219348,128
1000000000000.0,0.0,20201131,1337,0.3602802479116141,0,,False,,1337,0.3602802479116141,0
1000000000000.0,0.0,20201132,2632,0.7092427917003503,2,0.9983892216929551,True,,2632,0.7092427917003503,2
1000000000000.0,0.0,20201133,2826,0.761519805982215,86,1.078620474484405,True,,2826,0.761519805982215,86
1000000000000.0,0.0,20201134,3439,0.9267043923470762,1058,-5.318023544483992,True,,3439,0.9267043923470762,1058
1000000000000.0,0.0,20201135,3407,0.9180813796820264,1150,-6.072031260030239,True,,3407,0.9180813796820264,1150
1000000000000.0,0.0,20201136,75,0.02021018593371059,1,-6.845142363584664,True,,75,0.02021018593371059,1
1000000000000.0,0.0,20201137,3205,0.8636486122338992,380,-1.2575176513503221,True,,3205,0.8636486122338992,380
1000000000000.0,0.0,20201138,35,0.009431420102398275,0,-0.6917026220510101,True,,35,0.009431420102398275,0
1000000000000.0,0.0,20201139,2638,0.7108596065750472,17,3.8143066723209937,False,,2638,0.7108596065750472,17
1000000000000.0,0.0,20201140,2805,0.7558609539207761,32,0.4789352317007136,True,,2805,0.7558609539207761,32
1000000000000.0,0.0,20201141,3458,0.9318243061169497,1331,-3.197204073666314,True,,3458,0.9318243061169497,1331
1000000000000.0,0.0,20201142,324,0.08730800323362975,0,,False,,324,0.08730800323362975,0
1000000000000.0,0.0,20201143,2300,0.6197790353004581,0,-0.9677562584514501,True,,2300,0.6197790353004581,0
1000000000000.0,0.0,20201144,3367,0.9073026138507141,1007,-3.157942320398466,True,,3367,0.9073026138507141,1007
1000000000000.0,0.0,20201145,3126,0.8423605497170574,302,0.9809773951035687,True,,3126,0.8423605497170574,302
1000000000000.0,0.0,20201146,1,0.00026946914578280785,0,0.840127081285952,True,,1,0.00026946914578280785,0
1000000000000.0,0.0,20201147,2546,0.6860684451630288,17,0.20255924163765648,True,,2546,0.6860684451630288,17
1000000000000.0,0.0,20201148,355,0.09566154675289679,0,-0.46522359678036995,True,,355,0.09566154675289679,0
1000000000000.0,0.0,20201149,2283,0.6151980598221504,10,-0.35840134144819125,True,,2283,0.6151980598221504,10
1000000000000.0,0.0,20201150,3162,0.8520614389652384,366,-2.995525716289565,True,,3162,0.8520614389652384,366
1000000000000.0,0.0,20201151,141,0.03799514955537591,0,5.967769279680883,False,,141,0.03799514955537591,0
1000000000000.0,0.0,20201152,452,0.12180005389382915,1,-0.6825965009752544,True,,452,0.12180005389382915,1
1000000000000.0,0.0,20201153,111,0.029911075181891674,0,1.6612092351655905,True,,111,0.029911075181891674,0
1000000000000.0,0.0,20201154,1874,0.5049851791969819,1,4.7555342842320005,False,,1874,0.5049851791969819,1
1000000000000.0,0.0,20201155,2333,0.6286715171112908,1,3.0652174844980804,False,,2333,0.6286715171112908,1
1000000000000.0,0.0,20201156,167,0.045001347345728915,0,4.1456464344217405,False,,167,0.045001347345728915,0
1000000000000.0,0.0,20201157,3352,0.903260576663972,808,-2.8937948601559853,True,,3352,0.903260576663972,808
1000000000000.0,0.0,20201158,347,0.09350579358663433,0,-0.8268452964270443,True,,347,0.09350579358663433,0
1000000000000.0,0.0,20201159,3365,0.9067636755591485,634,-1.6449949853446801,True,,3365,0.9067636755591485,634
1000000000000.0,0.0,20201160,0,0.0,0,,False,,0,0.0,0
1000000000000.0,0.0,20201161,2395,0.6453786041498248,17,-0.15937090177091395,True,,2395,0.6453786041498248,17
1000000000000.0,0.0,20201162,194,0.05227701428186473,0,,False,,194,0.05227701428186473,0
1000000000000.0,0.0,20201163,3223,0.8684990568579898,360,-1.1405329197387521,True,,3223,0.8684990568579898,360
1000000000000.0,0.0,20201164,3108,0.8375101050929669,321,0.6332227366830683,True,,3108,0.8375101050929669,321
1000000000000.0,0.0,20201165,2940,0.7922392886014551,110,-2.7661254048856314,True,,2940,0.7922392886014551,110
1000000000000.0,0.0,20201166,16,0.004311506332524926,0,,False,,16,0.004311506332524926,0
1000000000000.0,0.0,20201167,667,0.17973592023713283,0,3.2827760298292645,False,,667,0.17973592023713283,0
1000000000000.0,0.0,20201168,2425,0.6534626785233091,0,5.49050531270839,False,,2425,0.6534626785233091,0
1000000000000.0,0.0,20201169,101,0.027216383724063594,0,,False,,101,0.027216383724063594,0
1000000000000.0,0.0,20201170,3405,0.9175424413904608,1142,-2.4839250101088233,True,,3405,0.9175424413904608,1142
1000000000000.0,0.0,20201171,2796,0.7534357316087308,54,3.426796511857102,False,,2796,0.7534357316087308,54
1000000000000.0,0.0,20201172,2992,0.8062516841821611,90,-0.0958876835792708,True,,2992,0.8062516841821611,90
1000000000000.0,0.0,20201173,2838,0.7647534357316087,56,-12.616659136917512,True,,2838,0.7647534357316087,56
1000000000000.0,0.0,20201174,759,0.20452708164915118,0,5.909826326887934,False,,759,0.20452708164915118,0
1000000000000.0,0.0,20201175,2088,0.5626515763945028,0,-0.44612193620621454,True,,2088,0.5626515763945028,0
1000000000000.0,0.0,20201176,2212,0.596065750471571,0,2.0943204086148324,False,,2212,0.596065750471571,0
1000000000000.0,0.0,20201177,3354,0.9037995149555376,800,-2.42227374058956,True,,3354,0.9037995149555376,800
1000000000000.0,0.0,20201178,2626,0.7076259768256534,22,-0.08633635169678922,True,,2626,0.7076259768256534,22
1000000000000.0,0.0,20201179,2143,0.5774723794125572,0,3.829948487988003,False,,2143,0.5774723794125572,0
1000000000000.0,0.0,20201180,3095,0.8340070061977903,172,0.9058616405436308,True,,3095,0.8340070061977903,172
1000000000000.0,0.0,20201181,3345,0.9013742926434923,843,-2.470590452756083,True,,3345,0.9013742926434923,843
1000000000000.0,0.0,20201182,3490,0.9404473187819995,1245,-4.059682872321844,True,,3490,0.9404473187819995,1245
1000000000000.0,0.0,20201183,3315,0.8932902182700081,630,2.3997690540078267,False,,3315,0.8932902182700081,630
1000000000000.0,0.0,20201184,3013,0.8119105362436001,103,-4.815760901349639,True,,3013,0.8119105362436001,103
1000000000000.0,0.0,20201185,2621,0.7062786310967394,1,4.063315789638989,False,,2621,0.7062786310967394,1
1000000000000.0,0.0,20201186,3451,0.9299380220964699,1263,-2.391323405499818,True,,3451,0.9299380220964699,1263
1000000000000.0,0.0,20201187,2523,0.6798706548100243,20,1.4444811852094634,True,,2523,0.6798706548100243,20
1000000000000.0,0.0,20201188,2757,0.7429264349232013,39,2.919676020160641,False,,2757,0.7429264349232013,39
1000000000000.0,0.0,20201189,3341,0.900296416060361,842,-2.1983608495301556,True,,3341,0.900296416060361,842
1000000000000.0,0.0,20201190,2288,0.6165454055510644,0,4.651625836348318,False,,2288,0.6165454055510644,0
1000000000000.0,0.0,20201191,2632,0.7092427917003503,15,-2.8829607965245554,True,,2632,0.7092427917003503,15
1000000000000.0,0.0,20201192,3186,0.8585286984640259,278,1.9307408134314588,True,,3186,0.8585286984640259,278
1000000000000.0,0.0,20201193,1592,0.4289948800862301,0,3.713445264193643,False,,1592,0.4289948800862301,0
1000000000000.0,0.0,20201194,1419,0.38237671786580435,0,-0.6510400494404052,True,,1419,0.38237671786580435,0
1000000000000.0,0.0,20201195,1082,0.29156561573699813,1,3.3696981002776023,False,,1082,0.29156561573699813,1
1000000000000.0,0.0,20201196,13,0.0035030988951765024,1,5.2213529808677945,False,,13,0.0035030988951765024,1
1000000000000.0,0.0,20201197,38,0.010239827539746699,0,5.172456988053119,False,,38,0.010239827539746699,0
1000000000000.0,0.0,20201198,482,0.12988412826731338,0,6.163334434039694,False,,482,0.12988412826731338,0
1000000000000.0,0.0,20201199,2945,0.7935866343303691,84,3.7599536718973496,False,,2945,0.7935866343303691,84
1000000000000.0,0.0,20201200,3438,0.9264349232012935,1170,-2.382016021012335,True,,3438,0.9264349232012935,1170
