{
  "type": "FeatureCollection",
  "features": [
    {
      "type": "Feature",
      "properties": {
        "kind": "hull_outline",
        "platform_id": "messy_cruise_500"
      },
      "geometry": {
        "type": "Polygon",
        "coordinates": [
          [
            [
              7.24,
              32.0
            ],
            [
              28.96,
              11.52
            ],
            [
              79.64,
              3.84
            ],
            [
              199.10000000000002,
              2.56
            ],
            [
              296.84,
              5.12
            ],
            [
              347.52,
              14.08
            ],
            [
              358.38,
              32.0
            ],
            [
              347.52,
              49.92
            ],
            [
              296.84,
              58.88
            ],
            [
              199.10000000000002,
              61.44
            ],
            [
              79.64,
              60.16
            ],
            [
              28.96,
              52.48
            ],
            [
              7.24,
              32.0
            ]
          ]
        ]
      }
    },
    {
      "type": "Feature",
      "properties": {
        "kind": "hull_waterline",
        "platform_id": "messy_cruise_500"
      },
      "geometry": {
        "type": "Polygon",
        "coordinates": [
          [
            [
              21.792399999999986,
              32.0
            ],
            [
              41.7748,
              13.1584
            ],
            [
              88.40039999999999,
              6.0928
            ],
            [
              198.30360000000002,
              4.915199999999999
            ],
            [
              288.22439999999995,
              7.270399999999999
            ],
            [
              334.85,
              15.513599999999997
            ],
            [
              344.8412,
              32.0
            ],
            [
              334.85,
              48.4864
            ],
            [
              288.22439999999995,
              56.729600000000005
            ],
            [
              198.30360000000002,
              59.0848
            ],
            [
              88.40039999999999,
              57.9072
            ],
            [
              41.7748,
              50.8416
            ],
            [
              21.792399999999986,
              32.0
            ]
          ]
        ]
      }
    },
    {
      "type": "Feature",
      "properties": {
        "kind": "compartment",
        "zone_id": "Bridge",
        "deck": "16_Bridge",
        "room_type": "Free"
      },
      "geometry": {
        "type": "Polygon",
        "coordinates": [
          [
            [
              178.31636458219825,
              56.61410028265398
            ],
            [
              183.68363541780175,
              56.61410028265398
            ],
            [
              185.08853335561787,
              58.01899822047011
            ],
            [
              185.08853335561787,
              61.59510206218387
            ],
            [
              183.68363541780175,
              63.0
            ],
            [
              178.31636458219825,
              63.0
            ],
            [
              176.91146664438213,
              61.59510206218387
            ],
            [
              176.91146664438213,
              58.01899822047011
            ],
            [
              178.31636458219825,
              56.61410028265398
            ]
          ]
        ]
      }
    },
    {
      "type": "Feature",
      "properties": {
        "kind": "compartment",
        "zone_id": "HD_16B_M",
        "deck": "16_Bridge",
        "room_type": "Sanitary"
      },
      "geometry": {
        "type": "Polygon",
        "coordinates": [
          [
            [
              179.6216,
              2.1999999999999997
            ],
            [
              182.3784,
              2.1999999999999997
            ],
            [
              183.1,
              2.9215999999999998
            ],
            [
              183.1,
              4.7584
            ],
            [
              182.3784,
              5.48
            ],
            [
              179.6216,
              5.48
            ],
            [
              178.9,
              4.7584
            ],
            [
              178.9,
              2.9215999999999998
            ],
            [
              179.6216,
              2.1999999999999997
            ]
          ]
        ]
      }
    },
    {
      "type": "Feature",
      "properties": {
        "kind": "compartment",
        "zone_id": "Solarium",
        "deck": "16_Solarium",
        "room_type": "Free"
      },
      "geometry": {
        "type": "Polygon",
        "coordinates": [
          [
            [
              172.51359967024888,
              42.80601198376111
            ],
            [
              189.48640032975112,
              42.80601198376111
            ],
            [
              193.92907769332368,
              47.24868934733366
            ],
            [
              193.92907769332368,
              58.55732263642745
            ],
            [
              189.48640032975112,
              63.0
            ],
            [
              172.51359967024888,
              63.0
            ],
            [
              168.07092230667632,
              58.55732263642745
            ],
            [
              168.07092230667632,
              47.24868934733366
            ],
            [
              172.51359967024888,
              42.80601198376111
            ]
          ]
        ]
      }
    },
    {
      "type": "Feature",
      "properties": {
        "kind": "compartment",
        "zone_id": "HD_16S_M",
        "deck": "16_Solarium",
        "room_type": "Sanitary"
      },
      "geometry": {
        "type": "Polygon",
        "coordinates": [
          [
            [
              177.59430656,
              2.328576
            ],
            [
              180.13497344,
              2.328576
            ],
            [
              180.8,
              2.9936025600000002
            ],
            [
              180.8,
              4.68639744
            ],
            [
              180.13497344,
              5.351424
            ],
            [
              177.59430656,
              5.351424
            ],
            [
              176.92928,
              4.68639744
            ],
            [
              176.92928,
              2.9936025600000002
            ],
            [
              177.59430656,
              2.328576
            ]
          ]
        ]
      }
    },
    {
      "type": "Feature",
      "properties": {
        "kind": "compartment",
        "zone_id": "HD_16S_F",
        "deck": "16_Solarium",
        "room_type": "Sanitary"
      },
      "geometry": {
        "type": "Polygon",
        "coordinates": [
          [
            [
              181.86502656,
              2.328576
            ],
            [
              184.40569344,
              2.328576
            ],
            [
              185.07072,
              2.9936025600000002
            ],
            [
              185.07072,
              4.68639744
            ],
            [
              184.40569344,
              5.351424
            ],
            [
              181.86502656,
              5.351424
            ],
            [
              181.2,
              4.68639744
            ],
            [
              181.2,
              2.9936025600000002
            ],
            [
              181.86502656,
              2.328576
            ]
          ]
        ]
      }
    },
    {
      "type": "Feature",
      "properties": {
        "kind": "compartment",
        "zone_id": "Main_Pool_Deck",
        "deck": "15_Pool",
        "room_type": "Free"
      },
      "geometry": {
        "type": "Polygon",
        "coordinates": [
          [
            [
              329.6509501525804,
              33.439028432746
            ],
            [
              354.49658625520414,
              33.439028432746
            ],
            [
              361.0,
              39.942442177541864
            ],
            [
              361.0,
              56.496586255204136
            ],
            [
              354.49658625520414,
              63.0
            ],
            [
              329.6509501525804,
              63.0
            ],
            [
              323.1475364077845,
              56.496586255204136
            ],
            [
              323.1475364077845,
              39.942442177541864
            ],
            [
              329.6509501525804,
              33.439028432746
            ]
          ]
        ]
      }
    },
    {
      "type": "Feature",
      "properties": {
        "kind": "compartment",
        "zone_id": "Sports_Court",
        "deck": "15_Pool",
        "room_type": "Free"
      },
      "geometry": {
        "type": "Polygon",
        "coordinates": [
          [
            [
              123.09357764226183,
              49.7799316189363
            ],
            [
              134.2048838961997,
              49.7799316189363
            ],
            [
              137.11329894003376,
              52.68834666277032
            ],
            [
              137.11329894003376,
              60.09158495616598
            ],
            [
              134.2048838961997,
              63.0
            ],
            [
              123.09357764226183,
              63.0
            ],
            [
              120.1851625984278,
              60.09158495616598
            ],
            [
              120.1851625984278,
              52.68834666277032
            ],
            [
              123.09357764226183,
              49.7799316189363
            ]
          ]
        ]
      }
    },
    {
      "type": "Feature",
      "properties": {
        "kind": "compartment",
        "zone_id": "Waterpark",
        "deck": "15_Pool",
        "room_type": "Free"
      },
      "geometry": {
        "type": "Polygon",
        "coordinates": [
          [
            [
              5.113119999999996,
              44.304
            ],
            [
              20.826880000000003,
              44.304
            ],
            [
              24.939999999999998,
              48.41712
            ],
            [
              24.939999999999998,
              58.886880000000005
            ],
            [
              20.826880000000003,
              63.0
            ],
            [
              5.113119999999996,
              63.0
            ],
            [
              0.9999999999999964,
              58.886880000000005
            ],
            [
              0.9999999999999964,
              48.41712
            ],
            [
              5.113119999999996,
              44.304
            ]
          ]
        ]
      }
    },
    {
      "type": "Feature",
      "properties": {
        "kind": "compartment",
        "zone_id": "Pool_Bar_Grill",
        "deck": "15_Pool",
        "room_type": "Dining"
      },
      "geometry": {
        "type": "Polygon",
        "coordinates": [
          [
            [
              238.8828579442012,
              50.48789769862793
            ],
            [
              253.99406513272186,
              50.48789769862793
            ],
            [
              256.74672763902373,
              53.24056020492979
            ],
            [
              256.74672763902373,
              60.24733749369814
            ],
            [
              253.99406513272186,
              63.0
            ],
            [
              238.8828579442012,
              63.0
            ],
            [
              236.13019543789932,
              60.24733749369814
            ],
            [
              236.13019543789932,
              53.24056020492979
            ],
            [
              238.8828579442012,
              50.48789769862793
            ]
          ]
        ]
      }
    },
    {
      "type": "Feature",
      "properties": {
        "kind": "compartment",
        "zone_id": "HD_15P_M_1",
        "deck": "15_Pool",
        "room_type": "Sanitary"
      },
      "geometry": {
        "type": "Polygon",
        "coordinates": [
          [
            [
              175.52033524760915,
              2.59
            ],
            [
              177.489478104752,
              2.59
            ],
            [
              178.00490667618058,
              3.14
            ],
            [
              178.00490667618058,
              4.54
            ],
            [
              177.489478104752,
              5.09
            ],
            [
              175.52033524760915,
              5.09
            ],
            [
              175.00490667618058,
              4.54
            ],
            [
              175.00490667618058,
              3.14
            ],
            [
              175.52033524760915,
              2.59
            ]
          ]
        ]
      }
    },
    {
      "type": "Feature",
      "properties": {
        "kind": "compartment",
        "zone_id": "HD_15P_M_2",
        "deck": "15_Pool",
        "room_type": "Sanitary"
      },
      "geometry": {
        "type": "Polygon",
        "coordinates": [
          [
            [
              191.07317847324805,
              2.59
            ],
            [
              193.06190526459068,
              2.59
            ],
            [
              193.5824599847854,
              3.14
            ],
            [
              193.5824599847854,
              4.54
            ],
            [
              193.06190526459068,
              5.09
            ],
            [
              191.07317847324805,
              5.09
            ],
            [
              190.55262375305333,
              4.54
            ],
            [
              190.55262375305333,
              3.14
            ],
            [
              191.07317847324805,
              2.59
            ]
          ]
        ]
      }
    },
    {
      "type": "Feature",
      "properties": {
        "kind": "compartment",
        "zone_id": "HD_15P_F_1",
        "deck": "15_Pool",
        "room_type": "Sanitary"
      },
      "geometry": {
        "type": "Polygon",
        "coordinates": [
          [
            [
              181.58020105053814,
              2.59
            ],
            [
              183.549343907681,
              2.59
            ],
            [
              184.06477247910956,
              3.14
            ],
            [
              184.06477247910956,
              4.54
            ],
            [
              183.549343907681,
              5.09
            ],
            [
              181.58020105053814,
              5.09
            ],
            [
              181.06477247910956,
              4.54
            ],
            [
              181.06477247910956,
              3.14
            ],
            [
              181.58020105053814,
              2.59
            ]
          ]
        ]
      }
    },
    {
      "type": "Feature",
      "properties": {
        "kind": "compartment",
        "zone_id": "HD_15P_F_2",
        "deck": "15_Pool",
        "room_type": "Sanitary"
      },
      "geometry": {
        "type": "Polygon",
        "coordinates": [
          [
            [
              184.9802010505381,
              2.59
            ],
            [
              186.94934390768097,
              2.59
            ],
            [
              187.46477247910954,
              3.14
            ],
            [
              187.46477247910954,
              4.54
            ],
            [
              186.94934390768097,
              5.09
            ],
            [
              184.9802010505381,
              5.09
            ],
            [
              184.46477247910954,
              4.54
            ],
            [
              184.46477247910954,
              3.14
            ],
            [
              184.9802010505381,
              2.59
            ]
          ]
        ]
      }
    },
    {
      "type": "Feature",
      "properties": {
        "kind": "compartment",
        "zone_id": "HD_15P_F_3",
        "deck": "15_Pool",
        "room_type": "Sanitary"
      },
      "geometry": {
        "type": "Polygon",
        "coordinates": [
          [
            [
              178.54327178131996,
              2.59
            ],
            [
              180.51241463846281,
              2.59
            ],
            [
              181.0278432098914,
              3.14
            ],
            [
              181.0278432098914,
              4.54
            ],
            [
              180.51241463846281,
              5.09
            ],
            [
              178.54327178131996,
              5.09
            ],
            [
              178.0278432098914,
              4.54
            ],
            [
              178.0278432098914,
              3.14
            ],
            [
              178.54327178131996,
              2.59
            ]
          ]
        ]
      }
    },
    {
      "type": "Feature",
      "properties": {
        "kind": "compartment",
        "zone_id": "HD_15P_F_4",
        "deck": "15_Pool",
        "room_type": "Sanitary"
      },
      "geometry": {
        "type": "Polygon",
        "coordinates": [
          [
            [
              188.01713031975632,
              2.59
            ],
            [
              189.98627317689918,
              2.59
            ],
            [
              190.50170174832775,
              3.14
            ],
            [
              190.50170174832775,
              4.54
            ],
            [
              189.98627317689918,
              5.09
            ],
            [
              188.01713031975632,
              5.09
            ],
            [
              187.50170174832775,
              4.54
            ],
            [
              187.50170174832775,
              3.14
            ],
            [
              188.01713031975632,
              2.59
            ]
          ]
        ]
      }
    },
    {
      "type": "Feature",
      "properties": {
        "kind": "compartment",
        "zone_id": "Spa_Fitness_Complex",
        "deck": "14_Spa",
        "room_type": "Free"
      },
      "geometry": {
        "type": "Polygon",
        "coordinates": [
          [
            [
              172.51359967024888,
              42.80601198376111
            ],
            [
              189.48640032975112,
              42.80601198376111
            ],
            [
              193.92907769332368,
              47.24868934733366
            ],
            [
              193.92907769332368,
              58.55732263642745
            ],
            [
              189.48640032975112,
              63.0
            ],
            [
              172.51359967024888,
              63.0
            ],
            [
              168.07092230667632,
              58.55732263642745
            ],
            [
              168.07092230667632,
              47.24868934733366
            ],
            [
              172.51359967024888,
              42.80601198376111
            ]
          ]
        ]
      }
    },
    {
      "type": "Feature",
      "properties": {
        "kind": "compartment",
        "zone_id": "HD_14S_M",
        "deck": "14_Spa",
        "room_type": "Sanitary"
      },
      "geometry": {
        "type": "Polygon",
        "coordinates": [
          [
            [
              177.59430656,
              2.328576
            ],
            [
              180.13497344,
              2.328576
            ],
            [
              180.8,
              2.9936025600000002
            ],
            [
              180.8,
              4.68639744
            ],
            [
              180.13497344,
              5.351424
            ],
            [
              177.59430656,
              5.351424
            ],
            [
              176.92928,
              4.68639744
            ],
            [
              176.92928,
              2.9936025600000002
            ],
            [
              177.59430656,
              2.328576
            ]
          ]
        ]
      }
    },
    {
      "type": "Feature",
      "properties": {
        "kind": "compartment",
        "zone_id": "HD_14S_F",
        "deck": "14_Spa",
        "room_type": "Sanitary"
      },
      "geometry": {
        "type": "Polygon",
        "coordinates": [
          [
            [
              181.86502656,
              2.328576
            ],
            [
              184.40569344,
              2.328576
            ],
            [
              185.07072,
              2.9936025600000002
            ],
            [
              185.07072,
              4.68639744
            ],
            [
              184.40569344,
              5.351424
            ],
            [
              181.86502656,
              5.351424
            ],
            [
              181.2,
              4.68639744
            ],
            [
              181.2,
              2.9936025600000002
            ],
            [
              181.86502656,
              2.328576
            ]
          ]
        ]
      }
    },
    {
      "type": "Feature",
      "properties": {
        "kind": "compartment",
        "zone_id": "Kids_Club",
        "deck": "14_Youth",
        "room_type": "Free"
      },
      "geometry": {
        "type": "Polygon",
        "coordinates": [
          [
            [
              345.58434687303094,
              49.7799316189363
            ],
            [
              356.69565312696903,
              49.7799316189363
            ],
            [
              359.604068170803,
              52.68834666277032
            ],
            [
              359.604068170803,
              60.09158495616598
            ],
            [
              356.69565312696903,
              63.0
            ],
            [
              345.58434687303094,
              63.0
            ],
            [
              342.675931829197,
              60.09158495616598
            ],
            [
              342.675931829197,
              52.68834666277032
            ],
            [
              345.58434687303094,
              49.7799316189363
            ]
          ]
        ]
      }
    },
    {
      "type": "Feature",
      "properties": {
        "kind": "compartment",
        "zone_id": "Teen_Zone",
        "deck": "14_Youth",
        "room_type": "Free"
      },
      "geometry": {
        "type": "Polygon",
        "coordinates": [
          [
            [
              6.323828217009412,
              52.20585936723076
            ],
            [
              15.396171782990587,
              52.20585936723076
            ],
            [
              17.770882722199822,
              54.58057030643999
            ],
            [
              17.770882722199822,
              60.62528906079077
            ],
            [
              15.396171782990587,
              63.0
            ],
            [
              6.323828217009412,
              63.0
            ],
            [
              3.949117277800177,
              60.62528906079077
            ],
            [
              3.949117277800177,
              54.58057030643999
            ],
            [
              6.323828217009412,
              52.20585936723076
            ]
          ]
        ]
      }
    },
    {
      "type": "Feature",
      "properties": {
        "kind": "compartment",
        "zone_id": "HD_14Y_M",
        "deck": "14_Youth",
        "room_type": "Sanitary"
      },
      "geometry": {
        "type": "Polygon",
        "coordinates": [
          [
            [
              177.59430656,
              2.328576
            ],
            [
              180.13497344,
              2.328576
            ],
            [
              180.8,
              2.9936025600000002
            ],
            [
              180.8,
              4.68639744
            ],
            [
              180.13497344,
              5.351424
            ],
            [
              177.59430656,
              5.351424
            ],
            [
              176.92928,
              4.68639744
            ],
            [
              176.92928,
              2.9936025600000002
            ],
            [
              177.59430656,
              2.328576
            ]
          ]
        ]
      }
    },
    {
      "type": "Feature",
      "properties": {
        "kind": "compartment",
        "zone_id": "HD_14Y_F",
        "deck": "14_Youth",
        "room_type": "Sanitary"
      },
      "geometry": {
        "type": "Polygon",
        "coordinates": [
          [
            [
              181.86502656,
              2.328576
            ],
            [
              184.40569344,
              2.328576
            ],
            [
              185.07072,
              2.9936025600000002
            ],
            [
              185.07072,
              4.68639744
            ],
            [
              184.40569344,
              5.351424
            ],
            [
              181.86502656,
              5.351424
            ],
            [
              181.2,
              4.68639744
            ],
            [
              181.2,
              2.9936025600000002
            ],
            [
              181.86502656,
              2.328576
            ]
          ]
        ]
      }
    },
    {
      "type": "Feature",
      "properties": {
        "kind": "compartment",
        "zone_id": "Central_Park_Open_Atrium",
        "deck": "8_CentralPark",
        "room_type": "Free"
      },
      "geometry": {
        "type": "Polygon",
        "coordinates": [
          [
            [
              317.81151724969584,
              22.274889770872278
            ],
            [
              352.0404757495918,
              22.274889770872278
            ],
            [
              361.0,
              31.234414021280386
            ],
            [
              361.0,
              54.04047574959189
            ],
            [
              352.0404757495918,
              63.0
            ],
            [
              317.81151724969584,
              63.0
            ],
            [
              308.85199299928763,
              54.04047574959189
            ],
            [
              308.85199299928763,
              31.234414021280386
            ],
            [
              317.81151724969584,
              22.274889770872278
            ]
          ]
        ]
      }
    },
    {
      "type": "Feature",
      "properties": {
        "kind": "compartment",
        "zone_id": "Specialty_Restaurant_Block_A",
        "deck": "8_CentralPark",
        "room_type": "Dining"
      },
      "geometry": {
        "type": "Polygon",
        "coordinates": [
          [
            [
              4.892852649047995,
              45.305215231600016
            ],
            [
              26.263326798883785,
              45.305215231600016
            ],
            [
              30.156179447931784,
              49.19806788064802
            ],
            [
              30.156179447931784,
              59.107147350952
            ],
            [
              26.263326798883785,
              63.0
            ],
            [
              4.892852649047995,
              63.0
            ],
            [
              1.0000000000000018,
              59.107147350952
            ],
            [
              1.0000000000000018,
              49.19806788064802
            ],
            [
              4.892852649047995,
              45.305215231600016
            ]
          ]
        ]
      }
    },
    {
      "type": "Feature",
      "properties": {
        "kind": "compartment",
        "zone_id": "HD_8C_M_1",
        "deck": "8_CentralPark",
        "room_type": "Sanitary"
      },
      "geometry": {
        "type": "Polygon",
        "coordinates": [
          [
            [
              174.54197014148735,
              2.5027887759360006
            ],
            [
              176.78978959423102,
              2.5027887759360006
            ],
            [
              177.37816253281918,
              3.0911617145241603
            ],
            [
              177.37816253281918,
              4.588838285475839
            ],
            [
              176.78978959423102,
              5.177211224063999
            ],
            [
              174.54197014148735,
              5.177211224063999
            ],
            [
              173.9535972028992,
              4.588838285475839
            ],
            [
              173.9535972028992,
              3.0911617145241603
            ],
            [
              174.54197014148735,
              2.5027887759360006
            ]
          ]
        ]
      }
    },
    {
      "type": "Feature",
      "properties": {
        "kind": "compartment",
        "zone_id": "HD_8C_M_2",
        "deck": "8_CentralPark",
        "room_type": "Sanitary"
      },
      "geometry": {
        "type": "Polygon",
        "coordinates": [
          [
            [
              185.21021040576898,
              2.5027887759360006
            ],
            [
              187.45802985851265,
              2.5027887759360006
            ],
            [
              188.0464027971008,
              3.0911617145241603
            ],
            [
              188.0464027971008,
              4.588838285475839
            ],
            [
              187.45802985851265,
              5.177211224063999
            ],
            [
              185.21021040576898,
              5.177211224063999
            ],
            [
              184.62183746718082,
              4.588838285475839
            ],
            [
              184.62183746718082,
              3.0911617145241603
            ],
            [
              185.21021040576898,
              2.5027887759360006
            ]
          ]
        ]
      }
    },
    {
      "type": "Feature",
      "properties": {
        "kind": "compartment",
        "zone_id": "HD_8C_F_1",
        "deck": "8_CentralPark",
        "room_type": "Sanitary"
      },
      "geometry": {
        "type": "Polygon",
        "coordinates": [
          [
            [
              178.1861650921486,
              2.59
            ],
            [
              180.25775549979716,
              2.59
            ],
            [
              180.8,
              3.14
            ],
            [
              180.8,
              4.54
            ],
            [
              180.25775549979716,
              5.09
            ],
            [
              178.1861650921486,
              5.09
            ],
            [
              177.64392059194574,
              4.54
            ],
            [
              177.64392059194574,
              3.14
            ],
            [
              178.1861650921486,
              2.59
            ]
          ]
        ]
      }
    },
    {
      "type": "Feature",
      "properties": {
        "kind": "compartment",
        "zone_id": "HD_8C_F_2",
        "deck": "8_CentralPark",
        "room_type": "Sanitary"
      },
      "geometry": {
        "type": "Polygon",
        "coordinates": [
          [
            [
              181.74224450020284,
              2.59
            ],
            [
              183.8138349078514,
              2.59
            ],
            [
              184.35607940805426,
              3.14
            ],
            [
              184.35607940805426,
              4.54
            ],
            [
              183.8138349078514,
              5.09
            ],
            [
              181.74224450020284,
              5.09
            ],
            [
              181.2,
              4.54
            ],
            [
              181.2,
              3.14
            ],
            [
              181.74224450020284,
              2.59
            ]
          ]
        ]
      }
    },
    {
      "type": "Feature",
      "properties": {
        "kind": "compartment",
        "zone_id": "Royal_Promenade",
        "deck": "5_Promenade",
        "room_type": "Free"
      },
      "geometry": {
        "type": "Polygon",
        "coordinates": [
          [
            [
              8.759175606676141,
              27.73101996965389
            ],
            [
              38.40232321266948,
              27.73101996965389
            ],
            [
              46.161498819345624,
              35.49019557633003
            ],
            [
              46.161498819345624,
              55.240824393323855
            ],
            [
              38.40232321266948,
              63.0
            ],
            [
              8.759175606676141,
              63.0
            ],
            [
              0.9999999999999964,
              55.240824393323855
            ],
            [
              0.9999999999999964,
              35.49019557633003
            ],
            [
              8.759175606676141,
              27.73101996965389
            ]
          ]
        ]
      }
    },
    {
      "type": "Feature",
      "properties": {
        "kind": "compartment",
        "zone_id": "Shopping_Retail_Block",
        "deck": "5_Promenade",
        "room_type": "Free"
      },
      "geometry": {
        "type": "Polygon",
        "coordinates": [
          [
            [
              194.9120390052757,
              38.267516744168205
            ],
            [
              215.69938956615283,
              38.267516744168205
            ],
            [
              221.14053588243584,
              43.708663060451194
            ],
            [
              221.14053588243584,
              57.55885368371701
            ],
            [
              215.69938956615283,
              63.0
            ],
            [
              194.9120390052757,
              63.0
            ],
            [
              189.47089268899268,
              57.55885368371701
            ],
            [
              189.47089268899268,
              43.708663060451194
            ],
            [
              194.9120390052757,
              38.267516744168205
            ]
          ]
        ]
      }
    },
    {
      "type": "Feature",
      "properties": {
        "kind": "compartment",
        "zone_id": "Cafe_Bakery_Block",
        "deck": "5_Promenade",
        "room_type": "Dining"
      },
      "geometry": {
        "type": "Polygon",
        "coordinates": [
          [
            [
              343.97212506343476,
              51.12997752318893
            ],
            [
              358.3078749365652,
              51.12997752318893
            ],
            [
              360.91927988146364,
              53.74138246808736
            ],
            [
              360.91927988146364,
              60.38859505510157
            ],
            [
              358.3078749365652,
              63.0
            ],
            [
              343.97212506343476,
              63.0
            ],
            [
              341.36072011853634,
              60.38859505510157
            ],
            [
              341.36072011853634,
              53.74138246808736
            ],
            [
              343.97212506343476,
              51.12997752318893
            ]
          ]
        ]
      }
    },
    {
      "type": "Feature",
      "properties": {
        "kind": "compartment",
        "zone_id": "HD_5P_M_1",
        "deck": "5_Promenade",
        "room_type": "Sanitary"
      },
      "geometry": {
        "type": "Polygon",
        "coordinates": [
          [
            [
              181.676190452821,
              2.59
            ],
            [
              183.74778086046956,
              2.59
            ],
            [
              184.29002536067242,
              3.14
            ],
            [
              184.29002536067242,
              4.54
            ],
            [
              183.74778086046956,
              5.09
            ],
            [
              181.676190452821,
              5.09
            ],
            [
              181.13394595261815,
              4.54
            ],
            [
              181.13394595261815,
              3.14
            ],
            [
              181.676190452821,
              2.59
            ]
          ]
        ]
      }
    },
    {
      "type": "Feature",
      "properties": {
        "kind": "compartment",
        "zone_id": "HD_5P_M_2",
        "deck": "5_Promenade",
        "room_type": "Sanitary"
      },
      "geometry": {
        "type": "Polygon",
        "coordinates": [
          [
            [
              194.57995945370462,
              2.5562772248985604
            ],
            [
              196.73786612833854,
              2.5562772248985604
            ],
            [
              197.30270414938317,
              3.121115245943194
            ],
            [
              197.30270414938317,
              4.558884754056806
            ],
            [
              196.73786612833854,
              5.12372277510144
            ],
            [
              194.57995945370462,
              5.12372277510144
            ],
            [
              194.01512143265998,
              4.558884754056806
            ],
            [
              194.01512143265998,
              3.121115245943194
            ],
            [
              194.57995945370462,
              2.5562772248985604
            ]
          ]
        ]
      }
    },
    {
      "type": "Feature",
      "properties": {
        "kind": "compartment",
        "zone_id": "HD_5P_F_1",
        "deck": "5_Promenade",
        "room_type": "Sanitary"
      },
      "geometry": {
        "type": "Polygon",
        "coordinates": [
          [
            [
              184.81972147809395,
              2.59
            ],
            [
              186.7888643352368,
              2.59
            ],
            [
              187.30429290666538,
              3.14
            ],
            [
              187.30429290666538,
              4.54
            ],
            [
              186.7888643352368,
              5.09
            ],
            [
              184.81972147809395,
              5.09
            ],
            [
              184.30429290666538,
              4.54
            ],
            [
              184.30429290666538,
              3.14
            ],
            [
              184.81972147809395,
              2.59
            ]
          ]
        ]
      }
    },
    {
      "type": "Feature",
      "properties": {
        "kind": "compartment",
        "zone_id": "HD_5P_F_2",
        "deck": "5_Promenade",
        "room_type": "Sanitary"
      },
      "geometry": {
        "type": "Polygon",
        "coordinates": [
          [
            [
              191.38259479902428,
              2.59
            ],
            [
              193.35173765616713,
              2.59
            ],
            [
              193.8671662275957,
              3.14
            ],
            [
              193.8671662275957,
              4.54
            ],
            [
              193.35173765616713,
              5.09
            ],
            [
              191.38259479902428,
              5.09
            ],
            [
              190.8671662275957,
              4.54
            ],
            [
              190.8671662275957,
              3.14
            ],
            [
              191.38259479902428,
              2.59
            ]
          ]
        ]
      }
    },
    {
      "type": "Feature",
      "properties": {
        "kind": "compartment",
        "zone_id": "HD_5P_F_3",
        "deck": "5_Promenade",
        "room_type": "Sanitary"
      },
      "geometry": {
        "type": "Polygon",
        "coordinates": [
          [
            [
              187.9825947990243,
              2.59
            ],
            [
              189.95173765616715,
              2.59
            ],
            [
              190.46716622759573,
              3.14
            ],
            [
              190.46716622759573,
              4.54
            ],
            [
              189.95173765616715,
              5.09
            ],
            [
              187.9825947990243,
              5.09
            ],
            [
              187.46716622759573,
              4.54
            ],
            [
              187.46716622759573,
              3.14
            ],
            [
              187.9825947990243,
              2.59
            ]
          ]
        ]
      }
    },
    {
      "type": "Feature",
      "properties": {
        "kind": "compartment",
        "zone_id": "Casino",
        "deck": "4_Entertainment",
        "room_type": "Free"
      },
      "geometry": {
        "type": "Polygon",
        "coordinates": [
          [
            [
              5.96706429352389,
              26.343217514718418
            ],
            [
              24.943232315124035,
              26.343217514718418
            ],
            [
              29.91029660864793,
              31.310281808242305
            ],
            [
              29.91029660864793,
              43.95371819175767
            ],
            [
              24.943232315124035,
              48.92078248528156
            ],
            [
              5.96706429352389,
              48.92078248528156
            ],
            [
              0.9999999999999982,
              43.95371819175767
            ],
            [
              0.9999999999999982,
              31.310281808242305
            ],
            [
              5.96706429352389,
              26.343217514718418
            ]
          ]
        ]
      }
    },
    {
      "type": "Feature",
      "properties": {
        "kind": "compartment",
        "zone_id": "Comedy_Club_Lounge",
        "deck": "4_Entertainment",
        "room_type": "Dining"
      },
      "geometry": {
        "type": "Polygon",
        "coordinates": [
          [
            [
              339.1213172080585,
              47.67586687606767
            ],
            [
              357.62869071273485,
              47.67586687606767
            ],
            [
              361.0,
              51.04717616333277
            ],
            [
              361.0,
              59.6286907127349
            ],
            [
              357.62869071273485,
              63.0
            ],
            [
              339.1213172080585,
              63.0
            ],
            [
              335.75000792079334,
              59.6286907127349
            ],
            [
              335.75000792079334,
              51.04717616333277
            ],
            [
              339.1213172080585,
              47.67586687606767
            ]
          ]
        ]
      }
    },
    {
      "type": "Feature",
      "properties": {
        "kind": "compartment",
        "zone_id": "HD_4E_M",
        "deck": "4_Entertainment",
        "room_type": "Sanitary"
      },
      "geometry": {
        "type": "Polygon",
        "coordinates": [
          [
            [
              177.59430656,
              2.328576
            ],
            [
              180.13497344,
              2.328576
            ],
            [
              180.8,
              2.9936025600000002
            ],
            [
              180.8,
              4.68639744
            ],
            [
              180.13497344,
              5.351424
            ],
            [
              177.59430656,
              5.351424
            ],
            [
              176.92928,
              4.68639744
            ],
            [
              176.92928,
              2.9936025600000002
            ],
            [
              177.59430656,
              2.328576
            ]
          ]
        ]
      }
    },
    {
      "type": "Feature",
      "properties": {
        "kind": "compartment",
        "zone_id": "HD_4E_F",
        "deck": "4_Entertainment",
        "room_type": "Sanitary"
      },
      "geometry": {
        "type": "Polygon",
        "coordinates": [
          [
            [
              181.86502656,
              2.328576
            ],
            [
              184.40569344,
              2.328576
            ],
            [
              185.07072,
              2.9936025600000002
            ],
            [
              185.07072,
              4.68639744
            ],
            [
              184.40569344,
              5.351424
            ],
            [
              181.86502656,
              5.351424
            ],
            [
              181.2,
              4.68639744
            ],
            [
              181.2,
              2.9936025600000002
            ],
            [
              181.86502656,
              2.328576
            ]
          ]
        ]
      }
    },
    {
      "type": "Feature",
      "properties": {
        "kind": "compartment",
        "zone_id": "Library_Card_Room",
        "deck": "6_Public",
        "room_type": "Free"
      },
      "geometry": {
        "type": "Polygon",
        "coordinates": [
          [
            [
              348.45636458219826,
              56.61410028265398
            ],
            [
              353.8236354178017,
              56.61410028265398
            ],
            [
              355.22853335561786,
              58.01899822047011
            ],
            [
              355.22853335561786,
              61.59510206218387
            ],
            [
              353.8236354178017,
              63.0
            ],
            [
              348.45636458219826,
              63.0
            ],
            [
              347.0514666443821,
              61.59510206218387
            ],
            [
              347.0514666443821,
              58.01899822047011
            ],
            [
              348.45636458219826,
              56.61410028265398
            ]
          ]
        ]
      }
    },
    {
      "type": "Feature",
      "properties": {
        "kind": "compartment",
        "zone_id": "Specialty_Restaurant_Block_B",
        "deck": "6_Public",
        "room_type": "Dining"
      },
      "geometry": {
        "type": "Polygon",
        "coordinates": [
          [
            [
              4.641430217483235,
              46.44804446598529
            ],
            [
              24.631678332881904,
              46.44804446598529
            ],
            [
              28.273108550365137,
              50.08947468346853
            ],
            [
              28.273108550365137,
              59.35856978251676
            ],
            [
              24.631678332881904,
              63.0
            ],
            [
              4.641430217483235,
              63.0
            ],
            [
              1.0000000000000018,
              59.35856978251676
            ],
            [
              1.0000000000000018,
              50.08947468346853
            ],
            [
              4.641430217483235,
              46.44804446598529
            ]
          ]
        ]
      }
    },
    {
      "type": "Feature",
      "properties": {
        "kind": "compartment",
        "zone_id": "HD_6P_M",
        "deck": "6_Public",
        "room_type": "Sanitary"
      },
      "geometry": {
        "type": "Polygon",
        "coordinates": [
          [
            [
              177.59430656,
              2.328576
            ],
            [
              180.13497344,
              2.328576
            ],
            [
              180.8,
              2.9936025600000002
            ],
            [
              180.8,
              4.68639744
            ],
            [
              180.13497344,
              5.351424
            ],
            [
              177.59430656,
              5.351424
            ],
            [
              176.92928,
              4.68639744
            ],
            [
              176.92928,
              2.9936025600000002
            ],
            [
              177.59430656,
              2.328576
            ]
          ]
        ]
      }
    },
    {
      "type": "Feature",
      "properties": {
        "kind": "compartment",
        "zone_id": "HD_6P_F",
        "deck": "6_Public",
        "room_type": "Sanitary"
      },
      "geometry": {
        "type": "Polygon",
        "coordinates": [
          [
            [
              181.86502656,
              2.328576
            ],
            [
              184.40569344,
              2.328576
            ],
            [
              185.07072,
              2.9936025600000002
            ],
            [
              185.07072,
              4.68639744
            ],
            [
              184.40569344,
              5.351424
            ],
            [
              181.86502656,
              5.351424
            ],
            [
              181.2,
              4.68639744
            ],
            [
              181.2,
              2.9936025600000002
            ],
            [
              181.86502656,
              2.328576
            ]
          ]
        ]
      }
    },
    {
      "type": "Feature",
      "properties": {
        "kind": "compartment",
        "zone_id": "Main_Dining_Room_Lower",
        "deck": "3_Dining",
        "room_type": "Dining"
      },
      "geometry": {
        "type": "Polygon",
        "coordinates": [
          [
            [
              160.30812737928247,
              28.734196638631094
            ],
            [
              201.69187262071753,
              28.734196638631094
            ],
            [
              209.2303493602187,
              36.27267337813226
            ],
            [
              209.2303493602187,
              55.46152326049883
            ],
            [
              201.69187262071753,
              63.0
            ],
            [
              160.30812737928247,
              63.0
            ],
            [
              152.7696506397813,
              55.46152326049883
            ],
            [
              152.7696506397813,
              36.27267337813226
            ],
            [
              160.30812737928247,
              28.734196638631094
            ]
          ]
        ]
      }
    },
    {
      "type": "Feature",
      "properties": {
        "kind": "compartment",
        "zone_id": "HD_3D_M",
        "deck": "3_Dining",
        "room_type": "Sanitary"
      },
      "geometry": {
        "type": "Polygon",
        "coordinates": [
          [
            [
              177.59430656,
              2.328576
            ],
            [
              180.13497344,
              2.328576
            ],
            [
              180.8,
              2.9936025600000002
            ],
            [
              180.8,
              4.68639744
            ],
            [
              180.13497344,
              5.351424
            ],
            [
              177.59430656,
              5.351424
            ],
            [
              176.92928,
              4.68639744
            ],
            [
              176.92928,
              2.9936025600000002
            ],
            [
              177.59430656,
              2.328576
            ]
          ]
        ]
      }
    },
    {
      "type": "Feature",
      "properties": {
        "kind": "compartment",
        "zone_id": "HD_3D_F",
        "deck": "3_Dining",
        "room_type": "Sanitary"
      },
      "geometry": {
        "type": "Polygon",
        "coordinates": [
          [
            [
              181.86502656,
              2.328576
            ],
            [
              184.40569344,
              2.328576
            ],
            [
              185.07072,
              2.9936025600000002
            ],
            [
              185.07072,
              4.68639744
            ],
            [
              184.40569344,
              5.351424
            ],
            [
              181.86502656,
              5.351424
            ],
            [
              181.2,
              4.68639744
            ],
            [
              181.2,
              2.9936025600000002
            ],
            [
              181.86502656,
              2.328576
            ]
          ]
        ]
      }
    },
    {
      "type": "Feature",
      "properties": {
        "kind": "compartment",
        "zone_id": "Main_Dining_Room_Upper",
        "deck": "4_Dining",
        "room_type": "Dining"
      },
      "geometry": {
        "type": "Polygon",
        "coordinates": [
          [
            [
              162.49262649532358,
              32.351733752135345
            ],
            [
              199.50737350467642,
              32.351733752135345
            ],
            [
              206.24999207920666,
              39.09435232666557
            ],
            [
              206.24999207920666,
              56.257381425469774
            ],
            [
              199.50737350467642,
              63.0
            ],
            [
              162.49262649532358,
              63.0
            ],
            [
              155.75000792079334,
              56.257381425469774
            ],
            [
              155.75000792079334,
              39.09435232666557
            ],
            [
              162.49262649532358,
              32.351733752135345
            ]
          ]
        ]
      }
    },
    {
      "type": "Feature",
      "properties": {
        "kind": "compartment",
        "zone_id": "HD_4D_M",
        "deck": "4_Dining",
        "room_type": "Sanitary"
      },
      "geometry": {
        "type": "Polygon",
        "coordinates": [
          [
            [
              177.59430656,
              2.328576
            ],
            [
              180.13497344,
              2.328576
            ],
            [
              180.8,
              2.9936025600000002
            ],
            [
              180.8,
              4.68639744
            ],
            [
              180.13497344,
              5.351424
            ],
            [
              177.59430656,
              5.351424
            ],
            [
              176.92928,
              4.68639744
            ],
            [
              176.92928,
              2.9936025600000002
            ],
            [
              177.59430656,
              2.328576
            ]
          ]
        ]
      }
    },
    {
      "type": "Feature",
      "properties": {
        "kind": "compartment",
        "zone_id": "HD_4D_F",
        "deck": "4_Dining",
        "room_type": "Sanitary"
      },
      "geometry": {
        "type": "Polygon",
        "coordinates": [
          [
            [
              181.86502656,
              2.328576
            ],
            [
              184.40569344,
              2.328576
            ],
            [
              185.07072,
              2.9936025600000002
            ],
            [
              185.07072,
              4.68639744
            ],
            [
              184.40569344,
              5.351424
            ],
            [
              181.86502656,
              5.351424
            ],
            [
              181.2,
              4.68639744
            ],
            [
              181.2,
              2.9936025600000002
            ],
            [
              181.86502656,
              2.328576
            ]
          ]
        ]
      }
    },
    {
      "type": "Feature",
      "properties": {
        "kind": "compartment",
        "zone_id": "Windjammer_Buffet",
        "deck": "16_Buffet",
        "room_type": "Dining"
      },
      "geometry": {
        "type": "Polygon",
        "coordinates": [
          [
            [
              160.30812737928247,
              28.734196638631094
            ],
            [
              201.69187262071753,
              28.734196638631094
            ],
            [
              209.2303493602187,
              36.27267337813226
            ],
            [
              209.2303493602187,
              55.46152326049883
            ],
            [
              201.69187262071753,
              63.0
            ],
            [
              160.30812737928247,
              63.0
            ],
            [
              152.7696506397813,
              55.46152326049883
            ],
            [
              152.7696506397813,
              36.27267337813226
            ],
            [
              160.30812737928247,
              28.734196638631094
            ]
          ]
        ]
      }
    },
    {
      "type": "Feature",
      "properties": {
        "kind": "compartment",
        "zone_id": "HD_16BU_M_1",
        "deck": "16_Buffet",
        "room_type": "Sanitary"
      },
      "geometry": {
        "type": "Polygon",
        "coordinates": [
          [
            [
              174.54197014148735,
              2.5027887759360006
            ],
            [
              176.78978959423102,
              2.5027887759360006
            ],
            [
              177.37816253281918,
              3.0911617145241603
            ],
            [
              177.37816253281918,
              4.588838285475839
            ],
            [
              176.78978959423102,
              5.177211224063999
            ],
            [
              174.54197014148735,
              5.177211224063999
            ],
            [
              173.9535972028992,
              4.588838285475839
            ],
            [
              173.9535972028992,
              3.0911617145241603
            ],
            [
              174.54197014148735,
              2.5027887759360006
            ]
          ]
        ]
      }
    },
    {
      "type": "Feature",
      "properties": {
        "kind": "compartment",
        "zone_id": "HD_16BU_M_2",
        "deck": "16_Buffet",
        "room_type": "Sanitary"
      },
      "geometry": {
        "type": "Polygon",
        "coordinates": [
          [
            [
              185.21021040576898,
              2.5027887759360006
            ],
            [
              187.45802985851265,
              2.5027887759360006
            ],
            [
              188.0464027971008,
              3.0911617145241603
            ],
            [
              188.0464027971008,
              4.588838285475839
            ],
            [
              187.45802985851265,
              5.177211224063999
            ],
            [
              185.21021040576898,
              5.177211224063999
            ],
            [
              184.62183746718082,
              4.588838285475839
            ],
            [
              184.62183746718082,
              3.0911617145241603
            ],
            [
              185.21021040576898,
              2.5027887759360006
            ]
          ]
        ]
      }
    },
    {
      "type": "Feature",
      "properties": {
        "kind": "compartment",
        "zone_id": "HD_16BU_F_1",
        "deck": "16_Buffet",
        "room_type": "Sanitary"
      },
      "geometry": {
        "type": "Polygon",
        "coordinates": [
          [
            [
              178.1861650921486,
              2.59
            ],
            [
              180.25775549979716,
              2.59
            ],
            [
              180.8,
              3.14
            ],
            [
              180.8,
              4.54
            ],
            [
              180.25775549979716,
              5.09
            ],
            [
              178.1861650921486,
              5.09
            ],
            [
              177.64392059194574,
              4.54
            ],
            [
              177.64392059194574,
              3.14
            ],
            [
              178.1861650921486,
              2.59
            ]
          ]
        ]
      }
    },
    {
      "type": "Feature",
      "properties": {
        "kind": "compartment",
        "zone_id": "HD_16BU_F_2",
        "deck": "16_Buffet",
        "room_type": "Sanitary"
      },
      "geometry": {
        "type": "Polygon",
        "coordinates": [
          [
            [
              181.74224450020284,
              2.59
            ],
            [
              183.8138349078514,
              2.59
            ],
            [
              184.35607940805426,
              3.14
            ],
            [
              184.35607940805426,
              4.54
            ],
            [
              183.8138349078514,
              5.09
            ],
            [
              181.74224450020284,
              5.09
            ],
            [
              181.2,
              4.54
            ],
            [
              181.2,
              3.14
            ],
            [
              181.74224450020284,
              2.59
            ]
          ]
        ]
      }
    },
    {
      "type": "Feature",
      "properties": {
        "kind": "compartment",
        "zone_id": "Crew_Mess_Main",
        "deck": "2_Crew",
        "room_type": "Dining"
      },
      "geometry": {
        "type": "Polygon",
        "coordinates": [
          [
            [
              4.371309287265113,
              47.67586687606767
            ],
            [
              22.878682791941564,
              47.67586687606767
            ],
            [
              26.249992079206677,
              51.04717616333277
            ],
            [
              26.249992079206677,
              59.6286907127349
            ],
            [
              22.878682791941564,
              63.0
            ],
            [
              4.371309287265113,
              63.0
            ],
            [
              1.0000000000000018,
              59.6286907127349
            ],
            [
              1.0000000000000018,
              51.04717616333277
            ],
            [
              4.371309287265113,
              47.67586687606767
            ]
          ]
        ]
      }
    },
    {
      "type": "Feature",
      "properties": {
        "kind": "compartment",
        "zone_id": "Crew_Quarters_D2",
        "deck": "2_Crew",
        "room_type": "Room"
      },
      "geometry": {
        "type": "Polygon",
        "coordinates": [
          [
            [
              334.86676814781606,
              33.14157405354395
            ],
            [
              354.43114629177967,
              33.14157405354395
            ],
            [
              361.0,
              39.71042776176428
            ],
            [
              361.0,
              56.43114629177967
            ],
            [
              354.43114629177967,
              63.0
            ],
            [
              334.86676814781606,
              63.0
            ],
            [
              328.29791443959573,
              56.43114629177967
            ],
            [
              328.29791443959573,
              39.71042776176428
            ],
            [
              334.86676814781606,
              33.14157405354395
            ]
          ]
        ]
      }
    },
    {
      "type": "Feature",
      "properties": {
        "kind": "compartment",
        "zone_id": "HD_2C_M",
        "deck": "2_Crew",
        "room_type": "Sanitary"
      },
      "geometry": {
        "type": "Polygon",
        "coordinates": [
          [
            [
              7.454306559999999,
              2.328576
            ],
            [
              9.994973439999999,
              2.328576
            ],
            [
              10.659999999999998,
              2.9936025600000002
            ],
            [
              10.659999999999998,
              4.68639744
            ],
            [
              9.994973439999999,
              5.351424
            ],
            [
              7.454306559999999,
              5.351424
            ],
            [
              6.78928,
              4.68639744
            ],
            [
              6.78928,
              2.9936025600000002
            ],
            [
              7.454306559999999,
              2.328576
            ]
          ]
        ]
      }
    },
    {
      "type": "Feature",
      "properties": {
        "kind": "compartment",
        "zone_id": "HD_2C_F",
        "deck": "2_Crew",
        "room_type": "Sanitary"
      },
      "geometry": {
        "type": "Polygon",
        "coordinates": [
          [
            [
              11.72502656,
              2.328576
            ],
            [
              14.26569344,
              2.328576
            ],
            [
              14.930719999999999,
              2.9936025600000002
            ],
            [
              14.930719999999999,
              4.68639744
            ],
            [
              14.26569344,
              5.351424
            ],
            [
              11.72502656,
              5.351424
            ],
            [
              11.06,
              4.68639744
            ],
            [
              11.06,
              2.9936025600000002
            ],
            [
              11.72502656,
              2.328576
            ]
          ]
        ]
      }
    },
    {
      "type": "Feature",
      "properties": {
        "kind": "compartment",
        "zone_id": "Crew_Mess_Forward",
        "deck": "3_Crew",
        "room_type": "Dining"
      },
      "geometry": {
        "type": "Polygon",
        "coordinates": [
          [
            [
              94.81665534644554,
              35.968767442797684
            ],
            [
              107.90334465355448,
              35.968767442797684
            ],
            [
              110.28722031205685,
              38.352643101300025
            ],
            [
              110.28722031205685,
              44.42069023203329
            ],
            [
              107.90334465355448,
              46.80456589053563
            ],
            [
              94.81665534644554,
              46.80456589053563
            ],
            [
              92.43277968794318,
              44.42069023203329
            ],
            [
              92.43277968794318,
              38.352643101300025
            ],
            [
              94.81665534644554,
              35.968767442797684
            ]
          ]
        ]
      }
    },
    {
      "type": "Feature",
      "properties": {
        "kind": "compartment",
        "zone_id": "Crew_Quarters_D3",
        "deck": "3_Crew",
        "room_type": "Room"
      },
      "geometry": {
        "type": "Polygon",
        "coordinates": [
          [
            [
              334.86676814781606,
              33.14157405354395
            ],
            [
              354.43114629177967,
              33.14157405354395
            ],
            [
              361.0,
              39.71042776176428
            ],
            [
              361.0,
              56.43114629177967
            ],
            [
              354.43114629177967,
              63.0
            ],
            [
              334.86676814781606,
              63.0
            ],
            [
              328.29791443959573,
              56.43114629177967
            ],
            [
              328.29791443959573,
              39.71042776176428
            ],
            [
              334.86676814781606,
              33.14157405354395
            ]
          ]
        ]
      }
    },
    {
      "type": "Feature",
      "properties": {
        "kind": "compartment",
        "zone_id": "HD_3C_M",
        "deck": "3_Crew",
        "room_type": "Sanitary"
      },
      "geometry": {
        "type": "Polygon",
        "coordinates": [
          [
            [
              7.454306559999999,
              2.328576
            ],
            [
              9.994973439999999,
              2.328576
            ],
            [
              10.659999999999998,
              2.9936025600000002
            ],
            [
              10.659999999999998,
              4.68639744
            ],
            [
              9.994973439999999,
              5.351424
            ],
            [
              7.454306559999999,
              5.351424
            ],
            [
              6.78928,
              4.68639744
            ],
            [
              6.78928,
              2.9936025600000002
            ],
            [
              7.454306559999999,
              2.328576
            ]
          ]
        ]
      }
    },
    {
      "type": "Feature",
      "properties": {
        "kind": "compartment",
        "zone_id": "HD_3C_F",
        "deck": "3_Crew",
        "room_type": "Sanitary"
      },
      "geometry": {
        "type": "Polygon",
        "coordinates": [
          [
            [
              11.72502656,
              2.328576
            ],
            [
              14.26569344,
              2.328576
            ],
            [
              14.930719999999999,
              2.9936025600000002
            ],
            [
              14.930719999999999,
              4.68639744
            ],
            [
              14.26569344,
              5.351424
            ],
            [
              11.72502656,
              5.351424
            ],
            [
              11.06,
              4.68639744
            ],
            [
              11.06,
              2.9936025600000002
            ],
            [
              11.72502656,
              2.328576
            ]
          ]
        ]
      }
    },
    {
      "type": "Feature",
      "properties": {
        "kind": "compartment",
        "zone_id": "Main_Theater",
        "deck": "4_Theater",
        "room_type": "Free"
      },
      "geometry": {
        "type": "Polygon",
        "coordinates": [
          [
            [
              160.03912931208833,
              13.122130110018677
            ],
            [
              201.96087068791167,
              13.122130110018677
            ],
            [
              212.93400206370757,
              24.095261485814564
            ],
            [
              212.93400206370757,
              52.02686862420411
            ],
            [
              201.96087068791167,
              63.0
            ],
            [
              160.03912931208833,
              63.0
            ],
            [
              149.06599793629243,
              52.02686862420411
            ],
            [
              149.06599793629243,
              24.095261485814564
            ],
            [
              160.03912931208833,
              13.122130110018677
            ]
          ]
        ]
      }
    },
    {
      "type": "Feature",
      "properties": {
        "kind": "compartment",
        "zone_id": "HD_4T_M",
        "deck": "4_Theater",
        "room_type": "Sanitary"
      },
      "geometry": {
        "type": "Polygon",
        "coordinates": [
          [
            [
              175.8651842976,
              2.38903296
            ],
            [
              178.3042245024,
              2.38903296
            ],
            [
              178.94265,
              3.0274584576000003
            ],
            [
              178.94265,
              4.6525415424
            ],
            [
              178.3042245024,
              5.29096704
            ],
            [
              175.8651842976,
              5.29096704
            ],
            [
              175.2267588,
              4.6525415424
            ],
            [
              175.2267588,
              3.0274584576000003
            ],
            [
              175.8651842976,
              2.38903296
            ]
          ]
        ]
      }
    },
    {
      "type": "Feature",
      "properties": {
        "kind": "compartment",
        "zone_id": "HD_4T_F_1",
        "deck": "4_Theater",
        "room_type": "Sanitary"
      },
      "geometry": {
        "type": "Polygon",
        "coordinates": [
          [
            [
              183.7589143856,
              2.38903296
            ],
            [
              186.1979545904,
              2.38903296
            ],
            [
              186.836380088,
              3.0274584576000003
            ],
            [
              186.836380088,
              4.6525415424
            ],
            [
              186.1979545904,
              5.29096704
            ],
            [
              183.7589143856,
              5.29096704
            ],
            [
              183.120488888,
              4.6525415424
            ],
            [
              183.120488888,
              3.0274584576000003
            ],
            [
              183.7589143856,
              2.38903296
            ]
          ]
        ]
      }
    },
    {
      "type": "Feature",
      "properties": {
        "kind": "compartment",
        "zone_id": "HD_4T_F_2",
        "deck": "4_Theater",
        "room_type": "Sanitary"
      },
      "geometry": {
        "type": "Polygon",
        "coordinates": [
          [
            [
              179.766121813696,
              2.4470716416
            ],
            [
              182.107600410304,
              2.4470716416
            ],
            [
              182.720488888,
              3.059960119296
            ],
            [
              182.720488888,
              4.620039880704
            ],
            [
              182.107600410304,
              5.2329283584
            ],
            [
              179.766121813696,
              5.2329283584
            ],
            [
              179.153233336,
              4.620039880704
            ],
            [
              179.153233336,
              3.059960119296
            ],
            [
              179.766121813696,
              2.4470716416
            ]
          ]
        ]
      }
    },
    {
      "type": "Feature",
      "properties": {
        "kind": "compartment",
        "zone_id": "Aqua_Theater",
        "deck": "6_Aqua",
        "room_type": "Free"
      },
      "geometry": {
        "type": "Polygon",
        "coordinates": [
          [
            [
              163.43148222894146,
              21.194473092663937
            ],
            [
              198.56851777105854,
              21.194473092663937
            ],
            [
              207.76573369067248,
              30.391689012277872
            ],
            [
              207.76573369067248,
              53.80278408038607
            ],
            [
              198.56851777105854,
              63.0
            ],
            [
              163.43148222894146,
              63.0
            ],
            [
              154.23426630932752,
              53.80278408038607
            ],
            [
              154.23426630932752,
              30.391689012277872
            ],
            [
              163.43148222894146,
              21.194473092663937
            ]
          ]
        ]
      }
    },
    {
      "type": "Feature",
      "properties": {
        "kind": "compartment",
        "zone_id": "HD_6A_M",
        "deck": "6_Aqua",
        "room_type": "Sanitary"
      },
      "geometry": {
        "type": "Polygon",
        "coordinates": [
          [
            [
              175.8651842976,
              2.38903296
            ],
            [
              178.3042245024,
              2.38903296
            ],
            [
              178.94265,
              3.0274584576000003
            ],
            [
              178.94265,
              4.6525415424
            ],
            [
              178.3042245024,
              5.29096704
            ],
            [
              175.8651842976,
              5.29096704
            ],
            [
              175.2267588,
              4.6525415424
            ],
            [
              175.2267588,
              3.0274584576000003
            ],
            [
              175.8651842976,
              2.38903296
            ]
          ]
        ]
      }
    },
    {
      "type": "Feature",
      "properties": {
        "kind": "compartment",
        "zone_id": "HD_6A_F_1",
        "deck": "6_Aqua",
        "room_type": "Sanitary"
      },
      "geometry": {
        "type": "Polygon",
        "coordinates": [
          [
            [
              183.7589143856,
              2.38903296
            ],
            [
              186.1979545904,
              2.38903296
            ],
            [
              186.836380088,
              3.0274584576000003
            ],
            [
              186.836380088,
              4.6525415424
            ],
            [
              186.1979545904,
              5.29096704
            ],
            [
              183.7589143856,
              5.29096704
            ],
            [
              183.120488888,
              4.6525415424
            ],
            [
              183.120488888,
              3.0274584576000003
            ],
            [
              183.7589143856,
              2.38903296
            ]
          ]
        ]
      }
    },
    {
      "type": "Feature",
      "properties": {
        "kind": "compartment",
        "zone_id": "HD_6A_F_2",
        "deck": "6_Aqua",
        "room_type": "Sanitary"
      },
      "geometry": {
        "type": "Polygon",
        "coordinates": [
          [
            [
              179.766121813696,
              2.4470716416
            ],
            [
              182.107600410304,
              2.4470716416
            ],
            [
              182.720488888,
              3.059960119296
            ],
            [
              182.720488888,
              4.620039880704
            ],
            [
              182.107600410304,
              5.2329283584
            ],
            [
              179.766121813696,
              5.2329283584
            ],
            [
              179.153233336,
              4.620039880704
            ],
            [
              179.153233336,
              3.059960119296
            ],
            [
              179.766121813696,
              2.4470716416
            ]
          ]
        ]
      }
    },
    {
      "type": "Feature",
      "properties": {
        "kind": "compartment",
        "zone_id": "Ice_Rink_Studio",
        "deck": "3_Entertainment",
        "room_type": "Free"
      },
      "geometry": {
        "type": "Polygon",
        "coordinates": [
          [
            [
              166.30112345550177,
              28.02298674843719
            ],
            [
              195.69887654449823,
              28.02298674843719
            ],
            [
              203.39381945984204,
              35.717929663781
            ],
            [
              203.39381945984204,
              55.30505708465619
            ],
            [
              195.69887654449823,
              63.0
            ],
            [
              166.30112345550177,
              63.0
            ],
            [
              158.60618054015796,
              55.30505708465619
            ],
            [
              158.60618054015796,
              35.717929663781
            ],
            [
              166.30112345550177,
              28.02298674843719
            ]
          ]
        ]
      }
    },
    {
      "type": "Feature",
      "properties": {
        "kind": "compartment",
        "zone_id": "HD_3E_M",
        "deck": "3_Entertainment",
        "room_type": "Sanitary"
      },
      "geometry": {
        "type": "Polygon",
        "coordinates": [
          [
            [
              175.8651842976,
              2.38903296
            ],
            [
              178.3042245024,
              2.38903296
            ],
            [
              178.94265,
              3.0274584576000003
            ],
            [
              178.94265,
              4.6525415424
            ],
            [
              178.3042245024,
              5.29096704
            ],
            [
              175.8651842976,
              5.29096704
            ],
            [
              175.2267588,
              4.6525415424
            ],
            [
              175.2267588,
              3.0274584576000003
            ],
            [
              175.8651842976,
              2.38903296
            ]
          ]
        ]
      }
    },
    {
      "type": "Feature",
      "properties": {
        "kind": "compartment",
        "zone_id": "HD_3E_F_1",
        "deck": "3_Entertainment",
        "room_type": "Sanitary"
      },
      "geometry": {
        "type": "Polygon",
        "coordinates": [
          [
            [
              183.7589143856,
              2.38903296
            ],
            [
              186.1979545904,
              2.38903296
            ],
            [
              186.836380088,
              3.0274584576000003
            ],
            [
              186.836380088,
              4.6525415424
            ],
            [
              186.1979545904,
              5.29096704
            ],
            [
              183.7589143856,
              5.29096704
            ],
            [
              183.120488888,
              4.6525415424
            ],
            [
              183.120488888,
              3.0274584576000003
            ],
            [
              183.7589143856,
              2.38903296
            ]
          ]
        ]
      }
    },
    {
      "type": "Feature",
      "properties": {
        "kind": "compartment",
        "zone_id": "HD_3E_F_2",
        "deck": "3_Entertainment",
        "room_type": "Sanitary"
      },
      "geometry": {
        "type": "Polygon",
        "coordinates": [
          [
            [
              179.766121813696,
              2.4470716416
            ],
            [
              182.107600410304,
              2.4470716416
            ],
            [
              182.720488888,
              3.059960119296
            ],
            [
              182.720488888,
              4.620039880704
            ],
            [
              182.107600410304,
              5.2329283584
            ],
            [
              179.766121813696,
              5.2329283584
            ],
            [
              179.153233336,
              4.620039880704
            ],
            [
              179.153233336,
              3.059960119296
            ],
            [
              179.766121813696,
              2.4470716416
            ]
          ]
        ]
      }
    },
    {
      "type": "Feature",
      "properties": {
        "kind": "compartment",
        "zone_id": "Medical_Center",
        "deck": "2_Medical",
        "room_type": "Medical"
      },
      "geometry": {
        "type": "Polygon",
        "coordinates": [
          [
            [
              6.323828217009413,
              26.60292968361538
            ],
            [
              15.396171782990585,
              26.60292968361538
            ],
            [
              17.770882722199822,
              28.977640622824612
            ],
            [
              17.770882722199822,
              35.0223593771754
            ],
            [
              15.396171782990585,
              37.39707031638462
            ],
            [
              6.323828217009413,
              37.39707031638462
            ],
            [
              3.9491172778001777,
              35.0223593771754
            ],
            [
              3.9491172778001777,
              28.977640622824612
            ],
            [
              6.323828217009413,
              26.60292968361538
            ]
          ]
        ]
      }
    },
    {
      "type": "Feature",
      "properties": {
        "kind": "compartment",
        "zone_id": "Isolation_Ward",
        "deck": "2_Medical",
        "room_type": "Medical"
      },
      "geometry": {
        "type": "Polygon",
        "coordinates": [
          [
            [
              348.36217343651555,
              56.38996580946815
            ],
            [
              353.9178265634844,
              56.38996580946815
            ],
            [
              355.3720340854015,
              57.844173331385164
            ],
            [
              355.3720340854015,
              61.54579247808299
            ],
            [
              353.9178265634844,
              63.0
            ],
            [
              348.36217343651555,
              63.0
            ],
            [
              346.9079659145985,
              61.54579247808299
            ],
            [
              346.9079659145985,
              57.844173331385164
            ],
            [
              348.36217343651555,
              56.38996580946815
            ]
          ]
        ]
      }
    },
    {
      "type": "Feature",
      "properties": {
        "kind": "compartment",
        "zone_id": "HD_2M_M",
        "deck": "2_Medical",
        "room_type": "Sanitary"
      },
      "geometry": {
        "type": "Polygon",
        "coordinates": [
          [
            [
              7.454306559999999,
              2.328576
            ],
            [
              9.994973439999999,
              2.328576
            ],
            [
              10.659999999999998,
              2.9936025600000002
            ],
            [
              10.659999999999998,
              4.68639744
            ],
            [
              9.994973439999999,
              5.351424
            ],
            [
              7.454306559999999,
              5.351424
            ],
            [
              6.78928,
              4.68639744
            ],
            [
              6.78928,
              2.9936025600000002
            ],
            [
              7.454306559999999,
              2.328576
            ]
          ]
        ]
      }
    },
    {
      "type": "Feature",
      "properties": {
        "kind": "compartment",
        "zone_id": "HD_2M_F",
        "deck": "2_Medical",
        "room_type": "Sanitary"
      },
      "geometry": {
        "type": "Polygon",
        "coordinates": [
          [
            [
              11.72502656,
              2.328576
            ],
            [
              14.26569344,
              2.328576
            ],
            [
              14.930719999999999,
              2.9936025600000002
            ],
            [
              14.930719999999999,
              4.68639744
            ],
            [
              14.26569344,
              5.351424
            ],
            [
              11.72502656,
              5.351424
            ],
            [
              11.06,
              4.68639744
            ],
            [
              11.06,
              2.9936025600000002
            ],
            [
              11.72502656,
              2.328576
            ]
          ]
        ]
      }
    },
    {
      "type": "Feature",
      "properties": {
        "kind": "compartment",
        "zone_id": "Main_Galley_Aft",
        "deck": "3_Service",
        "room_type": "Dining"
      },
      "geometry": {
        "type": "Polygon",
        "coordinates": [
          [
            [
              281.7287928114793,
              37.97579539725588
            ],
            [
              311.95120718852064,
              37.97579539725588
            ],
            [
              317.4565322011244,
              43.48112040985958
            ],
            [
              317.4565322011244,
              57.4946749873963
            ],
            [
              311.95120718852064,
              63.0
            ],
            [
              281.7287928114793,
              63.0
            ],
            [
              276.22346779887556,
              57.4946749873963
            ],
            [
              276.22346779887556,
              43.48112040985958
            ],
            [
              281.7287928114793,
              37.97579539725588
            ]
          ]
        ]
      }
    },
    {
      "type": "Feature",
      "properties": {
        "kind": "compartment",
        "zone_id": "HD_3S_M",
        "deck": "3_Service",
        "room_type": "Sanitary"
      },
      "geometry": {
        "type": "Polygon",
        "coordinates": [
          [
            [
              177.59430656,
              2.328576
            ],
            [
              180.13497344,
              2.328576
            ],
            [
              180.8,
              2.9936025600000002
            ],
            [
              180.8,
              4.68639744
            ],
            [
              180.13497344,
              5.351424
            ],
            [
              177.59430656,
              5.351424
            ],
            [
              176.92928,
              4.68639744
            ],
            [
              176.92928,
              2.9936025600000002
            ],
            [
              177.59430656,
              2.328576
            ]
          ]
        ]
      }
    },
    {
      "type": "Feature",
      "properties": {
        "kind": "compartment",
        "zone_id": "HD_3S_F",
        "deck": "3_Service",
        "room_type": "Sanitary"
      },
      "geometry": {
        "type": "Polygon",
        "coordinates": [
          [
            [
              181.86502656,
              2.328576
            ],
            [
              184.40569344,
              2.328576
            ],
            [
              185.07072,
              2.9936025600000002
            ],
            [
              185.07072,
              4.68639744
            ],
            [
              184.40569344,
              5.351424
            ],
            [
              181.86502656,
              5.351424
            ],
            [
              181.2,
              4.68639744
            ],
            [
              181.2,
              2.9936025600000002
            ],
            [
              181.86502656,
              2.328576
            ]
          ]
        ]
      }
    },
    {
      "type": "Feature",
      "properties": {
        "kind": "compartment",
        "zone_id": "Buffet_Galley_Upper",
        "deck": "15_Service",
        "room_type": "Dining"
      },
      "geometry": {
        "type": "Polygon",
        "coordinates": [
          [
            [
              169.05354177239127,
              43.21662920531489
            ],
            [
              192.94645822760873,
              43.21662920531489
            ],
            [
              197.29879980243945,
              47.568970780145605
            ],
            [
              197.29879980243945,
              58.64765842516928
            ],
            [
              192.94645822760873,
              63.0
            ],
            [
              169.05354177239127,
              63.0
            ],
            [
              164.70120019756055,
              58.64765842516928
            ],
            [
              164.70120019756055,
              47.568970780145605
            ],
            [
              169.05354177239127,
              43.21662920531489
            ]
          ]
        ]
      }
    },
    {
      "type": "Feature",
      "properties": {
        "kind": "compartment",
        "zone_id": "HD_15S_M",
        "deck": "15_Service",
        "room_type": "Sanitary"
      },
      "geometry": {
        "type": "Polygon",
        "coordinates": [
          [
            [
              177.59430656,
              2.328576
            ],
            [
              180.13497344,
              2.328576
            ],
            [
              180.8,
              2.9936025600000002
            ],
            [
              180.8,
              4.68639744
            ],
            [
              180.13497344,
              5.351424
            ],
            [
              177.59430656,
              5.351424
            ],
            [
              176.92928,
              4.68639744
            ],
            [
              176.92928,
              2.9936025600000002
            ],
            [
              177.59430656,
              2.328576
            ]
          ]
        ]
      }
    },
    {
      "type": "Feature",
      "properties": {
        "kind": "compartment",
        "zone_id": "HD_15S_F",
        "deck": "15_Service",
        "room_type": "Sanitary"
      },
      "geometry": {
        "type": "Polygon",
        "coordinates": [
          [
            [
              181.86502656,
              2.328576
            ],
            [
              184.40569344,
              2.328576
            ],
            [
              185.07072,
              2.9936025600000002
            ],
            [
              185.07072,
              4.68639744
            ],
            [
              184.40569344,
              5.351424
            ],
            [
              181.86502656,
              5.351424
            ],
            [
              181.2,
              4.68639744
            ],
            [
              181.2,
              2.9936025600000002
            ],
            [
              181.86502656,
              2.328576
            ]
          ]
        ]
      }
    },
    {
      "type": "Feature",
      "properties": {
        "kind": "compartment",
        "zone_id": "Specialty_Galley_Block",
        "deck": "6_Service",
        "room_type": "Dining"
      },
      "geometry": {
        "type": "Polygon",
        "coordinates": [
          [
            [
              171.00487594230066,
              46.44804446598529
            ],
            [
              190.99512405769934,
              46.44804446598529
            ],
            [
              194.63655427518256,
              50.08947468346853
            ],
            [
              194.63655427518256,
              59.35856978251676
            ],
            [
              190.99512405769934,
              63.0
            ],
            [
              171.00487594230066,
              63.0
            ],
            [
              167.36344572481744,
              59.35856978251676
            ],
            [
              167.36344572481744,
              50.08947468346853
            ],
            [
              171.00487594230066,
              46.44804446598529
            ]
          ]
        ]
      }
    },
    {
      "type": "Feature",
      "properties": {
        "kind": "compartment",
        "zone_id": "HD_6S_M",
        "deck": "6_Service",
        "room_type": "Sanitary"
      },
      "geometry": {
        "type": "Polygon",
        "coordinates": [
          [
            [
              177.59430656,
              2.328576
            ],
            [
              180.13497344,
              2.328576
            ],
            [
              180.8,
              2.9936025600000002
            ],
            [
              180.8,
              4.68639744
            ],
            [
              180.13497344,
              5.351424
            ],
            [
              177.59430656,
              5.351424
            ],
            [
              176.92928,
              4.68639744
            ],
            [
              176.92928,
              2.9936025600000002
            ],
            [
              177.59430656,
              2.328576
            ]
          ]
        ]
      }
    },
    {
      "type": "Feature",
      "properties": {
        "kind": "compartment",
        "zone_id": "HD_6S_F",
        "deck": "6_Service",
        "room_type": "Sanitary"
      },
      "geometry": {
        "type": "Polygon",
        "coordinates": [
          [
            [
              181.86502656,
              2.328576
            ],
            [
              184.40569344,
              2.328576
            ],
            [
              185.07072,
              2.9936025600000002
            ],
            [
              185.07072,
              4.68639744
            ],
            [
              184.40569344,
              5.351424
            ],
            [
              181.86502656,
              5.351424
            ],
            [
              181.2,
              4.68639744
            ],
            [
              181.2,
              2.9936025600000002
            ],
            [
              181.86502656,
              2.328576
            ]
          ]
        ]
      }
    },
    {
      "type": "Feature",
      "properties": {
        "kind": "compartment",
        "zone_id": "Central_Stores",
        "deck": "1_Stores",
        "room_type": "Free"
      },
      "geometry": {
        "type": "Polygon",
        "coordinates": [
          [
            [
              168.99841755793847,
              34.4413882690352
            ],
            [
              193.00158244206153,
              34.4413882690352
            ],
            [
              199.2844770228738,
              40.72428284984746
            ],
            [
              199.2844770228738,
              56.71710541918774
            ],
            [
              193.00158244206153,
              63.0
            ],
            [
              168.99841755793847,
              63.0
            ],
            [
              162.7155229771262,
              56.71710541918774
            ],
            [
              162.7155229771262,
              40.72428284984746
            ],
            [
              168.99841755793847,
              34.4413882690352
            ]
          ]
        ]
      }
    },
    {
      "type": "Feature",
      "properties": {
        "kind": "compartment",
        "zone_id": "HD_1ST_M",
        "deck": "1_Stores",
        "room_type": "Sanitary"
      },
      "geometry": {
        "type": "Polygon",
        "coordinates": [
          [
            [
              177.59430656,
              2.328576
            ],
            [
              180.13497344,
              2.328576
            ],
            [
              180.8,
              2.9936025600000002
            ],
            [
              180.8,
              4.68639744
            ],
            [
              180.13497344,
              5.351424
            ],
            [
              177.59430656,
              5.351424
            ],
            [
              176.92928,
              4.68639744
            ],
            [
              176.92928,
              2.9936025600000002
            ],
            [
              177.59430656,
              2.328576
            ]
          ]
        ]
      }
    },
    {
      "type": "Feature",
      "properties": {
        "kind": "compartment",
        "zone_id": "HD_1ST_F",
        "deck": "1_Stores",
        "room_type": "Sanitary"
      },
      "geometry": {
        "type": "Polygon",
        "coordinates": [
          [
            [
              181.86502656,
              2.328576
            ],
            [
              184.40569344,
              2.328576
            ],
            [
              185.07072,
              2.9936025600000002
            ],
            [
              185.07072,
              4.68639744
            ],
            [
              184.40569344,
              5.351424
            ],
            [
              181.86502656,
              5.351424
            ],
            [
              181.2,
              4.68639744
            ],
            [
              181.2,
              2.9936025600000002
            ],
            [
              181.86502656,
              2.328576
            ]
          ]
        ]
      }
    },
    {
      "type": "Feature",
      "properties": {
        "kind": "compartment",
        "zone_id": "Laundry_Main",
        "deck": "1_Service",
        "room_type": "Free"
      },
      "geometry": {
        "type": "Polygon",
        "coordinates": [
          [
            [
              172.51359967024888,
              42.80601198376111
            ],
            [
              189.48640032975112,
              42.80601198376111
            ],
            [
              193.92907769332368,
              47.24868934733366
            ],
            [
              193.92907769332368,
              58.55732263642745
            ],
            [
              189.48640032975112,
              63.0
            ],
            [
              172.51359967024888,
              63.0
            ],
            [
              168.07092230667632,
              58.55732263642745
            ],
            [
              168.07092230667632,
              47.24868934733366
            ],
            [
              172.51359967024888,
              42.80601198376111
            ]
          ]
        ]
      }
    },
    {
      "type": "Feature",
      "properties": {
        "kind": "compartment",
        "zone_id": "HD_1S_M",
        "deck": "1_Service",
        "room_type": "Sanitary"
      },
      "geometry": {
        "type": "Polygon",
        "coordinates": [
          [
            [
              177.59430656,
              2.328576
            ],
            [
              180.13497344,
              2.328576
            ],
            [
              180.8,
              2.9936025600000002
            ],
            [
              180.8,
              4.68639744
            ],
            [
              180.13497344,
              5.351424
            ],
            [
              177.59430656,
              5.351424
            ],
            [
              176.92928,
              4.68639744
            ],
            [
              176.92928,
              2.9936025600000002
            ],
            [
              177.59430656,
              2.328576
            ]
          ]
        ]
      }
    },
    {
      "type": "Feature",
      "properties": {
        "kind": "compartment",
        "zone_id": "HD_1S_F",
        "deck": "1_Service",
        "room_type": "Sanitary"
      },
      "geometry": {
        "type": "Polygon",
        "coordinates": [
          [
            [
              181.86502656,
              2.328576
            ],
            [
              184.40569344,
              2.328576
            ],
            [
              185.07072,
              2.9936025600000002
            ],
            [
              185.07072,
              4.68639744
            ],
            [
              184.40569344,
              5.351424
            ],
            [
              181.86502656,
              5.351424
            ],
            [
              181.2,
              4.68639744
            ],
            [
              181.2,
              2.9936025600000002
            ],
            [
              181.86502656,
              2.328576
            ]
          ]
        ]
      }
    },
    {
      "type": "Feature",
      "properties": {
        "kind": "compartment",
        "zone_id": "Waste_Treatment_Plant",
        "deck": "0_Technical",
        "room_type": "Free"
      },
      "geometry": {
        "type": "Polygon",
        "coordinates": [
          [
            [
              171.20074897033453,
              39.681991165624794
            ],
            [
              190.79925102966547,
              39.681991165624794
            ],
            [
              195.92921297322803,
              44.81195310918735
            ],
            [
              195.92921297322803,
              57.870038056437444
            ],
            [
              190.79925102966547,
              63.0
            ],
            [
              171.20074897033453,
              63.0
            ],
            [
              166.07078702677197,
              57.870038056437444
            ],
            [
              166.07078702677197,
              44.81195310918735
            ],
            [
              171.20074897033453,
              39.681991165624794
            ]
          ]
        ]
      }
    },
    {
      "type": "Feature",
      "properties": {
        "kind": "compartment",
        "zone_id": "HD_0T_M",
        "deck": "0_Technical",
        "room_type": "Sanitary"
      },
      "geometry": {
        "type": "Polygon",
        "coordinates": [
          [
            [
              177.59430656,
              2.328576
            ],
            [
              180.13497344,
              2.328576
            ],
            [
              180.8,
              2.9936025600000002
            ],
            [
              180.8,
              4.68639744
            ],
            [
              180.13497344,
              5.351424
            ],
            [
              177.59430656,
              5.351424
            ],
            [
              176.92928,
              4.68639744
            ],
            [
              176.92928,
              2.9936025600000002
            ],
            [
              177.59430656,
              2.328576
            ]
          ]
        ]
      }
    },
    {
      "type": "Feature",
      "properties": {
        "kind": "compartment",
        "zone_id": "HD_0T_F",
        "deck": "0_Technical",
        "room_type": "Sanitary"
      },
      "geometry": {
        "type": "Polygon",
        "coordinates": [
          [
            [
              181.86502656,
              2.328576
            ],
            [
              184.40569344,
              2.328576
            ],
            [
              185.07072,
              2.9936025600000002
            ],
            [
              185.07072,
              4.68639744
            ],
            [
              184.40569344,
              5.351424
            ],
            [
              181.86502656,
              5.351424
            ],
            [
              181.2,
              4.68639744
            ],
            [
              181.2,
              2.9936025600000002
            ],
            [
              181.86502656,
              2.328576
            ]
          ]
        ]
      }
    },
    {
      "type": "Feature",
      "properties": {
        "kind": "compartment",
        "zone_id": "Engine_Room_Aft",
        "deck": "0_Engine",
        "room_type": "Free"
      },
      "geometry": {
        "type": "Polygon",
        "coordinates": [
          [
            [
              270.0036458219824,
              -0.8589971734602138
            ],
            [
              323.67635417801756,
              -0.8589971734602138
            ],
            [
              337.7253335561788,
              13.189982204701039
            ],
            [
              337.7253335561788,
              48.951020621838765
            ],
            [
              323.67635417801756,
              63.0
            ],
            [
              270.0036458219824,
              63.0
            ],
            [
              255.95466644382117,
              48.951020621838765
            ],
            [
              255.95466644382117,
              13.189982204701039
            ],
            [
              270.0036458219824,
              -0.8589971734602138
            ]
          ]
        ]
      }
    },
    {
      "type": "Feature",
      "properties": {
        "kind": "compartment",
        "zone_id": "HD_0E_M",
        "deck": "0_Engine",
        "room_type": "Sanitary"
      },
      "geometry": {
        "type": "Polygon",
        "coordinates": [
          [
            [
              179.6216,
              2.1999999999999997
            ],
            [
              182.3784,
              2.1999999999999997
            ],
            [
              183.1,
              2.9215999999999998
            ],
            [
              183.1,
              4.7584
            ],
            [
              182.3784,
              5.48
            ],
            [
              179.6216,
              5.48
            ],
            [
              178.9,
              4.7584
            ],
            [
              178.9,
              2.9215999999999998
            ],
            [
              179.6216,
              2.1999999999999997
            ]
          ]
        ]
      }
    },
    {
      "type": "Feature",
      "properties": {
        "kind": "compartment",
        "zone_id": "Engine_Control_Room",
        "deck": "1_Engine",
        "room_type": "Free"
      },
      "geometry": {
        "type": "Polygon",
        "coordinates": [
          [
            [
              177.79244217162028,
              55.36738996148762
            ],
            [
              184.20755782837972,
              55.36738996148762
            ],
            [
              185.88673203685244,
              57.04656416996035
            ],
            [
              185.88673203685244,
              61.32082579152727
            ],
            [
              184.20755782837972,
              63.0
            ],
            [
              177.79244217162028,
              63.0
            ],
            [
              176.11326796314756,
              61.32082579152727
            ],
            [
              176.11326796314756,
              57.04656416996035
            ],
            [
              177.79244217162028,
              55.36738996148762
            ]
          ]
        ]
      }
    },
    {
      "type": "Feature",
      "properties": {
        "kind": "compartment",
        "zone_id": "HD_1E_M",
        "deck": "1_Engine",
        "room_type": "Sanitary"
      },
      "geometry": {
        "type": "Polygon",
        "coordinates": [
          [
            [
              179.6216,
              2.1999999999999997
            ],
            [
              182.3784,
              2.1999999999999997
            ],
            [
              183.1,
              2.9215999999999998
            ],
            [
              183.1,
              4.7584
            ],
            [
              182.3784,
              5.48
            ],
            [
              179.6216,
              5.48
            ],
            [
              178.9,
              4.7584
            ],
            [
              178.9,
              2.9215999999999998
            ],
            [
              179.6216,
              2.1999999999999997
            ]
          ]
        ]
      }
    },
    {
      "type": "Feature",
      "properties": {
        "kind": "compartment",
        "zone_id": "Passenger_Cabins_D6_Port",
        "deck": "6_Cabins",
        "room_type": "Room"
      },
      "geometry": {
        "type": "Polygon",
        "coordinates": [
          [
            [
              335.5284763571552,
              1.0
            ],
            [
              354.59747338248405,
              1.0
            ],
            [
              361.0,
              7.402526617515935
            ],
            [
              361.0,
              23.69986709846558
            ],
            [
              354.59747338248405,
              30.10239371598151
            ],
            [
              335.5284763571552,
              30.10239371598151
            ],
            [
              329.1259497396393,
              23.69986709846558
            ],
            [
              329.1259497396393,
              7.402526617515935
            ],
            [
              335.5284763571552,
              1.0
            ]
          ]
        ]
      }
    },
    {
      "type": "Feature",
      "properties": {
        "kind": "compartment",
        "zone_id": "Passenger_Cabins_D6_Stbd",
        "deck": "6_Cabins",
        "room_type": "Room"
      },
      "geometry": {
        "type": "Polygon",
        "coordinates": [
          [
            [
              335.5284763571552,
              33.897606284018494
            ],
            [
              354.59747338248405,
              33.897606284018494
            ],
            [
              361.0,
              40.300132901534425
            ],
            [
              361.0,
              56.59747338248407
            ],
            [
              354.59747338248405,
              63.0
            ],
            [
              335.5284763571552,
              63.0
            ],
            [
              329.1259497396393,
              56.59747338248407
            ],
            [
              329.1259497396393,
              40.300132901534425
            ],
            [
              335.5284763571552,
              33.897606284018494
            ]
          ]
        ]
      }
    },
    {
      "type": "Feature",
      "properties": {
        "kind": "compartment",
        "zone_id": "Passenger_Cabins_D6_Central",
        "deck": "6_Cabins",
        "room_type": "Room"
      },
      "geometry": {
        "type": "Polygon",
        "coordinates": [
          [
            [
              7.402526617515935,
              17.448803142009247
            ],
            [
              26.471523642844772,
              17.448803142009247
            ],
            [
              32.874050260360704,
              23.851329759525175
            ],
            [
              32.874050260360704,
              40.148670240474814
            ],
            [
              26.471523642844772,
              46.55119685799075
            ],
            [
              7.402526617515935,
              46.55119685799075
            ],
            [
              1.0,
              40.148670240474814
            ],
            [
              1.0,
              23.851329759525175
            ],
            [
              7.402526617515935,
              17.448803142009247
            ]
          ]
        ]
      }
    },
    {
      "type": "Feature",
      "properties": {
        "kind": "compartment",
        "zone_id": "Passenger_Cabins_D7_Port",
        "deck": "7_Cabins",
        "room_type": "Room"
      },
      "geometry": {
        "type": "Polygon",
        "coordinates": [
          [
            [
              335.5284763571552,
              1.0
            ],
            [
              354.59747338248405,
              1.0
            ],
            [
              361.0,
              7.402526617515935
            ],
            [
              361.0,
              23.69986709846558
            ],
            [
              354.59747338248405,
              30.10239371598151
            ],
            [
              335.5284763571552,
              30.10239371598151
            ],
            [
              329.1259497396393,
              23.69986709846558
            ],
            [
              329.1259497396393,
              7.402526617515935
            ],
            [
              335.5284763571552,
              1.0
            ]
          ]
        ]
      }
    },
    {
      "type": "Feature",
      "properties": {
        "kind": "compartment",
        "zone_id": "Passenger_Cabins_D7_Stbd",
        "deck": "7_Cabins",
        "room_type": "Room"
      },
      "geometry": {
        "type": "Polygon",
        "coordinates": [
          [
            [
              335.5284763571552,
              33.897606284018494
            ],
            [
              354.59747338248405,
              33.897606284018494
            ],
            [
              361.0,
              40.300132901534425
            ],
            [
              361.0,
              56.59747338248407
            ],
            [
              354.59747338248405,
              63.0
            ],
            [
              335.5284763571552,
              63.0
            ],
            [
              329.1259497396393,
              56.59747338248407
            ],
            [
              329.1259497396393,
              40.300132901534425
            ],
            [
              335.5284763571552,
              33.897606284018494
            ]
          ]
        ]
      }
    },
    {
      "type": "Feature",
      "properties": {
        "kind": "compartment",
        "zone_id": "Passenger_Cabins_D7_Central",
        "deck": "7_Cabins",
        "room_type": "Room"
      },
      "geometry": {
        "type": "Polygon",
        "coordinates": [
          [
            [
              7.402526617515935,
              17.448803142009247
            ],
            [
              26.471523642844772,
              17.448803142009247
            ],
            [
              32.874050260360704,
              23.851329759525175
            ],
            [
              32.874050260360704,
              40.148670240474814
            ],
            [
              26.471523642844772,
              46.55119685799075
            ],
            [
              7.402526617515935,
              46.55119685799075
            ],
            [
              1.0,
              40.148670240474814
            ],
            [
              1.0,
              23.851329759525175
            ],
            [
              7.402526617515935,
              17.448803142009247
            ]
          ]
        ]
      }
    },
    {
      "type": "Feature",
      "properties": {
        "kind": "compartment",
        "zone_id": "Passenger_Cabins_D8_Port",
        "deck": "8_Cabins",
        "room_type": "Room"
      },
      "geometry": {
        "type": "Polygon",
        "coordinates": [
          [
            [
              335.5284763571552,
              1.0
            ],
            [
              354.59747338248405,
              1.0
            ],
            [
              361.0,
              7.402526617515935
            ],
            [
              361.0,
              23.69986709846558
            ],
            [
              354.59747338248405,
              30.10239371598151
            ],
            [
              335.5284763571552,
              30.10239371598151
            ],
            [
              329.1259497396393,
              23.69986709846558
            ],
            [
              329.1259497396393,
              7.402526617515935
            ],
            [
              335.5284763571552,
              1.0
            ]
          ]
        ]
      }
    },
    {
      "type": "Feature",
      "properties": {
        "kind": "compartment",
        "zone_id": "Passenger_Cabins_D8_Stbd",
        "deck": "8_Cabins",
        "room_type": "Room"
      },
      "geometry": {
        "type": "Polygon",
        "coordinates": [
          [
            [
              335.5284763571552,
              33.897606284018494
            ],
            [
              354.59747338248405,
              33.897606284018494
            ],
            [
              361.0,
              40.300132901534425
            ],
            [
              361.0,
              56.59747338248407
            ],
            [
              354.59747338248405,
              63.0
            ],
            [
              335.5284763571552,
              63.0
            ],
            [
              329.1259497396393,
              56.59747338248407
            ],
            [
              329.1259497396393,
              40.300132901534425
            ],
            [
              335.5284763571552,
              33.897606284018494
            ]
          ]
        ]
      }
    },
    {
      "type": "Feature",
      "properties": {
        "kind": "compartment",
        "zone_id": "Passenger_Cabins_D8_Central",
        "deck": "8_Cabins",
        "room_type": "Room"
      },
      "geometry": {
        "type": "Polygon",
        "coordinates": [
          [
            [
              7.402526617515935,
              17.448803142009247
            ],
            [
              26.471523642844772,
              17.448803142009247
            ],
            [
              32.874050260360704,
              23.851329759525175
            ],
            [
              32.874050260360704,
              40.148670240474814
            ],
            [
              26.471523642844772,
              46.55119685799075
            ],
            [
              7.402526617515935,
              46.55119685799075
            ],
            [
              1.0,
              40.148670240474814
            ],
            [
              1.0,
              23.851329759525175
            ],
            [
              7.402526617515935,
              17.448803142009247
            ]
          ]
        ]
      }
    },
    {
      "type": "Feature",
      "properties": {
        "kind": "compartment",
        "zone_id": "Passenger_Cabins_D9_Port",
        "deck": "9_Cabins",
        "room_type": "Room"
      },
      "geometry": {
        "type": "Polygon",
        "coordinates": [
          [
            [
              335.5284763571552,
              1.0
            ],
            [
              354.59747338248405,
              1.0
            ],
            [
              361.0,
              7.402526617515935
            ],
            [
              361.0,
              23.69986709846558
            ],
            [
              354.59747338248405,
              30.10239371598151
            ],
            [
              335.5284763571552,
              30.10239371598151
            ],
            [
              329.1259497396393,
              23.69986709846558
            ],
            [
              329.1259497396393,
              7.402526617515935
            ],
            [
              335.5284763571552,
              1.0
            ]
          ]
        ]
      }
    },
    {
      "type": "Feature",
      "properties": {
        "kind": "compartment",
        "zone_id": "Passenger_Cabins_D9_Stbd",
        "deck": "9_Cabins",
        "room_type": "Room"
      },
      "geometry": {
        "type": "Polygon",
        "coordinates": [
          [
            [
              335.5284763571552,
              33.897606284018494
            ],
            [
              354.59747338248405,
              33.897606284018494
            ],
            [
              361.0,
              40.300132901534425
            ],
            [
              361.0,
              56.59747338248407
            ],
            [
              354.59747338248405,
              63.0
            ],
            [
              335.5284763571552,
              63.0
            ],
            [
              329.1259497396393,
              56.59747338248407
            ],
            [
              329.1259497396393,
              40.300132901534425
            ],
            [
              335.5284763571552,
              33.897606284018494
            ]
          ]
        ]
      }
    },
    {
      "type": "Feature",
      "properties": {
        "kind": "compartment",
        "zone_id": "Passenger_Cabins_D9_Central",
        "deck": "9_Cabins",
        "room_type": "Room"
      },
      "geometry": {
        "type": "Polygon",
        "coordinates": [
          [
            [
              7.402526617515935,
              17.448803142009247
            ],
            [
              26.471523642844772,
              17.448803142009247
            ],
            [
              32.874050260360704,
              23.851329759525175
            ],
            [
              32.874050260360704,
              40.148670240474814
            ],
            [
              26.471523642844772,
              46.55119685799075
            ],
            [
              7.402526617515935,
              46.55119685799075
            ],
            [
              1.0,
              40.148670240474814
            ],
            [
              1.0,
              23.851329759525175
            ],
            [
              7.402526617515935,
              17.448803142009247
            ]
          ]
        ]
      }
    },
    {
      "type": "Feature",
      "properties": {
        "kind": "compartment",
        "zone_id": "Passenger_Cabins_D10_Port",
        "deck": "10_Cabins",
        "room_type": "Room"
      },
      "geometry": {
        "type": "Polygon",
        "coordinates": [
          [
            [
              335.5284763571552,
              1.0
            ],
            [
              354.59747338248405,
              1.0
            ],
            [
              361.0,
              7.402526617515935
            ],
            [
              361.0,
              23.69986709846558
            ],
            [
              354.59747338248405,
              30.10239371598151
            ],
            [
              335.5284763571552,
              30.10239371598151
            ],
            [
              329.1259497396393,
              23.69986709846558
            ],
            [
              329.1259497396393,
              7.402526617515935
            ],
            [
              335.5284763571552,
              1.0
            ]
          ]
        ]
      }
    },
    {
      "type": "Feature",
      "properties": {
        "kind": "compartment",
        "zone_id": "Passenger_Cabins_D10_Stbd",
        "deck": "10_Cabins",
        "room_type": "Room"
      },
      "geometry": {
        "type": "Polygon",
        "coordinates": [
          [
            [
              335.5284763571552,
              33.897606284018494
            ],
            [
              354.59747338248405,
              33.897606284018494
            ],
            [
              361.0,
              40.300132901534425
            ],
            [
              361.0,
              56.59747338248407
            ],
            [
              354.59747338248405,
              63.0
            ],
            [
              335.5284763571552,
              63.0
            ],
            [
              329.1259497396393,
              56.59747338248407
            ],
            [
              329.1259497396393,
              40.300132901534425
            ],
            [
              335.5284763571552,
              33.897606284018494
            ]
          ]
        ]
      }
    },
    {
      "type": "Feature",
      "properties": {
        "kind": "compartment",
        "zone_id": "Passenger_Cabins_D10_Central",
        "deck": "10_Cabins",
        "room_type": "Room"
      },
      "geometry": {
        "type": "Polygon",
        "coordinates": [
          [
            [
              7.402526617515935,
              17.448803142009247
            ],
            [
              26.471523642844772,
              17.448803142009247
            ],
            [
              32.874050260360704,
              23.851329759525175
            ],
            [
              32.874050260360704,
              40.148670240474814
            ],
            [
              26.471523642844772,
              46.55119685799075
            ],
            [
              7.402526617515935,
              46.55119685799075
            ],
            [
              1.0,
              40.148670240474814
            ],
            [
              1.0,
              23.851329759525175
            ],
            [
              7.402526617515935,
              17.448803142009247
            ]
          ]
        ]
      }
    },
    {
      "type": "Feature",
      "properties": {
        "kind": "compartment",
        "zone_id": "Passenger_Cabins_D11_Port",
        "deck": "11_Cabins",
        "room_type": "Room"
      },
      "geometry": {
        "type": "Polygon",
        "coordinates": [
          [
            [
              335.5284763571552,
              1.0
            ],
            [
              354.59747338248405,
              1.0
            ],
            [
              361.0,
              7.402526617515935
            ],
            [
              361.0,
              23.69986709846558
            ],
            [
              354.59747338248405,
              30.10239371598151
            ],
            [
              335.5284763571552,
              30.10239371598151
            ],
            [
              329.1259497396393,
              23.69986709846558
            ],
            [
              329.1259497396393,
              7.402526617515935
            ],
            [
              335.5284763571552,
              1.0
            ]
          ]
        ]
      }
    },
    {
      "type": "Feature",
      "properties": {
        "kind": "compartment",
        "zone_id": "Passenger_Cabins_D11_Stbd",
        "deck": "11_Cabins",
        "room_type": "Room"
      },
      "geometry": {
        "type": "Polygon",
        "coordinates": [
          [
            [
              335.5284763571552,
              33.897606284018494
            ],
            [
              354.59747338248405,
              33.897606284018494
            ],
            [
              361.0,
              40.300132901534425
            ],
            [
              361.0,
              56.59747338248407
            ],
            [
              354.59747338248405,
              63.0
            ],
            [
              335.5284763571552,
              63.0
            ],
            [
              329.1259497396393,
              56.59747338248407
            ],
            [
              329.1259497396393,
              40.300132901534425
            ],
            [
              335.5284763571552,
              33.897606284018494
            ]
          ]
        ]
      }
    },
    {
      "type": "Feature",
      "properties": {
        "kind": "compartment",
        "zone_id": "Passenger_Cabins_D11_Central",
        "deck": "11_Cabins",
        "room_type": "Room"
      },
      "geometry": {
        "type": "Polygon",
        "coordinates": [
          [
            [
              7.402526617515935,
              17.448803142009247
            ],
            [
              26.471523642844772,
              17.448803142009247
            ],
            [
              32.874050260360704,
              23.851329759525175
            ],
            [
              32.874050260360704,
              40.148670240474814
            ],
            [
              26.471523642844772,
              46.55119685799075
            ],
            [
              7.402526617515935,
              46.55119685799075
            ],
            [
              1.0,
              40.148670240474814
            ],
            [
              1.0,
              23.851329759525175
            ],
            [
              7.402526617515935,
              17.448803142009247
            ]
          ]
        ]
      }
    },
    {
      "type": "Feature",
      "properties": {
        "kind": "compartment",
        "zone_id": "Passenger_Cabins_D12_Port",
        "deck": "12_Cabins",
        "room_type": "Room"
      },
      "geometry": {
        "type": "Polygon",
        "coordinates": [
          [
            [
              335.5284763571552,
              1.0
            ],
            [
              354.59747338248405,
              1.0
            ],
            [
              361.0,
              7.402526617515935
            ],
            [
              361.0,
              23.69986709846558
            ],
            [
              354.59747338248405,
              30.10239371598151
            ],
            [
              335.5284763571552,
              30.10239371598151
            ],
            [
              329.1259497396393,
              23.69986709846558
            ],
            [
              329.1259497396393,
              7.402526617515935
            ],
            [
              335.5284763571552,
              1.0
            ]
          ]
        ]
      }
    },
    {
      "type": "Feature",
      "properties": {
        "kind": "compartment",
        "zone_id": "Passenger_Cabins_D12_Stbd",
        "deck": "12_Cabins",
        "room_type": "Room"
      },
      "geometry": {
        "type": "Polygon",
        "coordinates": [
          [
            [
              335.5284763571552,
              33.897606284018494
            ],
            [
              354.59747338248405,
              33.897606284018494
            ],
            [
              361.0,
              40.300132901534425
            ],
            [
              361.0,
              56.59747338248407
            ],
            [
              354.59747338248405,
              63.0
            ],
            [
              335.5284763571552,
              63.0
            ],
            [
              329.1259497396393,
              56.59747338248407
            ],
            [
              329.1259497396393,
              40.300132901534425
            ],
            [
              335.5284763571552,
              33.897606284018494
            ]
          ]
        ]
      }
    },
    {
      "type": "Feature",
      "properties": {
        "kind": "compartment",
        "zone_id": "Passenger_Cabins_D12_Central",
        "deck": "12_Cabins",
        "room_type": "Room"
      },
      "geometry": {
        "type": "Polygon",
        "coordinates": [
          [
            [
              7.402526617515935,
              17.448803142009247
            ],
            [
              26.471523642844772,
              17.448803142009247
            ],
            [
              32.874050260360704,
              23.851329759525175
            ],
            [
              32.874050260360704,
              40.148670240474814
            ],
            [
              26.471523642844772,
              46.55119685799075
            ],
            [
              7.402526617515935,
              46.55119685799075
            ],
            [
              1.0,
              40.148670240474814
            ],
            [
              1.0,
              23.851329759525175
            ],
            [
              7.402526617515935,
              17.448803142009247
            ]
          ]
        ]
      }
    },
    {
      "type": "Feature",
      "properties": {
        "kind": "compartment",
        "zone_id": "Passenger_Cabins_D13_Port",
        "deck": "13_Cabins",
        "room_type": "Room"
      },
      "geometry": {
        "type": "Polygon",
        "coordinates": [
          [
            [
              335.5284763571552,
              1.0
            ],
            [
              354.59747338248405,
              1.0
            ],
            [
              361.0,
              7.402526617515935
            ],
            [
              361.0,
              23.69986709846558
            ],
            [
              354.59747338248405,
              30.10239371598151
            ],
            [
              335.5284763571552,
              30.10239371598151
            ],
            [
              329.1259497396393,
              23.69986709846558
            ],
            [
              329.1259497396393,
              7.402526617515935
            ],
            [
              335.5284763571552,
              1.0
            ]
          ]
        ]
      }
    },
    {
      "type": "Feature",
      "properties": {
        "kind": "compartment",
        "zone_id": "Passenger_Cabins_D13_Stbd",
        "deck": "13_Cabins",
        "room_type": "Room"
      },
      "geometry": {
        "type": "Polygon",
        "coordinates": [
          [
            [
              335.5284763571552,
              33.897606284018494
            ],
            [
              354.59747338248405,
              33.897606284018494
            ],
            [
              361.0,
              40.300132901534425
            ],
            [
              361.0,
              56.59747338248407
            ],
            [
              354.59747338248405,
              63.0
            ],
            [
              335.5284763571552,
              63.0
            ],
            [
              329.1259497396393,
              56.59747338248407
            ],
            [
              329.1259497396393,
              40.300132901534425
            ],
            [
              335.5284763571552,
              33.897606284018494
            ]
          ]
        ]
      }
    },
    {
      "type": "Feature",
      "properties": {
        "kind": "compartment",
        "zone_id": "Passenger_Cabins_D13_Central",
        "deck": "13_Cabins",
        "room_type": "Room"
      },
      "geometry": {
        "type": "Polygon",
        "coordinates": [
          [
            [
              7.402526617515935,
              17.448803142009247
            ],
            [
              26.471523642844772,
              17.448803142009247
            ],
            [
              32.874050260360704,
              23.851329759525175
            ],
            [
              32.874050260360704,
              40.148670240474814
            ],
            [
              26.471523642844772,
              46.55119685799075
            ],
            [
              7.402526617515935,
              46.55119685799075
            ],
            [
              1.0,
              40.148670240474814
            ],
            [
              1.0,
              23.851329759525175
            ],
            [
              7.402526617515935,
              17.448803142009247
            ]
          ]
        ]
      }
    },
    {
      "type": "Feature",
      "properties": {
        "kind": "compartment",
        "zone_id": "Passenger_Cabins_D14_Port",
        "deck": "14_Cabins",
        "room_type": "Room"
      },
      "geometry": {
        "type": "Polygon",
        "coordinates": [
          [
            [
              335.5284763571552,
              1.0
            ],
            [
              354.59747338248405,
              1.0
            ],
            [
              361.0,
              7.402526617515935
            ],
            [
              361.0,
              23.69986709846558
            ],
            [
              354.59747338248405,
              30.10239371598151
            ],
            [
              335.5284763571552,
              30.10239371598151
            ],
            [
              329.1259497396393,
              23.69986709846558
            ],
            [
              329.1259497396393,
              7.402526617515935
            ],
            [
              335.5284763571552,
              1.0
            ]
          ]
        ]
      }
    },
    {
      "type": "Feature",
      "properties": {
        "kind": "compartment",
        "zone_id": "Passenger_Cabins_D14_Stbd",
        "deck": "14_Cabins",
        "room_type": "Room"
      },
      "geometry": {
        "type": "Polygon",
        "coordinates": [
          [
            [
              335.5284763571552,
              33.897606284018494
            ],
            [
              354.59747338248405,
              33.897606284018494
            ],
            [
              361.0,
              40.300132901534425
            ],
            [
              361.0,
              56.59747338248407
            ],
            [
              354.59747338248405,
              63.0
            ],
            [
              335.5284763571552,
              63.0
            ],
            [
              329.1259497396393,
              56.59747338248407
            ],
            [
              329.1259497396393,
              40.300132901534425
            ],
            [
              335.5284763571552,
              33.897606284018494
            ]
          ]
        ]
      }
    },
    {
      "type": "Feature",
      "properties": {
        "kind": "compartment",
        "zone_id": "Passenger_Cabins_D14_Central",
        "deck": "14_Cabins",
        "room_type": "Room"
      },
      "geometry": {
        "type": "Polygon",
        "coordinates": [
          [
            [
              7.402526617515935,
              17.448803142009247
            ],
            [
              26.471523642844772,
              17.448803142009247
            ],
            [
              32.874050260360704,
              23.851329759525175
            ],
            [
              32.874050260360704,
              40.148670240474814
            ],
            [
              26.471523642844772,
              46.55119685799075
            ],
            [
              7.402526617515935,
              46.55119685799075
            ],
            [
              1.0,
              40.148670240474814
            ],
            [
              1.0,
              23.851329759525175
            ],
            [
              7.402526617515935,
              17.448803142009247
            ]
          ]
        ]
      }
    },
    {
      "type": "Feature",
      "properties": {
        "kind": "compartment",
        "zone_id": "Crew_Quarters_D1",
        "deck": "1_Crew",
        "room_type": "Room"
      },
      "geometry": {
        "type": "Polygon",
        "coordinates": [
          [
            [
              171.2178109280182,
              17.070787026771974
            ],
            [
              190.7821890719818,
              17.070787026771974
            ],
            [
              197.35104278020214,
              23.6396407349923
            ],
            [
              197.35104278020214,
              40.3603592650077
            ],
            [
              190.7821890719818,
              46.929212973228026
            ],
            [
              171.2178109280182,
              46.929212973228026
            ],
            [
              164.64895721979786,
              40.3603592650077
            ],
            [
              164.64895721979786,
              23.6396407349923
            ],
            [
              171.2178109280182,
              17.070787026771974
            ]
          ]
        ]
      }
    },
    {
      "type": "Feature",
      "properties": {
        "kind": "compartment",
        "zone_id": "Crew_Quarters_D4",
        "deck": "4_Crew",
        "room_type": "Room"
      },
      "geometry": {
        "type": "Polygon",
        "coordinates": [
          [
            [
              171.2178109280182,
              17.070787026771974
            ],
            [
              190.7821890719818,
              17.070787026771974
            ],
            [
              197.35104278020214,
              23.6396407349923
            ],
            [
              197.35104278020214,
              40.3603592650077
            ],
            [
              190.7821890719818,
              46.929212973228026
            ],
            [
              171.2178109280182,
              46.929212973228026
            ],
            [
              164.64895721979786,
              40.3603592650077
            ],
            [
              164.64895721979786,
              23.6396407349923
            ],
            [
              171.2178109280182,
              17.070787026771974
            ]
          ]
        ]
      }
    },
    {
      "type": "Feature",
      "properties": {
        "kind": "hvac_path",
        "from": "Royal_Promenade",
        "to": "Shopping_Retail_Block"
      },
      "geometry": {
        "type": "LineString",
        "coordinates": [
          [
            23.580749409672812,
            45.36550998482694
          ],
          [
            205.30571428571426,
            50.6337583720841
          ]
        ]
      }
    },
    {
      "type": "Feature",
      "properties": {
        "kind": "hvac_path",
        "from": "Royal_Promenade",
        "to": "Cafe_Bakery_Block"
      },
      "geometry": {
        "type": "LineString",
        "coordinates": [
          [
            23.580749409672812,
            45.36550998482694
          ],
          [
            351.14,
            57.06498876159446
          ]
        ]
      }
    },
    {
      "type": "Feature",
      "properties": {
        "kind": "hvac_path",
        "from": "Main_Pool_Deck",
        "to": "Pool_Bar_Grill"
      },
      "geometry": {
        "type": "LineString",
        "coordinates": [
          [
            342.07376820389226,
            48.219514216373
          ],
          [
            246.43846153846152,
            56.743948849313966
          ]
        ]
      }
    },
    {
      "type": "Feature",
      "properties": {
        "kind": "hvac_path",
        "from": "Main_Pool_Deck",
        "to": "Sports_Court"
      },
      "geometry": {
        "type": "LineString",
        "coordinates": [
          [
            342.07376820389226,
            48.219514216373
          ],
          [
            128.64923076923077,
            56.38996580946815
          ]
        ]
      }
    },
    {
      "type": "Feature",
      "properties": {
        "kind": "hvac_path",
        "from": "Main_Pool_Deck",
        "to": "Waterpark"
      },
      "geometry": {
        "type": "LineString",
        "coordinates": [
          [
            342.07376820389226,
            48.219514216373
          ],
          [
            12.969999999999999,
            53.652
          ]
        ]
      }
    },
    {
      "type": "Feature",
      "properties": {
        "kind": "hvac_path",
        "from": "Kids_Club",
        "to": "Teen_Zone"
      },
      "geometry": {
        "type": "LineString",
        "coordinates": [
          [
            351.14,
            56.38996580946815
          ],
          [
            10.86,
            57.60292968361538
          ]
        ]
      }
    },
    {
      "type": "Feature",
      "properties": {
        "kind": "hvac_path",
        "from": "Medical_Center",
        "to": "Isolation_Ward"
      },
      "geometry": {
        "type": "LineString",
        "coordinates": [
          [
            10.86,
            32.0
          ],
          [
            351.14,
            59.694982904734076
          ]
        ]
      }
    },
    {
      "type": "Feature",
      "properties": {
        "kind": "hvac_path",
        "from": "Crew_Mess_Main",
        "to": "Crew_Quarters_D2"
      },
      "geometry": {
        "type": "LineString",
        "coordinates": [
          [
            13.624996039603339,
            55.337933438033836
          ],
          [
            344.64895721979786,
            48.070787026771974
          ]
        ]
      }
    },
    {
      "type": "Feature",
      "properties": {
        "kind": "hvac_path",
        "from": "Passenger_Cabins_D6_Port",
        "to": "Passenger_Cabins_D6_Central"
      },
      "geometry": {
        "type": "LineString",
        "coordinates": [
          [
            345.06297486981964,
            15.551196857990757
          ],
          [
            16.937025130180352,
            31.999999999999996
          ]
        ]
      }
    },
    {
      "type": "Feature",
      "properties": {
        "kind": "hvac_path",
        "from": "Passenger_Cabins_D6_Stbd",
        "to": "Passenger_Cabins_D6_Central"
      },
      "geometry": {
        "type": "LineString",
        "coordinates": [
          [
            345.06297486981964,
            48.44880314200925
          ],
          [
            16.937025130180352,
            31.999999999999996
          ]
        ]
      }
    },
    {
      "type": "Feature",
      "properties": {
        "kind": "hvac_path",
        "from": "Passenger_Cabins_D7_Port",
        "to": "Passenger_Cabins_D7_Central"
      },
      "geometry": {
        "type": "LineString",
        "coordinates": [
          [
            345.06297486981964,
            15.551196857990757
          ],
          [
            16.937025130180352,
            31.999999999999996
          ]
        ]
      }
    },
    {
      "type": "Feature",
      "properties": {
        "kind": "hvac_path",
        "from": "Passenger_Cabins_D7_Stbd",
        "to": "Passenger_Cabins_D7_Central"
      },
      "geometry": {
        "type": "LineString",
        "coordinates": [
          [
            345.06297486981964,
            48.44880314200925
          ],
          [
            16.937025130180352,
            31.999999999999996
          ]
        ]
      }
    },
    {
      "type": "Feature",
      "properties": {
        "kind": "hvac_path",
        "from": "Passenger_Cabins_D8_Port",
        "to": "Passenger_Cabins_D8_Central"
      },
      "geometry": {
        "type": "LineString",
        "coordinates": [
          [
            345.06297486981964,
            15.551196857990757
          ],
          [
            16.937025130180352,
            31.999999999999996
          ]
        ]
      }
    },
    {
      "type": "Feature",
      "properties": {
        "kind": "hvac_path",
        "from": "Passenger_Cabins_D8_Stbd",
        "to": "Passenger_Cabins_D8_Central"
      },
      "geometry": {
        "type": "LineString",
        "coordinates": [
          [
            345.06297486981964,
            48.44880314200925
          ],
          [
            16.937025130180352,
            31.999999999999996
          ]
        ]
      }
    },
    {
      "type": "Feature",
      "properties": {
        "kind": "hvac_path",
        "from": "Passenger_Cabins_D9_Port",
        "to": "Passenger_Cabins_D9_Central"
      },
      "geometry": {
        "type": "LineString",
        "coordinates": [
          [
            345.06297486981964,
            15.551196857990757
          ],
          [
            16.937025130180352,
            31.999999999999996
          ]
        ]
      }
    },
    {
      "type": "Feature",
      "properties": {
        "kind": "hvac_path",
        "from": "Passenger_Cabins_D9_Stbd",
        "to": "Passenger_Cabins_D9_Central"
      },
      "geometry": {
        "type": "LineString",
        "coordinates": [
          [
            345.06297486981964,
            48.44880314200925
          ],
          [
            16.937025130180352,
            31.999999999999996
          ]
        ]
      }
    },
    {
      "type": "Feature",
      "properties": {
        "kind": "hvac_path",
        "from": "Passenger_Cabins_D10_Port",
        "to": "Passenger_Cabins_D10_Central"
      },
      "geometry": {
        "type": "LineString",
        "coordinates": [
          [
            345.06297486981964,
            15.551196857990757
          ],
          [
            16.937025130180352,
            31.999999999999996
          ]
        ]
      }
    },
    {
      "type": "Feature",
      "properties": {
        "kind": "hvac_path",
        "from": "Passenger_Cabins_D10_Stbd",
        "to": "Passenger_Cabins_D10_Central"
      },
      "geometry": {
        "type": "LineString",
        "coordinates": [
          [
            345.06297486981964,
            48.44880314200925
          ],
          [
            16.937025130180352,
            31.999999999999996
          ]
        ]
      }
    },
    {
      "type": "Feature",
      "properties": {
        "kind": "hvac_path",
        "from": "Passenger_Cabins_D11_Port",
        "to": "Passenger_Cabins_D11_Central"
      },
      "geometry": {
        "type": "LineString",
        "coordinates": [
          [
            345.06297486981964,
            15.551196857990757
          ],
          [
            16.937025130180352,
            31.999999999999996
          ]
        ]
      }
    },
    {
      "type": "Feature",
      "properties": {
        "kind": "hvac_path",
        "from": "Passenger_Cabins_D11_Stbd",
        "to": "Passenger_Cabins_D11_Central"
      },
      "geometry": {
        "type": "LineString",
        "coordinates": [
          [
            345.06297486981964,
            48.44880314200925
          ],
          [
            16.937025130180352,
            31.999999999999996
          ]
        ]
      }
    },
    {
      "type": "Feature",
      "properties": {
        "kind": "hvac_path",
        "from": "Passenger_Cabins_D12_Port",
        "to": "Passenger_Cabins_D12_Central"
      },
      "geometry": {
        "type": "LineString",
        "coordinates": [
          [
            345.06297486981964,
            15.551196857990757
          ],
          [
            16.937025130180352,
            31.999999999999996
          ]
        ]
      }
    },
    {
      "type": "Feature",
      "properties": {
        "kind": "hvac_path",
        "from": "Passenger_Cabins_D12_Stbd",
        "to": "Passenger_Cabins_D12_Central"
      },
      "geometry": {
        "type": "LineString",
        "coordinates": [
          [
            345.06297486981964,
            48.44880314200925
          ],
          [
            16.937025130180352,
            31.999999999999996
          ]
        ]
      }
    },
    {
      "type": "Feature",
      "properties": {
        "kind": "hvac_path",
        "from": "Passenger_Cabins_D13_Port",
        "to": "Passenger_Cabins_D13_Central"
      },
      "geometry": {
        "type": "LineString",
        "coordinates": [
          [
            345.06297486981964,
            15.551196857990757
          ],
          [
            16.937025130180352,
            31.999999999999996
          ]
        ]
      }
    },
    {
      "type": "Feature",
      "properties": {
        "kind": "hvac_path",
        "from": "Passenger_Cabins_D13_Stbd",
        "to": "Passenger_Cabins_D13_Central"
      },
      "geometry": {
        "type": "LineString",
        "coordinates": [
          [
            345.06297486981964,
            48.44880314200925
          ],
          [
            16.937025130180352,
            31.999999999999996
          ]
        ]
      }
    },
    {
      "type": "Feature",
      "properties": {
        "kind": "hvac_path",
        "from": "Passenger_Cabins_D14_Port",
        "to": "Passenger_Cabins_D14_Central"
      },
      "geometry": {
        "type": "LineString",
        "coordinates": [
          [
            345.06297486981964,
            15.551196857990757
          ],
          [
            16.937025130180352,
            31.999999999999996
          ]
        ]
      }
    },
    {
      "type": "Feature",
      "properties": {
        "kind": "hvac_path",
        "from": "Passenger_Cabins_D14_Stbd",
        "to": "Passenger_Cabins_D14_Central"
      },
      "geometry": {
        "type": "LineString",
        "coordinates": [
          [
            345.06297486981964,
            48.44880314200925
          ],
          [
            16.937025130180352,
            31.999999999999996
          ]
        ]
      }
    },
    {
      "type": "Feature",
      "properties": {
        "kind": "hvac_path",
        "from": "Specialty_Restaurant_Block_A",
        "to": "Central_Park_Open_Atrium"
      },
      "geometry": {
        "type": "LineString",
        "coordinates": [
          [
            15.578089723965892,
            54.15260761580001
          ],
          [
            334.9259964996438,
            42.63744488543614
          ]
        ]
      }
    },
    {
      "type": "Feature",
      "properties": {
        "kind": "hvac_path",
        "from": "Comedy_Club_Lounge",
        "to": "Casino"
      },
      "geometry": {
        "type": "LineString",
        "coordinates": [
          [
            348.37500396039667,
            55.337933438033836
          ],
          [
            15.455148304323963,
            37.63199999999999
          ]
        ]
      }
    },
    {
      "type": "Feature",
      "properties": {
        "kind": "hvac_path",
        "from": "Cafe_Bakery_Block",
        "to": "Royal_Promenade"
      },
      "geometry": {
        "type": "LineString",
        "coordinates": [
          [
            351.14,
            57.06498876159446
          ],
          [
            23.580749409672812,
            45.36550998482694
          ]
        ]
      }
    },
    {
      "type": "Feature",
      "properties": {
        "kind": "hvac_path",
        "from": "Crew_Mess_Main",
        "to": "Crew_Quarters_D2"
      },
      "geometry": {
        "type": "LineString",
        "coordinates": [
          [
            13.624996039603339,
            55.337933438033836
          ],
          [
            344.64895721979786,
            48.070787026771974
          ]
        ]
      }
    },
    {
      "type": "Feature",
      "properties": {
        "kind": "hvac_path",
        "from": "Crew_Mess_Forward",
        "to": "Crew_Quarters_D3"
      },
      "geometry": {
        "type": "LineString",
        "coordinates": [
          [
            101.36000000000001,
            41.386666666666656
          ],
          [
            344.64895721979786,
            48.070787026771974
          ]
        ]
      }
    }
  ]
}